# OpenSignals Text File Format. Version 1
# {"98:D3:41:FE:30:BA": {"position": 0, "device": "bitalino_rev", "device name": "98:D3:41:FE:30:BA", "device connection": "BTH98:D3:41:FE:30:BA", "sampling rate": 1000, "resolution": [4, 1, 1, 1, 1, 10, 10], "firmware version": 1282, "comments": "", "keywords": "", "mode": 0, "sync interval": 2, "date": "2026-9-25", "time": "15:6:14.457", "channels": [1, 2], "sensor": ["EEGBITREV", "EEGBITREV"], "label": ["A1", "A2"], "column": ["nSeq", "I1", "I2", "O1", "O2", "A1", "A2"], "special": [{}, {}], "digital IO": [0, 0, 1, 1]}}
# EndOfHeader
0	0	0	0	0	592	539	
1	0	0	0	0	597	546	
2	0	0	0	0	603	548	
3	0	0	0	0	606	568	
4	0	0	0	0	608	572	
5	0	0	0	0	606	563	
6	0	0	0	0	601	553	
7	0	0	0	0	593	574	
8	0	0	0	0	581	602	
9	0	0	0	0	567	624	
10	0	0	0	0	555	609	
11	0	0	0	0	544	582	
12	0	0	0	0	532	574	
13	0	0	0	0	519	537	
14	0	0	0	0	506	502	
15	0	0	0	0	497	500	
0	0	0	0	0	493	509	
1	0	0	0	0	495	497	
2	0	0	0	0	496	499	
3	0	0	0	0	499	504	
4	0	0	0	0	502	534	
5	0	0	0	0	505	575	
6	0	0	0	0	512	587	
7	0	0	0	0	519	603	
8	0	0	0	0	524	604	
9	0	0	0	0	527	583	
10	0	0	0	0	527	568	
11	0	0	0	0	528	618	
12	0	0	0	0	530	639	
13	0	0	0	0	534	621	
14	0	0	0	0	537	560	
15	0	0	0	0	539	544	
0	0	0	0	0	541	531	
1	0	0	0	0	540	527	
2	0	0	0	0	539	542	
3	0	0	0	0	537	533	
4	0	0	0	0	538	551	
5	0	0	0	0	537	560	
6	0	0	0	0	536	561	
7	0	0	0	0	535	577	
8	0	0	0	0	531	588	
9	0	0	0	0	527	580	
10	0	0	0	0	527	561	
11	0	0	0	0	525	560	
12	0	0	0	0	522	559	
13	0	0	0	0	516	527	
14	0	0	0	0	508	499	
15	0	0	0	0	500	457	
0	0	0	0	0	493	473	
1	0	0	0	0	490	479	
2	0	0	0	0	487	490	
3	0	0	0	0	485	523	
4	0	0	0	0	482	512	
5	0	0	0	0	481	484	
6	0	0	0	0	480	451	
7	0	0	0	0	481	436	
8	0	0	0	0	483	434	
9	0	0	0	0	483	444	
10	0	0	0	0	487	476	
11	0	0	0	0	494	461	
12	0	0	0	0	500	503	
13	0	0	0	0	507	552	
14	0	0	0	0	511	561	
15	0	0	0	0	514	536	
0	0	0	0	0	516	480	
1	0	0	0	0	521	464	
2	0	0	0	0	526	487	
3	0	0	0	0	532	521	
4	0	0	0	0	536	549	
5	0	0	0	0	536	553	
6	0	0	0	0	532	556	
7	0	0	0	0	523	592	
8	0	0	0	0	514	601	
9	0	0	0	0	507	563	
10	0	0	0	0	502	560	
11	0	0	0	0	498	571	
12	0	0	0	0	498	572	
13	0	0	0	0	499	595	
14	0	0	0	0	497	636	
15	0	0	0	0	494	667	
0	0	0	0	0	488	649	
1	0	0	0	0	482	616	
2	0	0	0	0	475	590	
3	0	0	0	0	469	593	
4	0	0	0	0	461	584	
5	0	0	0	0	455	580	
6	0	0	0	0	450	571	
7	0	0	0	0	442	563	
8	0	0	0	0	432	554	
9	0	0	0	0	422	551	
10	0	0	0	0	412	561	
11	0	0	0	0	405	571	
12	0	0	0	0	397	529	
13	0	0	0	0	392	535	
14	0	0	0	0	390	547	
15	0	0	0	0	390	569	
0	0	0	0	0	393	567	
1	0	0	0	0	400	551	
2	0	0	0	0	409	546	
3	0	0	0	0	417	563	
4	0	0	0	0	427	575	
5	0	0	0	0	437	580	
6	0	0	0	0	445	563	
7	0	0	0	0	453	564	
8	0	0	0	0	459	589	
9	0	0	0	0	465	579	
10	0	0	0	0	468	566	
11	0	0	0	0	467	591	
12	0	0	0	0	465	628	
13	0	0	0	0	463	628	
14	0	0	0	0	465	615	
15	0	0	0	0	469	588	
0	0	0	0	0	473	573	
1	0	0	0	0	484	550	
2	0	0	0	0	493	497	
3	0	0	0	0	500	476	
4	0	0	0	0	511	440	
5	0	0	0	0	519	413	
6	0	0	0	0	527	398	
7	0	0	0	0	531	418	
8	0	0	0	0	532	444	
9	0	0	0	0	526	434	
10	0	0	0	0	515	419	
11	0	0	0	0	506	419	
12	0	0	0	0	499	502	
13	0	0	0	0	492	566	
14	0	0	0	0	481	614	
15	0	0	0	0	470	624	
0	0	0	0	0	460	602	
1	0	0	0	0	455	576	
2	0	0	0	0	455	560	
3	0	0	0	0	459	556	
4	0	0	0	0	462	561	
5	0	0	0	0	466	578	
6	0	0	0	0	472	570	
7	0	0	0	0	481	572	
8	0	0	0	0	492	597	
9	0	0	0	0	504	615	
10	0	0	0	0	518	574	
11	0	0	0	0	531	522	
12	0	0	0	0	542	492	
13	0	0	0	0	553	467	
14	0	0	0	0	564	452	
15	0	0	0	0	573	436	
0	0	0	0	0	576	439	
1	0	0	0	0	573	482	
2	0	0	0	0	574	524	
3	0	0	0	0	578	517	
4	0	0	0	0	581	521	
5	0	0	0	0	580	532	
6	0	0	0	0	579	520	
7	0	0	0	0	577	491	
8	0	0	0	0	573	494	
9	0	0	0	0	567	476	
10	0	0	0	0	549	442	
11	0	0	0	0	534	436	
12	0	0	0	0	519	476	
13	0	0	0	0	507	511	
14	0	0	0	0	499	535	
15	0	0	0	0	496	549	
0	0	0	0	0	499	561	
1	0	0	0	0	505	576	
2	0	0	0	0	513	561	
3	0	0	0	0	518	559	
4	0	0	0	0	522	542	
5	0	0	0	0	532	474	
6	0	0	0	0	543	408	
7	0	0	0	0	551	363	
8	0	0	0	0	554	360	
9	0	0	0	0	551	346	
10	0	0	0	0	547	347	
11	0	0	0	0	543	340	
12	0	0	0	0	535	397	
13	0	0	0	0	521	446	
14	0	0	0	0	502	510	
15	0	0	0	0	484	538	
0	0	0	0	0	468	551	
1	0	0	0	0	456	572	
2	0	0	0	0	451	604	
3	0	0	0	0	448	617	
4	0	0	0	0	450	601	
5	0	0	0	0	455	557	
6	0	0	0	0	455	552	
7	0	0	0	0	455	572	
8	0	0	0	0	460	579	
9	0	0	0	0	468	602	
10	0	0	0	0	475	600	
11	0	0	0	0	479	569	
12	0	0	0	0	481	559	
13	0	0	0	0	482	560	
14	0	0	0	0	481	573	
15	0	0	0	0	481	564	
0	0	0	0	0	481	553	
1	0	0	0	0	480	577	
2	0	0	0	0	479	596	
3	0	0	0	0	478	611	
4	0	0	0	0	479	612	
5	0	0	0	0	477	563	
6	0	0	0	0	476	533	
7	0	0	0	0	480	548	
8	0	0	0	0	488	533	
9	0	0	0	0	498	519	
10	0	0	0	0	507	516	
11	0	0	0	0	521	515	
12	0	0	0	0	534	497	
13	0	0	0	0	543	470	
14	0	0	0	0	551	421	
15	0	0	0	0	553	418	
0	0	0	0	0	553	404	
1	0	0	0	0	547	358	
2	0	0	0	0	540	293	
3	0	0	0	0	533	300	
4	0	0	0	0	526	303	
5	0	0	0	0	520	356	
6	0	0	0	0	513	383	
7	0	0	0	0	510	404	
8	0	0	0	0	509	404	
9	0	0	0	0	511	411	
10	0	0	0	0	511	427	
11	0	0	0	0	507	427	
12	0	0	0	0	505	485	
13	0	0	0	0	504	544	
14	0	0	0	0	497	579	
15	0	0	0	0	491	563	
0	0	0	0	0	485	547	
1	0	0	0	0	481	556	
2	0	0	0	0	484	554	
3	0	0	0	0	491	558	
4	0	0	0	0	492	539	
5	0	0	0	0	493	529	
6	0	0	0	0	502	547	
7	0	0	0	0	512	543	
8	0	0	0	0	523	505	
9	0	0	0	0	530	494	
10	0	0	0	0	539	531	
11	0	0	0	0	547	561	
12	0	0	0	0	558	582	
13	0	0	0	0	564	588	
14	0	0	0	0	568	590	
15	0	0	0	0	569	577	
0	0	0	0	0	566	542	
1	0	0	0	0	560	491	
2	0	0	0	0	557	452	
3	0	0	0	0	556	436	
4	0	0	0	0	556	478	
5	0	0	0	0	556	491	
6	0	0	0	0	551	469	
7	0	0	0	0	547	452	
8	0	0	0	0	543	471	
9	0	0	0	0	540	510	
10	0	0	0	0	540	539	
11	0	0	0	0	540	527	
12	0	0	0	0	540	541	
13	0	0	0	0	535	542	
14	0	0	0	0	533	501	
15	0	0	0	0	534	539	
0	0	0	0	0	537	534	
1	0	0	0	0	546	561	
2	0	0	0	0	554	546	
3	0	0	0	0	562	519	
4	0	0	0	0	571	471	
5	0	0	0	0	577	439	
6	0	0	0	0	587	469	
7	0	0	0	0	600	507	
8	0	0	0	0	608	590	
9	0	0	0	0	612	594	
10	0	0	0	0	614	468	
11	0	0	0	0	615	408	
12	0	0	0	0	611	387	
13	0	0	0	0	606	413	
14	0	0	0	0	600	427	
15	0	0	0	0	600	450	
0	0	0	0	0	604	471	
1	0	0	0	0	611	481	
2	0	0	0	0	617	513	
3	0	0	0	0	624	483	
4	0	0	0	0	628	460	
5	0	0	0	0	631	474	
6	0	0	0	0	627	500	
7	0	0	0	0	622	532	
8	0	0	0	0	617	532	
9	0	0	0	0	613	477	
10	0	0	0	0	608	443	
11	0	0	0	0	603	430	
12	0	0	0	0	594	452	
13	0	0	0	0	586	474	
14	0	0	0	0	575	482	
15	0	0	0	0	571	467	
0	0	0	0	0	569	463	
1	0	0	0	0	564	464	
2	0	0	0	0	555	437	
3	0	0	0	0	542	453	
4	0	0	0	0	527	471	
5	0	0	0	0	515	519	
6	0	0	0	0	501	582	
7	0	0	0	0	490	631	
8	0	0	0	0	483	662	
9	0	0	0	0	473	663	
10	0	0	0	0	468	656	
11	0	0	0	0	461	651	
12	0	0	0	0	454	667	
13	0	0	0	0	447	653	
14	0	0	0	0	443	663	
15	0	0	0	0	443	640	
0	0	0	0	0	441	593	
1	0	0	0	0	443	550	
2	0	0	0	0	442	540	
3	0	0	0	0	438	543	
4	0	0	0	0	437	571	
5	0	0	0	0	436	595	
6	0	0	0	0	434	595	
7	0	0	0	0	429	561	
8	0	0	0	0	427	524	
9	0	0	0	0	429	524	
10	0	0	0	0	431	525	
11	0	0	0	0	435	540	
12	0	0	0	0	438	540	
13	0	0	0	0	436	565	
14	0	0	0	0	436	574	
15	0	0	0	0	440	560	
0	0	0	0	0	442	556	
1	0	0	0	0	446	572	
2	0	0	0	0	446	551	
3	0	0	0	0	444	525	
4	0	0	0	0	440	504	
5	0	0	0	0	433	494	
6	0	0	0	0	425	478	
7	0	0	0	0	418	496	
8	0	0	0	0	417	484	
9	0	0	0	0	419	482	
10	0	0	0	0	424	524	
11	0	0	0	0	434	527	
12	0	0	0	0	447	522	
13	0	0	0	0	459	521	
14	0	0	0	0	470	511	
15	0	0	0	0	479	526	
0	0	0	0	0	486	545	
1	0	0	0	0	488	536	
2	0	0	0	0	487	532	
3	0	0	0	0	483	547	
4	0	0	0	0	477	538	
5	0	0	0	0	467	530	
6	0	0	0	0	454	516	
7	0	0	0	0	435	527	
8	0	0	0	0	421	557	
9	0	0	0	0	413	611	
10	0	0	0	0	408	616	
11	0	0	0	0	406	584	
12	0	0	0	0	409	555	
13	0	0	0	0	414	501	
14	0	0	0	0	425	495	
15	0	0	0	0	435	462	
0	0	0	0	0	440	439	
1	0	0	0	0	443	446	
2	0	0	0	0	443	456	
3	0	0	0	0	443	475	
4	0	0	0	0	442	513	
5	0	0	0	0	443	557	
6	0	0	0	0	447	590	
7	0	0	0	0	452	604	
8	0	0	0	0	449	575	
9	0	0	0	0	443	540	
10	0	0	0	0	435	527	
11	0	0	0	0	429	566	
12	0	0	0	0	427	593	
13	0	0	0	0	425	628	
14	0	0	0	0	429	626	
15	0	0	0	0	437	577	
0	0	0	0	0	444	522	
1	0	0	0	0	446	468	
2	0	0	0	0	446	483	
3	0	0	0	0	448	520	
4	0	0	0	0	448	551	
5	0	0	0	0	444	588	
6	0	0	0	0	443	583	
7	0	0	0	0	441	585	
8	0	0	0	0	440	611	
9	0	0	0	0	443	608	
10	0	0	0	0	445	623	
11	0	0	0	0	444	627	
12	0	0	0	0	444	638	
13	0	0	0	0	444	647	
14	0	0	0	0	447	613	
15	0	0	0	0	448	594	
0	0	0	0	0	443	592	
1	0	0	0	0	435	575	
2	0	0	0	0	428	546	
3	0	0	0	0	422	543	
4	0	0	0	0	419	550	
5	0	0	0	0	414	543	
6	0	0	0	0	411	543	
7	0	0	0	0	406	532	
8	0	0	0	0	401	522	
9	0	0	0	0	396	492	
10	0	0	0	0	386	455	
11	0	0	0	0	376	455	
12	0	0	0	0	366	450	
13	0	0	0	0	359	449	
14	0	0	0	0	359	412	
15	0	0	0	0	364	448	
0	0	0	0	0	371	498	
1	0	0	0	0	376	528	
2	0	0	0	0	383	560	
3	0	0	0	0	388	568	
4	0	0	0	0	396	559	
5	0	0	0	0	404	534	
6	0	0	0	0	415	516	
7	0	0	0	0	428	505	
8	0	0	0	0	438	520	
9	0	0	0	0	448	553	
10	0	0	0	0	458	539	
11	0	0	0	0	472	526	
12	0	0	0	0	486	497	
13	0	0	0	0	501	491	
14	0	0	0	0	513	475	
15	0	0	0	0	531	502	
0	0	0	0	0	548	514	
1	0	0	0	0	560	502	
2	0	0	0	0	567	493	
3	0	0	0	0	570	503	
4	0	0	0	0	572	473	
5	0	0	0	0	571	447	
6	0	0	0	0	570	448	
7	0	0	0	0	566	453	
8	0	0	0	0	560	455	
9	0	0	0	0	548	444	
10	0	0	0	0	535	443	
11	0	0	0	0	524	432	
12	0	0	0	0	516	439	
13	0	0	0	0	508	483	
14	0	0	0	0	501	530	
15	0	0	0	0	495	566	
0	0	0	0	0	490	571	
1	0	0	0	0	487	550	
2	0	0	0	0	485	536	
3	0	0	0	0	482	507	
4	0	0	0	0	477	454	
5	0	0	0	0	474	446	
6	0	0	0	0	471	448	
7	0	0	0	0	467	463	
8	0	0	0	0	466	476	
9	0	0	0	0	468	505	
10	0	0	0	0	473	496	
11	0	0	0	0	482	513	
12	0	0	0	0	490	506	
13	0	0	0	0	499	510	
14	0	0	0	0	507	515	
15	0	0	0	0	513	492	
0	0	0	0	0	519	488	
1	0	0	0	0	522	435	
2	0	0	0	0	518	395	
3	0	0	0	0	513	379	
4	0	0	0	0	510	372	
5	0	0	0	0	505	359	
6	0	0	0	0	499	389	
7	0	0	0	0	491	424	
8	0	0	0	0	489	462	
9	0	0	0	0	485	479	
10	0	0	0	0	480	473	
11	0	0	0	0	476	451	
12	0	0	0	0	474	464	
13	0	0	0	0	471	492	
14	0	0	0	0	468	494	
15	0	0	0	0	465	490	
0	0	0	0	0	462	503	
1	0	0	0	0	461	536	
2	0	0	0	0	462	548	
3	0	0	0	0	466	553	
4	0	0	0	0	472	559	
5	0	0	0	0	482	550	
6	0	0	0	0	487	485	
7	0	0	0	0	494	472	
8	0	0	0	0	499	483	
9	0	0	0	0	502	488	
10	0	0	0	0	502	477	
11	0	0	0	0	503	451	
12	0	0	0	0	502	451	
13	0	0	0	0	501	436	
14	0	0	0	0	499	377	
15	0	0	0	0	499	349	
0	0	0	0	0	502	391	
1	0	0	0	0	503	449	
2	0	0	0	0	507	472	
3	0	0	0	0	515	455	
4	0	0	0	0	519	415	
5	0	0	0	0	520	402	
6	0	0	0	0	518	424	
7	0	0	0	0	515	444	
8	0	0	0	0	515	503	
9	0	0	0	0	518	521	
10	0	0	0	0	522	514	
11	0	0	0	0	526	507	
12	0	0	0	0	529	476	
13	0	0	0	0	531	447	
14	0	0	0	0	534	409	
15	0	0	0	0	540	394	
0	0	0	0	0	547	393	
1	0	0	0	0	553	429	
2	0	0	0	0	559	479	
3	0	0	0	0	565	494	
4	0	0	0	0	568	513	
5	0	0	0	0	568	499	
6	0	0	0	0	566	499	
7	0	0	0	0	562	495	
8	0	0	0	0	556	476	
9	0	0	0	0	553	454	
10	0	0	0	0	554	446	
11	0	0	0	0	551	467	
12	0	0	0	0	548	441	
13	0	0	0	0	545	417	
14	0	0	0	0	546	394	
15	0	0	0	0	546	367	
0	0	0	0	0	547	383	
1	0	0	0	0	547	419	
2	0	0	0	0	547	445	
3	0	0	0	0	543	422	
4	0	0	0	0	540	420	
5	0	0	0	0	534	427	
6	0	0	0	0	528	444	
7	0	0	0	0	519	465	
8	0	0	0	0	509	473	
9	0	0	0	0	507	492	
10	0	0	0	0	507	510	
11	0	0	0	0	502	478	
12	0	0	0	0	496	455	
13	0	0	0	0	492	450	
14	0	0	0	0	489	486	
15	0	0	0	0	488	517	
0	0	0	0	0	488	568	
1	0	0	0	0	489	554	
2	0	0	0	0	495	526	
3	0	0	0	0	500	504	
4	0	0	0	0	507	501	
5	0	0	0	0	513	560	
6	0	0	0	0	519	598	
7	0	0	0	0	524	584	
8	0	0	0	0	527	556	
9	0	0	0	0	527	500	
10	0	0	0	0	529	496	
11	0	0	0	0	532	501	
12	0	0	0	0	532	519	
13	0	0	0	0	531	539	
14	0	0	0	0	528	545	
15	0	0	0	0	527	568	
0	0	0	0	0	528	525	
1	0	0	0	0	531	497	
2	0	0	0	0	529	507	
3	0	0	0	0	528	531	
4	0	0	0	0	531	562	
5	0	0	0	0	534	570	
6	0	0	0	0	538	573	
7	0	0	0	0	542	593	
8	0	0	0	0	546	583	
9	0	0	0	0	551	602	
10	0	0	0	0	555	577	
11	0	0	0	0	556	573	
12	0	0	0	0	553	579	
13	0	0	0	0	554	548	
14	0	0	0	0	554	491	
15	0	0	0	0	554	497	
0	0	0	0	0	552	502	
1	0	0	0	0	551	500	
2	0	0	0	0	551	545	
3	0	0	0	0	548	607	
4	0	0	0	0	545	619	
5	0	0	0	0	537	604	
6	0	0	0	0	535	598	
7	0	0	0	0	537	608	
8	0	0	0	0	540	632	
9	0	0	0	0	542	588	
10	0	0	0	0	539	550	
11	0	0	0	0	531	555	
12	0	0	0	0	523	552	
13	0	0	0	0	519	572	
14	0	0	0	0	515	547	
15	0	0	0	0	512	546	
0	0	0	0	0	507	532	
1	0	0	0	0	500	485	
2	0	0	0	0	497	476	
3	0	0	0	0	493	497	
4	0	0	0	0	492	550	
5	0	0	0	0	494	587	
6	0	0	0	0	500	655	
7	0	0	0	0	504	664	
8	0	0	0	0	505	654	
9	0	0	0	0	505	641	
10	0	0	0	0	499	603	
11	0	0	0	0	492	591	
12	0	0	0	0	481	575	
13	0	0	0	0	473	590	
14	0	0	0	0	467	620	
15	0	0	0	0	461	593	
0	0	0	0	0	455	566	
1	0	0	0	0	450	538	
2	0	0	0	0	447	540	
3	0	0	0	0	447	545	
4	0	0	0	0	451	577	
5	0	0	0	0	460	576	
6	0	0	0	0	469	544	
7	0	0	0	0	478	515	
8	0	0	0	0	483	503	
9	0	0	0	0	485	513	
10	0	0	0	0	489	535	
11	0	0	0	0	491	514	
12	0	0	0	0	490	542	
13	0	0	0	0	484	552	
14	0	0	0	0	479	551	
15	0	0	0	0	474	536	
0	0	0	0	0	467	535	
1	0	0	0	0	460	523	
2	0	0	0	0	454	518	
3	0	0	0	0	451	504	
4	0	0	0	0	448	482	
5	0	0	0	0	449	472	
6	0	0	0	0	457	456	
7	0	0	0	0	468	419	
8	0	0	0	0	478	408	
9	0	0	0	0	486	422	
10	0	0	0	0	494	457	
11	0	0	0	0	499	449	
12	0	0	0	0	500	460	
13	0	0	0	0	499	496	
14	0	0	0	0	500	499	
15	0	0	0	0	496	483	
0	0	0	0	0	492	425	
1	0	0	0	0	488	381	
2	0	0	0	0	488	391	
3	0	0	0	0	492	444	
4	0	0	0	0	494	449	
5	0	0	0	0	499	448	
6	0	0	0	0	510	468	
7	0	0	0	0	520	490	
8	0	0	0	0	531	530	
9	0	0	0	0	537	536	
10	0	0	0	0	543	555	
11	0	0	0	0	548	569	
12	0	0	0	0	551	551	
13	0	0	0	0	554	561	
14	0	0	0	0	548	584	
15	0	0	0	0	541	614	
0	0	0	0	0	531	617	
1	0	0	0	0	518	596	
2	0	0	0	0	504	564	
3	0	0	0	0	493	558	
4	0	0	0	0	486	550	
5	0	0	0	0	481	543	
6	0	0	0	0	479	594	
7	0	0	0	0	479	675	
8	0	0	0	0	478	721	
9	0	0	0	0	478	731	
10	0	0	0	0	481	735	
11	0	0	0	0	484	709	
12	0	0	0	0	488	675	
13	0	0	0	0	491	653	
14	0	0	0	0	492	635	
15	0	0	0	0	491	619	
0	0	0	0	0	489	619	
1	0	0	0	0	492	606	
2	0	0	0	0	492	556	
3	0	0	0	0	494	519	
4	0	0	0	0	496	505	
5	0	0	0	0	495	483	
6	0	0	0	0	493	470	
7	0	0	0	0	493	464	
8	0	0	0	0	497	475	
9	0	0	0	0	499	483	
10	0	0	0	0	502	436	
11	0	0	0	0	508	386	
12	0	0	0	0	515	346	
13	0	0	0	0	520	335	
14	0	0	0	0	523	359	
15	0	0	0	0	523	374	
0	0	0	0	0	522	391	
1	0	0	0	0	519	404	
2	0	0	0	0	515	426	
3	0	0	0	0	511	452	
4	0	0	0	0	506	431	
5	0	0	0	0	503	447	
6	0	0	0	0	497	487	
7	0	0	0	0	489	501	
8	0	0	0	0	484	485	
9	0	0	0	0	482	480	
10	0	0	0	0	481	451	
11	0	0	0	0	483	450	
12	0	0	0	0	484	452	
13	0	0	0	0	484	451	
14	0	0	0	0	483	441	
15	0	0	0	0	479	406	
0	0	0	0	0	480	411	
1	0	0	0	0	484	423	
2	0	0	0	0	488	439	
3	0	0	0	0	494	462	
4	0	0	0	0	499	472	
5	0	0	0	0	498	478	
6	0	0	0	0	496	502	
7	0	0	0	0	496	562	
8	0	0	0	0	498	596	
9	0	0	0	0	502	643	
10	0	0	0	0	504	654	
11	0	0	0	0	508	638	
12	0	0	0	0	512	624	
13	0	0	0	0	517	610	
14	0	0	0	0	523	604	
15	0	0	0	0	527	585	
0	0	0	0	0	530	566	
1	0	0	0	0	530	603	
2	0	0	0	0	527	626	
3	0	0	0	0	518	567	
4	0	0	0	0	508	529	
5	0	0	0	0	497	529	
6	0	0	0	0	489	561	
7	0	0	0	0	484	595	
8	0	0	0	0	479	571	
9	0	0	0	0	475	574	
10	0	0	0	0	472	568	
11	0	0	0	0	476	594	
12	0	0	0	0	483	616	
13	0	0	0	0	490	621	
14	0	0	0	0	499	611	
15	0	0	0	0	507	605	
0	0	0	0	0	515	595	
1	0	0	0	0	525	591	
2	0	0	0	0	533	556	
3	0	0	0	0	541	548	
4	0	0	0	0	547	527	
5	0	0	0	0	558	522	
6	0	0	0	0	569	529	
7	0	0	0	0	575	529	
8	0	0	0	0	576	562	
9	0	0	0	0	571	589	
10	0	0	0	0	565	612	
11	0	0	0	0	559	600	
12	0	0	0	0	550	561	
13	0	0	0	0	541	507	
14	0	0	0	0	531	473	
15	0	0	0	0	521	486	
0	0	0	0	0	508	501	
1	0	0	0	0	492	535	
2	0	0	0	0	479	538	
3	0	0	0	0	473	553	
4	0	0	0	0	473	583	
5	0	0	0	0	475	545	
6	0	0	0	0	478	516	
7	0	0	0	0	484	514	
8	0	0	0	0	492	531	
9	0	0	0	0	500	517	
10	0	0	0	0	510	524	
11	0	0	0	0	513	548	
12	0	0	0	0	515	555	
13	0	0	0	0	521	567	
14	0	0	0	0	529	588	
15	0	0	0	0	539	580	
0	0	0	0	0	550	605	
1	0	0	0	0	559	583	
2	0	0	0	0	566	576	
3	0	0	0	0	564	546	
4	0	0	0	0	559	485	
5	0	0	0	0	555	511	
6	0	0	0	0	552	511	
7	0	0	0	0	547	517	
8	0	0	0	0	544	484	
9	0	0	0	0	545	453	
10	0	0	0	0	545	421	
11	0	0	0	0	545	426	
12	0	0	0	0	544	421	
13	0	0	0	0	547	422	
14	0	0	0	0	548	380	
15	0	0	0	0	550	382	
0	0	0	0	0	549	401	
1	0	0	0	0	544	397	
2	0	0	0	0	538	393	
3	0	0	0	0	536	387	
4	0	0	0	0	538	409	
5	0	0	0	0	543	406	
6	0	0	0	0	551	361	
7	0	0	0	0	563	359	
8	0	0	0	0	574	380	
9	0	0	0	0	581	382	
10	0	0	0	0	589	409	
11	0	0	0	0	594	445	
12	0	0	0	0	599	481	
13	0	0	0	0	602	492	
14	0	0	0	0	609	445	
15	0	0	0	0	615	397	
0	0	0	0	0	614	379	
1	0	0	0	0	608	390	
2	0	0	0	0	602	419	
3	0	0	0	0	588	456	
4	0	0	0	0	572	521	
5	0	0	0	0	552	553	
6	0	0	0	0	534	540	
7	0	0	0	0	516	519	
8	0	0	0	0	502	526	
9	0	0	0	0	488	550	
10	0	0	0	0	479	596	
11	0	0	0	0	473	610	
12	0	0	0	0	467	601	
13	0	0	0	0	462	585	
14	0	0	0	0	459	578	
15	0	0	0	0	458	582	
0	0	0	0	0	458	583	
1	0	0	0	0	462	571	
2	0	0	0	0	469	551	
3	0	0	0	0	473	575	
4	0	0	0	0	474	616	
5	0	0	0	0	475	652	
6	0	0	0	0	474	666	
7	0	0	0	0	472	633	
8	0	0	0	0	472	636	
9	0	0	0	0	470	630	
10	0	0	0	0	469	605	
11	0	0	0	0	468	560	
12	0	0	0	0	471	528	
13	0	0	0	0	477	532	
14	0	0	0	0	487	496	
15	0	0	0	0	499	492	
0	0	0	0	0	510	479	
1	0	0	0	0	514	470	
2	0	0	0	0	517	444	
3	0	0	0	0	519	448	
4	0	0	0	0	524	456	
5	0	0	0	0	528	486	
6	0	0	0	0	536	504	
7	0	0	0	0	539	510	
8	0	0	0	0	541	534	
9	0	0	0	0	541	562	
10	0	0	0	0	544	579	
11	0	0	0	0	548	605	
12	0	0	0	0	552	621	
13	0	0	0	0	551	626	
14	0	0	0	0	546	627	
15	0	0	0	0	539	615	
0	0	0	0	0	531	563	
1	0	0	0	0	524	496	
2	0	0	0	0	521	483	
3	0	0	0	0	526	459	
4	0	0	0	0	531	401	
5	0	0	0	0	533	392	
6	0	0	0	0	535	415	
7	0	0	0	0	539	422	
8	0	0	0	0	539	433	
9	0	0	0	0	537	439	
10	0	0	0	0	534	464	
11	0	0	0	0	528	470	
12	0	0	0	0	519	467	
13	0	0	0	0	514	472	
14	0	0	0	0	511	490	
15	0	0	0	0	511	503	
0	0	0	0	0	515	468	
1	0	0	0	0	519	422	
2	0	0	0	0	519	434	
3	0	0	0	0	516	455	
4	0	0	0	0	513	463	
5	0	0	0	0	512	475	
6	0	0	0	0	516	489	
7	0	0	0	0	517	472	
8	0	0	0	0	520	486	
9	0	0	0	0	528	510	
10	0	0	0	0	534	532	
11	0	0	0	0	537	568	
12	0	0	0	0	545	613	
13	0	0	0	0	548	640	
14	0	0	0	0	550	636	
15	0	0	0	0	550	586	
0	0	0	0	0	547	521	
1	0	0	0	0	549	510	
2	0	0	0	0	557	513	
3	0	0	0	0	566	512	
4	0	0	0	0	574	545	
5	0	0	0	0	579	524	
6	0	0	0	0	584	476	
7	0	0	0	0	584	475	
8	0	0	0	0	579	505	
9	0	0	0	0	573	516	
10	0	0	0	0	569	473	
11	0	0	0	0	568	471	
12	0	0	0	0	572	466	
13	0	0	0	0	579	473	
14	0	0	0	0	588	499	
15	0	0	0	0	594	534	
0	0	0	0	0	597	521	
1	0	0	0	0	595	507	
2	0	0	0	0	598	472	
3	0	0	0	0	597	477	
4	0	0	0	0	597	487	
5	0	0	0	0	593	489	
6	0	0	0	0	582	492	
7	0	0	0	0	565	474	
8	0	0	0	0	551	445	
9	0	0	0	0	538	403	
10	0	0	0	0	526	395	
11	0	0	0	0	521	416	
12	0	0	0	0	518	447	
13	0	0	0	0	518	468	
14	0	0	0	0	519	516	
15	0	0	0	0	521	517	
0	0	0	0	0	527	513	
1	0	0	0	0	535	554	
2	0	0	0	0	540	588	
3	0	0	0	0	547	610	
4	0	0	0	0	551	607	
5	0	0	0	0	556	590	
6	0	0	0	0	559	557	
7	0	0	0	0	558	556	
8	0	0	0	0	553	539	
9	0	0	0	0	548	513	
10	0	0	0	0	544	470	
11	0	0	0	0	544	427	
12	0	0	0	0	547	372	
13	0	0	0	0	551	364	
14	0	0	0	0	556	374	
15	0	0	0	0	555	416	
0	0	0	0	0	552	473	
1	0	0	0	0	550	502	
2	0	0	0	0	547	560	
3	0	0	0	0	542	630	
4	0	0	0	0	537	665	
5	0	0	0	0	534	673	
6	0	0	0	0	530	680	
7	0	0	0	0	527	668	
8	0	0	0	0	522	653	
9	0	0	0	0	519	656	
10	0	0	0	0	517	615	
11	0	0	0	0	516	607	
12	0	0	0	0	511	577	
13	0	0	0	0	510	556	
14	0	0	0	0	512	545	
15	0	0	0	0	515	573	
0	0	0	0	0	521	570	
1	0	0	0	0	527	548	
2	0	0	0	0	533	541	
3	0	0	0	0	537	572	
4	0	0	0	0	543	596	
5	0	0	0	0	551	620	
6	0	0	0	0	556	595	
7	0	0	0	0	560	587	
8	0	0	0	0	563	605	
9	0	0	0	0	562	593	
10	0	0	0	0	563	607	
11	0	0	0	0	556	604	
12	0	0	0	0	549	545	
13	0	0	0	0	539	498	
14	0	0	0	0	531	502	
15	0	0	0	0	525	529	
0	0	0	0	0	525	511	
1	0	0	0	0	529	500	
2	0	0	0	0	536	483	
3	0	0	0	0	546	498	
4	0	0	0	0	559	531	
5	0	0	0	0	569	515	
6	0	0	0	0	576	481	
7	0	0	0	0	582	431	
8	0	0	0	0	582	412	
9	0	0	0	0	575	396	
10	0	0	0	0	565	402	
11	0	0	0	0	555	426	
12	0	0	0	0	549	435	
13	0	0	0	0	545	455	
14	0	0	0	0	543	480	
15	0	0	0	0	540	522	
0	0	0	0	0	538	554	
1	0	0	0	0	538	565	
2	0	0	0	0	537	575	
3	0	0	0	0	537	593	
4	0	0	0	0	536	608	
5	0	0	0	0	537	582	
6	0	0	0	0	537	516	
7	0	0	0	0	535	495	
8	0	0	0	0	536	471	
9	0	0	0	0	539	478	
10	0	0	0	0	543	460	
11	0	0	0	0	546	463	
12	0	0	0	0	547	456	
13	0	0	0	0	547	449	
14	0	0	0	0	547	460	
15	0	0	0	0	547	483	
0	0	0	0	0	546	489	
1	0	0	0	0	548	532	
2	0	0	0	0	551	558	
3	0	0	0	0	553	576	
4	0	0	0	0	556	571	
5	0	0	0	0	562	582	
6	0	0	0	0	569	568	
7	0	0	0	0	574	591	
8	0	0	0	0	573	601	
9	0	0	0	0	570	586	
10	0	0	0	0	569	560	
11	0	0	0	0	565	541	
12	0	0	0	0	562	496	
13	0	0	0	0	559	494	
14	0	0	0	0	553	521	
15	0	0	0	0	544	525	
0	0	0	0	0	534	536	
1	0	0	0	0	524	553	
2	0	0	0	0	513	562	
3	0	0	0	0	503	572	
4	0	0	0	0	491	545	
5	0	0	0	0	480	577	
6	0	0	0	0	472	605	
7	0	0	0	0	465	594	
8	0	0	0	0	463	577	
9	0	0	0	0	463	577	
10	0	0	0	0	466	564	
11	0	0	0	0	465	517	
12	0	0	0	0	466	483	
13	0	0	0	0	467	476	
14	0	0	0	0	467	482	
15	0	0	0	0	467	484	
0	0	0	0	0	465	465	
1	0	0	0	0	462	458	
2	0	0	0	0	460	503	
3	0	0	0	0	454	560	
4	0	0	0	0	454	593	
5	0	0	0	0	458	595	
6	0	0	0	0	463	561	
7	0	0	0	0	463	556	
8	0	0	0	0	463	551	
9	0	0	0	0	462	529	
10	0	0	0	0	460	512	
11	0	0	0	0	457	430	
12	0	0	0	0	458	371	
13	0	0	0	0	458	368	
14	0	0	0	0	460	409	
15	0	0	0	0	460	438	
0	0	0	0	0	457	502	
1	0	0	0	0	452	553	
2	0	0	0	0	454	563	
3	0	0	0	0	459	563	
4	0	0	0	0	462	601	
5	0	0	0	0	465	593	
6	0	0	0	0	470	553	
7	0	0	0	0	477	521	
8	0	0	0	0	484	502	
9	0	0	0	0	487	509	
10	0	0	0	0	487	494	
11	0	0	0	0	491	491	
12	0	0	0	0	495	496	
13	0	0	0	0	496	511	
14	0	0	0	0	494	521	
15	0	0	0	0	490	536	
0	0	0	0	0	494	563	
1	0	0	0	0	500	589	
2	0	0	0	0	511	573	
3	0	0	0	0	517	543	
4	0	0	0	0	515	537	
5	0	0	0	0	505	516	
6	0	0	0	0	493	523	
7	0	0	0	0	483	521	
8	0	0	0	0	475	575	
9	0	0	0	0	467	559	
10	0	0	0	0	459	549	
11	0	0	0	0	450	559	
12	0	0	0	0	438	547	
13	0	0	0	0	428	549	
14	0	0	0	0	422	567	
15	0	0	0	0	419	607	
0	0	0	0	0	416	649	
1	0	0	0	0	415	673	
2	0	0	0	0	412	672	
3	0	0	0	0	406	660	
4	0	0	0	0	397	623	
5	0	0	0	0	392	603	
6	0	0	0	0	388	558	
7	0	0	0	0	387	536	
8	0	0	0	0	390	514	
9	0	0	0	0	395	507	
10	0	0	0	0	396	505	
11	0	0	0	0	397	518	
12	0	0	0	0	396	463	
13	0	0	0	0	397	435	
14	0	0	0	0	399	437	
15	0	0	0	0	400	458	
0	0	0	0	0	402	468	
1	0	0	0	0	398	451	
2	0	0	0	0	395	476	
3	0	0	0	0	395	522	
4	0	0	0	0	393	531	
5	0	0	0	0	394	552	
6	0	0	0	0	396	585	
7	0	0	0	0	402	614	
8	0	0	0	0	412	646	
9	0	0	0	0	426	647	
10	0	0	0	0	441	607	
11	0	0	0	0	460	586	
12	0	0	0	0	479	591	
13	0	0	0	0	495	578	
14	0	0	0	0	506	540	
15	0	0	0	0	514	545	
0	0	0	0	0	523	589	
1	0	0	0	0	527	598	
2	0	0	0	0	529	617	
3	0	0	0	0	530	597	
4	0	0	0	0	527	583	
5	0	0	0	0	521	609	
6	0	0	0	0	513	609	
7	0	0	0	0	509	612	
8	0	0	0	0	504	623	
9	0	0	0	0	502	648	
10	0	0	0	0	499	638	
11	0	0	0	0	495	621	
12	0	0	0	0	490	579	
13	0	0	0	0	482	546	
14	0	0	0	0	473	540	
15	0	0	0	0	462	538	
0	0	0	0	0	452	525	
1	0	0	0	0	443	540	
2	0	0	0	0	432	537	
3	0	0	0	0	425	528	
4	0	0	0	0	417	475	
5	0	0	0	0	406	404	
6	0	0	0	0	400	421	
7	0	0	0	0	399	477	
8	0	0	0	0	400	551	
9	0	0	0	0	403	579	
10	0	0	0	0	404	588	
11	0	0	0	0	407	557	
12	0	0	0	0	408	522	
13	0	0	0	0	407	508	
14	0	0	0	0	408	520	
15	0	0	0	0	406	543	
0	0	0	0	0	401	551	
1	0	0	0	0	396	578	
2	0	0	0	0	391	566	
3	0	0	0	0	387	569	
4	0	0	0	0	385	598	
5	0	0	0	0	382	588	
6	0	0	0	0	378	522	
7	0	0	0	0	373	483	
8	0	0	0	0	369	494	
9	0	0	0	0	368	511	
10	0	0	0	0	370	539	
11	0	0	0	0	373	565	
12	0	0	0	0	384	569	
13	0	0	0	0	396	570	
14	0	0	0	0	410	539	
15	0	0	0	0	421	506	
0	0	0	0	0	432	472	
1	0	0	0	0	443	467	
2	0	0	0	0	450	475	
3	0	0	0	0	456	494	
4	0	0	0	0	458	526	
5	0	0	0	0	463	553	
6	0	0	0	0	467	563	
7	0	0	0	0	466	563	
8	0	0	0	0	461	587	
9	0	0	0	0	456	599	
10	0	0	0	0	451	590	
11	0	0	0	0	441	556	
12	0	0	0	0	427	538	
13	0	0	0	0	411	542	
14	0	0	0	0	397	551	
15	0	0	0	0	389	560	
0	0	0	0	0	392	575	
1	0	0	0	0	394	561	
2	0	0	0	0	395	535	
3	0	0	0	0	395	540	
4	0	0	0	0	394	534	
5	0	0	0	0	395	531	
6	0	0	0	0	395	528	
7	0	0	0	0	395	529	
8	0	0	0	0	396	533	
9	0	0	0	0	402	546	
10	0	0	0	0	408	556	
11	0	0	0	0	416	562	
12	0	0	0	0	425	549	
13	0	0	0	0	433	522	
14	0	0	0	0	444	493	
15	0	0	0	0	457	486	
0	0	0	0	0	469	513	
1	0	0	0	0	472	519	
2	0	0	0	0	476	480	
3	0	0	0	0	478	472	
4	0	0	0	0	480	471	
5	0	0	0	0	480	499	
6	0	0	0	0	479	511	
7	0	0	0	0	477	498	
8	0	0	0	0	476	495	
9	0	0	0	0	472	496	
10	0	0	0	0	473	508	
11	0	0	0	0	476	505	
12	0	0	0	0	478	503	
13	0	0	0	0	480	508	
14	0	0	0	0	483	540	
15	0	0	0	0	491	584	
0	0	0	0	0	499	584	
1	0	0	0	0	511	606	
2	0	0	0	0	523	602	
3	0	0	0	0	538	570	
4	0	0	0	0	555	533	
5	0	0	0	0	569	531	
6	0	0	0	0	585	493	
7	0	0	0	0	599	458	
8	0	0	0	0	609	432	
9	0	0	0	0	618	432	
10	0	0	0	0	627	431	
11	0	0	0	0	634	474	
12	0	0	0	0	637	454	
13	0	0	0	0	637	444	
14	0	0	0	0	638	431	
15	0	0	0	0	634	441	
0	0	0	0	0	632	465	
1	0	0	0	0	631	502	
2	0	0	0	0	625	518	
3	0	0	0	0	615	495	
4	0	0	0	0	601	492	
5	0	0	0	0	587	483	
6	0	0	0	0	573	499	
7	0	0	0	0	554	511	
8	0	0	0	0	539	569	
9	0	0	0	0	523	579	
10	0	0	0	0	506	568	
11	0	0	0	0	493	529	
12	0	0	0	0	484	508	
13	0	0	0	0	479	504	
14	0	0	0	0	479	512	
15	0	0	0	0	485	529	
0	0	0	0	0	495	554	
1	0	0	0	0	504	565	
2	0	0	0	0	511	532	
3	0	0	0	0	512	491	
4	0	0	0	0	509	463	
5	0	0	0	0	499	480	
6	0	0	0	0	484	454	
7	0	0	0	0	473	463	
8	0	0	0	0	469	486	
9	0	0	0	0	468	540	
10	0	0	0	0	473	570	
11	0	0	0	0	481	564	
12	0	0	0	0	490	541	
13	0	0	0	0	498	582	
14	0	0	0	0	511	556	
15	0	0	0	0	525	525	
0	0	0	0	0	536	518	
1	0	0	0	0	542	536	
2	0	0	0	0	543	531	
3	0	0	0	0	543	491	
4	0	0	0	0	540	490	
5	0	0	0	0	537	508	
6	0	0	0	0	530	531	
7	0	0	0	0	519	529	
8	0	0	0	0	504	505	
9	0	0	0	0	493	516	
10	0	0	0	0	487	525	
11	0	0	0	0	485	546	
12	0	0	0	0	479	524	
13	0	0	0	0	473	526	
14	0	0	0	0	467	521	
15	0	0	0	0	465	476	
0	0	0	0	0	460	458	
1	0	0	0	0	454	436	
2	0	0	0	0	451	444	
3	0	0	0	0	455	452	
4	0	0	0	0	463	494	
5	0	0	0	0	467	487	
6	0	0	0	0	466	481	
7	0	0	0	0	463	495	
8	0	0	0	0	457	523	
9	0	0	0	0	449	511	
10	0	0	0	0	441	487	
11	0	0	0	0	433	536	
12	0	0	0	0	430	564	
13	0	0	0	0	429	576	
14	0	0	0	0	425	561	
15	0	0	0	0	420	532	
0	0	0	0	0	419	526	
1	0	0	0	0	417	542	
2	0	0	0	0	415	562	
3	0	0	0	0	416	580	
4	0	0	0	0	417	600	
5	0	0	0	0	417	591	
6	0	0	0	0	422	562	
7	0	0	0	0	425	507	
8	0	0	0	0	431	502	
9	0	0	0	0	440	489	
10	0	0	0	0	447	478	
11	0	0	0	0	446	467	
12	0	0	0	0	442	484	
13	0	0	0	0	440	504	
14	0	0	0	0	442	536	
15	0	0	0	0	448	531	
0	0	0	0	0	455	507	
1	0	0	0	0	464	484	
2	0	0	0	0	468	499	
3	0	0	0	0	473	537	
4	0	0	0	0	473	537	
5	0	0	0	0	468	551	
6	0	0	0	0	463	549	
7	0	0	0	0	459	535	
8	0	0	0	0	451	531	
9	0	0	0	0	442	515	
10	0	0	0	0	432	468	
11	0	0	0	0	420	423	
12	0	0	0	0	407	387	
13	0	0	0	0	397	388	
14	0	0	0	0	391	430	
15	0	0	0	0	384	480	
0	0	0	0	0	379	489	
1	0	0	0	0	382	509	
2	0	0	0	0	391	504	
3	0	0	0	0	404	481	
4	0	0	0	0	414	414	
5	0	0	0	0	424	380	
6	0	0	0	0	436	364	
7	0	0	0	0	447	364	
8	0	0	0	0	455	366	
9	0	0	0	0	462	387	
10	0	0	0	0	471	382	
11	0	0	0	0	480	381	
12	0	0	0	0	486	338	
13	0	0	0	0	491	324	
14	0	0	0	0	496	372	
15	0	0	0	0	498	428	
0	0	0	0	0	497	479	
1	0	0	0	0	496	547	
2	0	0	0	0	497	573	
3	0	0	0	0	502	561	
4	0	0	0	0	507	504	
5	0	0	0	0	511	471	
6	0	0	0	0	513	454	
7	0	0	0	0	512	447	
8	0	0	0	0	507	438	
9	0	0	0	0	499	456	
10	0	0	0	0	491	451	
11	0	0	0	0	484	483	
12	0	0	0	0	478	498	
13	0	0	0	0	474	518	
14	0	0	0	0	474	548	
15	0	0	0	0	472	589	
0	0	0	0	0	467	616	
1	0	0	0	0	462	597	
2	0	0	0	0	462	576	
3	0	0	0	0	466	560	
4	0	0	0	0	477	535	
5	0	0	0	0	486	522	
6	0	0	0	0	494	553	
7	0	0	0	0	504	599	
8	0	0	0	0	512	617	
9	0	0	0	0	514	574	
10	0	0	0	0	511	568	
11	0	0	0	0	508	574	
12	0	0	0	0	509	548	
13	0	0	0	0	515	507	
14	0	0	0	0	521	493	
15	0	0	0	0	527	487	
0	0	0	0	0	528	500	
1	0	0	0	0	527	507	
2	0	0	0	0	527	461	
3	0	0	0	0	528	404	
4	0	0	0	0	525	407	
5	0	0	0	0	522	447	
6	0	0	0	0	524	504	
7	0	0	0	0	524	514	
8	0	0	0	0	524	490	
9	0	0	0	0	521	464	
10	0	0	0	0	518	455	
11	0	0	0	0	513	486	
12	0	0	0	0	508	528	
13	0	0	0	0	505	570	
14	0	0	0	0	507	590	
15	0	0	0	0	509	583	
0	0	0	0	0	513	578	
1	0	0	0	0	518	569	
2	0	0	0	0	518	540	
3	0	0	0	0	513	519	
4	0	0	0	0	503	538	
5	0	0	0	0	499	529	
6	0	0	0	0	499	518	
7	0	0	0	0	503	530	
8	0	0	0	0	509	564	
9	0	0	0	0	518	560	
10	0	0	0	0	524	560	
11	0	0	0	0	528	561	
12	0	0	0	0	532	516	
13	0	0	0	0	539	503	
14	0	0	0	0	550	524	
15	0	0	0	0	556	533	
0	0	0	0	0	557	540	
1	0	0	0	0	557	507	
2	0	0	0	0	558	525	
3	0	0	0	0	553	537	
4	0	0	0	0	548	571	
5	0	0	0	0	545	623	
6	0	0	0	0	544	621	
7	0	0	0	0	540	592	
8	0	0	0	0	537	579	
9	0	0	0	0	537	532	
10	0	0	0	0	539	496	
11	0	0	0	0	535	483	
12	0	0	0	0	530	489	
13	0	0	0	0	527	521	
14	0	0	0	0	530	524	
15	0	0	0	0	539	515	
0	0	0	0	0	551	509	
1	0	0	0	0	564	498	
2	0	0	0	0	574	491	
3	0	0	0	0	575	473	
4	0	0	0	0	575	487	
5	0	0	0	0	573	532	
6	0	0	0	0	577	497	
7	0	0	0	0	580	438	
8	0	0	0	0	581	403	
9	0	0	0	0	581	370	
10	0	0	0	0	580	389	
11	0	0	0	0	578	420	
12	0	0	0	0	575	448	
13	0	0	0	0	575	461	
14	0	0	0	0	576	444	
15	0	0	0	0	580	438	
0	0	0	0	0	583	435	
1	0	0	0	0	586	436	
2	0	0	0	0	588	437	
3	0	0	0	0	588	433	
4	0	0	0	0	585	484	
5	0	0	0	0	579	509	
6	0	0	0	0	577	486	
7	0	0	0	0	582	466	
8	0	0	0	0	587	477	
9	0	0	0	0	594	514	
10	0	0	0	0	599	526	
11	0	0	0	0	607	553	
12	0	0	0	0	611	558	
13	0	0	0	0	615	525	
14	0	0	0	0	616	464	
15	0	0	0	0	615	421	
0	0	0	0	0	616	404	
1	0	0	0	0	619	397	
2	0	0	0	0	625	402	
3	0	0	0	0	631	404	
4	0	0	0	0	630	410	
5	0	0	0	0	625	442	
6	0	0	0	0	620	431	
7	0	0	0	0	617	421	
8	0	0	0	0	617	450	
9	0	0	0	0	617	449	
10	0	0	0	0	620	477	
11	0	0	0	0	627	510	
12	0	0	0	0	633	521	
13	0	0	0	0	639	500	
14	0	0	0	0	643	482	
15	0	0	0	0	644	486	
0	0	0	0	0	642	450	
1	0	0	0	0	638	386	
2	0	0	0	0	634	357	
3	0	0	0	0	630	351	
4	0	0	0	0	624	406	
5	0	0	0	0	619	443	
6	0	0	0	0	614	439	
7	0	0	0	0	611	394	
8	0	0	0	0	610	366	
9	0	0	0	0	606	380	
10	0	0	0	0	597	415	
11	0	0	0	0	587	441	
12	0	0	0	0	575	458	
13	0	0	0	0	562	467	
14	0	0	0	0	556	508	
15	0	0	0	0	553	553	
0	0	0	0	0	551	585	
1	0	0	0	0	544	584	
2	0	0	0	0	540	576	
3	0	0	0	0	537	549	
4	0	0	0	0	536	553	
5	0	0	0	0	537	535	
6	0	0	0	0	536	540	
7	0	0	0	0	536	497	
8	0	0	0	0	540	470	
9	0	0	0	0	548	447	
10	0	0	0	0	556	460	
11	0	0	0	0	563	451	
12	0	0	0	0	571	446	
13	0	0	0	0	575	456	
14	0	0	0	0	578	481	
15	0	0	0	0	578	503	
0	0	0	0	0	578	542	
1	0	0	0	0	574	571	
2	0	0	0	0	566	572	
3	0	0	0	0	557	515	
4	0	0	0	0	545	482	
5	0	0	0	0	537	433	
6	0	0	0	0	535	406	
7	0	0	0	0	534	409	
8	0	0	0	0	536	399	
9	0	0	0	0	541	423	
10	0	0	0	0	547	457	
11	0	0	0	0	550	472	
12	0	0	0	0	555	491	
13	0	0	0	0	563	516	
14	0	0	0	0	567	500	
15	0	0	0	0	570	450	
0	0	0	0	0	574	459	
1	0	0	0	0	573	470	
2	0	0	0	0	574	435	
3	0	0	0	0	574	454	
4	0	0	0	0	574	488	
5	0	0	0	0	572	504	
6	0	0	0	0	572	496	
7	0	0	0	0	575	517	
8	0	0	0	0	575	544	
9	0	0	0	0	572	561	
10	0	0	0	0	573	541	
11	0	0	0	0	573	515	
12	0	0	0	0	579	479	
13	0	0	0	0	583	464	
14	0	0	0	0	585	462	
15	0	0	0	0	584	467	
0	0	0	0	0	583	440	
1	0	0	0	0	579	422	
2	0	0	0	0	571	405	
3	0	0	0	0	563	423	
4	0	0	0	0	558	430	
5	0	0	0	0	563	441	
6	0	0	0	0	569	460	
7	0	0	0	0	575	471	
8	0	0	0	0	579	497	
9	0	0	0	0	579	531	
10	0	0	0	0	579	575	
11	0	0	0	0	579	598	
12	0	0	0	0	578	558	
13	0	0	0	0	579	542	
14	0	0	0	0	579	537	
15	0	0	0	0	575	523	
0	0	0	0	0	576	548	
1	0	0	0	0	578	556	
2	0	0	0	0	572	536	
3	0	0	0	0	567	500	
4	0	0	0	0	561	504	
5	0	0	0	0	558	556	
6	0	0	0	0	553	588	
7	0	0	0	0	549	575	
8	0	0	0	0	543	575	
9	0	0	0	0	536	579	
10	0	0	0	0	531	588	
11	0	0	0	0	533	582	
12	0	0	0	0	537	547	
13	0	0	0	0	546	519	
14	0	0	0	0	553	512	
15	0	0	0	0	560	469	
0	0	0	0	0	567	432	
1	0	0	0	0	571	418	
2	0	0	0	0	571	440	
3	0	0	0	0	568	465	
4	0	0	0	0	563	508	
5	0	0	0	0	559	540	
6	0	0	0	0	554	573	
7	0	0	0	0	552	573	
8	0	0	0	0	548	525	
9	0	0	0	0	546	458	
10	0	0	0	0	544	428	
11	0	0	0	0	543	403	
12	0	0	0	0	547	392	
13	0	0	0	0	555	420	
14	0	0	0	0	566	452	
15	0	0	0	0	581	484	
0	0	0	0	0	600	487	
1	0	0	0	0	616	496	
2	0	0	0	0	629	505	
3	0	0	0	0	635	503	
4	0	0	0	0	636	532	
5	0	0	0	0	635	531	
6	0	0	0	0	632	542	
7	0	0	0	0	624	517	
8	0	0	0	0	612	524	
9	0	0	0	0	604	535	
10	0	0	0	0	599	508	
11	0	0	0	0	604	487	
12	0	0	0	0	613	419	
13	0	0	0	0	628	428	
14	0	0	0	0	643	446	
15	0	0	0	0	646	506	
0	0	0	0	0	636	547	
1	0	0	0	0	611	567	
2	0	0	0	0	573	582	
3	0	0	0	0	540	599	
4	0	0	0	0	517	608	
5	0	0	0	0	499	572	
6	0	0	0	0	482	546	
7	0	0	0	0	467	534	
8	0	0	0	0	451	524	
9	0	0	0	0	437	565	
10	0	0	0	0	423	610	
11	0	0	0	0	414	593	
12	0	0	0	0	410	561	
13	0	0	0	0	405	524	
14	0	0	0	0	408	517	
15	0	0	0	0	420	531	
0	0	0	0	0	435	546	
1	0	0	0	0	455	563	
2	0	0	0	0	477	546	
3	0	0	0	0	500	521	
4	0	0	0	0	519	509	
5	0	0	0	0	532	537	
6	0	0	0	0	542	537	
7	0	0	0	0	547	505	
8	0	0	0	0	553	479	
9	0	0	0	0	557	500	
10	0	0	0	0	561	493	
11	0	0	0	0	562	515	
12	0	0	0	0	561	522	
13	0	0	0	0	558	551	
14	0	0	0	0	557	556	
15	0	0	0	0	552	550	
0	0	0	0	0	548	553	
1	0	0	0	0	550	565	
2	0	0	0	0	562	579	
3	0	0	0	0	583	568	
4	0	0	0	0	605	579	
5	0	0	0	0	620	596	
6	0	0	0	0	619	583	
7	0	0	0	0	608	543	
8	0	0	0	0	588	559	
9	0	0	0	0	568	561	
10	0	0	0	0	550	517	
11	0	0	0	0	536	489	
12	0	0	0	0	534	498	
13	0	0	0	0	534	480	
14	0	0	0	0	532	450	
15	0	0	0	0	529	449	
0	0	0	0	0	525	492	
1	0	0	0	0	521	551	
2	0	0	0	0	520	577	
3	0	0	0	0	522	571	
4	0	0	0	0	526	594	
5	0	0	0	0	524	583	
6	0	0	0	0	516	554	
7	0	0	0	0	511	523	
8	0	0	0	0	508	536	
9	0	0	0	0	504	503	
10	0	0	0	0	504	475	
11	0	0	0	0	505	462	
12	0	0	0	0	507	474	
13	0	0	0	0	504	525	
14	0	0	0	0	496	527	
15	0	0	0	0	489	490	
0	0	0	0	0	489	472	
1	0	0	0	0	491	483	
2	0	0	0	0	495	545	
3	0	0	0	0	500	574	
4	0	0	0	0	501	555	
5	0	0	0	0	498	557	
6	0	0	0	0	493	559	
7	0	0	0	0	486	540	
8	0	0	0	0	483	529	
9	0	0	0	0	483	514	
10	0	0	0	0	483	538	
11	0	0	0	0	481	581	
12	0	0	0	0	472	638	
13	0	0	0	0	455	650	
14	0	0	0	0	439	640	
15	0	0	0	0	421	633	
0	0	0	0	0	406	639	
1	0	0	0	0	399	616	
2	0	0	0	0	403	588	
3	0	0	0	0	410	581	
4	0	0	0	0	416	608	
5	0	0	0	0	423	607	
6	0	0	0	0	427	585	
7	0	0	0	0	431	562	
8	0	0	0	0	434	558	
9	0	0	0	0	436	538	
10	0	0	0	0	436	515	
11	0	0	0	0	434	499	
12	0	0	0	0	433	465	
13	0	0	0	0	434	491	
14	0	0	0	0	436	519	
15	0	0	0	0	436	528	
0	0	0	0	0	438	526	
1	0	0	0	0	439	504	
2	0	0	0	0	442	475	
3	0	0	0	0	444	504	
4	0	0	0	0	448	492	
5	0	0	0	0	447	490	
6	0	0	0	0	447	517	
7	0	0	0	0	446	523	
8	0	0	0	0	451	504	
9	0	0	0	0	457	527	
10	0	0	0	0	461	537	
11	0	0	0	0	460	532	
12	0	0	0	0	462	518	
13	0	0	0	0	473	534	
14	0	0	0	0	488	511	
15	0	0	0	0	506	453	
0	0	0	0	0	526	425	
1	0	0	0	0	537	415	
2	0	0	0	0	547	415	
3	0	0	0	0	555	442	
4	0	0	0	0	559	443	
5	0	0	0	0	561	451	
6	0	0	0	0	563	430	
7	0	0	0	0	566	451	
8	0	0	0	0	565	435	
9	0	0	0	0	561	445	
10	0	0	0	0	557	428	
11	0	0	0	0	549	441	
12	0	0	0	0	539	487	
13	0	0	0	0	527	518	
14	0	0	0	0	515	565	
15	0	0	0	0	505	599	
0	0	0	0	0	498	615	
1	0	0	0	0	494	583	
2	0	0	0	0	489	575	
3	0	0	0	0	486	548	
4	0	0	0	0	484	557	
5	0	0	0	0	487	600	
6	0	0	0	0	487	635	
7	0	0	0	0	483	639	
8	0	0	0	0	478	625	
9	0	0	0	0	472	585	
10	0	0	0	0	470	568	
11	0	0	0	0	472	532	
12	0	0	0	0	475	510	
13	0	0	0	0	481	491	
14	0	0	0	0	487	518	
15	0	0	0	0	491	551	
0	0	0	0	0	496	579	
1	0	0	0	0	500	554	
2	0	0	0	0	503	547	
3	0	0	0	0	507	542	
4	0	0	0	0	512	547	
5	0	0	0	0	515	531	
6	0	0	0	0	520	493	
7	0	0	0	0	525	455	
8	0	0	0	0	532	456	
9	0	0	0	0	536	447	
10	0	0	0	0	539	481	
11	0	0	0	0	542	540	
12	0	0	0	0	539	576	
13	0	0	0	0	535	556	
14	0	0	0	0	531	526	
15	0	0	0	0	531	537	
0	0	0	0	0	526	539	
1	0	0	0	0	519	534	
2	0	0	0	0	511	558	
3	0	0	0	0	508	544	
4	0	0	0	0	503	517	
5	0	0	0	0	496	513	
6	0	0	0	0	495	498	
7	0	0	0	0	496	500	
8	0	0	0	0	496	487	
9	0	0	0	0	493	491	
10	0	0	0	0	491	506	
11	0	0	0	0	483	493	
12	0	0	0	0	473	501	
13	0	0	0	0	464	492	
14	0	0	0	0	460	438	
15	0	0	0	0	456	385	
0	0	0	0	0	452	379	
1	0	0	0	0	452	412	
2	0	0	0	0	452	435	
3	0	0	0	0	451	467	
4	0	0	0	0	451	505	
5	0	0	0	0	453	502	
6	0	0	0	0	458	450	
7	0	0	0	0	465	436	
8	0	0	0	0	472	444	
9	0	0	0	0	481	473	
10	0	0	0	0	492	509	
11	0	0	0	0	502	581	
12	0	0	0	0	509	603	
13	0	0	0	0	509	605	
14	0	0	0	0	511	562	
15	0	0	0	0	517	542	
0	0	0	0	0	521	552	
1	0	0	0	0	524	581	
2	0	0	0	0	521	602	
3	0	0	0	0	518	613	
4	0	0	0	0	514	598	
5	0	0	0	0	507	587	
6	0	0	0	0	496	574	
7	0	0	0	0	481	572	
8	0	0	0	0	467	590	
9	0	0	0	0	451	591	
10	0	0	0	0	441	573	
11	0	0	0	0	432	558	
12	0	0	0	0	426	553	
13	0	0	0	0	423	553	
14	0	0	0	0	428	553	
15	0	0	0	0	433	566	
0	0	0	0	0	437	570	
1	0	0	0	0	438	584	
2	0	0	0	0	439	623	
3	0	0	0	0	443	642	
4	0	0	0	0	447	639	
5	0	0	0	0	449	591	
6	0	0	0	0	453	571	
7	0	0	0	0	459	564	
8	0	0	0	0	465	553	
9	0	0	0	0	473	549	
10	0	0	0	0	479	547	
11	0	0	0	0	482	534	
12	0	0	0	0	483	549	
13	0	0	0	0	487	539	
14	0	0	0	0	488	536	
15	0	0	0	0	483	524	
0	0	0	0	0	473	531	
1	0	0	0	0	462	547	
2	0	0	0	0	449	563	
3	0	0	0	0	441	562	
4	0	0	0	0	434	547	
5	0	0	0	0	432	557	
6	0	0	0	0	432	556	
7	0	0	0	0	438	539	
8	0	0	0	0	447	515	
9	0	0	0	0	456	494	
10	0	0	0	0	465	469	
11	0	0	0	0	475	412	
12	0	0	0	0	483	387	
13	0	0	0	0	490	403	
14	0	0	0	0	499	445	
15	0	0	0	0	504	481	
0	0	0	0	0	504	470	
1	0	0	0	0	500	499	
2	0	0	0	0	497	512	
3	0	0	0	0	495	511	
4	0	0	0	0	494	524	
5	0	0	0	0	490	528	
6	0	0	0	0	485	542	
7	0	0	0	0	483	549	
8	0	0	0	0	481	525	
9	0	0	0	0	480	536	
10	0	0	0	0	480	534	
11	0	0	0	0	486	542	
12	0	0	0	0	492	558	
13	0	0	0	0	489	569	
14	0	0	0	0	478	570	
15	0	0	0	0	466	558	
0	0	0	0	0	457	573	
1	0	0	0	0	450	602	
2	0	0	0	0	443	611	
3	0	0	0	0	440	602	
4	0	0	0	0	441	591	
5	0	0	0	0	447	624	
6	0	0	0	0	454	608	
7	0	0	0	0	463	546	
8	0	0	0	0	472	505	
9	0	0	0	0	480	497	
10	0	0	0	0	485	533	
11	0	0	0	0	485	494	
12	0	0	0	0	488	463	
13	0	0	0	0	494	492	
14	0	0	0	0	497	519	
15	0	0	0	0	497	494	
0	0	0	0	0	497	469	
1	0	0	0	0	492	467	
2	0	0	0	0	485	478	
3	0	0	0	0	480	540	
4	0	0	0	0	475	536	
5	0	0	0	0	476	524	
6	0	0	0	0	481	512	
7	0	0	0	0	488	546	
8	0	0	0	0	492	556	
9	0	0	0	0	492	547	
10	0	0	0	0	489	538	
11	0	0	0	0	487	561	
12	0	0	0	0	487	575	
13	0	0	0	0	488	561	
14	0	0	0	0	487	516	
15	0	0	0	0	481	497	
0	0	0	0	0	472	464	
1	0	0	0	0	470	432	
2	0	0	0	0	472	449	
3	0	0	0	0	477	459	
4	0	0	0	0	486	478	
5	0	0	0	0	487	498	
6	0	0	0	0	492	521	
7	0	0	0	0	500	525	
8	0	0	0	0	508	570	
9	0	0	0	0	513	570	
10	0	0	0	0	520	535	
11	0	0	0	0	524	531	
12	0	0	0	0	524	547	
13	0	0	0	0	528	529	
14	0	0	0	0	536	515	
15	0	0	0	0	547	492	
0	0	0	0	0	557	450	
1	0	0	0	0	564	376	
2	0	0	0	0	575	347	
3	0	0	0	0	584	375	
4	0	0	0	0	588	404	
5	0	0	0	0	583	429	
6	0	0	0	0	574	403	
7	0	0	0	0	563	392	
8	0	0	0	0	553	419	
9	0	0	0	0	541	422	
10	0	0	0	0	526	428	
11	0	0	0	0	512	447	
12	0	0	0	0	504	490	
13	0	0	0	0	500	498	
14	0	0	0	0	496	500	
15	0	0	0	0	494	484	
0	0	0	0	0	495	475	
1	0	0	0	0	499	498	
2	0	0	0	0	507	499	
3	0	0	0	0	516	511	
4	0	0	0	0	528	487	
5	0	0	0	0	536	470	
6	0	0	0	0	543	520	
7	0	0	0	0	549	575	
8	0	0	0	0	551	550	
9	0	0	0	0	552	524	
10	0	0	0	0	553	493	
11	0	0	0	0	551	512	
12	0	0	0	0	544	497	
13	0	0	0	0	536	513	
14	0	0	0	0	527	497	
15	0	0	0	0	519	495	
0	0	0	0	0	510	508	
1	0	0	0	0	504	559	
2	0	0	0	0	496	563	
3	0	0	0	0	489	577	
4	0	0	0	0	484	554	
5	0	0	0	0	480	550	
6	0	0	0	0	477	532	
7	0	0	0	0	474	472	
8	0	0	0	0	476	483	
9	0	0	0	0	474	503	
10	0	0	0	0	473	526	
11	0	0	0	0	475	537	
12	0	0	0	0	479	516	
13	0	0	0	0	481	448	
14	0	0	0	0	486	468	
15	0	0	0	0	494	428	
0	0	0	0	0	504	410	
1	0	0	0	0	515	407	
2	0	0	0	0	521	451	
3	0	0	0	0	524	492	
4	0	0	0	0	526	504	
5	0	0	0	0	524	512	
6	0	0	0	0	521	546	
7	0	0	0	0	515	553	
8	0	0	0	0	515	556	
9	0	0	0	0	515	580	
10	0	0	0	0	519	575	
11	0	0	0	0	528	557	
12	0	0	0	0	537	523	
13	0	0	0	0	544	495	
14	0	0	0	0	550	481	
15	0	0	0	0	556	491	
0	0	0	0	0	564	494	
1	0	0	0	0	571	462	
2	0	0	0	0	575	417	
3	0	0	0	0	577	371	
4	0	0	0	0	578	371	
5	0	0	0	0	577	424	
6	0	0	0	0	579	467	
7	0	0	0	0	580	489	
8	0	0	0	0	580	502	
9	0	0	0	0	577	500	
10	0	0	0	0	573	492	
11	0	0	0	0	569	507	
12	0	0	0	0	567	510	
13	0	0	0	0	566	551	
14	0	0	0	0	564	584	
15	0	0	0	0	566	591	
0	0	0	0	0	568	535	
1	0	0	0	0	571	467	
2	0	0	0	0	572	420	
3	0	0	0	0	573	419	
4	0	0	0	0	572	436	
5	0	0	0	0	573	471	
6	0	0	0	0	575	500	
7	0	0	0	0	575	464	
8	0	0	0	0	573	472	
9	0	0	0	0	569	492	
10	0	0	0	0	568	487	
11	0	0	0	0	567	494	
12	0	0	0	0	567	470	
13	0	0	0	0	563	443	
14	0	0	0	0	555	428	
15	0	0	0	0	551	462	
0	0	0	0	0	553	479	
1	0	0	0	0	554	499	
2	0	0	0	0	556	529	
3	0	0	0	0	563	534	
4	0	0	0	0	568	543	
5	0	0	0	0	569	568	
6	0	0	0	0	568	555	
7	0	0	0	0	567	526	
8	0	0	0	0	560	487	
9	0	0	0	0	551	468	
10	0	0	0	0	541	472	
11	0	0	0	0	531	470	
12	0	0	0	0	524	482	
13	0	0	0	0	515	492	
14	0	0	0	0	509	494	
15	0	0	0	0	507	476	
0	0	0	0	0	504	480	
1	0	0	0	0	504	490	
2	0	0	0	0	503	469	
3	0	0	0	0	503	478	
4	0	0	0	0	502	465	
5	0	0	0	0	501	486	
6	0	0	0	0	502	527	
7	0	0	0	0	504	556	
8	0	0	0	0	507	549	
9	0	0	0	0	509	560	
10	0	0	0	0	508	566	
11	0	0	0	0	511	587	
12	0	0	0	0	516	575	
13	0	0	0	0	519	520	
14	0	0	0	0	524	472	
15	0	0	0	0	532	492	
0	0	0	0	0	542	504	
1	0	0	0	0	547	519	
2	0	0	0	0	548	527	
3	0	0	0	0	548	485	
4	0	0	0	0	546	499	
5	0	0	0	0	540	539	
6	0	0	0	0	531	575	
7	0	0	0	0	518	640	
8	0	0	0	0	501	609	
9	0	0	0	0	481	573	
10	0	0	0	0	463	568	
11	0	0	0	0	451	575	
12	0	0	0	0	441	571	
13	0	0	0	0	436	587	
14	0	0	0	0	432	595	
15	0	0	0	0	425	603	
0	0	0	0	0	420	607	
1	0	0	0	0	417	623	
2	0	0	0	0	416	625	
3	0	0	0	0	420	599	
4	0	0	0	0	428	564	
5	0	0	0	0	437	543	
6	0	0	0	0	446	534	
7	0	0	0	0	456	543	
8	0	0	0	0	463	580	
9	0	0	0	0	467	595	
10	0	0	0	0	469	610	
11	0	0	0	0	476	637	
12	0	0	0	0	481	629	
13	0	0	0	0	480	620	
14	0	0	0	0	480	604	
15	0	0	0	0	482	574	
0	0	0	0	0	484	513	
1	0	0	0	0	487	487	
2	0	0	0	0	493	489	
3	0	0	0	0	499	499	
4	0	0	0	0	504	546	
5	0	0	0	0	508	583	
6	0	0	0	0	510	591	
7	0	0	0	0	511	570	
8	0	0	0	0	509	537	
9	0	0	0	0	506	509	
10	0	0	0	0	503	450	
11	0	0	0	0	502	435	
12	0	0	0	0	498	438	
13	0	0	0	0	497	440	
14	0	0	0	0	497	436	
15	0	0	0	0	501	433	
0	0	0	0	0	508	408	
1	0	0	0	0	512	460	
2	0	0	0	0	510	505	
3	0	0	0	0	505	519	
4	0	0	0	0	501	542	
5	0	0	0	0	499	579	
6	0	0	0	0	499	586	
7	0	0	0	0	497	575	
8	0	0	0	0	496	572	
9	0	0	0	0	500	575	
10	0	0	0	0	504	560	
11	0	0	0	0	509	571	
12	0	0	0	0	512	558	
13	0	0	0	0	515	539	
14	0	0	0	0	520	508	
15	0	0	0	0	526	518	
0	0	0	0	0	525	519	
1	0	0	0	0	527	511	
2	0	0	0	0	528	479	
3	0	0	0	0	527	490	
4	0	0	0	0	523	497	
5	0	0	0	0	516	522	
6	0	0	0	0	507	573	
7	0	0	0	0	498	592	
8	0	0	0	0	491	581	
9	0	0	0	0	481	584	
10	0	0	0	0	469	588	
11	0	0	0	0	462	596	
12	0	0	0	0	463	611	
13	0	0	0	0	471	625	
14	0	0	0	0	481	598	
15	0	0	0	0	491	585	
0	0	0	0	0	504	563	
1	0	0	0	0	515	553	
2	0	0	0	0	519	557	
3	0	0	0	0	527	539	
4	0	0	0	0	536	508	
5	0	0	0	0	547	495	
6	0	0	0	0	554	467	
7	0	0	0	0	558	457	
8	0	0	0	0	560	468	
9	0	0	0	0	557	480	
10	0	0	0	0	550	492	
11	0	0	0	0	536	513	
12	0	0	0	0	521	511	
13	0	0	0	0	514	514	
14	0	0	0	0	511	477	
15	0	0	0	0	508	400	
0	0	0	0	0	502	331	
1	0	0	0	0	501	323	
2	0	0	0	0	508	325	
3	0	0	0	0	518	305	
4	0	0	0	0	531	352	
5	0	0	0	0	542	387	
6	0	0	0	0	553	422	
7	0	0	0	0	563	430	
8	0	0	0	0	571	451	
9	0	0	0	0	575	471	
10	0	0	0	0	577	473	
11	0	0	0	0	581	490	
12	0	0	0	0	586	495	
13	0	0	0	0	590	515	
14	0	0	0	0	595	513	
15	0	0	0	0	595	495	
0	0	0	0	0	593	465	
1	0	0	0	0	588	454	
2	0	0	0	0	584	458	
3	0	0	0	0	582	434	
4	0	0	0	0	585	413	
5	0	0	0	0	591	414	
6	0	0	0	0	599	412	
7	0	0	0	0	608	399	
8	0	0	0	0	613	409	
9	0	0	0	0	612	431	
10	0	0	0	0	615	447	
11	0	0	0	0	614	493	
12	0	0	0	0	614	524	
13	0	0	0	0	612	540	
14	0	0	0	0	609	552	
15	0	0	0	0	607	548	
0	0	0	0	0	604	541	
1	0	0	0	0	603	530	
2	0	0	0	0	601	540	
3	0	0	0	0	600	534	
4	0	0	0	0	598	536	
5	0	0	0	0	599	513	
6	0	0	0	0	606	519	
7	0	0	0	0	611	563	
8	0	0	0	0	612	571	
9	0	0	0	0	607	545	
10	0	0	0	0	597	515	
11	0	0	0	0	585	494	
12	0	0	0	0	570	485	
13	0	0	0	0	552	464	
14	0	0	0	0	543	482	
15	0	0	0	0	536	483	
0	0	0	0	0	534	499	
1	0	0	0	0	528	489	
2	0	0	0	0	526	505	
3	0	0	0	0	532	507	
4	0	0	0	0	541	505	
5	0	0	0	0	546	516	
6	0	0	0	0	551	535	
7	0	0	0	0	561	524	
8	0	0	0	0	579	534	
9	0	0	0	0	604	559	
10	0	0	0	0	634	531	
11	0	0	0	0	655	483	
12	0	0	0	0	671	451	
13	0	0	0	0	677	409	
14	0	0	0	0	679	406	
15	0	0	0	0	680	434	
0	0	0	0	0	678	444	
1	0	0	0	0	671	480	
2	0	0	0	0	658	491	
3	0	0	0	0	635	467	
4	0	0	0	0	608	452	
5	0	0	0	0	583	416	
6	0	0	0	0	564	427	
7	0	0	0	0	551	427	
8	0	0	0	0	541	448	
9	0	0	0	0	535	443	
10	0	0	0	0	534	464	
11	0	0	0	0	543	461	
12	0	0	0	0	556	474	
13	0	0	0	0	567	452	
14	0	0	0	0	574	438	
15	0	0	0	0	576	446	
0	0	0	0	0	581	459	
1	0	0	0	0	586	448	
2	0	0	0	0	593	480	
3	0	0	0	0	601	462	
4	0	0	0	0	603	421	
5	0	0	0	0	603	411	
6	0	0	0	0	605	417	
7	0	0	0	0	602	440	
8	0	0	0	0	595	442	
9	0	0	0	0	585	459	
10	0	0	0	0	577	474	
11	0	0	0	0	568	485	
12	0	0	0	0	561	496	
13	0	0	0	0	550	500	
14	0	0	0	0	536	495	
15	0	0	0	0	523	511	
0	0	0	0	0	513	554	
1	0	0	0	0	510	595	
2	0	0	0	0	509	597	
3	0	0	0	0	509	594	
4	0	0	0	0	512	595	
5	0	0	0	0	517	570	
6	0	0	0	0	522	575	
7	0	0	0	0	527	582	
8	0	0	0	0	529	583	
9	0	0	0	0	525	584	
10	0	0	0	0	520	563	
11	0	0	0	0	518	535	
12	0	0	0	0	516	492	
13	0	0	0	0	515	486	
14	0	0	0	0	508	513	
15	0	0	0	0	499	508	
0	0	0	0	0	487	497	
1	0	0	0	0	485	505	
2	0	0	0	0	485	529	
3	0	0	0	0	485	552	
4	0	0	0	0	487	563	
5	0	0	0	0	489	556	
6	0	0	0	0	492	557	
7	0	0	0	0	500	543	
8	0	0	0	0	508	531	
9	0	0	0	0	516	517	
10	0	0	0	0	526	517	
11	0	0	0	0	534	490	
12	0	0	0	0	543	462	
13	0	0	0	0	553	455	
14	0	0	0	0	563	452	
15	0	0	0	0	569	499	
0	0	0	0	0	571	529	
1	0	0	0	0	569	526	
2	0	0	0	0	570	534	
3	0	0	0	0	568	549	
4	0	0	0	0	566	536	
5	0	0	0	0	563	495	
6	0	0	0	0	558	495	
7	0	0	0	0	548	513	
8	0	0	0	0	537	529	
9	0	0	0	0	528	542	
10	0	0	0	0	521	515	
11	0	0	0	0	513	509	
12	0	0	0	0	505	518	
13	0	0	0	0	499	507	
14	0	0	0	0	496	513	
15	0	0	0	0	493	504	
0	0	0	0	0	482	454	
1	0	0	0	0	468	466	
2	0	0	0	0	454	483	
3	0	0	0	0	440	499	
4	0	0	0	0	430	552	
5	0	0	0	0	422	608	
6	0	0	0	0	418	604	
7	0	0	0	0	421	602	
8	0	0	0	0	424	643	
9	0	0	0	0	423	678	
10	0	0	0	0	427	702	
11	0	0	0	0	443	711	
12	0	0	0	0	468	728	
13	0	0	0	0	496	640	
14	0	0	0	0	519	567	
15	0	0	0	0	540	526	
0	0	0	0	0	558	519	
1	0	0	0	0	568	505	
2	0	0	0	0	573	489	
3	0	0	0	0	580	489	
4	0	0	0	0	592	524	
5	0	0	0	0	606	537	
6	0	0	0	0	612	542	
7	0	0	0	0	614	582	
8	0	0	0	0	612	593	
9	0	0	0	0	606	590	
10	0	0	0	0	599	575	
11	0	0	0	0	590	535	
12	0	0	0	0	580	510	
13	0	0	0	0	565	513	
14	0	0	0	0	550	518	
15	0	0	0	0	539	535	
0	0	0	0	0	535	501	
1	0	0	0	0	539	518	
2	0	0	0	0	543	508	
3	0	0	0	0	547	495	
4	0	0	0	0	540	488	
5	0	0	0	0	523	523	
6	0	0	0	0	497	526	
7	0	0	0	0	463	519	
8	0	0	0	0	437	535	
9	0	0	0	0	423	512	
10	0	0	0	0	423	522	
11	0	0	0	0	431	560	
12	0	0	0	0	444	579	
13	0	0	0	0	464	606	
14	0	0	0	0	487	625	
15	0	0	0	0	509	623	
0	0	0	0	0	524	596	
1	0	0	0	0	535	576	
2	0	0	0	0	543	545	
3	0	0	0	0	552	523	
4	0	0	0	0	557	504	
5	0	0	0	0	560	515	
6	0	0	0	0	560	505	
7	0	0	0	0	558	478	
8	0	0	0	0	561	453	
9	0	0	0	0	572	423	
10	0	0	0	0	583	373	
11	0	0	0	0	596	381	
12	0	0	0	0	608	379	
13	0	0	0	0	616	385	
14	0	0	0	0	620	411	
15	0	0	0	0	622	431	
0	0	0	0	0	621	475	
1	0	0	0	0	609	499	
2	0	0	0	0	583	507	
3	0	0	0	0	547	545	
4	0	0	0	0	515	570	
5	0	0	0	0	491	553	
6	0	0	0	0	476	536	
7	0	0	0	0	467	516	
8	0	0	0	0	461	547	
9	0	0	0	0	454	557	
10	0	0	0	0	449	553	
11	0	0	0	0	448	541	
12	0	0	0	0	449	547	
13	0	0	0	0	452	551	
14	0	0	0	0	460	552	
15	0	0	0	0	467	563	
0	0	0	0	0	472	545	
1	0	0	0	0	478	516	
2	0	0	0	0	488	465	
3	0	0	0	0	500	457	
4	0	0	0	0	511	456	
5	0	0	0	0	521	438	
6	0	0	0	0	529	410	
7	0	0	0	0	534	423	
8	0	0	0	0	536	430	
9	0	0	0	0	541	445	
10	0	0	0	0	548	479	
11	0	0	0	0	558	477	
12	0	0	0	0	565	458	
13	0	0	0	0	573	440	
14	0	0	0	0	577	448	
15	0	0	0	0	572	466	
0	0	0	0	0	553	470	
1	0	0	0	0	525	501	
2	0	0	0	0	493	502	
3	0	0	0	0	465	482	
4	0	0	0	0	449	469	
5	0	0	0	0	440	490	
6	0	0	0	0	441	538	
7	0	0	0	0	452	584	
8	0	0	0	0	464	603	
9	0	0	0	0	477	540	
10	0	0	0	0	488	495	
11	0	0	0	0	498	484	
12	0	0	0	0	504	496	
13	0	0	0	0	506	512	
14	0	0	0	0	512	516	
15	0	0	0	0	523	520	
0	0	0	0	0	531	532	
1	0	0	0	0	535	502	
2	0	0	0	0	534	491	
3	0	0	0	0	527	493	
4	0	0	0	0	523	511	
5	0	0	0	0	515	515	
6	0	0	0	0	506	516	
7	0	0	0	0	497	537	
8	0	0	0	0	487	551	
9	0	0	0	0	482	560	
10	0	0	0	0	480	555	
11	0	0	0	0	479	583	
12	0	0	0	0	475	594	
13	0	0	0	0	473	562	
14	0	0	0	0	474	529	
15	0	0	0	0	485	487	
0	0	0	0	0	499	472	
1	0	0	0	0	513	445	
2	0	0	0	0	518	442	
3	0	0	0	0	509	460	
4	0	0	0	0	491	460	
5	0	0	0	0	472	432	
6	0	0	0	0	461	460	
7	0	0	0	0	455	494	
8	0	0	0	0	452	540	
9	0	0	0	0	455	580	
10	0	0	0	0	463	591	
11	0	0	0	0	472	583	
12	0	0	0	0	473	559	
13	0	0	0	0	473	545	
14	0	0	0	0	472	573	
15	0	0	0	0	473	587	
0	0	0	0	0	472	606	
1	0	0	0	0	472	626	
2	0	0	0	0	475	616	
3	0	0	0	0	475	563	
4	0	0	0	0	472	559	
5	0	0	0	0	470	593	
6	0	0	0	0	465	627	
7	0	0	0	0	456	648	
8	0	0	0	0	452	648	
9	0	0	0	0	449	626	
10	0	0	0	0	447	551	
11	0	0	0	0	449	500	
12	0	0	0	0	453	440	
13	0	0	0	0	455	414	
14	0	0	0	0	466	425	
15	0	0	0	0	477	453	
0	0	0	0	0	482	466	
1	0	0	0	0	486	496	
2	0	0	0	0	491	526	
3	0	0	0	0	499	553	
4	0	0	0	0	507	601	
5	0	0	0	0	513	601	
6	0	0	0	0	515	533	
7	0	0	0	0	511	493	
8	0	0	0	0	507	505	
9	0	0	0	0	502	507	
10	0	0	0	0	494	512	
11	0	0	0	0	477	532	
12	0	0	0	0	460	515	
13	0	0	0	0	441	509	
14	0	0	0	0	435	523	
15	0	0	0	0	435	549	
0	0	0	0	0	443	555	
1	0	0	0	0	457	571	
2	0	0	0	0	472	587	
3	0	0	0	0	482	598	
4	0	0	0	0	493	601	
5	0	0	0	0	504	570	
6	0	0	0	0	512	529	
7	0	0	0	0	517	505	
8	0	0	0	0	524	470	
9	0	0	0	0	539	465	
10	0	0	0	0	558	477	
11	0	0	0	0	568	462	
12	0	0	0	0	564	474	
13	0	0	0	0	549	501	
14	0	0	0	0	524	480	
15	0	0	0	0	491	442	
0	0	0	0	0	468	394	
1	0	0	0	0	455	412	
2	0	0	0	0	448	407	
3	0	0	0	0	450	428	
4	0	0	0	0	455	471	
5	0	0	0	0	455	491	
6	0	0	0	0	453	507	
7	0	0	0	0	450	532	
8	0	0	0	0	445	543	
9	0	0	0	0	437	536	
10	0	0	0	0	430	508	
11	0	0	0	0	427	530	
12	0	0	0	0	425	545	
13	0	0	0	0	423	582	
14	0	0	0	0	423	604	
15	0	0	0	0	426	592	
0	0	0	0	0	432	592	
1	0	0	0	0	440	588	
2	0	0	0	0	451	562	
3	0	0	0	0	465	529	
4	0	0	0	0	477	523	
5	0	0	0	0	491	515	
6	0	0	0	0	508	491	
7	0	0	0	0	529	404	
8	0	0	0	0	545	335	
9	0	0	0	0	550	328	
10	0	0	0	0	539	360	
11	0	0	0	0	520	364	
12	0	0	0	0	503	416	
13	0	0	0	0	493	474	
14	0	0	0	0	486	495	
15	0	0	0	0	477	513	
0	0	0	0	0	468	550	
1	0	0	0	0	464	583	
2	0	0	0	0	464	586	
3	0	0	0	0	465	592	
4	0	0	0	0	467	593	
5	0	0	0	0	465	639	
6	0	0	0	0	461	669	
7	0	0	0	0	454	689	
8	0	0	0	0	445	668	
9	0	0	0	0	438	640	
10	0	0	0	0	432	594	
11	0	0	0	0	428	610	
12	0	0	0	0	423	619	
13	0	0	0	0	423	625	
14	0	0	0	0	432	609	
15	0	0	0	0	451	624	
0	0	0	0	0	472	620	
1	0	0	0	0	487	623	
2	0	0	0	0	490	587	
3	0	0	0	0	480	574	
4	0	0	0	0	467	583	
5	0	0	0	0	463	558	
6	0	0	0	0	462	529	
7	0	0	0	0	462	536	
8	0	0	0	0	465	531	
9	0	0	0	0	473	535	
10	0	0	0	0	479	567	
11	0	0	0	0	477	602	
12	0	0	0	0	477	599	
13	0	0	0	0	479	561	
14	0	0	0	0	484	534	
15	0	0	0	0	487	541	
0	0	0	0	0	487	529	
1	0	0	0	0	487	515	
2	0	0	0	0	489	553	
3	0	0	0	0	487	564	
4	0	0	0	0	487	563	
5	0	0	0	0	486	570	
6	0	0	0	0	478	615	
7	0	0	0	0	470	633	
8	0	0	0	0	463	659	
9	0	0	0	0	460	654	
10	0	0	0	0	460	595	
11	0	0	0	0	469	549	
12	0	0	0	0	478	510	
13	0	0	0	0	480	492	
14	0	0	0	0	471	510	
15	0	0	0	0	454	515	
0	0	0	0	0	437	518	
1	0	0	0	0	424	539	
2	0	0	0	0	414	562	
3	0	0	0	0	415	603	
4	0	0	0	0	419	629	
5	0	0	0	0	422	625	
6	0	0	0	0	426	612	
7	0	0	0	0	435	575	
8	0	0	0	0	447	547	
9	0	0	0	0	456	532	
10	0	0	0	0	461	548	
11	0	0	0	0	468	591	
12	0	0	0	0	477	559	
13	0	0	0	0	486	526	
14	0	0	0	0	492	542	
15	0	0	0	0	494	536	
0	0	0	0	0	495	518	
1	0	0	0	0	498	523	
2	0	0	0	0	500	517	
3	0	0	0	0	507	467	
4	0	0	0	0	527	435	
5	0	0	0	0	551	444	
6	0	0	0	0	571	453	
7	0	0	0	0	588	430	
8	0	0	0	0	587	396	
9	0	0	0	0	566	416	
10	0	0	0	0	537	407	
11	0	0	0	0	517	418	
12	0	0	0	0	503	451	
13	0	0	0	0	487	473	
14	0	0	0	0	471	485	
15	0	0	0	0	460	480	
0	0	0	0	0	458	467	
1	0	0	0	0	461	480	
2	0	0	0	0	464	497	
3	0	0	0	0	467	490	
4	0	0	0	0	472	489	
5	0	0	0	0	476	508	
6	0	0	0	0	480	519	
7	0	0	0	0	483	516	
8	0	0	0	0	483	529	
9	0	0	0	0	484	542	
10	0	0	0	0	495	541	
11	0	0	0	0	516	502	
12	0	0	0	0	541	440	
13	0	0	0	0	563	407	
14	0	0	0	0	575	438	
15	0	0	0	0	574	477	
0	0	0	0	0	560	517	
1	0	0	0	0	546	531	
2	0	0	0	0	536	547	
3	0	0	0	0	530	556	
4	0	0	0	0	525	521	
5	0	0	0	0	518	445	
6	0	0	0	0	508	402	
7	0	0	0	0	499	394	
8	0	0	0	0	500	419	
9	0	0	0	0	511	462	
10	0	0	0	0	529	494	
11	0	0	0	0	542	542	
12	0	0	0	0	548	544	
13	0	0	0	0	550	511	
14	0	0	0	0	556	507	
15	0	0	0	0	576	542	
0	0	0	0	0	601	566	
1	0	0	0	0	628	558	
2	0	0	0	0	655	534	
3	0	0	0	0	680	505	
4	0	0	0	0	702	483	
5	0	0	0	0	723	454	
6	0	0	0	0	740	455	
7	0	0	0	0	753	459	
8	0	0	0	0	753	451	
9	0	0	0	0	739	464	
10	0	0	0	0	713	475	
11	0	0	0	0	682	441	
12	0	0	0	0	660	451	
13	0	0	0	0	647	464	
14	0	0	0	0	634	489	
15	0	0	0	0	617	476	
0	0	0	0	0	597	487	
1	0	0	0	0	575	461	
2	0	0	0	0	555	464	
3	0	0	0	0	535	454	
4	0	0	0	0	519	396	
5	0	0	0	0	512	391	
6	0	0	0	0	512	453	
7	0	0	0	0	522	475	
8	0	0	0	0	540	497	
9	0	0	0	0	561	513	
10	0	0	0	0	586	507	
11	0	0	0	0	612	485	
12	0	0	0	0	628	468	
13	0	0	0	0	634	438	
14	0	0	0	0	633	413	
15	0	0	0	0	632	386	
0	0	0	0	0	632	382	
1	0	0	0	0	641	366	
2	0	0	0	0	649	378	
3	0	0	0	0	655	385	
4	0	0	0	0	655	399	
5	0	0	0	0	652	401	
6	0	0	0	0	653	430	
7	0	0	0	0	659	478	
8	0	0	0	0	669	508	
9	0	0	0	0	683	507	
10	0	0	0	0	696	545	
11	0	0	0	0	698	548	
12	0	0	0	0	697	526	
13	0	0	0	0	699	446	
14	0	0	0	0	705	344	
15	0	0	0	0	710	324	
0	0	0	0	0	711	336	
1	0	0	0	0	710	338	
2	0	0	0	0	712	340	
3	0	0	0	0	719	350	
4	0	0	0	0	729	368	
5	0	0	0	0	735	379	
6	0	0	0	0	728	360	
7	0	0	0	0	707	349	
8	0	0	0	0	671	366	
9	0	0	0	0	628	371	
10	0	0	0	0	588	344	
11	0	0	0	0	560	356	
12	0	0	0	0	544	367	
13	0	0	0	0	539	383	
14	0	0	0	0	542	450	
15	0	0	0	0	545	530	
0	0	0	0	0	546	512	
1	0	0	0	0	550	468	
2	0	0	0	0	563	480	
3	0	0	0	0	591	529	
4	0	0	0	0	624	586	
5	0	0	0	0	659	634	
6	0	0	0	0	700	638	
7	0	0	0	0	746	611	
8	0	0	0	0	787	543	
9	0	0	0	0	820	518	
10	0	0	0	0	843	499	
11	0	0	0	0	847	439	
12	0	0	0	0	832	390	
13	0	0	0	0	810	388	
14	0	0	0	0	793	427	
15	0	0	0	0	781	453	
0	0	0	0	0	771	436	
1	0	0	0	0	767	404	
2	0	0	0	0	768	429	
3	0	0	0	0	768	489	
4	0	0	0	0	768	551	
5	0	0	0	0	771	563	
6	0	0	0	0	769	550	
7	0	0	0	0	767	519	
8	0	0	0	0	769	515	
9	0	0	0	0	771	553	
10	0	0	0	0	774	555	
11	0	0	0	0	770	545	
12	0	0	0	0	764	540	
13	0	0	0	0	757	555	
14	0	0	0	0	749	580	
15	0	0	0	0	737	560	
0	0	0	0	0	725	513	
1	0	0	0	0	716	433	
2	0	0	0	0	707	391	
3	0	0	0	0	701	374	
4	0	0	0	0	701	387	
5	0	0	0	0	706	428	
6	0	0	0	0	712	459	
7	0	0	0	0	715	448	
8	0	0	0	0	724	412	
9	0	0	0	0	743	414	
10	0	0	0	0	764	408	
11	0	0	0	0	790	423	
12	0	0	0	0	810	406	
13	0	0	0	0	812	438	
14	0	0	0	0	805	471	
15	0	0	0	0	786	444	
0	0	0	0	0	770	403	
1	0	0	0	0	762	402	
2	0	0	0	0	749	389	
3	0	0	0	0	731	377	
4	0	0	0	0	707	387	
5	0	0	0	0	675	423	
6	0	0	0	0	645	463	
7	0	0	0	0	623	519	
8	0	0	0	0	608	565	
9	0	0	0	0	598	615	
10	0	0	0	0	592	582	
11	0	0	0	0	591	576	
12	0	0	0	0	585	561	
13	0	0	0	0	579	541	
14	0	0	0	0	577	475	
15	0	0	0	0	579	460	
0	0	0	0	0	578	481	
1	0	0	0	0	577	523	
2	0	0	0	0	580	567	
3	0	0	0	0	585	603	
4	0	0	0	0	589	611	
5	0	0	0	0	596	582	
6	0	0	0	0	610	575	
7	0	0	0	0	625	558	
8	0	0	0	0	635	546	
9	0	0	0	0	643	554	
10	0	0	0	0	654	536	
11	0	0	0	0	672	493	
12	0	0	0	0	691	489	
13	0	0	0	0	703	454	
14	0	0	0	0	704	420	
15	0	0	0	0	699	424	
0	0	0	0	0	690	462	
1	0	0	0	0	687	462	
2	0	0	0	0	692	443	
3	0	0	0	0	703	430	
4	0	0	0	0	703	455	
5	0	0	0	0	696	497	
6	0	0	0	0	689	529	
7	0	0	0	0	681	516	
8	0	0	0	0	675	467	
9	0	0	0	0	669	442	
10	0	0	0	0	654	374	
11	0	0	0	0	628	381	
12	0	0	0	0	594	441	
13	0	0	0	0	556	495	
14	0	0	0	0	521	530	
15	0	0	0	0	497	539	
0	0	0	0	0	478	563	
1	0	0	0	0	463	596	
2	0	0	0	0	451	627	
3	0	0	0	0	447	665	
4	0	0	0	0	450	632	
5	0	0	0	0	466	592	
6	0	0	0	0	491	555	
7	0	0	0	0	505	509	
8	0	0	0	0	500	519	
9	0	0	0	0	483	576	
10	0	0	0	0	464	633	
11	0	0	0	0	447	660	
12	0	0	0	0	444	705	
13	0	0	0	0	447	677	
14	0	0	0	0	456	653	
15	0	0	0	0	473	645	
0	0	0	0	0	495	638	
1	0	0	0	0	507	620	
2	0	0	0	0	503	620	
3	0	0	0	0	492	591	
4	0	0	0	0	481	583	
5	0	0	0	0	466	582	
6	0	0	0	0	448	585	
7	0	0	0	0	448	558	
8	0	0	0	0	473	531	
9	0	0	0	0	491	536	
10	0	0	0	0	486	565	
11	0	0	0	0	486	579	
12	0	0	0	0	500	550	
13	0	0	0	0	500	529	
14	0	0	0	0	477	558	
15	0	0	0	0	452	541	
0	0	0	0	0	432	519	
1	0	0	0	0	418	528	
2	0	0	0	0	419	540	
3	0	0	0	0	424	563	
4	0	0	0	0	430	569	
5	0	0	0	0	433	535	
6	0	0	0	0	435	514	
7	0	0	0	0	438	520	
8	0	0	0	0	443	523	
9	0	0	0	0	448	530	
10	0	0	0	0	458	506	
11	0	0	0	0	474	496	
12	0	0	0	0	498	523	
13	0	0	0	0	536	545	
14	0	0	0	0	575	557	
15	0	0	0	0	612	532	
0	0	0	0	0	647	509	
1	0	0	0	0	675	503	
2	0	0	0	0	693	449	
3	0	0	0	0	700	440	
4	0	0	0	0	699	454	
5	0	0	0	0	701	417	
6	0	0	0	0	705	385	
7	0	0	0	0	711	400	
8	0	0	0	0	715	417	
9	0	0	0	0	717	399	
10	0	0	0	0	724	418	
11	0	0	0	0	747	398	
12	0	0	0	0	765	334	
13	0	0	0	0	767	332	
14	0	0	0	0	759	352	
15	0	0	0	0	733	409	
0	0	0	0	0	687	447	
1	0	0	0	0	643	468	
2	0	0	0	0	609	497	
3	0	0	0	0	583	481	
4	0	0	0	0	566	512	
5	0	0	0	0	553	523	
6	0	0	0	0	545	499	
7	0	0	0	0	541	483	
8	0	0	0	0	538	454	
9	0	0	0	0	540	451	
10	0	0	0	0	543	439	
11	0	0	0	0	550	463	
12	0	0	0	0	562	500	
13	0	0	0	0	576	508	
14	0	0	0	0	596	524	
15	0	0	0	0	622	499	
0	0	0	0	0	645	480	
1	0	0	0	0	669	485	
2	0	0	0	0	688	498	
3	0	0	0	0	703	510	
4	0	0	0	0	713	519	
5	0	0	0	0	724	509	
6	0	0	0	0	732	500	
7	0	0	0	0	732	508	
8	0	0	0	0	732	522	
9	0	0	0	0	725	520	
10	0	0	0	0	710	487	
11	0	0	0	0	700	438	
12	0	0	0	0	688	403	
13	0	0	0	0	676	406	
14	0	0	0	0	665	428	
15	0	0	0	0	653	444	
0	0	0	0	0	643	442	
1	0	0	0	0	633	471	
2	0	0	0	0	627	507	
3	0	0	0	0	623	534	
4	0	0	0	0	622	547	
5	0	0	0	0	622	543	
6	0	0	0	0	620	546	
7	0	0	0	0	620	567	
8	0	0	0	0	627	583	
9	0	0	0	0	636	563	
10	0	0	0	0	643	523	
11	0	0	0	0	649	509	
12	0	0	0	0	659	545	
13	0	0	0	0	655	560	
14	0	0	0	0	638	552	
15	0	0	0	0	629	548	
0	0	0	0	0	612	542	
1	0	0	0	0	582	514	
2	0	0	0	0	550	525	
3	0	0	0	0	527	551	
4	0	0	0	0	520	560	
5	0	0	0	0	515	593	
6	0	0	0	0	495	586	
7	0	0	0	0	467	571	
8	0	0	0	0	440	544	
9	0	0	0	0	424	553	
10	0	0	0	0	414	544	
11	0	0	0	0	412	539	
12	0	0	0	0	414	549	
13	0	0	0	0	417	583	
14	0	0	0	0	422	641	
15	0	0	0	0	429	653	
0	0	0	0	0	438	627	
1	0	0	0	0	450	632	
2	0	0	0	0	466	621	
3	0	0	0	0	488	626	
4	0	0	0	0	515	590	
5	0	0	0	0	540	588	
6	0	0	0	0	559	583	
7	0	0	0	0	571	571	
8	0	0	0	0	565	543	
9	0	0	0	0	541	544	
10	0	0	0	0	516	524	
11	0	0	0	0	499	503	
12	0	0	0	0	480	519	
13	0	0	0	0	463	583	
14	0	0	0	0	449	635	
15	0	0	0	0	432	649	
0	0	0	0	0	421	641	
1	0	0	0	0	423	624	
2	0	0	0	0	434	638	
3	0	0	0	0	448	629	
4	0	0	0	0	452	627	
5	0	0	0	0	450	580	
6	0	0	0	0	452	535	
7	0	0	0	0	461	511	
8	0	0	0	0	470	494	
9	0	0	0	0	480	435	
10	0	0	0	0	489	401	
11	0	0	0	0	493	405	
12	0	0	0	0	499	414	
13	0	0	0	0	515	452	
14	0	0	0	0	548	480	
15	0	0	0	0	597	508	
0	0	0	0	0	659	527	
1	0	0	0	0	727	520	
2	0	0	0	0	802	512	
3	0	0	0	0	889	498	
4	0	0	0	0	980	487	
5	0	0	0	0	1018	429	
6	0	0	0	0	1018	356	
7	0	0	0	0	1018	284	
8	0	0	0	0	1018	291	
9	0	0	0	0	1018	328	
10	0	0	0	0	1018	352	
11	0	0	0	0	1018	323	
12	0	0	0	0	1018	304	
13	0	0	0	0	1018	303	
14	0	0	0	0	1018	290	
15	0	0	0	0	1018	306	
0	0	0	0	0	1018	327	
1	0	0	0	0	1018	335	
2	0	0	0	0	1018	339	
3	0	0	0	0	1018	320	
4	0	0	0	0	1018	298	
5	0	0	0	0	1018	310	
6	0	0	0	0	1018	318	
7	0	0	0	0	1018	318	
8	0	0	0	0	1018	331	
9	0	0	0	0	1018	371	
10	0	0	0	0	1018	391	
11	0	0	0	0	1018	377	
12	0	0	0	0	1018	349	
13	0	0	0	0	1018	344	
14	0	0	0	0	1018	348	
15	0	0	0	0	1018	324	
0	0	0	0	0	1018	317	
1	0	0	0	0	1018	328	
2	0	0	0	0	1018	319	
3	0	0	0	0	1018	343	
4	0	0	0	0	1018	406	
5	0	0	0	0	1018	417	
6	0	0	0	0	1018	446	
7	0	0	0	0	1018	466	
8	0	0	0	0	1018	459	
9	0	0	0	0	1018	454	
10	0	0	0	0	1018	495	
11	0	0	0	0	1018	483	
12	0	0	0	0	1018	432	
13	0	0	0	0	1018	446	
14	0	0	0	0	1018	398	
15	0	0	0	0	1018	373	
0	0	0	0	0	1018	382	
1	0	0	0	0	1018	403	
2	0	0	0	0	1018	433	
3	0	0	0	0	1018	444	
4	0	0	0	0	1018	484	
5	0	0	0	0	1018	472	
6	0	0	0	0	1018	404	
7	0	0	0	0	1018	374	
8	0	0	0	0	1018	388	
9	0	0	0	0	1018	366	
10	0	0	0	0	1018	388	
11	0	0	0	0	1018	415	
12	0	0	0	0	1018	415	
13	0	0	0	0	1018	398	
14	0	0	0	0	1018	388	
15	0	0	0	0	1018	348	
0	0	0	0	0	1018	295	
1	0	0	0	0	1018	257	
2	0	0	0	0	1018	266	
3	0	0	0	0	1018	289	
4	0	0	0	0	1018	317	
5	0	0	0	0	1018	350	
6	0	0	0	0	1018	405	
7	0	0	0	0	1018	453	
8	0	0	0	0	1018	437	
9	0	0	0	0	1018	422	
10	0	0	0	0	1018	396	
11	0	0	0	0	1018	422	
12	0	0	0	0	1018	429	
13	0	0	0	0	1018	481	
14	0	0	0	0	1018	444	
15	0	0	0	0	1018	416	
0	0	0	0	0	1018	402	
1	0	0	0	0	984	409	
2	0	0	0	0	964	361	
3	0	0	0	0	950	327	
4	0	0	0	0	948	319	
5	0	0	0	0	956	340	
6	0	0	0	0	965	381	
7	0	0	0	0	975	433	
8	0	0	0	0	980	484	
9	0	0	0	0	984	543	
10	0	0	0	0	984	546	
11	0	0	0	0	977	534	
12	0	0	0	0	964	530	
13	0	0	0	0	945	517	
14	0	0	0	0	920	501	
15	0	0	0	0	896	492	
0	0	0	0	0	876	517	
1	0	0	0	0	863	499	
2	0	0	0	0	852	479	
3	0	0	0	0	850	439	
4	0	0	0	0	853	409	
5	0	0	0	0	858	385	
6	0	0	0	0	865	374	
7	0	0	0	0	874	398	
8	0	0	0	0	890	395	
9	0	0	0	0	909	367	
10	0	0	0	0	927	394	
11	0	0	0	0	936	439	
12	0	0	0	0	941	456	
13	0	0	0	0	936	474	
14	0	0	0	0	929	497	
15	0	0	0	0	924	513	
0	0	0	0	0	913	519	
1	0	0	0	0	899	523	
2	0	0	0	0	893	540	
3	0	0	0	0	891	576	
4	0	0	0	0	890	567	
5	0	0	0	0	886	528	
6	0	0	0	0	862	503	
7	0	0	0	0	811	479	
8	0	0	0	0	752	473	
9	0	0	0	0	708	506	
10	0	0	0	0	680	525	
11	0	0	0	0	664	551	
12	0	0	0	0	655	532	
13	0	0	0	0	657	504	
14	0	0	0	0	676	515	
15	0	0	0	0	701	529	
0	0	0	0	0	719	553	
1	0	0	0	0	730	561	
2	0	0	0	0	742	536	
3	0	0	0	0	755	508	
4	0	0	0	0	764	512	
5	0	0	0	0	767	485	
6	0	0	0	0	768	457	
7	0	0	0	0	768	463	
8	0	0	0	0	770	464	
9	0	0	0	0	775	487	
10	0	0	0	0	785	520	
11	0	0	0	0	799	540	
12	0	0	0	0	813	479	
13	0	0	0	0	809	445	
14	0	0	0	0	799	452	
15	0	0	0	0	783	467	
0	0	0	0	0	768	510	
1	0	0	0	0	752	508	
2	0	0	0	0	735	521	
3	0	0	0	0	716	481	
4	0	0	0	0	704	487	
5	0	0	0	0	695	525	
6	0	0	0	0	677	573	
7	0	0	0	0	661	614	
8	0	0	0	0	643	650	
9	0	0	0	0	617	655	
10	0	0	0	0	585	669	
11	0	0	0	0	551	665	
12	0	0	0	0	535	608	
13	0	0	0	0	529	576	
14	0	0	0	0	524	560	
15	0	0	0	0	520	579	
0	0	0	0	0	516	580	
1	0	0	0	0	515	609	
2	0	0	0	0	515	647	
3	0	0	0	0	517	704	
4	0	0	0	0	520	745	
5	0	0	0	0	518	728	
6	0	0	0	0	512	719	
7	0	0	0	0	511	691	
8	0	0	0	0	512	673	
9	0	0	0	0	510	640	
10	0	0	0	0	508	643	
11	0	0	0	0	513	660	
12	0	0	0	0	513	634	
13	0	0	0	0	513	630	
14	0	0	0	0	515	628	
15	0	0	0	0	514	627	
0	0	0	0	0	507	636	
1	0	0	0	0	502	672	
2	0	0	0	0	499	680	
3	0	0	0	0	493	667	
4	0	0	0	0	485	651	
5	0	0	0	0	476	641	
6	0	0	0	0	465	661	
7	0	0	0	0	463	696	
8	0	0	0	0	469	727	
9	0	0	0	0	475	710	
10	0	0	0	0	473	705	
11	0	0	0	0	467	684	
12	0	0	0	0	458	694	
13	0	0	0	0	448	705	
14	0	0	0	0	440	732	
15	0	0	0	0	434	772	
0	0	0	0	0	426	790	
1	0	0	0	0	419	784	
2	0	0	0	0	423	764	
3	0	0	0	0	436	731	
4	0	0	0	0	452	719	
5	0	0	0	0	465	704	
6	0	0	0	0	465	671	
7	0	0	0	0	447	656	
8	0	0	0	0	427	663	
9	0	0	0	0	410	691	
10	0	0	0	0	394	710	
11	0	0	0	0	377	742	
12	0	0	0	0	364	772	
13	0	0	0	0	361	779	
14	0	0	0	0	366	774	
15	0	0	0	0	371	711	
0	0	0	0	0	379	669	
1	0	0	0	0	388	666	
2	0	0	0	0	398	650	
3	0	0	0	0	404	623	
4	0	0	0	0	414	605	
5	0	0	0	0	425	650	
6	0	0	0	0	438	681	
7	0	0	0	0	441	695	
8	0	0	0	0	441	695	
9	0	0	0	0	447	688	
10	0	0	0	0	457	658	
11	0	0	0	0	470	608	
12	0	0	0	0	476	577	
13	0	0	0	0	470	567	
14	0	0	0	0	462	570	
15	0	0	0	0	451	566	
0	0	0	0	0	437	575	
1	0	0	0	0	425	593	
2	0	0	0	0	425	626	
3	0	0	0	0	432	625	
4	0	0	0	0	447	634	
5	0	0	0	0	462	661	
6	0	0	0	0	468	692	
7	0	0	0	0	468	701	
8	0	0	0	0	456	694	
9	0	0	0	0	434	688	
10	0	0	0	0	415	637	
11	0	0	0	0	404	599	
12	0	0	0	0	400	564	
13	0	0	0	0	395	537	
14	0	0	0	0	389	540	
15	0	0	0	0	381	563	
0	0	0	0	0	363	604	
1	0	0	0	0	343	669	
2	0	0	0	0	329	667	
3	0	0	0	0	327	662	
4	0	0	0	0	340	659	
5	0	0	0	0	355	666	
6	0	0	0	0	372	659	
7	0	0	0	0	385	662	
8	0	0	0	0	387	663	
9	0	0	0	0	382	655	
10	0	0	0	0	370	625	
11	0	0	0	0	352	629	
12	0	0	0	0	334	644	
13	0	0	0	0	323	686	
14	0	0	0	0	319	732	
15	0	0	0	0	317	775	
0	0	0	0	0	318	779	
1	0	0	0	0	328	760	
2	0	0	0	0	342	729	
3	0	0	0	0	343	758	
4	0	0	0	0	327	801	
5	0	0	0	0	310	816	
6	0	0	0	0	305	800	
7	0	0	0	0	306	805	
8	0	0	0	0	310	796	
9	0	0	0	0	315	771	
10	0	0	0	0	319	716	
11	0	0	0	0	321	694	
12	0	0	0	0	323	668	
13	0	0	0	0	324	678	
14	0	0	0	0	320	648	
15	0	0	0	0	316	643	
0	0	0	0	0	314	624	
1	0	0	0	0	316	623	
2	0	0	0	0	319	620	
3	0	0	0	0	326	608	
4	0	0	0	0	332	595	
5	0	0	0	0	340	605	
6	0	0	0	0	344	602	
7	0	0	0	0	345	637	
8	0	0	0	0	342	656	
9	0	0	0	0	335	711	
10	0	0	0	0	324	732	
11	0	0	0	0	308	703	
12	0	0	0	0	295	674	
13	0	0	0	0	289	654	
14	0	0	0	0	287	648	
15	0	0	0	0	287	673	
0	0	0	0	0	287	691	
1	0	0	0	0	282	686	
2	0	0	0	0	280	695	
3	0	0	0	0	278	705	
4	0	0	0	0	282	684	
5	0	0	0	0	284	719	
6	0	0	0	0	291	759	
7	0	0	0	0	304	758	
8	0	0	0	0	318	737	
9	0	0	0	0	332	687	
10	0	0	0	0	344	646	
11	0	0	0	0	356	645	
12	0	0	0	0	365	636	
13	0	0	0	0	369	623	
14	0	0	0	0	367	623	
15	0	0	0	0	367	629	
0	0	0	0	0	366	647	
1	0	0	0	0	360	661	
2	0	0	0	0	356	633	
3	0	0	0	0	363	574	
4	0	0	0	0	372	542	
5	0	0	0	0	381	527	
6	0	0	0	0	376	516	
7	0	0	0	0	351	507	
8	0	0	0	0	314	524	
9	0	0	0	0	285	485	
10	0	0	0	0	276	466	
11	0	0	0	0	278	447	
12	0	0	0	0	280	462	
13	0	0	0	0	278	514	
14	0	0	0	0	276	583	
15	0	0	0	0	273	640	
0	0	0	0	0	268	696	
1	0	0	0	0	254	690	
2	0	0	0	0	240	687	
3	0	0	0	0	232	706	
4	0	0	0	0	224	717	
5	0	0	0	0	212	709	
6	0	0	0	0	198	694	
7	0	0	0	0	182	682	
8	0	0	0	0	174	647	
9	0	0	0	0	161	624	
10	0	0	0	0	145	621	
11	0	0	0	0	134	623	
12	0	0	0	0	145	595	
13	0	0	0	0	175	591	
14	0	0	0	0	215	592	
15	0	0	0	0	258	594	
0	0	0	0	0	289	603	
1	0	0	0	0	300	632	
2	0	0	0	0	295	651	
3	0	0	0	0	288	658	
4	0	0	0	0	276	654	
5	0	0	0	0	260	652	
6	0	0	0	0	247	622	
7	0	0	0	0	238	625	
8	0	0	0	0	237	636	
9	0	0	0	0	238	625	
10	0	0	0	0	236	647	
11	0	0	0	0	232	652	
12	0	0	0	0	227	671	
13	0	0	0	0	219	696	
14	0	0	0	0	213	711	
15	0	0	0	0	209	692	
0	0	0	0	0	207	643	
1	0	0	0	0	209	599	
2	0	0	0	0	213	630	
3	0	0	0	0	214	643	
4	0	0	0	0	207	640	
5	0	0	0	0	203	610	
6	0	0	0	0	202	618	
7	0	0	0	0	197	614	
8	0	0	0	0	188	620	
9	0	0	0	0	175	688	
10	0	0	0	0	158	693	
11	0	0	0	0	155	689	
12	0	0	0	0	160	656	
13	0	0	0	0	167	636	
14	0	0	0	0	175	618	
15	0	0	0	0	180	587	
0	0	0	0	0	185	575	
1	0	0	0	0	193	600	
2	0	0	0	0	199	607	
3	0	0	0	0	201	602	
4	0	0	0	0	204	621	
5	0	0	0	0	208	647	
6	0	0	0	0	218	655	
7	0	0	0	0	227	664	
8	0	0	0	0	231	670	
9	0	0	0	0	230	638	
10	0	0	0	0	229	622	
11	0	0	0	0	231	595	
12	0	0	0	0	235	551	
13	0	0	0	0	244	519	
14	0	0	0	0	252	543	
15	0	0	0	0	250	609	
0	0	0	0	0	245	602	
1	0	0	0	0	245	604	
2	0	0	0	0	253	622	
3	0	0	0	0	259	625	
4	0	0	0	0	263	619	
5	0	0	0	0	261	577	
6	0	0	0	0	259	600	
7	0	0	0	0	255	644	
8	0	0	0	0	248	676	
9	0	0	0	0	236	673	
10	0	0	0	0	218	627	
11	0	0	0	0	207	587	
12	0	0	0	0	204	582	
13	0	0	0	0	201	596	
14	0	0	0	0	199	623	
15	0	0	0	0	195	602	
0	0	0	0	0	179	563	
1	0	0	0	0	160	581	
2	0	0	0	0	142	578	
3	0	0	0	0	133	603	
4	0	0	0	0	133	638	
5	0	0	0	0	137	671	
6	0	0	0	0	145	659	
7	0	0	0	0	157	672	
8	0	0	0	0	169	649	
9	0	0	0	0	181	666	
10	0	0	0	0	198	656	
11	0	0	0	0	210	636	
12	0	0	0	0	221	618	
13	0	0	0	0	231	616	
14	0	0	0	0	241	626	
15	0	0	0	0	248	574	
0	0	0	0	0	252	537	
1	0	0	0	0	256	529	
2	0	0	0	0	252	507	
3	0	0	0	0	246	505	
4	0	0	0	0	241	502	
5	0	0	0	0	244	502	
6	0	0	0	0	249	510	
7	0	0	0	0	254	540	
8	0	0	0	0	257	533	
9	0	0	0	0	259	546	
10	0	0	0	0	273	549	
11	0	0	0	0	298	577	
12	0	0	0	0	322	591	
13	0	0	0	0	339	591	
14	0	0	0	0	350	603	
15	0	0	0	0	344	608	
0	0	0	0	0	327	578	
1	0	0	0	0	317	549	
2	0	0	0	0	311	547	
3	0	0	0	0	304	577	
4	0	0	0	0	297	552	
5	0	0	0	0	288	566	
6	0	0	0	0	283	610	
7	0	0	0	0	289	605	
8	0	0	0	0	299	583	
9	0	0	0	0	310	572	
10	0	0	0	0	320	575	
11	0	0	0	0	331	562	
12	0	0	0	0	340	548	
13	0	0	0	0	351	549	
14	0	0	0	0	360	558	
15	0	0	0	0	364	559	
0	0	0	0	0	367	528	
1	0	0	0	0	364	480	
2	0	0	0	0	354	419	
3	0	0	0	0	339	380	
4	0	0	0	0	324	407	
5	0	0	0	0	313	403	
6	0	0	0	0	307	416	
7	0	0	0	0	305	450	
8	0	0	0	0	312	519	
9	0	0	0	0	323	551	
10	0	0	0	0	337	528	
11	0	0	0	0	353	515	
12	0	0	0	0	360	540	
13	0	0	0	0	357	504	
14	0	0	0	0	346	457	
15	0	0	0	0	322	415	
0	0	0	0	0	295	400	
1	0	0	0	0	281	435	
2	0	0	0	0	275	462	
3	0	0	0	0	271	458	
4	0	0	0	0	268	464	
5	0	0	0	0	268	475	
6	0	0	0	0	267	494	
7	0	0	0	0	264	516	
8	0	0	0	0	258	486	
9	0	0	0	0	253	506	
10	0	0	0	0	252	538	
11	0	0	0	0	253	531	
12	0	0	0	0	256	540	
13	0	0	0	0	260	480	
14	0	0	0	0	266	467	
15	0	0	0	0	267	484	
0	0	0	0	0	269	524	
1	0	0	0	0	274	545	
2	0	0	0	0	281	546	
3	0	0	0	0	285	504	
4	0	0	0	0	288	486	
5	0	0	0	0	291	483	
6	0	0	0	0	291	474	
7	0	0	0	0	293	465	
8	0	0	0	0	303	425	
9	0	0	0	0	325	432	
10	0	0	0	0	351	483	
11	0	0	0	0	375	507	
12	0	0	0	0	382	569	
13	0	0	0	0	370	597	
14	0	0	0	0	349	609	
15	0	0	0	0	331	590	
0	0	0	0	0	327	584	
1	0	0	0	0	332	606	
2	0	0	0	0	338	625	
3	0	0	0	0	339	630	
4	0	0	0	0	338	620	
5	0	0	0	0	336	616	
6	0	0	0	0	335	625	
7	0	0	0	0	327	639	
8	0	0	0	0	325	639	
9	0	0	0	0	327	614	
10	0	0	0	0	332	608	
11	0	0	0	0	340	586	
12	0	0	0	0	347	592	
13	0	0	0	0	347	594	
14	0	0	0	0	340	575	
15	0	0	0	0	325	581	
0	0	0	0	0	309	585	
1	0	0	0	0	301	554	
2	0	0	0	0	312	547	
3	0	0	0	0	340	523	
4	0	0	0	0	382	516	
5	0	0	0	0	431	507	
6	0	0	0	0	471	504	
7	0	0	0	0	484	489	
8	0	0	0	0	468	471	
9	0	0	0	0	444	503	
10	0	0	0	0	427	487	
11	0	0	0	0	419	447	
12	0	0	0	0	414	453	
13	0	0	0	0	406	470	
14	0	0	0	0	394	480	
15	0	0	0	0	376	504	
0	0	0	0	0	353	486	
1	0	0	0	0	342	488	
2	0	0	0	0	339	485	
3	0	0	0	0	333	506	
4	0	0	0	0	329	521	
5	0	0	0	0	328	478	
6	0	0	0	0	328	461	
7	0	0	0	0	324	442	
8	0	0	0	0	323	440	
9	0	0	0	0	328	451	
10	0	0	0	0	332	483	
11	0	0	0	0	340	510	
12	0	0	0	0	345	524	
13	0	0	0	0	345	536	
14	0	0	0	0	343	564	
15	0	0	0	0	344	572	
0	0	0	0	0	347	585	
1	0	0	0	0	350	545	
2	0	0	0	0	352	526	
3	0	0	0	0	353	503	
4	0	0	0	0	355	496	
5	0	0	0	0	353	473	
6	0	0	0	0	351	423	
7	0	0	0	0	351	419	
8	0	0	0	0	348	411	
9	0	0	0	0	348	433	
10	0	0	0	0	357	453	
11	0	0	0	0	376	464	
12	0	0	0	0	397	418	
13	0	0	0	0	404	367	
14	0	0	0	0	397	363	
15	0	0	0	0	378	359	
0	0	0	0	0	363	388	
1	0	0	0	0	353	430	
2	0	0	0	0	342	465	
3	0	0	0	0	327	487	
4	0	0	0	0	314	488	
5	0	0	0	0	303	462	
6	0	0	0	0	302	455	
7	0	0	0	0	310	498	
8	0	0	0	0	317	508	
9	0	0	0	0	327	510	
10	0	0	0	0	340	495	
11	0	0	0	0	353	472	
12	0	0	0	0	368	456	
13	0	0	0	0	383	472	
14	0	0	0	0	399	472	
15	0	0	0	0	411	471	
0	0	0	0	0	420	494	
1	0	0	0	0	428	473	
2	0	0	0	0	436	455	
3	0	0	0	0	442	453	
4	0	0	0	0	447	445	
5	0	0	0	0	447	458	
6	0	0	0	0	444	466	
7	0	0	0	0	439	474	
8	0	0	0	0	436	477	
9	0	0	0	0	432	497	
10	0	0	0	0	428	497	
11	0	0	0	0	423	471	
12	0	0	0	0	419	429	
13	0	0	0	0	419	453	
14	0	0	0	0	423	452	
15	0	0	0	0	424	455	
0	0	0	0	0	425	467	
1	0	0	0	0	419	480	
2	0	0	0	0	408	486	
3	0	0	0	0	392	476	
4	0	0	0	0	376	504	
5	0	0	0	0	363	499	
6	0	0	0	0	352	468	
7	0	0	0	0	347	460	
8	0	0	0	0	350	465	
9	0	0	0	0	358	487	
10	0	0	0	0	368	453	
11	0	0	0	0	376	417	
12	0	0	0	0	386	447	
13	0	0	0	0	403	471	
14	0	0	0	0	425	475	
15	0	0	0	0	450	479	
0	0	0	0	0	476	477	
1	0	0	0	0	490	462	
2	0	0	0	0	484	432	
3	0	0	0	0	461	409	
4	0	0	0	0	430	403	
5	0	0	0	0	398	393	
6	0	0	0	0	374	389	
7	0	0	0	0	361	403	
8	0	0	0	0	364	408	
9	0	0	0	0	369	398	
10	0	0	0	0	371	416	
11	0	0	0	0	377	457	
12	0	0	0	0	383	480	
13	0	0	0	0	389	515	
14	0	0	0	0	389	523	
15	0	0	0	0	391	508	
0	0	0	0	0	396	502	
1	0	0	0	0	404	488	
2	0	0	0	0	413	503	
3	0	0	0	0	422	531	
4	0	0	0	0	423	503	
5	0	0	0	0	419	464	
6	0	0	0	0	418	419	
7	0	0	0	0	415	381	
8	0	0	0	0	412	368	
9	0	0	0	0	406	332	
10	0	0	0	0	401	354	
11	0	0	0	0	398	408	
12	0	0	0	0	390	463	
13	0	0	0	0	378	489	
14	0	0	0	0	372	515	
15	0	0	0	0	365	518	
0	0	0	0	0	356	517	
1	0	0	0	0	351	517	
2	0	0	0	0	343	522	
3	0	0	0	0	338	537	
4	0	0	0	0	335	535	
5	0	0	0	0	328	542	
6	0	0	0	0	326	521	
7	0	0	0	0	331	511	
8	0	0	0	0	341	467	
9	0	0	0	0	356	451	
10	0	0	0	0	374	445	
11	0	0	0	0	392	407	
12	0	0	0	0	413	410	
13	0	0	0	0	428	420	
14	0	0	0	0	439	428	
15	0	0	0	0	445	438	
0	0	0	0	0	454	447	
1	0	0	0	0	458	445	
2	0	0	0	0	457	454	
3	0	0	0	0	454	494	
4	0	0	0	0	446	506	
5	0	0	0	0	444	520	
6	0	0	0	0	446	505	
7	0	0	0	0	445	512	
8	0	0	0	0	440	548	
9	0	0	0	0	433	518	
10	0	0	0	0	428	492	
11	0	0	0	0	426	475	
12	0	0	0	0	425	463	
13	0	0	0	0	418	490	
14	0	0	0	0	403	497	
15	0	0	0	0	386	491	
0	0	0	0	0	369	472	
1	0	0	0	0	360	466	
2	0	0	0	0	354	470	
3	0	0	0	0	349	480	
4	0	0	0	0	359	509	
5	0	0	0	0	376	515	
6	0	0	0	0	389	554	
7	0	0	0	0	391	570	
8	0	0	0	0	378	559	
9	0	0	0	0	357	512	
10	0	0	0	0	340	515	
11	0	0	0	0	332	470	
12	0	0	0	0	328	440	
13	0	0	0	0	329	456	
14	0	0	0	0	333	427	
15	0	0	0	0	342	365	
0	0	0	0	0	353	329	
1	0	0	0	0	370	324	
2	0	0	0	0	388	369	
3	0	0	0	0	402	427	
4	0	0	0	0	412	487	
5	0	0	0	0	418	509	
6	0	0	0	0	422	498	
7	0	0	0	0	424	517	
8	0	0	0	0	434	504	
9	0	0	0	0	443	508	
10	0	0	0	0	455	482	
11	0	0	0	0	473	481	
12	0	0	0	0	493	473	
13	0	0	0	0	512	460	
14	0	0	0	0	528	454	
15	0	0	0	0	541	483	
0	0	0	0	0	547	509	
1	0	0	0	0	547	529	
2	0	0	0	0	541	534	
3	0	0	0	0	530	543	
4	0	0	0	0	516	481	
5	0	0	0	0	503	435	
6	0	0	0	0	488	444	
7	0	0	0	0	473	435	
8	0	0	0	0	459	406	
9	0	0	0	0	450	387	
10	0	0	0	0	451	358	
11	0	0	0	0	457	350	
12	0	0	0	0	453	367	
13	0	0	0	0	443	396	
14	0	0	0	0	440	419	
15	0	0	0	0	441	461	
0	0	0	0	0	442	483	
1	0	0	0	0	440	508	
2	0	0	0	0	432	514	
3	0	0	0	0	429	498	
4	0	0	0	0	431	503	
5	0	0	0	0	434	496	
6	0	0	0	0	434	511	
7	0	0	0	0	433	498	
8	0	0	0	0	436	481	
9	0	0	0	0	432	450	
10	0	0	0	0	423	408	
11	0	0	0	0	415	399	
12	0	0	0	0	408	417	
13	0	0	0	0	402	405	
14	0	0	0	0	399	399	
15	0	0	0	0	398	409	
0	0	0	0	0	399	436	
1	0	0	0	0	396	465	
2	0	0	0	0	391	482	
3	0	0	0	0	392	518	
4	0	0	0	0	396	523	
5	0	0	0	0	402	511	
6	0	0	0	0	412	482	
7	0	0	0	0	418	463	
8	0	0	0	0	415	467	
9	0	0	0	0	399	443	
10	0	0	0	0	385	467	
11	0	0	0	0	382	477	
12	0	0	0	0	389	491	
13	0	0	0	0	406	505	
14	0	0	0	0	423	518	
15	0	0	0	0	439	527	
0	0	0	0	0	455	523	
1	0	0	0	0	469	495	
2	0	0	0	0	482	490	
3	0	0	0	0	501	484	
4	0	0	0	0	521	480	
5	0	0	0	0	544	470	
6	0	0	0	0	570	430	
7	0	0	0	0	593	402	
8	0	0	0	0	615	397	
9	0	0	0	0	627	396	
10	0	0	0	0	630	406	
11	0	0	0	0	629	411	
12	0	0	0	0	617	412	
13	0	0	0	0	603	399	
14	0	0	0	0	591	401	
15	0	0	0	0	576	403	
0	0	0	0	0	560	418	
1	0	0	0	0	543	446	
2	0	0	0	0	528	478	
3	0	0	0	0	511	519	
4	0	0	0	0	492	505	
5	0	0	0	0	472	492	
6	0	0	0	0	453	508	
7	0	0	0	0	445	495	
8	0	0	0	0	439	454	
9	0	0	0	0	441	437	
10	0	0	0	0	458	455	
11	0	0	0	0	483	465	
12	0	0	0	0	517	490	
13	0	0	0	0	547	513	
14	0	0	0	0	576	492	
15	0	0	0	0	597	469	
0	0	0	0	0	611	440	
1	0	0	0	0	611	395	
2	0	0	0	0	600	379	
3	0	0	0	0	583	360	
4	0	0	0	0	565	334	
5	0	0	0	0	548	344	
6	0	0	0	0	534	394	
7	0	0	0	0	518	428	
8	0	0	0	0	499	418	
9	0	0	0	0	481	388	
10	0	0	0	0	465	399	
11	0	0	0	0	451	411	
12	0	0	0	0	437	407	
13	0	0	0	0	430	443	
14	0	0	0	0	420	483	
15	0	0	0	0	424	484	
0	0	0	0	0	436	497	
1	0	0	0	0	448	525	
2	0	0	0	0	467	540	
3	0	0	0	0	496	536	
4	0	0	0	0	522	539	
5	0	0	0	0	534	539	
6	0	0	0	0	532	501	
7	0	0	0	0	523	440	
8	0	0	0	0	513	419	
9	0	0	0	0	501	436	
10	0	0	0	0	490	476	
11	0	0	0	0	478	492	
12	0	0	0	0	469	473	
13	0	0	0	0	467	451	
14	0	0	0	0	471	471	
15	0	0	0	0	479	504	
0	0	0	0	0	491	472	
1	0	0	0	0	507	437	
2	0	0	0	0	525	398	
3	0	0	0	0	542	376	
4	0	0	0	0	558	402	
5	0	0	0	0	569	425	
6	0	0	0	0	579	460	
7	0	0	0	0	584	517	
8	0	0	0	0	585	496	
9	0	0	0	0	579	403	
10	0	0	0	0	572	350	
11	0	0	0	0	563	312	
12	0	0	0	0	551	302	
13	0	0	0	0	545	323	
14	0	0	0	0	542	338	
15	0	0	0	0	540	347	
0	0	0	0	0	536	384	
1	0	0	0	0	532	391	
2	0	0	0	0	527	406	
3	0	0	0	0	523	413	
4	0	0	0	0	519	433	
5	0	0	0	0	515	478	
6	0	0	0	0	511	503	
7	0	0	0	0	512	508	
8	0	0	0	0	520	516	
9	0	0	0	0	533	538	
10	0	0	0	0	544	504	
11	0	0	0	0	557	498	
12	0	0	0	0	572	569	
13	0	0	0	0	583	651	
14	0	0	0	0	592	650	
15	0	0	0	0	602	644	
0	0	0	0	0	609	607	
1	0	0	0	0	613	575	
2	0	0	0	0	614	504	
3	0	0	0	0	610	472	
4	0	0	0	0	602	417	
5	0	0	0	0	597	383	
6	0	0	0	0	595	363	
7	0	0	0	0	591	369	
8	0	0	0	0	583	375	
9	0	0	0	0	571	331	
10	0	0	0	0	561	338	
11	0	0	0	0	558	345	
12	0	0	0	0	560	388	
13	0	0	0	0	567	408	
14	0	0	0	0	578	428	
15	0	0	0	0	595	483	
0	0	0	0	0	613	487	
1	0	0	0	0	632	443	
2	0	0	0	0	649	414	
3	0	0	0	0	663	399	
4	0	0	0	0	666	377	
5	0	0	0	0	665	388	
6	0	0	0	0	664	431	
7	0	0	0	0	659	475	
8	0	0	0	0	650	501	
9	0	0	0	0	638	478	
10	0	0	0	0	627	455	
11	0	0	0	0	614	427	
12	0	0	0	0	599	412	
13	0	0	0	0	582	412	
14	0	0	0	0	560	417	
15	0	0	0	0	543	459	
0	0	0	0	0	530	497	
1	0	0	0	0	519	537	
2	0	0	0	0	507	528	
3	0	0	0	0	495	532	
4	0	0	0	0	480	537	
5	0	0	0	0	465	533	
6	0	0	0	0	457	512	
7	0	0	0	0	457	499	
8	0	0	0	0	473	518	
9	0	0	0	0	499	518	
10	0	0	0	0	531	527	
11	0	0	0	0	558	530	
12	0	0	0	0	579	495	
13	0	0	0	0	594	451	
14	0	0	0	0	604	444	
15	0	0	0	0	604	442	
0	0	0	0	0	599	435	
1	0	0	0	0	589	452	
2	0	0	0	0	575	440	
3	0	0	0	0	564	437	
4	0	0	0	0	558	435	
5	0	0	0	0	555	396	
6	0	0	0	0	553	384	
7	0	0	0	0	557	406	
8	0	0	0	0	562	431	
9	0	0	0	0	571	467	
10	0	0	0	0	581	480	
11	0	0	0	0	589	459	
12	0	0	0	0	590	472	
13	0	0	0	0	588	465	
14	0	0	0	0	588	440	
15	0	0	0	0	585	422	
0	0	0	0	0	579	416	
1	0	0	0	0	570	403	
2	0	0	0	0	557	394	
3	0	0	0	0	544	408	
4	0	0	0	0	528	410	
5	0	0	0	0	512	416	
6	0	0	0	0	495	438	
7	0	0	0	0	476	452	
8	0	0	0	0	467	473	
9	0	0	0	0	461	488	
10	0	0	0	0	459	486	
11	0	0	0	0	466	515	
12	0	0	0	0	479	520	
13	0	0	0	0	495	465	
14	0	0	0	0	508	426	
15	0	0	0	0	518	438	
0	0	0	0	0	525	444	
1	0	0	0	0	532	434	
2	0	0	0	0	539	433	
3	0	0	0	0	545	444	
4	0	0	0	0	546	446	
5	0	0	0	0	550	471	
6	0	0	0	0	555	480	
7	0	0	0	0	560	451	
8	0	0	0	0	563	415	
9	0	0	0	0	567	419	
10	0	0	0	0	564	434	
11	0	0	0	0	560	453	
12	0	0	0	0	552	487	
13	0	0	0	0	539	510	
14	0	0	0	0	525	527	
15	0	0	0	0	512	545	
0	0	0	0	0	502	567	
1	0	0	0	0	491	568	
2	0	0	0	0	483	584	
3	0	0	0	0	475	540	
4	0	0	0	0	467	487	
5	0	0	0	0	465	440	
6	0	0	0	0	464	448	
7	0	0	0	0	465	470	
8	0	0	0	0	463	494	
9	0	0	0	0	458	505	
10	0	0	0	0	456	523	
11	0	0	0	0	447	542	
12	0	0	0	0	435	536	
13	0	0	0	0	425	541	
14	0	0	0	0	417	569	
15	0	0	0	0	411	589	
0	0	0	0	0	407	591	
1	0	0	0	0	407	583	
2	0	0	0	0	416	571	
3	0	0	0	0	432	567	
4	0	0	0	0	457	575	
5	0	0	0	0	481	552	
6	0	0	0	0	500	523	
7	0	0	0	0	520	503	
8	0	0	0	0	537	466	
9	0	0	0	0	550	447	
10	0	0	0	0	564	453	
11	0	0	0	0	578	448	
12	0	0	0	0	589	449	
13	0	0	0	0	599	454	
14	0	0	0	0	606	426	
15	0	0	0	0	610	369	
0	0	0	0	0	607	348	
1	0	0	0	0	600	359	
2	0	0	0	0	590	403	
3	0	0	0	0	580	431	
4	0	0	0	0	567	459	
5	0	0	0	0	553	465	
6	0	0	0	0	537	423	
7	0	0	0	0	520	412	
8	0	0	0	0	505	423	
9	0	0	0	0	492	433	
10	0	0	0	0	482	418	
11	0	0	0	0	476	429	
12	0	0	0	0	467	466	
13	0	0	0	0	460	465	
14	0	0	0	0	454	466	
15	0	0	0	0	451	487	
0	0	0	0	0	454	497	
1	0	0	0	0	455	520	
2	0	0	0	0	456	511	
3	0	0	0	0	463	492	
4	0	0	0	0	470	504	
5	0	0	0	0	473	511	
6	0	0	0	0	478	537	
7	0	0	0	0	485	530	
8	0	0	0	0	496	543	
9	0	0	0	0	510	542	
10	0	0	0	0	527	539	
11	0	0	0	0	544	540	
12	0	0	0	0	563	539	
13	0	0	0	0	580	551	
14	0	0	0	0	593	550	
15	0	0	0	0	605	530	
0	0	0	0	0	608	480	
1	0	0	0	0	608	474	
2	0	0	0	0	601	475	
3	0	0	0	0	588	438	
4	0	0	0	0	574	452	
5	0	0	0	0	560	487	
6	0	0	0	0	549	519	
7	0	0	0	0	536	552	
8	0	0	0	0	521	586	
9	0	0	0	0	510	604	
10	0	0	0	0	503	574	
11	0	0	0	0	496	551	
12	0	0	0	0	489	548	
13	0	0	0	0	481	568	
14	0	0	0	0	481	598	
15	0	0	0	0	480	608	
0	0	0	0	0	483	614	
1	0	0	0	0	487	585	
2	0	0	0	0	492	539	
3	0	0	0	0	493	495	
4	0	0	0	0	489	463	
5	0	0	0	0	487	464	
6	0	0	0	0	485	467	
7	0	0	0	0	483	489	
8	0	0	0	0	479	508	
9	0	0	0	0	476	503	
10	0	0	0	0	474	545	
11	0	0	0	0	469	551	
12	0	0	0	0	462	524	
13	0	0	0	0	455	468	
14	0	0	0	0	447	452	
15	0	0	0	0	439	478	
0	0	0	0	0	431	499	
1	0	0	0	0	424	535	
2	0	0	0	0	414	549	
3	0	0	0	0	409	554	
4	0	0	0	0	408	553	
5	0	0	0	0	410	515	
6	0	0	0	0	420	552	
7	0	0	0	0	433	552	
8	0	0	0	0	443	570	
9	0	0	0	0	448	560	
10	0	0	0	0	450	540	
11	0	0	0	0	446	536	
12	0	0	0	0	440	527	
13	0	0	0	0	435	547	
14	0	0	0	0	431	539	
15	0	0	0	0	423	532	
0	0	0	0	0	417	545	
1	0	0	0	0	409	527	
2	0	0	0	0	402	527	
3	0	0	0	0	395	527	
4	0	0	0	0	390	512	
5	0	0	0	0	388	543	
6	0	0	0	0	386	543	
7	0	0	0	0	389	547	
8	0	0	0	0	397	551	
9	0	0	0	0	410	489	
10	0	0	0	0	426	416	
11	0	0	0	0	440	410	
12	0	0	0	0	454	395	
13	0	0	0	0	471	399	
14	0	0	0	0	483	420	
15	0	0	0	0	495	458	
0	0	0	0	0	503	483	
1	0	0	0	0	510	505	
2	0	0	0	0	515	516	
3	0	0	0	0	519	540	
4	0	0	0	0	520	548	
5	0	0	0	0	518	521	
6	0	0	0	0	516	488	
7	0	0	0	0	512	472	
8	0	0	0	0	511	470	
9	0	0	0	0	511	451	
10	0	0	0	0	504	439	
11	0	0	0	0	495	448	
12	0	0	0	0	484	472	
13	0	0	0	0	475	474	
14	0	0	0	0	467	476	
15	0	0	0	0	456	509	
0	0	0	0	0	449	541	
1	0	0	0	0	446	563	
2	0	0	0	0	441	562	
3	0	0	0	0	438	550	
4	0	0	0	0	430	525	
5	0	0	0	0	427	501	
6	0	0	0	0	427	475	
7	0	0	0	0	426	432	
8	0	0	0	0	423	414	
9	0	0	0	0	418	454	
10	0	0	0	0	408	513	
11	0	0	0	0	394	551	
12	0	0	0	0	380	638	
13	0	0	0	0	368	678	
14	0	0	0	0	363	642	
15	0	0	0	0	366	603	
0	0	0	0	0	377	600	
1	0	0	0	0	396	601	
2	0	0	0	0	417	580	
3	0	0	0	0	440	558	
4	0	0	0	0	463	567	
5	0	0	0	0	478	594	
6	0	0	0	0	489	623	
7	0	0	0	0	495	641	
8	0	0	0	0	497	620	
9	0	0	0	0	495	607	
10	0	0	0	0	495	588	
11	0	0	0	0	496	576	
12	0	0	0	0	498	580	
13	0	0	0	0	499	563	
14	0	0	0	0	496	524	
15	0	0	0	0	496	526	
0	0	0	0	0	497	537	
1	0	0	0	0	504	555	
2	0	0	0	0	511	579	
3	0	0	0	0	515	588	
4	0	0	0	0	514	589	
5	0	0	0	0	509	585	
6	0	0	0	0	501	590	
7	0	0	0	0	490	585	
8	0	0	0	0	478	554	
9	0	0	0	0	463	496	
10	0	0	0	0	448	461	
11	0	0	0	0	436	460	
12	0	0	0	0	429	477	
13	0	0	0	0	423	481	
14	0	0	0	0	421	481	
15	0	0	0	0	420	476	
0	0	0	0	0	423	497	
1	0	0	0	0	423	512	
2	0	0	0	0	423	534	
3	0	0	0	0	427	537	
4	0	0	0	0	429	552	
5	0	0	0	0	430	540	
6	0	0	0	0	428	520	
7	0	0	0	0	419	515	
8	0	0	0	0	406	530	
9	0	0	0	0	391	515	
10	0	0	0	0	375	529	
11	0	0	0	0	354	575	
12	0	0	0	0	335	615	
13	0	0	0	0	321	636	
14	0	0	0	0	310	639	
15	0	0	0	0	301	594	
0	0	0	0	0	295	565	
1	0	0	0	0	295	598	
2	0	0	0	0	299	614	
3	0	0	0	0	303	609	
4	0	0	0	0	303	576	
5	0	0	0	0	305	555	
6	0	0	0	0	310	515	
7	0	0	0	0	311	497	
8	0	0	0	0	316	511	
9	0	0	0	0	323	551	
10	0	0	0	0	327	564	
11	0	0	0	0	331	537	
12	0	0	0	0	334	519	
13	0	0	0	0	338	502	
14	0	0	0	0	348	473	
15	0	0	0	0	359	457	
0	0	0	0	0	369	465	
1	0	0	0	0	384	451	
2	0	0	0	0	399	413	
3	0	0	0	0	412	430	
4	0	0	0	0	423	487	
5	0	0	0	0	436	509	
6	0	0	0	0	446	532	
7	0	0	0	0	449	558	
8	0	0	0	0	446	567	
9	0	0	0	0	444	532	
10	0	0	0	0	434	515	
11	0	0	0	0	423	538	
12	0	0	0	0	408	541	
13	0	0	0	0	396	539	
14	0	0	0	0	386	561	
15	0	0	0	0	379	576	
0	0	0	0	0	380	589	
1	0	0	0	0	390	591	
2	0	0	0	0	406	575	
3	0	0	0	0	419	580	
4	0	0	0	0	432	592	
5	0	0	0	0	441	571	
6	0	0	0	0	447	587	
7	0	0	0	0	454	572	
8	0	0	0	0	463	559	
9	0	0	0	0	472	551	
10	0	0	0	0	477	550	
11	0	0	0	0	476	540	
12	0	0	0	0	470	531	
13	0	0	0	0	459	507	
14	0	0	0	0	445	519	
15	0	0	0	0	430	556	
0	0	0	0	0	423	577	
1	0	0	0	0	422	599	
2	0	0	0	0	426	588	
3	0	0	0	0	434	564	
4	0	0	0	0	439	526	
5	0	0	0	0	443	495	
6	0	0	0	0	446	501	
7	0	0	0	0	445	501	
8	0	0	0	0	442	523	
9	0	0	0	0	440	541	
10	0	0	0	0	444	538	
11	0	0	0	0	451	537	
12	0	0	0	0	462	537	
13	0	0	0	0	468	540	
14	0	0	0	0	470	543	
15	0	0	0	0	469	504	
0	0	0	0	0	466	479	
1	0	0	0	0	467	490	
2	0	0	0	0	469	480	
3	0	0	0	0	475	496	
4	0	0	0	0	480	485	
5	0	0	0	0	484	502	
6	0	0	0	0	491	520	
7	0	0	0	0	496	535	
8	0	0	0	0	499	519	
9	0	0	0	0	499	498	
10	0	0	0	0	494	470	
11	0	0	0	0	489	444	
12	0	0	0	0	486	421	
13	0	0	0	0	482	406	
14	0	0	0	0	476	414	
15	0	0	0	0	471	452	
0	0	0	0	0	467	469	
1	0	0	0	0	463	474	
2	0	0	0	0	458	505	
3	0	0	0	0	453	531	
4	0	0	0	0	449	555	
5	0	0	0	0	447	537	
6	0	0	0	0	444	513	
7	0	0	0	0	443	483	
8	0	0	0	0	440	489	
9	0	0	0	0	439	466	
10	0	0	0	0	440	459	
11	0	0	0	0	441	451	
12	0	0	0	0	440	481	
13	0	0	0	0	435	531	
14	0	0	0	0	428	594	
15	0	0	0	0	422	634	
0	0	0	0	0	415	615	
1	0	0	0	0	405	596	
2	0	0	0	0	396	575	
3	0	0	0	0	395	565	
4	0	0	0	0	400	564	
5	0	0	0	0	408	538	
6	0	0	0	0	414	528	
7	0	0	0	0	423	527	
8	0	0	0	0	433	493	
9	0	0	0	0	440	508	
10	0	0	0	0	449	516	
11	0	0	0	0	459	520	
12	0	0	0	0	462	536	
13	0	0	0	0	461	515	
14	0	0	0	0	455	515	
15	0	0	0	0	452	483	
0	0	0	0	0	450	443	
1	0	0	0	0	447	451	
2	0	0	0	0	445	472	
3	0	0	0	0	448	517	
4	0	0	0	0	452	524	
5	0	0	0	0	462	532	
6	0	0	0	0	468	495	
7	0	0	0	0	472	493	
8	0	0	0	0	472	493	
9	0	0	0	0	472	506	
10	0	0	0	0	472	556	
11	0	0	0	0	469	598	
12	0	0	0	0	465	616	
13	0	0	0	0	463	611	
14	0	0	0	0	459	591	
15	0	0	0	0	458	593	
0	0	0	0	0	455	579	
1	0	0	0	0	445	564	
2	0	0	0	0	434	564	
3	0	0	0	0	425	560	
4	0	0	0	0	416	585	
5	0	0	0	0	410	571	
6	0	0	0	0	407	557	
7	0	0	0	0	401	521	
8	0	0	0	0	393	503	
9	0	0	0	0	388	519	
10	0	0	0	0	385	537	
11	0	0	0	0	384	553	
12	0	0	0	0	376	564	
13	0	0	0	0	370	505	
14	0	0	0	0	367	501	
15	0	0	0	0	367	534	
0	0	0	0	0	366	562	
1	0	0	0	0	364	552	
2	0	0	0	0	367	536	
3	0	0	0	0	376	554	
4	0	0	0	0	390	564	
5	0	0	0	0	401	600	
6	0	0	0	0	412	607	
7	0	0	0	0	425	598	
8	0	0	0	0	438	570	
9	0	0	0	0	450	521	
10	0	0	0	0	464	499	
11	0	0	0	0	480	517	
12	0	0	0	0	493	525	
13	0	0	0	0	501	552	
14	0	0	0	0	508	558	
15	0	0	0	0	511	552	
0	0	0	0	0	514	532	
1	0	0	0	0	513	498	
2	0	0	0	0	511	462	
3	0	0	0	0	507	425	
4	0	0	0	0	505	436	
5	0	0	0	0	501	371	
6	0	0	0	0	498	352	
7	0	0	0	0	496	365	
8	0	0	0	0	498	429	
9	0	0	0	0	501	465	
10	0	0	0	0	504	448	
11	0	0	0	0	509	477	
12	0	0	0	0	510	532	
13	0	0	0	0	509	537	
14	0	0	0	0	509	532	
15	0	0	0	0	509	524	
0	0	0	0	0	505	513	
1	0	0	0	0	498	523	
2	0	0	0	0	491	520	
3	0	0	0	0	483	535	
4	0	0	0	0	479	544	
5	0	0	0	0	480	574	
6	0	0	0	0	483	563	
7	0	0	0	0	483	523	
8	0	0	0	0	483	518	
9	0	0	0	0	486	508	
10	0	0	0	0	489	519	
11	0	0	0	0	499	535	
12	0	0	0	0	513	548	
13	0	0	0	0	526	540	
14	0	0	0	0	538	483	
15	0	0	0	0	550	454	
0	0	0	0	0	556	484	
1	0	0	0	0	561	510	
2	0	0	0	0	568	520	
3	0	0	0	0	572	505	
4	0	0	0	0	575	562	
5	0	0	0	0	573	582	
6	0	0	0	0	565	588	
7	0	0	0	0	555	578	
8	0	0	0	0	542	541	
9	0	0	0	0	527	485	
10	0	0	0	0	518	448	
11	0	0	0	0	508	460	
12	0	0	0	0	499	500	
13	0	0	0	0	490	518	
14	0	0	0	0	483	527	
15	0	0	0	0	477	523	
0	0	0	0	0	471	519	
1	0	0	0	0	464	502	
2	0	0	0	0	455	489	
3	0	0	0	0	447	489	
4	0	0	0	0	440	526	
5	0	0	0	0	438	573	
6	0	0	0	0	442	604	
7	0	0	0	0	449	590	
8	0	0	0	0	455	547	
9	0	0	0	0	461	532	
10	0	0	0	0	470	500	
11	0	0	0	0	481	480	
12	0	0	0	0	494	433	
13	0	0	0	0	506	432	
14	0	0	0	0	515	420	
15	0	0	0	0	526	402	
0	0	0	0	0	536	407	
1	0	0	0	0	542	463	
2	0	0	0	0	542	499	
3	0	0	0	0	541	521	
4	0	0	0	0	537	527	
5	0	0	0	0	535	524	
6	0	0	0	0	541	503	
7	0	0	0	0	546	502	
8	0	0	0	0	548	493	
9	0	0	0	0	549	475	
10	0	0	0	0	547	480	
11	0	0	0	0	546	478	
12	0	0	0	0	543	452	
13	0	0	0	0	539	417	
14	0	0	0	0	537	408	
15	0	0	0	0	535	428	
0	0	0	0	0	531	464	
1	0	0	0	0	530	481	
2	0	0	0	0	524	489	
3	0	0	0	0	510	492	
4	0	0	0	0	492	511	
5	0	0	0	0	476	499	
6	0	0	0	0	465	503	
7	0	0	0	0	456	505	
8	0	0	0	0	453	529	
9	0	0	0	0	456	533	
10	0	0	0	0	463	523	
11	0	0	0	0	469	494	
12	0	0	0	0	475	486	
13	0	0	0	0	482	519	
14	0	0	0	0	491	551	
15	0	0	0	0	492	550	
0	0	0	0	0	489	519	
1	0	0	0	0	484	523	
2	0	0	0	0	478	504	
3	0	0	0	0	470	440	
4	0	0	0	0	468	467	
5	0	0	0	0	467	510	
6	0	0	0	0	472	550	
7	0	0	0	0	477	549	
8	0	0	0	0	484	556	
9	0	0	0	0	487	538	
10	0	0	0	0	489	529	
11	0	0	0	0	489	510	
12	0	0	0	0	491	522	
13	0	0	0	0	492	540	
14	0	0	0	0	493	512	
15	0	0	0	0	496	493	
0	0	0	0	0	497	483	
1	0	0	0	0	497	484	
2	0	0	0	0	494	485	
3	0	0	0	0	490	505	
4	0	0	0	0	486	499	
5	0	0	0	0	482	508	
6	0	0	0	0	477	527	
7	0	0	0	0	472	547	
8	0	0	0	0	463	571	
9	0	0	0	0	456	588	
10	0	0	0	0	454	521	
11	0	0	0	0	458	455	
12	0	0	0	0	463	447	
13	0	0	0	0	467	451	
14	0	0	0	0	467	472	
15	0	0	0	0	468	474	
0	0	0	0	0	469	481	
1	0	0	0	0	463	460	
2	0	0	0	0	451	440	
3	0	0	0	0	437	422	
4	0	0	0	0	425	441	
5	0	0	0	0	422	472	
6	0	0	0	0	424	475	
7	0	0	0	0	430	451	
8	0	0	0	0	434	438	
9	0	0	0	0	438	497	
10	0	0	0	0	448	543	
11	0	0	0	0	459	543	
12	0	0	0	0	467	538	
13	0	0	0	0	475	542	
14	0	0	0	0	480	520	
15	0	0	0	0	480	504	
0	0	0	0	0	482	493	
1	0	0	0	0	480	451	
2	0	0	0	0	478	448	
3	0	0	0	0	476	474	
4	0	0	0	0	471	503	
5	0	0	0	0	464	514	
6	0	0	0	0	457	537	
7	0	0	0	0	452	553	
8	0	0	0	0	451	588	
9	0	0	0	0	451	602	
10	0	0	0	0	454	618	
11	0	0	0	0	458	595	
12	0	0	0	0	463	599	
13	0	0	0	0	461	572	
14	0	0	0	0	463	546	
15	0	0	0	0	467	522	
0	0	0	0	0	470	502	
1	0	0	0	0	472	512	
2	0	0	0	0	473	475	
3	0	0	0	0	478	461	
4	0	0	0	0	480	480	
5	0	0	0	0	482	510	
6	0	0	0	0	491	544	
7	0	0	0	0	504	572	
8	0	0	0	0	516	574	
9	0	0	0	0	519	555	
10	0	0	0	0	518	535	
11	0	0	0	0	517	519	
12	0	0	0	0	513	523	
13	0	0	0	0	507	540	
14	0	0	0	0	497	559	
15	0	0	0	0	488	559	
0	0	0	0	0	483	531	
1	0	0	0	0	481	500	
2	0	0	0	0	479	483	
3	0	0	0	0	479	497	
4	0	0	0	0	480	532	
5	0	0	0	0	486	507	
6	0	0	0	0	491	495	
7	0	0	0	0	492	492	
8	0	0	0	0	492	520	
9	0	0	0	0	484	519	
10	0	0	0	0	474	531	
11	0	0	0	0	465	529	
12	0	0	0	0	457	531	
13	0	0	0	0	451	532	
14	0	0	0	0	448	534	
15	0	0	0	0	442	511	
0	0	0	0	0	439	538	
1	0	0	0	0	436	551	
2	0	0	0	0	437	568	
3	0	0	0	0	438	559	
4	0	0	0	0	438	565	
5	0	0	0	0	438	583	
6	0	0	0	0	439	591	
7	0	0	0	0	440	564	
8	0	0	0	0	442	569	
9	0	0	0	0	438	527	
10	0	0	0	0	432	487	
11	0	0	0	0	422	483	
12	0	0	0	0	413	502	
13	0	0	0	0	406	524	
14	0	0	0	0	401	543	
15	0	0	0	0	405	556	
0	0	0	0	0	408	561	
1	0	0	0	0	412	559	
2	0	0	0	0	415	544	
3	0	0	0	0	419	536	
4	0	0	0	0	423	536	
5	0	0	0	0	427	531	
6	0	0	0	0	431	522	
7	0	0	0	0	436	568	
8	0	0	0	0	442	633	
9	0	0	0	0	445	655	
10	0	0	0	0	449	648	
11	0	0	0	0	460	659	
12	0	0	0	0	477	664	
13	0	0	0	0	492	630	
14	0	0	0	0	506	642	
15	0	0	0	0	514	647	
0	0	0	0	0	519	659	
1	0	0	0	0	525	614	
2	0	0	0	0	530	538	
3	0	0	0	0	532	482	
4	0	0	0	0	534	473	
5	0	0	0	0	531	476	
6	0	0	0	0	522	492	
7	0	0	0	0	512	540	
8	0	0	0	0	503	549	
9	0	0	0	0	490	549	
10	0	0	0	0	479	522	
11	0	0	0	0	466	504	
12	0	0	0	0	454	493	
13	0	0	0	0	444	492	
14	0	0	0	0	438	507	
15	0	0	0	0	432	529	
0	0	0	0	0	431	570	
1	0	0	0	0	432	551	
2	0	0	0	0	431	483	
3	0	0	0	0	429	430	
4	0	0	0	0	428	423	
5	0	0	0	0	428	442	
6	0	0	0	0	427	480	
7	0	0	0	0	428	509	
8	0	0	0	0	430	507	
9	0	0	0	0	432	524	
10	0	0	0	0	437	582	
11	0	0	0	0	440	630	
12	0	0	0	0	446	652	
13	0	0	0	0	451	669	
14	0	0	0	0	452	673	
15	0	0	0	0	455	641	
0	0	0	0	0	462	612	
1	0	0	0	0	469	612	
2	0	0	0	0	476	607	
3	0	0	0	0	483	599	
4	0	0	0	0	495	595	
5	0	0	0	0	511	598	
6	0	0	0	0	532	574	
7	0	0	0	0	551	542	
8	0	0	0	0	564	560	
9	0	0	0	0	568	544	
10	0	0	0	0	565	515	
11	0	0	0	0	553	512	
12	0	0	0	0	539	492	
13	0	0	0	0	526	467	
14	0	0	0	0	516	470	
15	0	0	0	0	505	457	
0	0	0	0	0	492	472	
1	0	0	0	0	475	487	
2	0	0	0	0	461	517	
3	0	0	0	0	449	531	
4	0	0	0	0	441	526	
5	0	0	0	0	439	486	
6	0	0	0	0	444	475	
7	0	0	0	0	451	482	
8	0	0	0	0	458	484	
9	0	0	0	0	468	482	
10	0	0	0	0	478	471	
11	0	0	0	0	492	482	
12	0	0	0	0	503	499	
13	0	0	0	0	506	486	
14	0	0	0	0	507	461	
15	0	0	0	0	507	463	
0	0	0	0	0	508	455	
1	0	0	0	0	512	466	
2	0	0	0	0	517	478	
3	0	0	0	0	522	500	
4	0	0	0	0	528	496	
5	0	0	0	0	537	496	
6	0	0	0	0	541	526	
7	0	0	0	0	544	535	
8	0	0	0	0	547	527	
9	0	0	0	0	545	505	
10	0	0	0	0	540	477	
11	0	0	0	0	537	502	
12	0	0	0	0	540	530	
13	0	0	0	0	547	543	
14	0	0	0	0	553	548	
15	0	0	0	0	558	512	
0	0	0	0	0	561	483	
1	0	0	0	0	565	460	
2	0	0	0	0	565	457	
3	0	0	0	0	565	448	
4	0	0	0	0	563	437	
5	0	0	0	0	564	476	
6	0	0	0	0	564	472	
7	0	0	0	0	562	478	
8	0	0	0	0	559	488	
9	0	0	0	0	548	470	
10	0	0	0	0	535	446	
11	0	0	0	0	517	430	
12	0	0	0	0	497	433	
13	0	0	0	0	479	444	
14	0	0	0	0	468	483	
15	0	0	0	0	462	517	
0	0	0	0	0	459	534	
1	0	0	0	0	456	547	
2	0	0	0	0	455	577	
3	0	0	0	0	460	569	
4	0	0	0	0	463	546	
5	0	0	0	0	465	503	
6	0	0	0	0	465	515	
7	0	0	0	0	464	523	
8	0	0	0	0	463	510	
9	0	0	0	0	462	475	
10	0	0	0	0	464	466	
11	0	0	0	0	466	471	
12	0	0	0	0	474	466	
13	0	0	0	0	485	487	
14	0	0	0	0	498	492	
15	0	0	0	0	502	492	
0	0	0	0	0	502	493	
1	0	0	0	0	499	493	
2	0	0	0	0	497	480	
3	0	0	0	0	495	455	
4	0	0	0	0	491	463	
5	0	0	0	0	485	475	
6	0	0	0	0	481	480	
7	0	0	0	0	478	492	
8	0	0	0	0	476	534	
9	0	0	0	0	474	506	
10	0	0	0	0	476	451	
11	0	0	0	0	480	426	
12	0	0	0	0	486	422	
13	0	0	0	0	492	449	
14	0	0	0	0	497	491	
15	0	0	0	0	502	504	
0	0	0	0	0	505	524	
1	0	0	0	0	509	537	
2	0	0	0	0	514	503	
3	0	0	0	0	520	490	
4	0	0	0	0	527	513	
5	0	0	0	0	533	496	
6	0	0	0	0	540	483	
7	0	0	0	0	547	486	
8	0	0	0	0	546	484	
9	0	0	0	0	538	494	
10	0	0	0	0	528	484	
11	0	0	0	0	518	466	
12	0	0	0	0	509	460	
13	0	0	0	0	504	478	
14	0	0	0	0	501	483	
15	0	0	0	0	497	471	
0	0	0	0	0	490	488	
1	0	0	0	0	483	523	
2	0	0	0	0	476	555	
3	0	0	0	0	470	577	
4	0	0	0	0	465	527	
5	0	0	0	0	459	479	
6	0	0	0	0	455	480	
7	0	0	0	0	458	465	
8	0	0	0	0	465	483	
9	0	0	0	0	476	496	
10	0	0	0	0	488	501	
11	0	0	0	0	505	541	
12	0	0	0	0	521	583	
13	0	0	0	0	531	624	
14	0	0	0	0	536	600	
15	0	0	0	0	537	554	
0	0	0	0	0	536	543	
1	0	0	0	0	533	499	
2	0	0	0	0	530	456	
3	0	0	0	0	528	461	
4	0	0	0	0	525	470	
5	0	0	0	0	524	481	
6	0	0	0	0	526	480	
7	0	0	0	0	532	480	
8	0	0	0	0	542	475	
9	0	0	0	0	552	485	
10	0	0	0	0	561	521	
11	0	0	0	0	569	527	
12	0	0	0	0	579	539	
13	0	0	0	0	589	527	
14	0	0	0	0	595	501	
15	0	0	0	0	601	479	
0	0	0	0	0	607	475	
1	0	0	0	0	611	448	
2	0	0	0	0	610	436	
3	0	0	0	0	608	457	
4	0	0	0	0	603	478	
5	0	0	0	0	595	500	
6	0	0	0	0	591	492	
7	0	0	0	0	588	441	
8	0	0	0	0	586	404	
9	0	0	0	0	586	380	
10	0	0	0	0	584	377	
11	0	0	0	0	582	389	
12	0	0	0	0	580	443	
13	0	0	0	0	581	477	
14	0	0	0	0	585	488	
15	0	0	0	0	589	485	
0	0	0	0	0	589	501	
1	0	0	0	0	583	523	
2	0	0	0	0	579	555	
3	0	0	0	0	577	551	
4	0	0	0	0	575	575	
5	0	0	0	0	574	589	
6	0	0	0	0	574	598	
7	0	0	0	0	575	570	
8	0	0	0	0	575	555	
9	0	0	0	0	573	555	
10	0	0	0	0	572	574	
11	0	0	0	0	568	629	
12	0	0	0	0	561	649	
13	0	0	0	0	556	642	
14	0	0	0	0	552	615	
15	0	0	0	0	551	598	
0	0	0	0	0	551	569	
1	0	0	0	0	547	533	
2	0	0	0	0	539	537	
3	0	0	0	0	529	543	
4	0	0	0	0	523	521	
5	0	0	0	0	519	519	
6	0	0	0	0	514	536	
7	0	0	0	0	508	507	
8	0	0	0	0	496	487	
9	0	0	0	0	487	456	
10	0	0	0	0	480	464	
11	0	0	0	0	475	504	
12	0	0	0	0	471	511	
13	0	0	0	0	469	490	
14	0	0	0	0	469	476	
15	0	0	0	0	473	483	
0	0	0	0	0	474	496	
1	0	0	0	0	478	547	
2	0	0	0	0	483	608	
3	0	0	0	0	492	617	
4	0	0	0	0	500	586	
5	0	0	0	0	511	564	
6	0	0	0	0	521	505	
7	0	0	0	0	528	476	
8	0	0	0	0	536	463	
9	0	0	0	0	543	477	
10	0	0	0	0	552	505	
11	0	0	0	0	564	523	
12	0	0	0	0	573	544	
13	0	0	0	0	575	514	
14	0	0	0	0	577	475	
15	0	0	0	0	577	481	
0	0	0	0	0	572	446	
1	0	0	0	0	568	449	
2	0	0	0	0	559	467	
3	0	0	0	0	547	497	
4	0	0	0	0	533	519	
5	0	0	0	0	519	528	
6	0	0	0	0	511	543	
7	0	0	0	0	505	550	
8	0	0	0	0	498	528	
9	0	0	0	0	497	490	
10	0	0	0	0	501	461	
11	0	0	0	0	504	486	
12	0	0	0	0	505	485	
13	0	0	0	0	512	509	
14	0	0	0	0	520	523	
15	0	0	0	0	529	528	
0	0	0	0	0	538	532	
1	0	0	0	0	548	524	
2	0	0	0	0	557	511	
3	0	0	0	0	569	489	
4	0	0	0	0	580	501	
5	0	0	0	0	589	468	
6	0	0	0	0	596	411	
7	0	0	0	0	600	407	
8	0	0	0	0	600	417	
9	0	0	0	0	599	416	
10	0	0	0	0	595	423	
11	0	0	0	0	588	409	
12	0	0	0	0	581	399	
13	0	0	0	0	579	390	
14	0	0	0	0	577	396	
15	0	0	0	0	577	423	
0	0	0	0	0	579	452	
1	0	0	0	0	582	470	
2	0	0	0	0	585	483	
3	0	0	0	0	582	480	
4	0	0	0	0	573	485	
5	0	0	0	0	560	484	
6	0	0	0	0	546	513	
7	0	0	0	0	531	515	
8	0	0	0	0	518	524	
9	0	0	0	0	509	496	
10	0	0	0	0	505	477	
11	0	0	0	0	510	481	
12	0	0	0	0	520	456	
13	0	0	0	0	537	452	
14	0	0	0	0	558	478	
15	0	0	0	0	575	488	
0	0	0	0	0	590	486	
1	0	0	0	0	600	480	
2	0	0	0	0	608	459	
3	0	0	0	0	610	448	
4	0	0	0	0	608	503	
5	0	0	0	0	603	495	
6	0	0	0	0	596	462	
7	0	0	0	0	588	472	
8	0	0	0	0	583	489	
9	0	0	0	0	582	508	
10	0	0	0	0	584	523	
11	0	0	0	0	587	510	
12	0	0	0	0	593	524	
13	0	0	0	0	600	519	
14	0	0	0	0	606	511	
15	0	0	0	0	607	512	
0	0	0	0	0	604	519	
1	0	0	0	0	606	490	
2	0	0	0	0	609	478	
3	0	0	0	0	616	461	
4	0	0	0	0	624	448	
5	0	0	0	0	628	455	
6	0	0	0	0	626	455	
7	0	0	0	0	619	492	
8	0	0	0	0	609	496	
9	0	0	0	0	601	498	
10	0	0	0	0	596	475	
11	0	0	0	0	595	499	
12	0	0	0	0	595	501	
13	0	0	0	0	595	535	
14	0	0	0	0	595	561	
15	0	0	0	0	593	580	
0	0	0	0	0	592	599	
1	0	0	0	0	587	598	
2	0	0	0	0	582	591	
3	0	0	0	0	575	559	
4	0	0	0	0	570	505	
5	0	0	0	0	567	473	
6	0	0	0	0	566	447	
7	0	0	0	0	569	451	
8	0	0	0	0	576	422	
9	0	0	0	0	585	396	
10	0	0	0	0	591	394	
11	0	0	0	0	596	369	
12	0	0	0	0	599	338	
13	0	0	0	0	600	319	
14	0	0	0	0	602	319	
15	0	0	0	0	607	340	
0	0	0	0	0	613	371	
1	0	0	0	0	619	380	
2	0	0	0	0	624	411	
3	0	0	0	0	629	437	
4	0	0	0	0	632	419	
5	0	0	0	0	633	417	
6	0	0	0	0	632	420	
7	0	0	0	0	627	415	
8	0	0	0	0	622	412	
9	0	0	0	0	615	441	
10	0	0	0	0	608	424	
11	0	0	0	0	606	424	
12	0	0	0	0	606	429	
13	0	0	0	0	606	441	
14	0	0	0	0	607	412	
15	0	0	0	0	607	383	
0	0	0	0	0	606	384	
1	0	0	0	0	603	396	
2	0	0	0	0	600	424	
3	0	0	0	0	595	400	
4	0	0	0	0	589	384	
5	0	0	0	0	584	384	
6	0	0	0	0	581	407	
7	0	0	0	0	574	412	
8	0	0	0	0	562	442	
9	0	0	0	0	545	482	
10	0	0	0	0	534	503	
11	0	0	0	0	527	508	
12	0	0	0	0	516	519	
13	0	0	0	0	506	546	
14	0	0	0	0	494	587	
15	0	0	0	0	487	603	
0	0	0	0	0	481	593	
1	0	0	0	0	481	606	
2	0	0	0	0	489	628	
3	0	0	0	0	497	597	
4	0	0	0	0	509	569	
5	0	0	0	0	523	533	
6	0	0	0	0	536	534	
7	0	0	0	0	553	528	
8	0	0	0	0	565	527	
9	0	0	0	0	576	485	
10	0	0	0	0	585	499	
11	0	0	0	0	592	536	
12	0	0	0	0	592	545	
13	0	0	0	0	587	522	
14	0	0	0	0	575	482	
15	0	0	0	0	563	462	
0	0	0	0	0	555	440	
1	0	0	0	0	550	424	
2	0	0	0	0	548	448	
3	0	0	0	0	547	497	
4	0	0	0	0	545	521	
5	0	0	0	0	540	547	
6	0	0	0	0	535	570	
7	0	0	0	0	531	553	
8	0	0	0	0	527	543	
9	0	0	0	0	526	570	
10	0	0	0	0	519	566	
11	0	0	0	0	511	567	
12	0	0	0	0	497	595	
13	0	0	0	0	484	602	
14	0	0	0	0	471	579	
15	0	0	0	0	454	556	
0	0	0	0	0	438	570	
1	0	0	0	0	428	577	
2	0	0	0	0	426	582	
3	0	0	0	0	430	580	
4	0	0	0	0	439	570	
5	0	0	0	0	451	620	
6	0	0	0	0	465	632	
7	0	0	0	0	479	592	
8	0	0	0	0	494	521	
9	0	0	0	0	509	498	
10	0	0	0	0	520	498	
11	0	0	0	0	528	551	
12	0	0	0	0	533	586	
13	0	0	0	0	535	586	
14	0	0	0	0	532	598	
15	0	0	0	0	526	631	
0	0	0	0	0	516	663	
1	0	0	0	0	509	658	
2	0	0	0	0	504	661	
3	0	0	0	0	503	643	
4	0	0	0	0	503	632	
5	0	0	0	0	502	586	
6	0	0	0	0	504	549	
7	0	0	0	0	508	517	
8	0	0	0	0	513	508	
9	0	0	0	0	513	480	
10	0	0	0	0	511	503	
11	0	0	0	0	511	508	
12	0	0	0	0	511	513	
13	0	0	0	0	507	533	
14	0	0	0	0	505	564	
15	0	0	0	0	502	587	
0	0	0	0	0	499	549	
1	0	0	0	0	500	486	
2	0	0	0	0	498	441	
3	0	0	0	0	493	427	
4	0	0	0	0	492	442	
5	0	0	0	0	491	455	
6	0	0	0	0	494	483	
7	0	0	0	0	498	524	
8	0	0	0	0	501	585	
9	0	0	0	0	501	623	
10	0	0	0	0	499	624	
11	0	0	0	0	495	585	
12	0	0	0	0	490	549	
13	0	0	0	0	481	533	
14	0	0	0	0	477	552	
15	0	0	0	0	476	572	
0	0	0	0	0	476	593	
1	0	0	0	0	478	588	
2	0	0	0	0	481	551	
3	0	0	0	0	486	547	
4	0	0	0	0	495	521	
5	0	0	0	0	507	468	
6	0	0	0	0	519	428	
7	0	0	0	0	528	342	
8	0	0	0	0	537	311	
9	0	0	0	0	547	356	
10	0	0	0	0	555	439	
11	0	0	0	0	560	505	
12	0	0	0	0	564	543	
13	0	0	0	0	566	515	
14	0	0	0	0	566	529	
15	0	0	0	0	565	539	
0	0	0	0	0	563	543	
1	0	0	0	0	559	528	
2	0	0	0	0	555	534	
3	0	0	0	0	552	532	
4	0	0	0	0	548	572	
5	0	0	0	0	540	611	
6	0	0	0	0	527	600	
7	0	0	0	0	514	576	
8	0	0	0	0	504	612	
9	0	0	0	0	498	570	
10	0	0	0	0	492	550	
11	0	0	0	0	488	569	
12	0	0	0	0	484	621	
13	0	0	0	0	484	655	
14	0	0	0	0	479	686	
15	0	0	0	0	478	680	
0	0	0	0	0	480	696	
1	0	0	0	0	484	704	
2	0	0	0	0	490	720	
3	0	0	0	0	501	728	
4	0	0	0	0	510	691	
5	0	0	0	0	521	660	
6	0	0	0	0	535	626	
7	0	0	0	0	541	615	
8	0	0	0	0	550	568	
9	0	0	0	0	556	543	
10	0	0	0	0	560	540	
11	0	0	0	0	564	555	
12	0	0	0	0	564	572	
13	0	0	0	0	561	571	
14	0	0	0	0	554	554	
15	0	0	0	0	547	525	
0	0	0	0	0	542	510	
1	0	0	0	0	540	512	
2	0	0	0	0	539	534	
3	0	0	0	0	537	483	
4	0	0	0	0	541	451	
5	0	0	0	0	550	440	
6	0	0	0	0	557	439	
7	0	0	0	0	567	447	
8	0	0	0	0	576	457	
9	0	0	0	0	584	519	
10	0	0	0	0	591	563	
11	0	0	0	0	592	568	
12	0	0	0	0	592	512	
13	0	0	0	0	586	427	
14	0	0	0	0	577	378	
15	0	0	0	0	568	385	
0	0	0	0	0	558	402	
1	0	0	0	0	549	423	
2	0	0	0	0	537	434	
3	0	0	0	0	526	465	
4	0	0	0	0	519	516	
5	0	0	0	0	515	520	
6	0	0	0	0	516	531	
7	0	0	0	0	519	539	
8	0	0	0	0	523	530	
9	0	0	0	0	525	496	
10	0	0	0	0	527	515	
11	0	0	0	0	528	572	
12	0	0	0	0	531	589	
13	0	0	0	0	536	569	
14	0	0	0	0	535	535	
15	0	0	0	0	530	515	
0	0	0	0	0	526	513	
1	0	0	0	0	514	494	
2	0	0	0	0	503	510	
3	0	0	0	0	493	547	
4	0	0	0	0	484	564	
5	0	0	0	0	475	563	
6	0	0	0	0	467	578	
7	0	0	0	0	462	586	
8	0	0	0	0	461	624	
9	0	0	0	0	465	630	
10	0	0	0	0	473	601	
11	0	0	0	0	479	591	
12	0	0	0	0	487	591	
13	0	0	0	0	492	579	
14	0	0	0	0	495	563	
15	0	0	0	0	494	517	
0	0	0	0	0	491	492	
1	0	0	0	0	485	490	
2	0	0	0	0	473	523	
3	0	0	0	0	459	554	
4	0	0	0	0	442	571	
5	0	0	0	0	428	592	
6	0	0	0	0	422	579	
7	0	0	0	0	419	594	
8	0	0	0	0	416	582	
9	0	0	0	0	417	549	
10	0	0	0	0	423	524	
11	0	0	0	0	432	496	
12	0	0	0	0	443	498	
13	0	0	0	0	457	499	
14	0	0	0	0	474	478	
15	0	0	0	0	488	430	
0	0	0	0	0	500	399	
1	0	0	0	0	507	406	
2	0	0	0	0	509	445	
3	0	0	0	0	509	472	
4	0	0	0	0	507	466	
5	0	0	0	0	503	472	
6	0	0	0	0	498	491	
7	0	0	0	0	491	504	
8	0	0	0	0	483	513	
9	0	0	0	0	475	531	
10	0	0	0	0	467	583	
11	0	0	0	0	460	586	
12	0	0	0	0	454	595	
13	0	0	0	0	451	600	
14	0	0	0	0	448	600	
15	0	0	0	0	448	616	
0	0	0	0	0	450	612	
1	0	0	0	0	451	598	
2	0	0	0	0	452	565	
3	0	0	0	0	455	525	
4	0	0	0	0	460	501	
5	0	0	0	0	463	511	
6	0	0	0	0	469	485	
7	0	0	0	0	472	477	
8	0	0	0	0	476	480	
9	0	0	0	0	480	505	
10	0	0	0	0	479	530	
11	0	0	0	0	476	540	
12	0	0	0	0	473	540	
13	0	0	0	0	468	509	
14	0	0	0	0	462	524	
15	0	0	0	0	454	523	
0	0	0	0	0	449	533	
1	0	0	0	0	447	538	
2	0	0	0	0	443	548	
3	0	0	0	0	439	549	
4	0	0	0	0	436	529	
5	0	0	0	0	435	489	
6	0	0	0	0	441	460	
7	0	0	0	0	443	434	
8	0	0	0	0	447	452	
9	0	0	0	0	447	454	
10	0	0	0	0	444	449	
11	0	0	0	0	443	444	
12	0	0	0	0	442	464	
13	0	0	0	0	444	500	
14	0	0	0	0	444	489	
15	0	0	0	0	440	511	
0	0	0	0	0	435	566	
1	0	0	0	0	431	596	
2	0	0	0	0	431	649	
3	0	0	0	0	433	681	
4	0	0	0	0	436	640	
5	0	0	0	0	441	603	
6	0	0	0	0	447	622	
7	0	0	0	0	448	622	
8	0	0	0	0	448	663	
9	0	0	0	0	445	682	
10	0	0	0	0	445	679	
11	0	0	0	0	448	615	
12	0	0	0	0	451	562	
13	0	0	0	0	453	556	
14	0	0	0	0	457	604	
15	0	0	0	0	463	647	
0	0	0	0	0	469	659	
1	0	0	0	0	471	659	
2	0	0	0	0	473	651	
3	0	0	0	0	476	618	
4	0	0	0	0	477	600	
5	0	0	0	0	475	583	
6	0	0	0	0	472	568	
7	0	0	0	0	469	547	
8	0	0	0	0	467	544	
9	0	0	0	0	465	547	
10	0	0	0	0	468	520	
11	0	0	0	0	477	514	
12	0	0	0	0	490	511	
13	0	0	0	0	500	467	
14	0	0	0	0	508	452	
15	0	0	0	0	513	478	
0	0	0	0	0	512	507	
1	0	0	0	0	508	495	
2	0	0	0	0	505	496	
3	0	0	0	0	504	497	
4	0	0	0	0	504	502	
5	0	0	0	0	503	508	
6	0	0	0	0	498	509	
7	0	0	0	0	495	530	
8	0	0	0	0	490	530	
9	0	0	0	0	487	490	
10	0	0	0	0	487	469	
11	0	0	0	0	488	496	
12	0	0	0	0	490	518	
13	0	0	0	0	494	540	
14	0	0	0	0	499	548	
15	0	0	0	0	498	528	
0	0	0	0	0	499	524	
1	0	0	0	0	500	521	
2	0	0	0	0	502	523	
3	0	0	0	0	506	498	
4	0	0	0	0	509	525	
5	0	0	0	0	511	549	
6	0	0	0	0	516	595	
7	0	0	0	0	526	641	
8	0	0	0	0	531	635	
9	0	0	0	0	538	579	
10	0	0	0	0	547	512	
11	0	0	0	0	555	523	
12	0	0	0	0	559	518	
13	0	0	0	0	563	516	
14	0	0	0	0	569	542	
15	0	0	0	0	572	567	
0	0	0	0	0	575	575	
1	0	0	0	0	572	587	
2	0	0	0	0	568	561	
3	0	0	0	0	568	579	
4	0	0	0	0	565	555	
5	0	0	0	0	561	532	
6	0	0	0	0	556	536	
7	0	0	0	0	549	572	
8	0	0	0	0	539	577	
9	0	0	0	0	528	551	
10	0	0	0	0	513	548	
11	0	0	0	0	495	516	
12	0	0	0	0	479	499	
13	0	0	0	0	468	464	
14	0	0	0	0	460	443	
15	0	0	0	0	455	509	
0	0	0	0	0	453	567	
1	0	0	0	0	447	611	
2	0	0	0	0	445	658	
3	0	0	0	0	444	678	
4	0	0	0	0	445	673	
5	0	0	0	0	448	671	
6	0	0	0	0	452	679	
7	0	0	0	0	454	637	
8	0	0	0	0	452	597	
9	0	0	0	0	452	558	
10	0	0	0	0	455	543	
11	0	0	0	0	460	553	
12	0	0	0	0	468	605	
13	0	0	0	0	475	587	
14	0	0	0	0	479	526	
15	0	0	0	0	480	448	
0	0	0	0	0	480	406	
1	0	0	0	0	482	415	
2	0	0	0	0	487	456	
3	0	0	0	0	491	490	
4	0	0	0	0	493	489	
5	0	0	0	0	497	507	
6	0	0	0	0	502	525	
7	0	0	0	0	503	536	
8	0	0	0	0	504	556	
9	0	0	0	0	502	556	
10	0	0	0	0	500	529	
11	0	0	0	0	502	534	
12	0	0	0	0	505	547	
13	0	0	0	0	507	569	
14	0	0	0	0	511	606	
15	0	0	0	0	515	628	
0	0	0	0	0	521	575	
1	0	0	0	0	526	520	
2	0	0	0	0	531	489	
3	0	0	0	0	536	468	
4	0	0	0	0	541	440	
5	0	0	0	0	541	421	
6	0	0	0	0	534	422	
7	0	0	0	0	522	405	
8	0	0	0	0	511	435	
9	0	0	0	0	498	422	
10	0	0	0	0	484	417	
11	0	0	0	0	475	416	
12	0	0	0	0	468	409	
13	0	0	0	0	467	396	
14	0	0	0	0	465	389	
15	0	0	0	0	467	434	
0	0	0	0	0	473	471	
1	0	0	0	0	481	508	
2	0	0	0	0	493	504	
3	0	0	0	0	505	499	
4	0	0	0	0	518	502	
5	0	0	0	0	531	513	
6	0	0	0	0	539	511	
7	0	0	0	0	544	531	
8	0	0	0	0	552	551	
9	0	0	0	0	556	546	
10	0	0	0	0	557	542	
11	0	0	0	0	554	515	
12	0	0	0	0	551	477	
13	0	0	0	0	550	458	
14	0	0	0	0	551	468	
15	0	0	0	0	552	455	
0	0	0	0	0	551	460	
1	0	0	0	0	547	465	
2	0	0	0	0	542	490	
3	0	0	0	0	535	529	
4	0	0	0	0	531	537	
5	0	0	0	0	531	509	
6	0	0	0	0	532	497	
7	0	0	0	0	533	473	
8	0	0	0	0	530	470	
9	0	0	0	0	521	483	
10	0	0	0	0	515	524	
11	0	0	0	0	509	545	
12	0	0	0	0	503	547	
13	0	0	0	0	496	525	
14	0	0	0	0	490	509	
15	0	0	0	0	485	471	
0	0	0	0	0	478	461	
1	0	0	0	0	464	455	
2	0	0	0	0	447	443	
3	0	0	0	0	431	474	
4	0	0	0	0	419	539	
5	0	0	0	0	415	579	
6	0	0	0	0	414	583	
7	0	0	0	0	416	567	
8	0	0	0	0	420	569	
9	0	0	0	0	427	563	
10	0	0	0	0	434	600	
11	0	0	0	0	446	632	
12	0	0	0	0	461	653	
13	0	0	0	0	478	658	
14	0	0	0	0	494	664	
15	0	0	0	0	509	620	
0	0	0	0	0	521	538	
1	0	0	0	0	530	534	
2	0	0	0	0	533	496	
3	0	0	0	0	534	457	
4	0	0	0	0	528	455	
5	0	0	0	0	519	455	
6	0	0	0	0	508	473	
7	0	0	0	0	499	496	
8	0	0	0	0	489	568	
9	0	0	0	0	479	602	
10	0	0	0	0	471	612	
11	0	0	0	0	464	627	
12	0	0	0	0	464	615	
13	0	0	0	0	466	588	
14	0	0	0	0	472	550	
15	0	0	0	0	479	519	
0	0	0	0	0	486	511	
1	0	0	0	0	494	508	
2	0	0	0	0	501	541	
3	0	0	0	0	509	559	
4	0	0	0	0	515	564	
5	0	0	0	0	519	554	
6	0	0	0	0	519	491	
7	0	0	0	0	516	448	
8	0	0	0	0	513	432	
9	0	0	0	0	504	411	
10	0	0	0	0	497	424	
11	0	0	0	0	489	406	
12	0	0	0	0	483	412	
13	0	0	0	0	479	434	
14	0	0	0	0	473	428	
15	0	0	0	0	472	499	
0	0	0	0	0	472	563	
1	0	0	0	0	476	596	
2	0	0	0	0	484	614	
3	0	0	0	0	496	594	
4	0	0	0	0	504	567	
5	0	0	0	0	508	548	
6	0	0	0	0	503	544	
7	0	0	0	0	495	528	
8	0	0	0	0	491	529	
9	0	0	0	0	487	551	
10	0	0	0	0	481	580	
11	0	0	0	0	477	555	
12	0	0	0	0	473	525	
13	0	0	0	0	466	510	
14	0	0	0	0	462	508	
15	0	0	0	0	460	512	
0	0	0	0	0	462	543	
1	0	0	0	0	466	559	
2	0	0	0	0	470	572	
3	0	0	0	0	478	574	
4	0	0	0	0	482	544	
5	0	0	0	0	491	531	
6	0	0	0	0	503	500	
7	0	0	0	0	518	482	
8	0	0	0	0	532	480	
9	0	0	0	0	543	455	
10	0	0	0	0	546	433	
11	0	0	0	0	545	413	
12	0	0	0	0	538	432	
13	0	0	0	0	522	483	
14	0	0	0	0	506	543	
15	0	0	0	0	496	572	
0	0	0	0	0	490	594	
1	0	0	0	0	481	589	
2	0	0	0	0	473	563	
3	0	0	0	0	468	530	
4	0	0	0	0	467	532	
5	0	0	0	0	471	519	
6	0	0	0	0	476	498	
7	0	0	0	0	482	493	
8	0	0	0	0	484	550	
9	0	0	0	0	485	573	
10	0	0	0	0	486	596	
11	0	0	0	0	485	614	
12	0	0	0	0	484	643	
13	0	0	0	0	481	658	
14	0	0	0	0	479	603	
15	0	0	0	0	475	559	
0	0	0	0	0	479	531	
1	0	0	0	0	489	526	
2	0	0	0	0	499	510	
3	0	0	0	0	512	509	
4	0	0	0	0	524	502	
5	0	0	0	0	534	508	
6	0	0	0	0	540	506	
7	0	0	0	0	545	521	
8	0	0	0	0	551	559	
9	0	0	0	0	556	537	
10	0	0	0	0	560	507	
11	0	0	0	0	568	483	
12	0	0	0	0	580	467	
13	0	0	0	0	588	474	
14	0	0	0	0	586	485	
15	0	0	0	0	582	481	
0	0	0	0	0	582	456	
1	0	0	0	0	582	438	
2	0	0	0	0	583	413	
3	0	0	0	0	585	411	
4	0	0	0	0	580	419	
5	0	0	0	0	572	432	
6	0	0	0	0	559	446	
7	0	0	0	0	547	490	
8	0	0	0	0	536	494	
9	0	0	0	0	526	495	
10	0	0	0	0	521	516	
11	0	0	0	0	515	501	
12	0	0	0	0	511	508	
13	0	0	0	0	519	522	
14	0	0	0	0	528	532	
15	0	0	0	0	543	524	
0	0	0	0	0	563	513	
1	0	0	0	0	583	496	
2	0	0	0	0	595	494	
3	0	0	0	0	603	486	
4	0	0	0	0	610	465	
5	0	0	0	0	615	464	
6	0	0	0	0	615	444	
7	0	0	0	0	610	460	
8	0	0	0	0	601	472	
9	0	0	0	0	592	513	
10	0	0	0	0	585	520	
11	0	0	0	0	582	505	
12	0	0	0	0	580	515	
13	0	0	0	0	577	505	
14	0	0	0	0	575	501	
15	0	0	0	0	574	507	
0	0	0	0	0	576	526	
1	0	0	0	0	582	540	
2	0	0	0	0	583	550	
3	0	0	0	0	586	537	
4	0	0	0	0	589	555	
5	0	0	0	0	590	524	
6	0	0	0	0	587	472	
7	0	0	0	0	583	465	
8	0	0	0	0	576	475	
9	0	0	0	0	569	442	
10	0	0	0	0	562	441	
11	0	0	0	0	563	426	
12	0	0	0	0	565	436	
13	0	0	0	0	561	433	
14	0	0	0	0	551	431	
15	0	0	0	0	540	438	
0	0	0	0	0	524	446	
1	0	0	0	0	513	486	
2	0	0	0	0	508	526	
3	0	0	0	0	507	573	
4	0	0	0	0	513	572	
5	0	0	0	0	517	583	
6	0	0	0	0	524	602	
7	0	0	0	0	529	571	
8	0	0	0	0	528	527	
9	0	0	0	0	527	525	
10	0	0	0	0	523	494	
11	0	0	0	0	512	461	
12	0	0	0	0	499	495	
13	0	0	0	0	488	515	
14	0	0	0	0	487	524	
15	0	0	0	0	491	523	
0	0	0	0	0	497	521	
1	0	0	0	0	508	497	
2	0	0	0	0	520	478	
3	0	0	0	0	533	453	
4	0	0	0	0	548	460	
5	0	0	0	0	559	475	
6	0	0	0	0	564	492	
7	0	0	0	0	568	494	
8	0	0	0	0	572	489	
9	0	0	0	0	574	494	
10	0	0	0	0	575	476	
11	0	0	0	0	577	479	
12	0	0	0	0	582	473	
13	0	0	0	0	588	484	
14	0	0	0	0	599	472	
15	0	0	0	0	610	451	
0	0	0	0	0	617	514	
1	0	0	0	0	625	509	
2	0	0	0	0	633	508	
3	0	0	0	0	640	491	
4	0	0	0	0	649	415	
5	0	0	0	0	656	357	
6	0	0	0	0	665	371	
7	0	0	0	0	679	406	
8	0	0	0	0	694	443	
9	0	0	0	0	709	495	
10	0	0	0	0	718	504	
11	0	0	0	0	725	510	
12	0	0	0	0	733	497	
13	0	0	0	0	734	513	
14	0	0	0	0	729	492	
15	0	0	0	0	728	458	
0	0	0	0	0	726	412	
1	0	0	0	0	717	425	
2	0	0	0	0	708	462	
3	0	0	0	0	704	489	
4	0	0	0	0	712	525	
5	0	0	0	0	743	521	
6	0	0	0	0	798	511	
7	0	0	0	0	860	476	
8	0	0	0	0	912	373	
9	0	0	0	0	947	291	
10	0	0	0	0	963	240	
11	0	0	0	0	960	259	
12	0	0	0	0	927	307	
13	0	0	0	0	882	353	
14	0	0	0	0	843	384	
15	0	0	0	0	803	388	
0	0	0	0	0	764	404	
1	0	0	0	0	724	422	
2	0	0	0	0	685	426	
3	0	0	0	0	648	417	
4	0	0	0	0	620	437	
5	0	0	0	0	612	465	
6	0	0	0	0	625	487	
7	0	0	0	0	659	486	
8	0	0	0	0	710	502	
9	0	0	0	0	754	492	
10	0	0	0	0	787	461	
11	0	0	0	0	811	417	
12	0	0	0	0	821	381	
13	0	0	0	0	821	354	
14	0	0	0	0	807	311	
15	0	0	0	0	785	348	
0	0	0	0	0	765	412	
1	0	0	0	0	749	442	
2	0	0	0	0	739	465	
3	0	0	0	0	737	442	
4	0	0	0	0	739	444	
5	0	0	0	0	739	434	
6	0	0	0	0	738	383	
7	0	0	0	0	742	358	
8	0	0	0	0	750	369	
9	0	0	0	0	766	355	
10	0	0	0	0	786	363	
11	0	0	0	0	809	385	
12	0	0	0	0	833	368	
13	0	0	0	0	857	322	
14	0	0	0	0	911	339	
15	0	0	0	0	996	332	
0	0	0	0	0	1018	279	
1	0	0	0	0	1018	271	
2	0	0	0	0	1018	283	
3	0	0	0	0	1018	343	
4	0	0	0	0	1018	346	
5	0	0	0	0	1018	389	
6	0	0	0	0	1018	414	
7	0	0	0	0	1018	379	
8	0	0	0	0	824	347	
9	0	0	0	0	723	321	
10	0	0	0	0	646	344	
11	0	0	0	0	584	402	
12	0	0	0	0	543	451	
13	0	0	0	0	524	497	
14	0	0	0	0	527	505	
15	0	0	0	0	551	481	
0	0	0	0	0	590	460	
1	0	0	0	0	635	461	
2	0	0	0	0	685	493	
3	0	0	0	0	730	478	
4	0	0	0	0	771	468	
5	0	0	0	0	807	436	
6	0	0	0	0	832	447	
7	0	0	0	0	851	466	
8	0	0	0	0	858	481	
9	0	0	0	0	857	486	
10	0	0	0	0	855	497	
11	0	0	0	0	849	463	
12	0	0	0	0	844	443	
13	0	0	0	0	846	439	
14	0	0	0	0	851	446	
15	0	0	0	0	863	483	
0	0	0	0	0	874	468	
1	0	0	0	0	882	449	
2	0	0	0	0	886	432	
3	0	0	0	0	893	432	
4	0	0	0	0	907	474	
5	0	0	0	0	920	467	
6	0	0	0	0	931	454	
7	0	0	0	0	944	456	
8	0	0	0	0	951	464	
9	0	0	0	0	943	455	
10	0	0	0	0	933	442	
11	0	0	0	0	928	457	
12	0	0	0	0	912	454	
13	0	0	0	0	884	430	
14	0	0	0	0	857	387	
15	0	0	0	0	830	413	
0	0	0	0	0	800	436	
1	0	0	0	0	775	426	
2	0	0	0	0	749	400	
3	0	0	0	0	731	406	
4	0	0	0	0	719	449	
5	0	0	0	0	715	473	
6	0	0	0	0	718	492	
7	0	0	0	0	724	462	
8	0	0	0	0	743	465	
9	0	0	0	0	760	456	
10	0	0	0	0	764	446	
11	0	0	0	0	772	427	
12	0	0	0	0	774	419	
13	0	0	0	0	768	420	
14	0	0	0	0	755	417	
15	0	0	0	0	742	439	
0	0	0	0	0	737	497	
1	0	0	0	0	740	557	
2	0	0	0	0	741	572	
3	0	0	0	0	736	575	
4	0	0	0	0	726	579	
5	0	0	0	0	715	598	
6	0	0	0	0	705	611	
7	0	0	0	0	700	624	
8	0	0	0	0	699	615	
9	0	0	0	0	692	589	
10	0	0	0	0	684	569	
11	0	0	0	0	679	576	
12	0	0	0	0	681	574	
13	0	0	0	0	686	556	
14	0	0	0	0	690	540	
15	0	0	0	0	699	527	
0	0	0	0	0	707	507	
1	0	0	0	0	718	472	
2	0	0	0	0	723	478	
3	0	0	0	0	720	497	
4	0	0	0	0	715	496	
5	0	0	0	0	712	499	
6	0	0	0	0	713	557	
7	0	0	0	0	705	540	
8	0	0	0	0	696	553	
9	0	0	0	0	690	550	
10	0	0	0	0	681	545	
11	0	0	0	0	667	543	
12	0	0	0	0	646	553	
13	0	0	0	0	623	606	
14	0	0	0	0	603	663	
15	0	0	0	0	585	701	
0	0	0	0	0	574	740	
1	0	0	0	0	566	702	
2	0	0	0	0	561	665	
3	0	0	0	0	555	643	
4	0	0	0	0	555	608	
5	0	0	0	0	555	597	
6	0	0	0	0	555	566	
7	0	0	0	0	553	536	
8	0	0	0	0	549	508	
9	0	0	0	0	545	560	
10	0	0	0	0	540	607	
11	0	0	0	0	538	614	
12	0	0	0	0	530	587	
13	0	0	0	0	520	536	
14	0	0	0	0	511	473	
15	0	0	0	0	507	454	
0	0	0	0	0	507	455	
1	0	0	0	0	516	488	
2	0	0	0	0	535	519	
3	0	0	0	0	553	527	
4	0	0	0	0	560	517	
5	0	0	0	0	565	518	
6	0	0	0	0	562	566	
7	0	0	0	0	554	591	
8	0	0	0	0	542	598	
9	0	0	0	0	530	637	
10	0	0	0	0	520	622	
11	0	0	0	0	512	642	
12	0	0	0	0	503	651	
13	0	0	0	0	493	643	
14	0	0	0	0	480	645	
15	0	0	0	0	464	619	
0	0	0	0	0	451	602	
1	0	0	0	0	439	595	
2	0	0	0	0	433	571	
3	0	0	0	0	431	543	
4	0	0	0	0	431	519	
5	0	0	0	0	432	517	
6	0	0	0	0	433	518	
7	0	0	0	0	439	503	
8	0	0	0	0	442	505	
9	0	0	0	0	443	545	
10	0	0	0	0	447	583	
11	0	0	0	0	446	622	
12	0	0	0	0	445	636	
13	0	0	0	0	442	613	
14	0	0	0	0	439	589	
15	0	0	0	0	433	560	
0	0	0	0	0	431	561	
1	0	0	0	0	432	596	
2	0	0	0	0	434	605	
3	0	0	0	0	435	580	
4	0	0	0	0	438	598	
5	0	0	0	0	448	581	
6	0	0	0	0	454	579	
7	0	0	0	0	455	614	
8	0	0	0	0	449	653	
9	0	0	0	0	443	665	
10	0	0	0	0	438	647	
11	0	0	0	0	430	603	
12	0	0	0	0	419	602	
13	0	0	0	0	408	670	
14	0	0	0	0	395	713	
15	0	0	0	0	386	732	
0	0	0	0	0	384	730	
1	0	0	0	0	383	693	
2	0	0	0	0	383	638	
3	0	0	0	0	380	644	
4	0	0	0	0	380	674	
5	0	0	0	0	382	720	
6	0	0	0	0	386	742	
7	0	0	0	0	390	750	
8	0	0	0	0	398	733	
9	0	0	0	0	406	713	
10	0	0	0	0	406	723	
11	0	0	0	0	404	708	
12	0	0	0	0	402	712	
13	0	0	0	0	396	707	
14	0	0	0	0	389	677	
15	0	0	0	0	389	625	
0	0	0	0	0	391	596	
1	0	0	0	0	394	559	
2	0	0	0	0	397	529	
3	0	0	0	0	400	527	
4	0	0	0	0	404	533	
5	0	0	0	0	407	570	
6	0	0	0	0	412	580	
7	0	0	0	0	412	600	
8	0	0	0	0	410	622	
9	0	0	0	0	402	604	
10	0	0	0	0	395	612	
11	0	0	0	0	381	604	
12	0	0	0	0	367	574	
13	0	0	0	0	359	568	
14	0	0	0	0	355	525	
15	0	0	0	0	349	508	
0	0	0	0	0	340	508	
1	0	0	0	0	333	521	
2	0	0	0	0	326	577	
3	0	0	0	0	323	615	
4	0	0	0	0	322	633	
5	0	0	0	0	321	628	
6	0	0	0	0	322	635	
7	0	0	0	0	323	643	
8	0	0	0	0	326	590	
9	0	0	0	0	327	561	
10	0	0	0	0	328	596	
11	0	0	0	0	330	616	
12	0	0	0	0	335	615	
13	0	0	0	0	340	591	
14	0	0	0	0	347	574	
15	0	0	0	0	354	581	
0	0	0	0	0	357	586	
1	0	0	0	0	355	572	
2	0	0	0	0	355	563	
3	0	0	0	0	357	561	
4	0	0	0	0	359	563	
5	0	0	0	0	360	588	
6	0	0	0	0	363	620	
7	0	0	0	0	366	606	
8	0	0	0	0	367	615	
9	0	0	0	0	367	579	
10	0	0	0	0	363	540	
11	0	0	0	0	355	547	
12	0	0	0	0	340	610	
13	0	0	0	0	323	646	
14	0	0	0	0	307	683	
15	0	0	0	0	291	708	
0	0	0	0	0	276	711	
1	0	0	0	0	265	694	
2	0	0	0	0	258	693	
3	0	0	0	0	254	685	
4	0	0	0	0	249	692	
5	0	0	0	0	248	697	
6	0	0	0	0	244	692	
7	0	0	0	0	238	680	
8	0	0	0	0	234	665	
9	0	0	0	0	227	618	
10	0	0	0	0	219	636	
11	0	0	0	0	206	648	
12	0	0	0	0	199	658	
13	0	0	0	0	192	655	
14	0	0	0	0	185	679	
15	0	0	0	0	181	709	
0	0	0	0	0	179	730	
1	0	0	0	0	183	726	
2	0	0	0	0	191	700	
3	0	0	0	0	201	696	
4	0	0	0	0	212	672	
5	0	0	0	0	225	683	
6	0	0	0	0	240	689	
7	0	0	0	0	255	679	
8	0	0	0	0	271	673	
9	0	0	0	0	287	680	
10	0	0	0	0	299	669	
11	0	0	0	0	312	662	
12	0	0	0	0	323	672	
13	0	0	0	0	329	650	
14	0	0	0	0	330	595	
15	0	0	0	0	332	577	
0	0	0	0	0	329	579	
1	0	0	0	0	323	597	
2	0	0	0	0	314	599	
3	0	0	0	0	304	586	
4	0	0	0	0	299	595	
5	0	0	0	0	294	641	
6	0	0	0	0	290	675	
7	0	0	0	0	286	681	
8	0	0	0	0	283	670	
9	0	0	0	0	285	680	
10	0	0	0	0	288	678	
11	0	0	0	0	295	655	
12	0	0	0	0	304	620	
13	0	0	0	0	312	583	
14	0	0	0	0	318	557	
15	0	0	0	0	324	545	
0	0	0	0	0	330	519	
1	0	0	0	0	335	524	
2	0	0	0	0	336	541	
3	0	0	0	0	338	573	
4	0	0	0	0	339	606	
5	0	0	0	0	338	602	
6	0	0	0	0	335	582	
7	0	0	0	0	333	584	
8	0	0	0	0	332	583	
9	0	0	0	0	328	566	
10	0	0	0	0	323	568	
11	0	0	0	0	315	587	
12	0	0	0	0	309	612	
13	0	0	0	0	308	636	
14	0	0	0	0	314	668	
15	0	0	0	0	322	701	
0	0	0	0	0	330	673	
1	0	0	0	0	344	640	
2	0	0	0	0	362	625	
3	0	0	0	0	380	596	
4	0	0	0	0	399	548	
5	0	0	0	0	416	515	
6	0	0	0	0	433	472	
7	0	0	0	0	449	461	
8	0	0	0	0	462	485	
9	0	0	0	0	473	492	
10	0	0	0	0	483	531	
11	0	0	0	0	491	566	
12	0	0	0	0	495	548	
13	0	0	0	0	495	539	
14	0	0	0	0	492	521	
15	0	0	0	0	487	504	
0	0	0	0	0	483	495	
1	0	0	0	0	480	494	
2	0	0	0	0	476	492	
3	0	0	0	0	472	460	
4	0	0	0	0	470	394	
5	0	0	0	0	467	406	
6	0	0	0	0	465	423	
7	0	0	0	0	460	448	
8	0	0	0	0	457	477	
9	0	0	0	0	459	492	
10	0	0	0	0	464	486	
11	0	0	0	0	466	506	
12	0	0	0	0	463	504	
13	0	0	0	0	454	505	
14	0	0	0	0	441	506	
15	0	0	0	0	429	517	
0	0	0	0	0	418	535	
1	0	0	0	0	413	539	
2	0	0	0	0	408	526	
3	0	0	0	0	403	552	
4	0	0	0	0	402	570	
5	0	0	0	0	407	589	
6	0	0	0	0	419	573	
7	0	0	0	0	436	595	
8	0	0	0	0	462	563	
9	0	0	0	0	484	515	
10	0	0	0	0	502	496	
11	0	0	0	0	515	503	
12	0	0	0	0	527	472	
13	0	0	0	0	543	446	
14	0	0	0	0	564	420	
15	0	0	0	0	582	434	
0	0	0	0	0	585	484	
1	0	0	0	0	569	522	
2	0	0	0	0	541	543	
3	0	0	0	0	510	532	
4	0	0	0	0	477	508	
5	0	0	0	0	447	455	
6	0	0	0	0	418	445	
7	0	0	0	0	394	437	
8	0	0	0	0	370	463	
9	0	0	0	0	350	531	
10	0	0	0	0	334	576	
11	0	0	0	0	318	583	
12	0	0	0	0	308	556	
13	0	0	0	0	303	560	
14	0	0	0	0	300	551	
15	0	0	0	0	300	528	
0	0	0	0	0	298	509	
1	0	0	0	0	302	493	
2	0	0	0	0	312	517	
3	0	0	0	0	323	521	
4	0	0	0	0	330	543	
5	0	0	0	0	336	575	
6	0	0	0	0	345	588	
7	0	0	0	0	356	610	
8	0	0	0	0	374	609	
9	0	0	0	0	391	596	
10	0	0	0	0	404	594	
11	0	0	0	0	416	583	
12	0	0	0	0	433	533	
13	0	0	0	0	447	473	
14	0	0	0	0	455	457	
15	0	0	0	0	458	473	
0	0	0	0	0	462	491	
1	0	0	0	0	464	499	
2	0	0	0	0	460	493	
3	0	0	0	0	457	482	
4	0	0	0	0	459	436	
5	0	0	0	0	472	431	
6	0	0	0	0	485	442	
7	0	0	0	0	484	481	
8	0	0	0	0	476	515	
9	0	0	0	0	461	513	
10	0	0	0	0	444	508	
11	0	0	0	0	424	500	
12	0	0	0	0	403	452	
13	0	0	0	0	379	456	
14	0	0	0	0	359	444	
15	0	0	0	0	343	461	
0	0	0	0	0	330	509	
1	0	0	0	0	317	536	
2	0	0	0	0	303	486	
3	0	0	0	0	287	506	
4	0	0	0	0	274	518	
5	0	0	0	0	265	552	
6	0	0	0	0	261	590	
7	0	0	0	0	266	575	
8	0	0	0	0	278	549	
9	0	0	0	0	298	527	
10	0	0	0	0	324	527	
11	0	0	0	0	351	544	
12	0	0	0	0	382	563	
13	0	0	0	0	412	555	
14	0	0	0	0	444	566	
15	0	0	0	0	471	579	
0	0	0	0	0	490	591	
1	0	0	0	0	507	583	
2	0	0	0	0	518	608	
3	0	0	0	0	524	574	
4	0	0	0	0	534	538	
5	0	0	0	0	545	514	
6	0	0	0	0	556	511	
7	0	0	0	0	572	453	
8	0	0	0	0	586	424	
9	0	0	0	0	605	393	
10	0	0	0	0	627	352	
11	0	0	0	0	636	320	
12	0	0	0	0	628	332	
13	0	0	0	0	601	382	
14	0	0	0	0	566	408	
15	0	0	0	0	528	415	
0	0	0	0	0	492	390	
1	0	0	0	0	454	410	
2	0	0	0	0	420	442	
3	0	0	0	0	394	460	
4	0	0	0	0	372	477	
5	0	0	0	0	360	525	
6	0	0	0	0	354	541	
7	0	0	0	0	355	519	
8	0	0	0	0	358	515	
9	0	0	0	0	364	486	
10	0	0	0	0	371	460	
11	0	0	0	0	383	455	
12	0	0	0	0	400	456	
13	0	0	0	0	418	486	
14	0	0	0	0	436	503	
15	0	0	0	0	451	534	
0	0	0	0	0	463	542	
1	0	0	0	0	471	520	
2	0	0	0	0	479	462	
3	0	0	0	0	487	447	
4	0	0	0	0	492	433	
5	0	0	0	0	496	443	
6	0	0	0	0	500	447	
7	0	0	0	0	503	478	
8	0	0	0	0	510	486	
9	0	0	0	0	521	504	
10	0	0	0	0	534	497	
11	0	0	0	0	546	494	
12	0	0	0	0	561	504	
13	0	0	0	0	576	517	
14	0	0	0	0	590	493	
15	0	0	0	0	607	482	
0	0	0	0	0	622	501	
1	0	0	0	0	631	500	
2	0	0	0	0	634	500	
3	0	0	0	0	627	481	
4	0	0	0	0	614	452	
5	0	0	0	0	603	436	
6	0	0	0	0	587	441	
7	0	0	0	0	569	468	
8	0	0	0	0	557	486	
9	0	0	0	0	544	493	
10	0	0	0	0	538	538	
11	0	0	0	0	540	586	
12	0	0	0	0	545	580	
13	0	0	0	0	547	568	
14	0	0	0	0	551	518	
15	0	0	0	0	556	491	
0	0	0	0	0	563	477	
1	0	0	0	0	571	489	
2	0	0	0	0	569	508	
3	0	0	0	0	563	517	
4	0	0	0	0	550	537	
5	0	0	0	0	535	576	
6	0	0	0	0	519	602	
7	0	0	0	0	511	594	
8	0	0	0	0	515	606	
9	0	0	0	0	528	591	
10	0	0	0	0	534	581	
11	0	0	0	0	531	596	
12	0	0	0	0	530	619	
13	0	0	0	0	531	619	
14	0	0	0	0	530	581	
15	0	0	0	0	534	539	
0	0	0	0	0	540	529	
1	0	0	0	0	547	580	
2	0	0	0	0	556	582	
3	0	0	0	0	564	575	
4	0	0	0	0	567	555	
5	0	0	0	0	563	542	
6	0	0	0	0	554	503	
7	0	0	0	0	542	482	
8	0	0	0	0	532	481	
9	0	0	0	0	524	456	
10	0	0	0	0	520	438	
11	0	0	0	0	523	432	
12	0	0	0	0	532	466	
13	0	0	0	0	547	468	
14	0	0	0	0	564	424	
15	0	0	0	0	583	413	
0	0	0	0	0	604	422	
1	0	0	0	0	624	408	
2	0	0	0	0	637	401	
3	0	0	0	0	646	402	
4	0	0	0	0	647	399	
5	0	0	0	0	644	404	
6	0	0	0	0	634	398	
7	0	0	0	0	620	397	
8	0	0	0	0	604	423	
9	0	0	0	0	589	414	
10	0	0	0	0	575	419	
11	0	0	0	0	562	420	
12	0	0	0	0	548	408	
13	0	0	0	0	534	421	
14	0	0	0	0	519	452	
15	0	0	0	0	508	471	
0	0	0	0	0	497	454	
1	0	0	0	0	485	491	
2	0	0	0	0	474	527	
3	0	0	0	0	463	553	
4	0	0	0	0	452	552	
5	0	0	0	0	446	487	
6	0	0	0	0	444	470	
7	0	0	0	0	438	470	
8	0	0	0	0	432	494	
9	0	0	0	0	424	524	
10	0	0	0	0	412	527	
11	0	0	0	0	402	554	
12	0	0	0	0	396	591	
13	0	0	0	0	393	568	
14	0	0	0	0	398	535	
15	0	0	0	0	403	441	
0	0	0	0	0	408	440	
1	0	0	0	0	412	474	
2	0	0	0	0	415	476	
3	0	0	0	0	417	471	
4	0	0	0	0	412	478	
5	0	0	0	0	401	478	
6	0	0	0	0	391	491	
7	0	0	0	0	387	487	
8	0	0	0	0	384	463	
9	0	0	0	0	389	452	
10	0	0	0	0	401	442	
11	0	0	0	0	420	466	
12	0	0	0	0	444	503	
13	0	0	0	0	464	518	
14	0	0	0	0	485	534	
15	0	0	0	0	504	545	
0	0	0	0	0	522	556	
1	0	0	0	0	539	525	
2	0	0	0	0	552	468	
3	0	0	0	0	563	429	
4	0	0	0	0	567	408	
5	0	0	0	0	562	418	
6	0	0	0	0	552	428	
7	0	0	0	0	543	432	
8	0	0	0	0	532	435	
9	0	0	0	0	531	450	
10	0	0	0	0	531	466	
11	0	0	0	0	532	449	
12	0	0	0	0	534	413	
13	0	0	0	0	540	415	
14	0	0	0	0	549	400	
15	0	0	0	0	559	434	
0	0	0	0	0	569	455	
1	0	0	0	0	582	487	
2	0	0	0	0	590	452	
3	0	0	0	0	598	419	
4	0	0	0	0	603	412	
5	0	0	0	0	607	423	
6	0	0	0	0	609	432	
7	0	0	0	0	605	398	
8	0	0	0	0	600	332	
9	0	0	0	0	601	333	
10	0	0	0	0	606	381	
11	0	0	0	0	613	429	
12	0	0	0	0	615	452	
13	0	0	0	0	616	447	
14	0	0	0	0	611	452	
15	0	0	0	0	596	434	
0	0	0	0	0	579	441	
1	0	0	0	0	566	460	
2	0	0	0	0	551	471	
3	0	0	0	0	537	478	
4	0	0	0	0	528	448	
5	0	0	0	0	531	436	
6	0	0	0	0	551	479	
7	0	0	0	0	587	484	
8	0	0	0	0	625	497	
9	0	0	0	0	652	484	
10	0	0	0	0	665	492	
11	0	0	0	0	669	435	
12	0	0	0	0	669	353	
13	0	0	0	0	664	323	
14	0	0	0	0	653	366	
15	0	0	0	0	649	415	
0	0	0	0	0	656	462	
1	0	0	0	0	662	487	
2	0	0	0	0	670	463	
3	0	0	0	0	676	444	
4	0	0	0	0	687	460	
5	0	0	0	0	700	474	
6	0	0	0	0	719	439	
7	0	0	0	0	740	400	
8	0	0	0	0	752	389	
9	0	0	0	0	745	344	
10	0	0	0	0	727	322	
11	0	0	0	0	710	310	
12	0	0	0	0	701	328	
13	0	0	0	0	691	344	
14	0	0	0	0	664	340	
15	0	0	0	0	629	349	
0	0	0	0	0	613	379	
1	0	0	0	0	624	378	
2	0	0	0	0	645	368	
3	0	0	0	0	678	364	
4	0	0	0	0	721	369	
5	0	0	0	0	754	324	
6	0	0	0	0	767	303	
7	0	0	0	0	766	326	
8	0	0	0	0	752	374	
9	0	0	0	0	729	399	
10	0	0	0	0	711	397	
11	0	0	0	0	702	386	
12	0	0	0	0	699	398	
13	0	0	0	0	702	429	
14	0	0	0	0	701	433	
15	0	0	0	0	699	408	
0	0	0	0	0	688	407	
1	0	0	0	0	674	421	
2	0	0	0	0	663	411	
3	0	0	0	0	659	436	
4	0	0	0	0	661	461	
5	0	0	0	0	669	462	
6	0	0	0	0	684	456	
7	0	0	0	0	695	495	
8	0	0	0	0	700	518	
9	0	0	0	0	703	526	
10	0	0	0	0	708	495	
11	0	0	0	0	707	444	
12	0	0	0	0	693	470	
13	0	0	0	0	665	500	
14	0	0	0	0	634	523	
15	0	0	0	0	599	512	
0	0	0	0	0	569	522	
1	0	0	0	0	551	552	
2	0	0	0	0	543	554	
3	0	0	0	0	534	563	
4	0	0	0	0	532	548	
5	0	0	0	0	528	533	
6	0	0	0	0	550	477	
7	0	0	0	0	587	480	
8	0	0	0	0	631	490	
9	0	0	0	0	669	481	
10	0	0	0	0	687	474	
11	0	0	0	0	688	487	
12	0	0	0	0	670	437	
13	0	0	0	0	644	403	
14	0	0	0	0	610	382	
15	0	0	0	0	582	395	
0	0	0	0	0	562	413	
1	0	0	0	0	549	434	
2	0	0	0	0	540	471	
3	0	0	0	0	535	499	
4	0	0	0	0	534	524	
5	0	0	0	0	540	527	
6	0	0	0	0	545	521	
7	0	0	0	0	558	527	
8	0	0	0	0	568	497	
9	0	0	0	0	571	423	
10	0	0	0	0	568	416	
11	0	0	0	0	563	421	
12	0	0	0	0	555	384	
13	0	0	0	0	545	391	
14	0	0	0	0	535	455	
15	0	0	0	0	524	499	
0	0	0	0	0	514	516	
1	0	0	0	0	506	514	
2	0	0	0	0	503	521	
3	0	0	0	0	504	513	
4	0	0	0	0	508	524	
5	0	0	0	0	512	534	
6	0	0	0	0	515	517	
7	0	0	0	0	513	511	
8	0	0	0	0	508	528	
9	0	0	0	0	503	546	
10	0	0	0	0	492	578	
11	0	0	0	0	479	540	
12	0	0	0	0	466	521	
13	0	0	0	0	458	528	
14	0	0	0	0	453	556	
15	0	0	0	0	451	556	
0	0	0	0	0	449	573	
1	0	0	0	0	444	570	
2	0	0	0	0	440	596	
3	0	0	0	0	438	632	
4	0	0	0	0	438	664	
5	0	0	0	0	443	652	
6	0	0	0	0	450	634	
7	0	0	0	0	455	611	
8	0	0	0	0	460	578	
9	0	0	0	0	469	526	
10	0	0	0	0	474	511	
11	0	0	0	0	477	489	
12	0	0	0	0	474	485	
13	0	0	0	0	472	523	
14	0	0	0	0	465	549	
15	0	0	0	0	462	578	
0	0	0	0	0	455	583	
1	0	0	0	0	444	582	
2	0	0	0	0	433	606	
3	0	0	0	0	425	631	
4	0	0	0	0	415	657	
5	0	0	0	0	406	657	
6	0	0	0	0	398	655	
7	0	0	0	0	391	688	
8	0	0	0	0	385	699	
9	0	0	0	0	384	637	
10	0	0	0	0	390	599	
11	0	0	0	0	396	579	
12	0	0	0	0	397	588	
13	0	0	0	0	396	593	
14	0	0	0	0	397	579	
15	0	0	0	0	397	572	
0	0	0	0	0	399	588	
1	0	0	0	0	399	615	
2	0	0	0	0	398	641	
3	0	0	0	0	397	668	
4	0	0	0	0	394	675	
5	0	0	0	0	391	668	
6	0	0	0	0	388	639	
7	0	0	0	0	385	583	
8	0	0	0	0	383	558	
9	0	0	0	0	387	529	
10	0	0	0	0	396	535	
11	0	0	0	0	404	546	
12	0	0	0	0	412	567	
13	0	0	0	0	416	575	
14	0	0	0	0	419	564	
15	0	0	0	0	417	562	
0	0	0	0	0	409	588	
1	0	0	0	0	400	607	
2	0	0	0	0	391	627	
3	0	0	0	0	379	633	
4	0	0	0	0	367	661	
5	0	0	0	0	357	699	
6	0	0	0	0	347	740	
7	0	0	0	0	339	729	
8	0	0	0	0	334	647	
9	0	0	0	0	333	614	
10	0	0	0	0	335	617	
11	0	0	0	0	342	597	
12	0	0	0	0	352	579	
13	0	0	0	0	366	571	
14	0	0	0	0	379	567	
15	0	0	0	0	387	573	
0	0	0	0	0	391	581	
1	0	0	0	0	401	568	
2	0	0	0	0	413	569	
3	0	0	0	0	429	568	
4	0	0	0	0	442	563	
5	0	0	0	0	447	571	
6	0	0	0	0	440	562	
7	0	0	0	0	417	551	
8	0	0	0	0	389	536	
9	0	0	0	0	356	547	
10	0	0	0	0	324	575	
11	0	0	0	0	292	575	
12	0	0	0	0	252	581	
13	0	0	0	0	204	605	
14	0	0	0	0	164	603	
15	0	0	0	0	135	607	
0	0	0	0	0	120	615	
1	0	0	0	0	129	621	
2	0	0	0	0	163	620	
3	0	0	0	0	212	636	
4	0	0	0	0	270	620	
5	0	0	0	0	330	596	
6	0	0	0	0	381	540	
7	0	0	0	0	421	500	
8	0	0	0	0	449	467	
9	0	0	0	0	467	427	
10	0	0	0	0	474	422	
11	0	0	0	0	469	428	
12	0	0	0	0	460	447	
13	0	0	0	0	454	488	
14	0	0	0	0	447	536	
15	0	0	0	0	444	570	
0	0	0	0	0	439	609	
1	0	0	0	0	432	619	
2	0	0	0	0	423	623	
3	0	0	0	0	412	641	
4	0	0	0	0	399	658	
5	0	0	0	0	392	650	
6	0	0	0	0	385	612	
7	0	0	0	0	385	579	
8	0	0	0	0	388	576	
9	0	0	0	0	384	582	
10	0	0	0	0	372	558	
11	0	0	0	0	363	564	
12	0	0	0	0	353	559	
13	0	0	0	0	350	551	
14	0	0	0	0	358	518	
15	0	0	0	0	372	486	
0	0	0	0	0	384	456	
1	0	0	0	0	396	457	
2	0	0	0	0	411	461	
3	0	0	0	0	433	464	
4	0	0	0	0	458	444	
5	0	0	0	0	480	449	
6	0	0	0	0	493	473	
7	0	0	0	0	496	471	
8	0	0	0	0	487	492	
9	0	0	0	0	473	493	
10	0	0	0	0	464	500	
11	0	0	0	0	455	514	
12	0	0	0	0	442	508	
13	0	0	0	0	436	528	
14	0	0	0	0	440	528	
15	0	0	0	0	447	512	
0	0	0	0	0	450	488	
1	0	0	0	0	444	485	
2	0	0	0	0	435	474	
3	0	0	0	0	427	402	
4	0	0	0	0	418	397	
5	0	0	0	0	411	416	
6	0	0	0	0	406	447	
7	0	0	0	0	395	492	
8	0	0	0	0	380	513	
9	0	0	0	0	361	516	
10	0	0	0	0	336	504	
11	0	0	0	0	312	510	
12	0	0	0	0	299	534	
13	0	0	0	0	295	556	
14	0	0	0	0	295	576	
15	0	0	0	0	299	558	
0	0	0	0	0	299	540	
1	0	0	0	0	300	574	
2	0	0	0	0	314	601	
3	0	0	0	0	335	575	
4	0	0	0	0	376	548	
5	0	0	0	0	433	491	
6	0	0	0	0	494	420	
7	0	0	0	0	545	408	
8	0	0	0	0	582	412	
9	0	0	0	0	598	431	
10	0	0	0	0	600	461	
11	0	0	0	0	587	498	
12	0	0	0	0	556	528	
13	0	0	0	0	521	545	
14	0	0	0	0	486	543	
15	0	0	0	0	457	533	
0	0	0	0	0	441	510	
1	0	0	0	0	430	491	
2	0	0	0	0	416	487	
3	0	0	0	0	400	507	
4	0	0	0	0	375	531	
5	0	0	0	0	344	545	
6	0	0	0	0	310	575	
7	0	0	0	0	270	582	
8	0	0	0	0	228	626	
9	0	0	0	0	199	614	
10	0	0	0	0	180	554	
11	0	0	0	0	164	559	
12	0	0	0	0	147	646	
13	0	0	0	0	136	725	
14	0	0	0	0	125	770	
15	0	0	0	0	114	751	
0	0	0	0	0	106	709	
1	0	0	0	0	105	695	
2	0	0	0	0	111	688	
3	0	0	0	0	115	692	
4	0	0	0	0	119	714	
5	0	0	0	0	114	691	
6	0	0	0	0	96	682	
7	0	0	0	0	68	645	
8	0	0	0	0	40	614	
9	0	0	0	0	15	623	
10	0	0	0	0	0	632	
11	0	0	0	0	0	638	
12	0	0	0	0	0	628	
13	0	0	0	0	0	626	
14	0	0	0	0	24	646	
15	0	0	0	0	48	688	
0	0	0	0	0	71	709	
1	0	0	0	0	92	702	
2	0	0	0	0	111	664	
3	0	0	0	0	125	622	
4	0	0	0	0	127	595	
5	0	0	0	0	127	577	
6	0	0	0	0	130	536	
7	0	0	0	0	134	502	
8	0	0	0	0	140	534	
9	0	0	0	0	147	574	
10	0	0	0	0	158	617	
11	0	0	0	0	173	615	
12	0	0	0	0	189	597	
13	0	0	0	0	198	599	
14	0	0	0	0	201	624	
15	0	0	0	0	205	616	
0	0	0	0	0	215	611	
1	0	0	0	0	233	562	
2	0	0	0	0	253	491	
3	0	0	0	0	269	436	
4	0	0	0	0	280	429	
5	0	0	0	0	285	463	
6	0	0	0	0	281	510	
7	0	0	0	0	271	513	
8	0	0	0	0	257	517	
9	0	0	0	0	241	566	
10	0	0	0	0	231	558	
11	0	0	0	0	225	589	
12	0	0	0	0	224	635	
13	0	0	0	0	226	640	
14	0	0	0	0	227	635	
15	0	0	0	0	231	603	
0	0	0	0	0	228	590	
1	0	0	0	0	223	568	
2	0	0	0	0	220	522	
3	0	0	0	0	225	486	
4	0	0	0	0	242	480	
5	0	0	0	0	263	458	
6	0	0	0	0	287	393	
7	0	0	0	0	312	372	
8	0	0	0	0	335	413	
9	0	0	0	0	353	474	
10	0	0	0	0	361	517	
11	0	0	0	0	359	552	
12	0	0	0	0	352	545	
13	0	0	0	0	344	519	
14	0	0	0	0	340	527	
15	0	0	0	0	339	510	
0	0	0	0	0	343	522	
1	0	0	0	0	348	549	
2	0	0	0	0	352	558	
3	0	0	0	0	355	566	
4	0	0	0	0	355	600	
5	0	0	0	0	358	595	
6	0	0	0	0	362	548	
7	0	0	0	0	360	492	
8	0	0	0	0	355	487	
9	0	0	0	0	352	480	
10	0	0	0	0	350	468	
11	0	0	0	0	350	511	
12	0	0	0	0	356	575	
13	0	0	0	0	364	604	
14	0	0	0	0	375	592	
15	0	0	0	0	386	574	
0	0	0	0	0	404	542	
1	0	0	0	0	422	549	
2	0	0	0	0	432	561	
3	0	0	0	0	437	542	
4	0	0	0	0	441	514	
5	0	0	0	0	444	499	
6	0	0	0	0	450	550	
7	0	0	0	0	455	560	
8	0	0	0	0	454	529	
9	0	0	0	0	452	514	
10	0	0	0	0	446	526	
11	0	0	0	0	435	516	
12	0	0	0	0	414	521	
13	0	0	0	0	392	554	
14	0	0	0	0	371	568	
15	0	0	0	0	360	572	
0	0	0	0	0	359	553	
1	0	0	0	0	361	555	
2	0	0	0	0	364	565	
3	0	0	0	0	368	554	
4	0	0	0	0	374	567	
5	0	0	0	0	376	566	
6	0	0	0	0	373	583	
7	0	0	0	0	374	566	
8	0	0	0	0	371	552	
9	0	0	0	0	368	559	
10	0	0	0	0	363	536	
11	0	0	0	0	358	463	
12	0	0	0	0	349	437	
13	0	0	0	0	346	464	
14	0	0	0	0	351	502	
15	0	0	0	0	365	532	
0	0	0	0	0	380	538	
1	0	0	0	0	394	532	
2	0	0	0	0	405	521	
3	0	0	0	0	403	485	
4	0	0	0	0	387	458	
5	0	0	0	0	363	482	
6	0	0	0	0	341	487	
7	0	0	0	0	333	508	
8	0	0	0	0	334	515	
9	0	0	0	0	347	531	
10	0	0	0	0	364	522	
11	0	0	0	0	379	529	
12	0	0	0	0	391	470	
13	0	0	0	0	404	444	
14	0	0	0	0	420	438	
15	0	0	0	0	438	412	
0	0	0	0	0	451	382	
1	0	0	0	0	455	328	
2	0	0	0	0	452	323	
3	0	0	0	0	448	326	
4	0	0	0	0	438	339	
5	0	0	0	0	426	337	
6	0	0	0	0	415	352	
7	0	0	0	0	404	379	
8	0	0	0	0	397	419	
9	0	0	0	0	391	444	
10	0	0	0	0	392	491	
11	0	0	0	0	396	551	
12	0	0	0	0	396	590	
13	0	0	0	0	389	581	
14	0	0	0	0	381	549	
15	0	0	0	0	371	493	
0	0	0	0	0	361	453	
1	0	0	0	0	343	436	
2	0	0	0	0	326	439	
3	0	0	0	0	317	439	
4	0	0	0	0	319	454	
5	0	0	0	0	341	477	
6	0	0	0	0	377	504	
7	0	0	0	0	419	527	
8	0	0	0	0	459	537	
9	0	0	0	0	495	550	
10	0	0	0	0	521	550	
11	0	0	0	0	538	499	
12	0	0	0	0	543	453	
13	0	0	0	0	542	417	
14	0	0	0	0	539	423	
15	0	0	0	0	531	417	
0	0	0	0	0	516	433	
1	0	0	0	0	496	423	
2	0	0	0	0	471	430	
3	0	0	0	0	446	458	
4	0	0	0	0	423	464	
5	0	0	0	0	403	481	
6	0	0	0	0	383	521	
7	0	0	0	0	367	566	
8	0	0	0	0	357	572	
9	0	0	0	0	349	558	
10	0	0	0	0	344	554	
11	0	0	0	0	337	519	
12	0	0	0	0	331	493	
13	0	0	0	0	326	490	
14	0	0	0	0	332	476	
15	0	0	0	0	336	477	
0	0	0	0	0	340	483	
1	0	0	0	0	340	438	
2	0	0	0	0	335	427	
3	0	0	0	0	336	429	
4	0	0	0	0	346	460	
5	0	0	0	0	367	524	
6	0	0	0	0	385	554	
7	0	0	0	0	400	540	
8	0	0	0	0	406	515	
9	0	0	0	0	402	519	
10	0	0	0	0	394	511	
11	0	0	0	0	385	530	
12	0	0	0	0	366	541	
13	0	0	0	0	333	525	
14	0	0	0	0	297	551	
15	0	0	0	0	263	575	
0	0	0	0	0	241	588	
1	0	0	0	0	236	649	
2	0	0	0	0	246	702	
3	0	0	0	0	267	728	
4	0	0	0	0	287	705	
5	0	0	0	0	309	632	
6	0	0	0	0	343	572	
7	0	0	0	0	385	487	
8	0	0	0	0	423	415	
9	0	0	0	0	461	374	
10	0	0	0	0	497	357	
11	0	0	0	0	527	368	
12	0	0	0	0	547	379	
13	0	0	0	0	556	399	
14	0	0	0	0	555	441	
15	0	0	0	0	551	489	
0	0	0	0	0	543	454	
1	0	0	0	0	531	419	
2	0	0	0	0	521	391	
3	0	0	0	0	516	370	
4	0	0	0	0	513	400	
5	0	0	0	0	507	401	
6	0	0	0	0	505	391	
7	0	0	0	0	507	393	
8	0	0	0	0	512	396	
9	0	0	0	0	515	437	
10	0	0	0	0	516	433	
11	0	0	0	0	519	440	
12	0	0	0	0	517	447	
13	0	0	0	0	511	438	
14	0	0	0	0	500	465	
15	0	0	0	0	491	482	
0	0	0	0	0	478	477	
1	0	0	0	0	464	464	
2	0	0	0	0	452	462	
3	0	0	0	0	444	482	
4	0	0	0	0	437	500	
5	0	0	0	0	432	521	
6	0	0	0	0	427	500	
7	0	0	0	0	423	471	
8	0	0	0	0	414	430	
9	0	0	0	0	399	447	
10	0	0	0	0	382	423	
11	0	0	0	0	368	376	
12	0	0	0	0	361	378	
13	0	0	0	0	361	412	
14	0	0	0	0	366	470	
15	0	0	0	0	384	527	
0	0	0	0	0	412	564	
1	0	0	0	0	443	508	
2	0	0	0	0	471	479	
3	0	0	0	0	497	438	
4	0	0	0	0	520	409	
5	0	0	0	0	536	413	
6	0	0	0	0	545	413	
7	0	0	0	0	550	420	
8	0	0	0	0	555	444	
9	0	0	0	0	560	484	
10	0	0	0	0	564	522	
11	0	0	0	0	568	545	
12	0	0	0	0	575	543	
13	0	0	0	0	581	498	
14	0	0	0	0	584	519	
15	0	0	0	0	584	556	
0	0	0	0	0	581	589	
1	0	0	0	0	576	578	
2	0	0	0	0	573	544	
3	0	0	0	0	571	544	
4	0	0	0	0	564	543	
5	0	0	0	0	555	523	
6	0	0	0	0	540	497	
7	0	0	0	0	525	488	
8	0	0	0	0	512	461	
9	0	0	0	0	499	467	
10	0	0	0	0	488	467	
11	0	0	0	0	483	455	
12	0	0	0	0	484	465	
13	0	0	0	0	486	487	
14	0	0	0	0	495	495	
15	0	0	0	0	502	510	
0	0	0	0	0	508	487	
1	0	0	0	0	505	492	
2	0	0	0	0	496	518	
3	0	0	0	0	487	506	
4	0	0	0	0	471	503	
5	0	0	0	0	439	485	
6	0	0	0	0	408	494	
7	0	0	0	0	391	548	
8	0	0	0	0	382	564	
9	0	0	0	0	375	556	
10	0	0	0	0	373	540	
11	0	0	0	0	380	552	
12	0	0	0	0	396	543	
13	0	0	0	0	416	513	
14	0	0	0	0	442	493	
15	0	0	0	0	472	482	
0	0	0	0	0	505	468	
1	0	0	0	0	539	479	
2	0	0	0	0	570	507	
3	0	0	0	0	594	512	
4	0	0	0	0	616	517	
5	0	0	0	0	638	492	
6	0	0	0	0	654	471	
7	0	0	0	0	671	455	
8	0	0	0	0	692	430	
9	0	0	0	0	711	405	
10	0	0	0	0	726	405	
11	0	0	0	0	736	390	
12	0	0	0	0	733	385	
13	0	0	0	0	721	419	
14	0	0	0	0	700	453	
15	0	0	0	0	671	489	
0	0	0	0	0	643	495	
1	0	0	0	0	620	509	
2	0	0	0	0	598	488	
3	0	0	0	0	578	491	
4	0	0	0	0	564	507	
5	0	0	0	0	558	498	
6	0	0	0	0	556	467	
7	0	0	0	0	551	452	
8	0	0	0	0	545	429	
9	0	0	0	0	533	403	
10	0	0	0	0	516	393	
11	0	0	0	0	503	400	
12	0	0	0	0	488	439	
13	0	0	0	0	477	459	
14	0	0	0	0	475	476	
15	0	0	0	0	480	438	
0	0	0	0	0	487	371	
1	0	0	0	0	490	355	
2	0	0	0	0	495	368	
3	0	0	0	0	509	380	
4	0	0	0	0	527	339	
5	0	0	0	0	551	339	
6	0	0	0	0	572	385	
7	0	0	0	0	587	412	
8	0	0	0	0	598	447	
9	0	0	0	0	601	472	
10	0	0	0	0	604	476	
11	0	0	0	0	609	511	
12	0	0	0	0	617	512	
13	0	0	0	0	624	513	
14	0	0	0	0	632	505	
15	0	0	0	0	632	462	
0	0	0	0	0	623	446	
1	0	0	0	0	605	459	
2	0	0	0	0	585	460	
3	0	0	0	0	559	480	
4	0	0	0	0	524	512	
5	0	0	0	0	498	540	
6	0	0	0	0	489	536	
7	0	0	0	0	497	537	
8	0	0	0	0	508	509	
9	0	0	0	0	516	476	
10	0	0	0	0	526	467	
11	0	0	0	0	535	480	
12	0	0	0	0	545	511	
13	0	0	0	0	552	497	
14	0	0	0	0	552	455	
15	0	0	0	0	550	432	
0	0	0	0	0	546	448	
1	0	0	0	0	541	428	
2	0	0	0	0	542	411	
3	0	0	0	0	555	435	
4	0	0	0	0	577	454	
5	0	0	0	0	606	486	
6	0	0	0	0	643	460	
7	0	0	0	0	686	439	
8	0	0	0	0	727	420	
9	0	0	0	0	758	401	
10	0	0	0	0	777	375	
11	0	0	0	0	782	381	
12	0	0	0	0	773	376	
13	0	0	0	0	754	349	
14	0	0	0	0	732	368	
15	0	0	0	0	705	396	
0	0	0	0	0	679	411	
1	0	0	0	0	654	432	
2	0	0	0	0	627	460	
3	0	0	0	0	601	480	
4	0	0	0	0	572	496	
5	0	0	0	0	539	487	
6	0	0	0	0	505	495	
7	0	0	0	0	472	496	
8	0	0	0	0	447	537	
9	0	0	0	0	436	524	
10	0	0	0	0	436	522	
11	0	0	0	0	444	541	
12	0	0	0	0	456	516	
13	0	0	0	0	467	500	
14	0	0	0	0	478	521	
15	0	0	0	0	491	572	
0	0	0	0	0	510	599	
1	0	0	0	0	534	558	
2	0	0	0	0	569	531	
3	0	0	0	0	611	516	
4	0	0	0	0	661	524	
5	0	0	0	0	711	508	
6	0	0	0	0	748	518	
7	0	0	0	0	763	510	
8	0	0	0	0	765	512	
9	0	0	0	0	768	494	
10	0	0	0	0	758	467	
11	0	0	0	0	732	437	
12	0	0	0	0	700	407	
13	0	0	0	0	663	410	
14	0	0	0	0	628	438	
15	0	0	0	0	604	464	
0	0	0	0	0	587	496	
1	0	0	0	0	569	475	
2	0	0	0	0	553	446	
3	0	0	0	0	536	437	
4	0	0	0	0	520	471	
5	0	0	0	0	508	453	
6	0	0	0	0	492	444	
7	0	0	0	0	472	451	
8	0	0	0	0	451	486	
9	0	0	0	0	436	528	
10	0	0	0	0	434	573	
11	0	0	0	0	443	604	
12	0	0	0	0	459	585	
13	0	0	0	0	473	547	
14	0	0	0	0	492	504	
15	0	0	0	0	516	453	
0	0	0	0	0	539	439	
1	0	0	0	0	563	399	
2	0	0	0	0	582	391	
3	0	0	0	0	600	347	
4	0	0	0	0	620	300	
5	0	0	0	0	636	310	
6	0	0	0	0	648	314	
7	0	0	0	0	652	308	
8	0	0	0	0	652	356	
9	0	0	0	0	646	393	
10	0	0	0	0	642	397	
11	0	0	0	0	642	403	
12	0	0	0	0	639	369	
13	0	0	0	0	635	347	
14	0	0	0	0	628	368	
15	0	0	0	0	624	397	
0	0	0	0	0	626	415	
1	0	0	0	0	626	390	
2	0	0	0	0	626	389	
3	0	0	0	0	626	373	
4	0	0	0	0	623	393	
5	0	0	0	0	623	444	
6	0	0	0	0	616	493	
7	0	0	0	0	609	534	
8	0	0	0	0	602	541	
9	0	0	0	0	603	510	
10	0	0	0	0	605	513	
11	0	0	0	0	604	503	
12	0	0	0	0	604	496	
13	0	0	0	0	601	492	
14	0	0	0	0	600	494	
15	0	0	0	0	597	474	
0	0	0	0	0	591	448	
1	0	0	0	0	584	450	
2	0	0	0	0	575	454	
3	0	0	0	0	564	464	
4	0	0	0	0	551	487	
5	0	0	0	0	538	494	
6	0	0	0	0	524	494	
7	0	0	0	0	511	519	
8	0	0	0	0	500	548	
9	0	0	0	0	497	536	
10	0	0	0	0	508	534	
11	0	0	0	0	531	524	
12	0	0	0	0	560	506	
13	0	0	0	0	583	485	
14	0	0	0	0	600	453	
15	0	0	0	0	610	445	
0	0	0	0	0	614	496	
1	0	0	0	0	613	484	
2	0	0	0	0	610	440	
3	0	0	0	0	607	419	
4	0	0	0	0	603	450	
5	0	0	0	0	591	436	
6	0	0	0	0	565	431	
7	0	0	0	0	538	458	
8	0	0	0	0	516	540	
9	0	0	0	0	503	564	
10	0	0	0	0	498	560	
11	0	0	0	0	499	531	
12	0	0	0	0	494	555	
13	0	0	0	0	486	569	
14	0	0	0	0	475	558	
15	0	0	0	0	464	564	
0	0	0	0	0	456	559	
1	0	0	0	0	460	552	
2	0	0	0	0	475	550	
3	0	0	0	0	497	552	
4	0	0	0	0	529	544	
5	0	0	0	0	574	499	
6	0	0	0	0	619	460	
7	0	0	0	0	658	419	
8	0	0	0	0	687	376	
9	0	0	0	0	707	347	
10	0	0	0	0	718	360	
11	0	0	0	0	719	428	
12	0	0	0	0	718	495	
13	0	0	0	0	708	543	
14	0	0	0	0	692	578	
15	0	0	0	0	677	595	
0	0	0	0	0	659	599	
1	0	0	0	0	640	548	
2	0	0	0	0	620	481	
3	0	0	0	0	599	454	
4	0	0	0	0	577	473	
5	0	0	0	0	560	527	
6	0	0	0	0	547	548	
7	0	0	0	0	529	558	
8	0	0	0	0	511	603	
9	0	0	0	0	494	611	
10	0	0	0	0	478	538	
11	0	0	0	0	468	487	
12	0	0	0	0	464	493	
13	0	0	0	0	467	496	
14	0	0	0	0	467	494	
15	0	0	0	0	467	495	
0	0	0	0	0	476	523	
1	0	0	0	0	488	546	
2	0	0	0	0	503	551	
3	0	0	0	0	513	536	
4	0	0	0	0	525	515	
5	0	0	0	0	536	481	
6	0	0	0	0	548	473	
7	0	0	0	0	560	518	
8	0	0	0	0	569	561	
9	0	0	0	0	577	571	
10	0	0	0	0	580	574	
11	0	0	0	0	572	565	
12	0	0	0	0	554	570	
13	0	0	0	0	531	547	
14	0	0	0	0	507	550	
15	0	0	0	0	484	568	
0	0	0	0	0	462	560	
1	0	0	0	0	442	537	
2	0	0	0	0	429	498	
3	0	0	0	0	422	496	
4	0	0	0	0	417	492	
5	0	0	0	0	412	460	
6	0	0	0	0	413	477	
7	0	0	0	0	412	547	
8	0	0	0	0	409	626	
9	0	0	0	0	406	652	
10	0	0	0	0	406	667	
11	0	0	0	0	405	632	
12	0	0	0	0	407	600	
13	0	0	0	0	410	600	
14	0	0	0	0	407	572	
15	0	0	0	0	399	576	
0	0	0	0	0	386	571	
1	0	0	0	0	376	591	
2	0	0	0	0	369	614	
3	0	0	0	0	364	600	
4	0	0	0	0	358	571	
5	0	0	0	0	353	583	
6	0	0	0	0	350	617	
7	0	0	0	0	358	635	
8	0	0	0	0	367	660	
9	0	0	0	0	377	656	
10	0	0	0	0	390	600	
11	0	0	0	0	397	588	
12	0	0	0	0	408	608	
13	0	0	0	0	428	638	
14	0	0	0	0	452	632	
15	0	0	0	0	480	624	
0	0	0	0	0	510	618	
1	0	0	0	0	536	587	
2	0	0	0	0	545	544	
3	0	0	0	0	546	526	
4	0	0	0	0	551	519	
5	0	0	0	0	561	533	
6	0	0	0	0	568	496	
7	0	0	0	0	564	467	
8	0	0	0	0	553	432	
9	0	0	0	0	530	435	
10	0	0	0	0	498	439	
11	0	0	0	0	460	472	
12	0	0	0	0	414	467	
13	0	0	0	0	371	496	
14	0	0	0	0	336	558	
15	0	0	0	0	302	612	
0	0	0	0	0	272	609	
1	0	0	0	0	252	600	
2	0	0	0	0	238	606	
3	0	0	0	0	216	613	
4	0	0	0	0	199	583	
5	0	0	0	0	198	558	
6	0	0	0	0	213	585	
7	0	0	0	0	235	613	
8	0	0	0	0	255	643	
9	0	0	0	0	282	663	
10	0	0	0	0	323	609	
11	0	0	0	0	376	565	
12	0	0	0	0	432	527	
13	0	0	0	0	487	545	
14	0	0	0	0	540	526	
15	0	0	0	0	588	507	
0	0	0	0	0	634	511	
1	0	0	0	0	675	536	
2	0	0	0	0	709	503	
3	0	0	0	0	734	477	
4	0	0	0	0	743	470	
5	0	0	0	0	734	482	
6	0	0	0	0	711	500	
7	0	0	0	0	673	504	
8	0	0	0	0	627	503	
9	0	0	0	0	582	473	
10	0	0	0	0	535	461	
11	0	0	0	0	492	486	
12	0	0	0	0	455	510	
13	0	0	0	0	427	491	
14	0	0	0	0	408	468	
15	0	0	0	0	396	470	
0	0	0	0	0	387	465	
1	0	0	0	0	387	461	
2	0	0	0	0	391	432	
3	0	0	0	0	413	407	
4	0	0	0	0	450	354	
5	0	0	0	0	495	358	
6	0	0	0	0	536	356	
7	0	0	0	0	573	360	
8	0	0	0	0	604	392	
9	0	0	0	0	631	433	
10	0	0	0	0	649	439	
11	0	0	0	0	668	447	
12	0	0	0	0	691	484	
13	0	0	0	0	714	481	
14	0	0	0	0	731	444	
15	0	0	0	0	739	416	
0	0	0	0	0	745	408	
1	0	0	0	0	740	398	
2	0	0	0	0	725	393	
3	0	0	0	0	704	434	
4	0	0	0	0	683	475	
5	0	0	0	0	659	512	
6	0	0	0	0	636	546	
7	0	0	0	0	611	524	
8	0	0	0	0	584	481	
9	0	0	0	0	558	488	
10	0	0	0	0	536	493	
11	0	0	0	0	519	504	
12	0	0	0	0	505	508	
13	0	0	0	0	500	497	
14	0	0	0	0	499	500	
15	0	0	0	0	504	535	
0	0	0	0	0	514	532	
1	0	0	0	0	523	519	
2	0	0	0	0	532	514	
3	0	0	0	0	542	493	
4	0	0	0	0	553	481	
5	0	0	0	0	563	470	
6	0	0	0	0	575	451	
7	0	0	0	0	579	461	
8	0	0	0	0	575	485	
9	0	0	0	0	559	495	
10	0	0	0	0	541	500	
11	0	0	0	0	520	495	
12	0	0	0	0	500	540	
13	0	0	0	0	493	567	
14	0	0	0	0	491	586	
15	0	0	0	0	488	600	
0	0	0	0	0	487	593	
1	0	0	0	0	494	602	
2	0	0	0	0	505	606	
3	0	0	0	0	514	601	
4	0	0	0	0	516	573	
5	0	0	0	0	515	587	
6	0	0	0	0	522	587	
7	0	0	0	0	541	567	
8	0	0	0	0	567	551	
9	0	0	0	0	596	561	
10	0	0	0	0	625	523	
11	0	0	0	0	648	496	
12	0	0	0	0	665	470	
13	0	0	0	0	671	452	
14	0	0	0	0	664	394	
15	0	0	0	0	658	340	
0	0	0	0	0	650	337	
1	0	0	0	0	644	382	
2	0	0	0	0	639	391	
3	0	0	0	0	630	420	
4	0	0	0	0	615	448	
5	0	0	0	0	591	490	
6	0	0	0	0	565	556	
7	0	0	0	0	538	607	
8	0	0	0	0	517	627	
9	0	0	0	0	504	624	
10	0	0	0	0	499	671	
11	0	0	0	0	502	678	
12	0	0	0	0	508	646	
13	0	0	0	0	513	635	
14	0	0	0	0	517	620	
15	0	0	0	0	523	613	
0	0	0	0	0	531	591	
1	0	0	0	0	534	576	
2	0	0	0	0	529	558	
3	0	0	0	0	531	512	
4	0	0	0	0	533	472	
5	0	0	0	0	537	447	
6	0	0	0	0	544	462	
7	0	0	0	0	549	426	
8	0	0	0	0	551	418	
9	0	0	0	0	558	396	
10	0	0	0	0	569	406	
11	0	0	0	0	583	397	
12	0	0	0	0	595	397	
13	0	0	0	0	604	423	
14	0	0	0	0	617	462	
15	0	0	0	0	632	441	
0	0	0	0	0	640	425	
1	0	0	0	0	641	420	
2	0	0	0	0	635	399	
3	0	0	0	0	627	386	
4	0	0	0	0	609	440	
5	0	0	0	0	588	482	
6	0	0	0	0	568	486	
7	0	0	0	0	552	527	
8	0	0	0	0	539	551	
9	0	0	0	0	528	552	
10	0	0	0	0	516	587	
11	0	0	0	0	507	639	
12	0	0	0	0	506	655	
13	0	0	0	0	514	655	
14	0	0	0	0	523	628	
15	0	0	0	0	530	582	
0	0	0	0	0	533	543	
1	0	0	0	0	530	536	
2	0	0	0	0	524	554	
3	0	0	0	0	509	543	
4	0	0	0	0	491	516	
5	0	0	0	0	473	510	
6	0	0	0	0	460	484	
7	0	0	0	0	455	453	
8	0	0	0	0	459	411	
9	0	0	0	0	463	427	
10	0	0	0	0	467	463	
11	0	0	0	0	476	500	
12	0	0	0	0	488	553	
13	0	0	0	0	503	581	
14	0	0	0	0	515	577	
15	0	0	0	0	523	540	
0	0	0	0	0	527	542	
1	0	0	0	0	533	577	
2	0	0	0	0	542	590	
3	0	0	0	0	547	557	
4	0	0	0	0	549	479	
5	0	0	0	0	549	418	
6	0	0	0	0	556	397	
7	0	0	0	0	568	399	
8	0	0	0	0	583	411	
9	0	0	0	0	600	436	
10	0	0	0	0	615	496	
11	0	0	0	0	631	556	
12	0	0	0	0	643	580	
13	0	0	0	0	656	553	
14	0	0	0	0	668	532	
15	0	0	0	0	674	551	
0	0	0	0	0	668	554	
1	0	0	0	0	657	556	
2	0	0	0	0	644	534	
3	0	0	0	0	625	513	
4	0	0	0	0	611	507	
5	0	0	0	0	603	508	
6	0	0	0	0	602	539	
7	0	0	0	0	604	632	
8	0	0	0	0	603	639	
9	0	0	0	0	605	615	
10	0	0	0	0	612	593	
11	0	0	0	0	620	552	
12	0	0	0	0	624	513	
13	0	0	0	0	631	502	
14	0	0	0	0	631	465	
15	0	0	0	0	624	467	
0	0	0	0	0	614	497	
1	0	0	0	0	602	528	
2	0	0	0	0	590	558	
3	0	0	0	0	580	558	
4	0	0	0	0	572	580	
5	0	0	0	0	559	558	
6	0	0	0	0	543	511	
7	0	0	0	0	528	472	
8	0	0	0	0	517	470	
9	0	0	0	0	504	505	
10	0	0	0	0	493	541	
11	0	0	0	0	489	577	
12	0	0	0	0	489	613	
13	0	0	0	0	486	607	
14	0	0	0	0	481	618	
15	0	0	0	0	479	628	
0	0	0	0	0	480	623	
1	0	0	0	0	477	592	
2	0	0	0	0	472	568	
3	0	0	0	0	467	564	
4	0	0	0	0	464	556	
5	0	0	0	0	463	556	
6	0	0	0	0	462	588	
7	0	0	0	0	463	601	
8	0	0	0	0	463	583	
9	0	0	0	0	459	581	
10	0	0	0	0	451	604	
11	0	0	0	0	443	613	
12	0	0	0	0	439	615	
13	0	0	0	0	436	612	
14	0	0	0	0	439	591	
15	0	0	0	0	451	596	
0	0	0	0	0	472	609	
1	0	0	0	0	493	584	
2	0	0	0	0	510	566	
3	0	0	0	0	531	572	
4	0	0	0	0	557	552	
5	0	0	0	0	575	500	
6	0	0	0	0	583	467	
7	0	0	0	0	587	498	
8	0	0	0	0	590	520	
9	0	0	0	0	589	503	
10	0	0	0	0	587	506	
11	0	0	0	0	578	524	
12	0	0	0	0	561	515	
13	0	0	0	0	545	531	
14	0	0	0	0	531	538	
15	0	0	0	0	519	526	
0	0	0	0	0	511	536	
1	0	0	0	0	509	569	
2	0	0	0	0	517	566	
3	0	0	0	0	529	493	
4	0	0	0	0	540	444	
5	0	0	0	0	541	456	
6	0	0	0	0	536	444	
7	0	0	0	0	531	460	
8	0	0	0	0	531	473	
9	0	0	0	0	536	467	
10	0	0	0	0	543	467	
11	0	0	0	0	551	485	
12	0	0	0	0	555	531	
13	0	0	0	0	554	567	
14	0	0	0	0	557	551	
15	0	0	0	0	565	544	
0	0	0	0	0	581	551	
1	0	0	0	0	599	524	
2	0	0	0	0	614	497	
3	0	0	0	0	624	462	
4	0	0	0	0	619	447	
5	0	0	0	0	600	412	
6	0	0	0	0	582	359	
7	0	0	0	0	569	313	
8	0	0	0	0	558	337	
9	0	0	0	0	545	378	
10	0	0	0	0	537	412	
11	0	0	0	0	537	451	
12	0	0	0	0	546	512	
13	0	0	0	0	559	537	
14	0	0	0	0	569	551	
15	0	0	0	0	579	560	
0	0	0	0	0	585	555	
1	0	0	0	0	591	500	
2	0	0	0	0	594	463	
3	0	0	0	0	599	472	
4	0	0	0	0	603	495	
5	0	0	0	0	611	524	
6	0	0	0	0	620	512	
7	0	0	0	0	621	499	
8	0	0	0	0	619	468	
9	0	0	0	0	609	455	
10	0	0	0	0	593	440	
11	0	0	0	0	581	442	
12	0	0	0	0	572	478	
13	0	0	0	0	564	498	
14	0	0	0	0	554	531	
15	0	0	0	0	548	552	
0	0	0	0	0	547	529	
1	0	0	0	0	547	492	
2	0	0	0	0	553	485	
3	0	0	0	0	559	501	
4	0	0	0	0	569	525	
5	0	0	0	0	578	501	
6	0	0	0	0	584	466	
7	0	0	0	0	585	455	
8	0	0	0	0	576	467	
9	0	0	0	0	565	509	
10	0	0	0	0	558	523	
11	0	0	0	0	551	512	
12	0	0	0	0	548	494	
13	0	0	0	0	553	472	
14	0	0	0	0	563	419	
15	0	0	0	0	577	393	
0	0	0	0	0	587	376	
1	0	0	0	0	591	387	
2	0	0	0	0	591	391	
3	0	0	0	0	585	390	
4	0	0	0	0	575	434	
5	0	0	0	0	569	480	
6	0	0	0	0	572	484	
7	0	0	0	0	581	492	
8	0	0	0	0	599	555	
9	0	0	0	0	624	571	
10	0	0	0	0	650	566	
11	0	0	0	0	671	531	
12	0	0	0	0	697	493	
13	0	0	0	0	720	520	
14	0	0	0	0	737	524	
15	0	0	0	0	743	500	
0	0	0	0	0	741	463	
1	0	0	0	0	733	458	
2	0	0	0	0	723	478	
3	0	0	0	0	700	493	
4	0	0	0	0	665	494	
5	0	0	0	0	624	513	
6	0	0	0	0	590	487	
7	0	0	0	0	565	498	
8	0	0	0	0	546	508	
9	0	0	0	0	535	510	
10	0	0	0	0	526	519	
11	0	0	0	0	522	556	
12	0	0	0	0	524	568	
13	0	0	0	0	532	593	
14	0	0	0	0	543	604	
15	0	0	0	0	557	620	
0	0	0	0	0	570	620	
1	0	0	0	0	575	598	
2	0	0	0	0	575	588	
3	0	0	0	0	574	617	
4	0	0	0	0	574	615	
5	0	0	0	0	579	580	
6	0	0	0	0	583	545	
7	0	0	0	0	587	543	
8	0	0	0	0	590	574	
9	0	0	0	0	599	610	
10	0	0	0	0	616	608	
11	0	0	0	0	641	558	
12	0	0	0	0	664	531	
13	0	0	0	0	684	543	
14	0	0	0	0	702	516	
15	0	0	0	0	718	508	
0	0	0	0	0	724	483	
1	0	0	0	0	715	489	
2	0	0	0	0	690	536	
3	0	0	0	0	653	559	
4	0	0	0	0	617	500	
5	0	0	0	0	586	479	
6	0	0	0	0	561	495	
7	0	0	0	0	541	526	
8	0	0	0	0	529	545	
9	0	0	0	0	523	542	
10	0	0	0	0	521	532	
11	0	0	0	0	520	555	
12	0	0	0	0	518	575	
13	0	0	0	0	517	547	
14	0	0	0	0	513	540	
15	0	0	0	0	514	546	
0	0	0	0	0	519	557	
1	0	0	0	0	524	565	
2	0	0	0	0	534	565	
3	0	0	0	0	548	568	
4	0	0	0	0	563	515	
5	0	0	0	0	571	521	
6	0	0	0	0	571	525	
7	0	0	0	0	567	481	
8	0	0	0	0	566	465	
9	0	0	0	0	565	485	
10	0	0	0	0	563	527	
11	0	0	0	0	556	561	
12	0	0	0	0	544	565	
13	0	0	0	0	533	563	
14	0	0	0	0	528	582	
15	0	0	0	0	529	548	
0	0	0	0	0	533	532	
1	0	0	0	0	532	559	
2	0	0	0	0	526	586	
3	0	0	0	0	517	609	
4	0	0	0	0	504	593	
5	0	0	0	0	496	541	
6	0	0	0	0	497	524	
7	0	0	0	0	503	539	
8	0	0	0	0	508	570	
9	0	0	0	0	512	603	
10	0	0	0	0	510	632	
11	0	0	0	0	500	630	
12	0	0	0	0	488	617	
13	0	0	0	0	484	611	
14	0	0	0	0	495	593	
15	0	0	0	0	524	559	
0	0	0	0	0	553	510	
1	0	0	0	0	567	481	
2	0	0	0	0	567	472	
3	0	0	0	0	561	493	
4	0	0	0	0	552	476	
5	0	0	0	0	542	456	
6	0	0	0	0	528	471	
7	0	0	0	0	511	479	
8	0	0	0	0	497	462	
9	0	0	0	0	481	457	
10	0	0	0	0	465	463	
11	0	0	0	0	453	470	
12	0	0	0	0	439	524	
13	0	0	0	0	424	539	
14	0	0	0	0	412	536	
15	0	0	0	0	405	574	
0	0	0	0	0	407	606	
1	0	0	0	0	416	673	
2	0	0	0	0	428	691	
3	0	0	0	0	441	664	
4	0	0	0	0	454	615	
5	0	0	0	0	469	542	
6	0	0	0	0	488	489	
7	0	0	0	0	508	471	
8	0	0	0	0	532	486	
9	0	0	0	0	557	480	
10	0	0	0	0	569	486	
11	0	0	0	0	575	490	
12	0	0	0	0	578	530	
13	0	0	0	0	583	586	
14	0	0	0	0	583	579	
15	0	0	0	0	582	547	
0	0	0	0	0	577	535	
1	0	0	0	0	570	487	
2	0	0	0	0	562	446	
3	0	0	0	0	556	439	
4	0	0	0	0	555	470	
5	0	0	0	0	556	486	
6	0	0	0	0	556	476	
7	0	0	0	0	560	432	
8	0	0	0	0	559	406	
9	0	0	0	0	556	470	
10	0	0	0	0	554	508	
11	0	0	0	0	553	530	
12	0	0	0	0	548	543	
13	0	0	0	0	542	584	
14	0	0	0	0	536	591	
15	0	0	0	0	531	575	
0	0	0	0	0	525	589	
1	0	0	0	0	518	564	
2	0	0	0	0	511	519	
3	0	0	0	0	508	495	
4	0	0	0	0	496	472	
5	0	0	0	0	479	473	
6	0	0	0	0	461	514	
7	0	0	0	0	444	513	
8	0	0	0	0	434	522	
9	0	0	0	0	431	574	
10	0	0	0	0	432	572	
11	0	0	0	0	438	594	
12	0	0	0	0	444	592	
13	0	0	0	0	445	596	
14	0	0	0	0	448	597	
15	0	0	0	0	448	598	
0	0	0	0	0	449	606	
1	0	0	0	0	453	551	
2	0	0	0	0	462	497	
3	0	0	0	0	468	501	
4	0	0	0	0	471	518	
5	0	0	0	0	472	537	
6	0	0	0	0	471	560	
7	0	0	0	0	468	553	
8	0	0	0	0	459	540	
9	0	0	0	0	449	533	
10	0	0	0	0	436	558	
11	0	0	0	0	428	615	
12	0	0	0	0	423	618	
13	0	0	0	0	424	617	
14	0	0	0	0	428	643	
15	0	0	0	0	438	666	
0	0	0	0	0	448	670	
1	0	0	0	0	458	591	
2	0	0	0	0	468	543	
3	0	0	0	0	472	536	
4	0	0	0	0	469	553	
5	0	0	0	0	463	557	
6	0	0	0	0	456	528	
7	0	0	0	0	455	502	
8	0	0	0	0	458	516	
9	0	0	0	0	461	591	
10	0	0	0	0	468	662	
11	0	0	0	0	473	673	
12	0	0	0	0	478	628	
13	0	0	0	0	480	577	
14	0	0	0	0	481	588	
15	0	0	0	0	480	592	
0	0	0	0	0	472	605	
1	0	0	0	0	468	619	
2	0	0	0	0	483	596	
3	0	0	0	0	510	564	
4	0	0	0	0	536	536	
5	0	0	0	0	561	543	
6	0	0	0	0	571	558	
7	0	0	0	0	569	560	
8	0	0	0	0	568	568	
9	0	0	0	0	559	526	
10	0	0	0	0	545	511	
11	0	0	0	0	527	494	
12	0	0	0	0	498	463	
13	0	0	0	0	467	505	
14	0	0	0	0	434	561	
15	0	0	0	0	408	576	
0	0	0	0	0	387	604	
1	0	0	0	0	374	610	
2	0	0	0	0	358	644	
3	0	0	0	0	331	687	
4	0	0	0	0	300	713	
5	0	0	0	0	277	686	
6	0	0	0	0	264	673	
7	0	0	0	0	259	620	
8	0	0	0	0	265	574	
9	0	0	0	0	279	580	
10	0	0	0	0	298	568	
11	0	0	0	0	321	580	
12	0	0	0	0	349	588	
13	0	0	0	0	383	572	
14	0	0	0	0	413	595	
15	0	0	0	0	442	607	
0	0	0	0	0	467	575	
1	0	0	0	0	487	559	
2	0	0	0	0	502	571	
3	0	0	0	0	515	549	
4	0	0	0	0	524	496	
5	0	0	0	0	532	500	
6	0	0	0	0	537	512	
7	0	0	0	0	536	491	
8	0	0	0	0	534	482	
9	0	0	0	0	535	479	
10	0	0	0	0	537	488	
11	0	0	0	0	539	506	
12	0	0	0	0	535	498	
13	0	0	0	0	524	483	
14	0	0	0	0	509	493	
15	0	0	0	0	489	502	
0	0	0	0	0	474	537	
1	0	0	0	0	462	519	
2	0	0	0	0	460	503	
3	0	0	0	0	458	513	
4	0	0	0	0	463	529	
5	0	0	0	0	472	531	
6	0	0	0	0	481	545	
7	0	0	0	0	492	539	
8	0	0	0	0	504	532	
9	0	0	0	0	521	502	
10	0	0	0	0	536	493	
11	0	0	0	0	551	501	
12	0	0	0	0	562	510	
13	0	0	0	0	574	529	
14	0	0	0	0	588	503	
15	0	0	0	0	601	515	
0	0	0	0	0	612	501	
1	0	0	0	0	612	505	
2	0	0	0	0	600	482	
3	0	0	0	0	587	461	
4	0	0	0	0	575	450	
5	0	0	0	0	564	444	
6	0	0	0	0	553	437	
7	0	0	0	0	548	434	
8	0	0	0	0	559	483	
9	0	0	0	0	573	537	
10	0	0	0	0	587	576	
11	0	0	0	0	594	594	
12	0	0	0	0	593	594	
13	0	0	0	0	582	575	
14	0	0	0	0	563	595	
15	0	0	0	0	539	571	
0	0	0	0	0	513	540	
1	0	0	0	0	482	516	
2	0	0	0	0	449	526	
3	0	0	0	0	415	550	
4	0	0	0	0	385	584	
5	0	0	0	0	352	639	
6	0	0	0	0	318	675	
7	0	0	0	0	293	679	
8	0	0	0	0	284	687	
9	0	0	0	0	286	675	
10	0	0	0	0	297	655	
11	0	0	0	0	311	634	
12	0	0	0	0	329	590	
13	0	0	0	0	345	565	
14	0	0	0	0	355	572	
15	0	0	0	0	365	582	
0	0	0	0	0	377	596	
1	0	0	0	0	393	608	
2	0	0	0	0	408	578	
3	0	0	0	0	422	524	
4	0	0	0	0	432	526	
5	0	0	0	0	437	538	
6	0	0	0	0	436	518	
7	0	0	0	0	431	533	
8	0	0	0	0	428	554	
9	0	0	0	0	424	580	
10	0	0	0	0	429	547	
11	0	0	0	0	438	536	
12	0	0	0	0	452	521	
13	0	0	0	0	475	513	
14	0	0	0	0	502	553	
15	0	0	0	0	524	590	
0	0	0	0	0	550	607	
1	0	0	0	0	569	606	
2	0	0	0	0	577	605	
3	0	0	0	0	574	604	
4	0	0	0	0	566	610	
5	0	0	0	0	557	613	
6	0	0	0	0	550	596	
7	0	0	0	0	547	591	
8	0	0	0	0	546	592	
9	0	0	0	0	538	499	
10	0	0	0	0	531	471	
11	0	0	0	0	525	461	
12	0	0	0	0	522	473	
13	0	0	0	0	527	484	
14	0	0	0	0	532	479	
15	0	0	0	0	537	495	
0	0	0	0	0	529	554	
1	0	0	0	0	501	553	
2	0	0	0	0	459	550	
3	0	0	0	0	411	547	
4	0	0	0	0	360	583	
5	0	0	0	0	318	618	
6	0	0	0	0	291	628	
7	0	0	0	0	276	646	
8	0	0	0	0	272	620	
9	0	0	0	0	280	581	
10	0	0	0	0	294	551	
11	0	0	0	0	316	520	
12	0	0	0	0	347	512	
13	0	0	0	0	382	500	
14	0	0	0	0	422	479	
15	0	0	0	0	468	452	
0	0	0	0	0	511	374	
1	0	0	0	0	544	397	
2	0	0	0	0	562	429	
3	0	0	0	0	566	477	
4	0	0	0	0	556	518	
5	0	0	0	0	539	516	
6	0	0	0	0	522	511	
7	0	0	0	0	509	510	
8	0	0	0	0	505	543	
9	0	0	0	0	506	521	
10	0	0	0	0	514	510	
11	0	0	0	0	517	497	
12	0	0	0	0	512	511	
13	0	0	0	0	501	505	
14	0	0	0	0	479	529	
15	0	0	0	0	444	508	
0	0	0	0	0	411	501	
1	0	0	0	0	382	499	
2	0	0	0	0	354	494	
3	0	0	0	0	340	500	
4	0	0	0	0	347	502	
5	0	0	0	0	363	499	
6	0	0	0	0	380	506	
7	0	0	0	0	392	539	
8	0	0	0	0	404	557	
9	0	0	0	0	424	591	
10	0	0	0	0	459	559	
11	0	0	0	0	504	576	
12	0	0	0	0	543	549	
13	0	0	0	0	572	517	
14	0	0	0	0	590	502	
15	0	0	0	0	599	505	
0	0	0	0	0	595	505	
1	0	0	0	0	587	502	
2	0	0	0	0	577	512	
3	0	0	0	0	566	518	
4	0	0	0	0	552	534	
5	0	0	0	0	537	531	
6	0	0	0	0	518	534	
7	0	0	0	0	496	507	
8	0	0	0	0	480	523	
9	0	0	0	0	465	563	
10	0	0	0	0	451	551	
11	0	0	0	0	439	540	
12	0	0	0	0	432	537	
13	0	0	0	0	427	511	
14	0	0	0	0	424	486	
15	0	0	0	0	425	455	
0	0	0	0	0	428	465	
1	0	0	0	0	432	489	
2	0	0	0	0	436	476	
3	0	0	0	0	447	441	
4	0	0	0	0	454	402	
5	0	0	0	0	459	403	
6	0	0	0	0	461	431	
7	0	0	0	0	466	467	
8	0	0	0	0	468	487	
9	0	0	0	0	470	513	
10	0	0	0	0	476	517	
11	0	0	0	0	479	519	
12	0	0	0	0	482	536	
13	0	0	0	0	488	540	
14	0	0	0	0	499	508	
15	0	0	0	0	514	500	
0	0	0	0	0	532	533	
1	0	0	0	0	557	569	
2	0	0	0	0	580	583	
3	0	0	0	0	597	580	
4	0	0	0	0	603	565	
5	0	0	0	0	600	534	
6	0	0	0	0	589	517	
7	0	0	0	0	569	533	
8	0	0	0	0	543	543	
9	0	0	0	0	513	572	
10	0	0	0	0	485	574	
11	0	0	0	0	465	573	
12	0	0	0	0	456	563	
13	0	0	0	0	451	543	
14	0	0	0	0	446	528	
15	0	0	0	0	445	543	
0	0	0	0	0	446	553	
1	0	0	0	0	450	567	
2	0	0	0	0	451	568	
3	0	0	0	0	451	565	
4	0	0	0	0	453	555	
5	0	0	0	0	449	582	
6	0	0	0	0	440	600	
7	0	0	0	0	422	611	
8	0	0	0	0	402	601	
9	0	0	0	0	383	593	
10	0	0	0	0	363	595	
11	0	0	0	0	344	620	
12	0	0	0	0	324	643	
13	0	0	0	0	315	647	
14	0	0	0	0	310	650	
15	0	0	0	0	308	660	
0	0	0	0	0	311	658	
1	0	0	0	0	312	603	
2	0	0	0	0	315	576	
3	0	0	0	0	326	589	
4	0	0	0	0	339	595	
5	0	0	0	0	351	568	
6	0	0	0	0	362	572	
7	0	0	0	0	368	587	
8	0	0	0	0	371	579	
9	0	0	0	0	372	555	
10	0	0	0	0	367	564	
11	0	0	0	0	354	600	
12	0	0	0	0	342	614	
13	0	0	0	0	334	610	
14	0	0	0	0	327	556	
15	0	0	0	0	327	576	
0	0	0	0	0	331	591	
1	0	0	0	0	334	575	
2	0	0	0	0	334	575	
3	0	0	0	0	332	592	
4	0	0	0	0	326	621	
5	0	0	0	0	318	664	
6	0	0	0	0	315	674	
7	0	0	0	0	316	669	
8	0	0	0	0	316	615	
9	0	0	0	0	318	591	
10	0	0	0	0	328	572	
11	0	0	0	0	347	554	
12	0	0	0	0	366	566	
13	0	0	0	0	382	557	
14	0	0	0	0	396	572	
15	0	0	0	0	405	561	
0	0	0	0	0	406	531	
1	0	0	0	0	400	512	
2	0	0	0	0	390	463	
3	0	0	0	0	383	459	
4	0	0	0	0	371	482	
5	0	0	0	0	348	490	
6	0	0	0	0	325	496	
7	0	0	0	0	314	543	
8	0	0	0	0	315	582	
9	0	0	0	0	321	583	
10	0	0	0	0	323	597	
11	0	0	0	0	315	610	
12	0	0	0	0	302	615	
13	0	0	0	0	285	617	
14	0	0	0	0	266	589	
15	0	0	0	0	248	579	
0	0	0	0	0	237	592	
1	0	0	0	0	230	598	
2	0	0	0	0	225	563	
3	0	0	0	0	221	551	
4	0	0	0	0	216	583	
5	0	0	0	0	215	618	
6	0	0	0	0	216	644	
7	0	0	0	0	225	649	
8	0	0	0	0	239	675	
9	0	0	0	0	254	698	
10	0	0	0	0	268	685	
11	0	0	0	0	281	677	
12	0	0	0	0	290	668	
13	0	0	0	0	295	620	
14	0	0	0	0	296	476	
15	0	0	0	0	291	449	
0	0	0	0	0	279	457	
1	0	0	0	0	262	464	
2	0	0	0	0	244	501	
3	0	0	0	0	228	487	
4	0	0	0	0	216	513	
5	0	0	0	0	207	547	
6	0	0	0	0	204	588	
7	0	0	0	0	203	523	
8	0	0	0	0	203	516	
9	0	0	0	0	198	517	
10	0	0	0	0	183	518	
11	0	0	0	0	160	552	
12	0	0	0	0	136	588	
13	0	0	0	0	115	617	
14	0	0	0	0	96	665	
15	0	0	0	0	79	700	
0	0	0	0	0	65	731	
1	0	0	0	0	56	728	
2	0	0	0	0	45	753	
3	0	0	0	0	30	771	
4	0	0	0	0	15	768	
5	0	0	0	0	2	747	
6	0	0	0	0	0	746	
7	0	0	0	0	0	729	
8	0	0	0	0	15	689	
9	0	0	0	0	34	603	
10	0	0	0	0	53	582	
11	0	0	0	0	71	596	
12	0	0	0	0	83	642	
13	0	0	0	0	87	688	
14	0	0	0	0	80	711	
15	0	0	0	0	75	741	
0	0	0	0	0	75	758	
1	0	0	0	0	83	730	
2	0	0	0	0	89	703	
3	0	0	0	0	98	697	
4	0	0	0	0	109	682	
5	0	0	0	0	117	649	
6	0	0	0	0	113	608	
7	0	0	0	0	96	578	
8	0	0	0	0	74	593	
9	0	0	0	0	48	607	
10	0	0	0	0	22	585	
11	0	0	0	0	3	577	
12	0	0	0	0	0	608	
13	0	0	0	0	0	670	
14	0	0	0	0	0	757	
15	0	0	0	0	30	827	
0	0	0	0	0	55	785	
1	0	0	0	0	80	769	
2	0	0	0	0	101	742	
3	0	0	0	0	120	714	
4	0	0	0	0	132	679	
5	0	0	0	0	140	592	
6	0	0	0	0	147	508	
7	0	0	0	0	159	490	
8	0	0	0	0	167	504	
9	0	0	0	0	178	521	
10	0	0	0	0	194	534	
11	0	0	0	0	217	550	
12	0	0	0	0	244	576	
13	0	0	0	0	265	566	
14	0	0	0	0	275	607	
15	0	0	0	0	271	610	
0	0	0	0	0	260	608	
1	0	0	0	0	244	626	
2	0	0	0	0	220	682	
3	0	0	0	0	192	715	
4	0	0	0	0	160	676	
5	0	0	0	0	124	627	
6	0	0	0	0	89	612	
7	0	0	0	0	65	595	
8	0	0	0	0	59	595	
9	0	0	0	0	65	567	
10	0	0	0	0	77	556	
11	0	0	0	0	91	566	
12	0	0	0	0	109	561	
13	0	0	0	0	133	618	
14	0	0	0	0	159	636	
15	0	0	0	0	186	612	
0	0	0	0	0	206	555	
1	0	0	0	0	224	513	
2	0	0	0	0	243	476	
3	0	0	0	0	261	463	
4	0	0	0	0	277	454	
5	0	0	0	0	291	469	
6	0	0	0	0	301	465	
7	0	0	0	0	307	494	
8	0	0	0	0	307	513	
9	0	0	0	0	306	479	
10	0	0	0	0	303	462	
11	0	0	0	0	300	416	
12	0	0	0	0	296	409	
13	0	0	0	0	295	422	
14	0	0	0	0	295	432	
15	0	0	0	0	293	418	
0	0	0	0	0	289	426	
1	0	0	0	0	288	424	
2	0	0	0	0	287	411	
3	0	0	0	0	286	384	
4	0	0	0	0	285	379	
5	0	0	0	0	281	422	
6	0	0	0	0	280	434	
7	0	0	0	0	284	457	
8	0	0	0	0	305	470	
9	0	0	0	0	339	496	
10	0	0	0	0	376	492	
11	0	0	0	0	404	495	
12	0	0	0	0	411	517	
13	0	0	0	0	408	545	
14	0	0	0	0	397	536	
15	0	0	0	0	380	540	
0	0	0	0	0	361	531	
1	0	0	0	0	348	549	
2	0	0	0	0	338	543	
3	0	0	0	0	334	530	
4	0	0	0	0	329	556	
5	0	0	0	0	329	553	
6	0	0	0	0	329	529	
7	0	0	0	0	331	552	
8	0	0	0	0	328	532	
9	0	0	0	0	327	539	
10	0	0	0	0	325	536	
11	0	0	0	0	327	527	
12	0	0	0	0	330	494	
13	0	0	0	0	332	496	
14	0	0	0	0	340	515	
15	0	0	0	0	352	519	
0	0	0	0	0	365	538	
1	0	0	0	0	371	556	
2	0	0	0	0	372	532	
3	0	0	0	0	376	533	
4	0	0	0	0	385	517	
5	0	0	0	0	405	535	
6	0	0	0	0	427	542	
7	0	0	0	0	445	529	
8	0	0	0	0	451	482	
9	0	0	0	0	452	423	
10	0	0	0	0	449	341	
11	0	0	0	0	445	312	
12	0	0	0	0	448	327	
13	0	0	0	0	451	341	
14	0	0	0	0	452	380	
15	0	0	0	0	456	416	
0	0	0	0	0	463	433	
1	0	0	0	0	482	438	
2	0	0	0	0	508	426	
3	0	0	0	0	534	422	
4	0	0	0	0	561	440	
5	0	0	0	0	577	444	
6	0	0	0	0	579	368	
7	0	0	0	0	568	308	
8	0	0	0	0	553	296	
9	0	0	0	0	534	324	
10	0	0	0	0	518	312	
11	0	0	0	0	502	299	
12	0	0	0	0	486	303	
13	0	0	0	0	466	348	
14	0	0	0	0	443	364	
15	0	0	0	0	422	397	
0	0	0	0	0	406	385	
1	0	0	0	0	400	368	
2	0	0	0	0	399	343	
3	0	0	0	0	399	349	
4	0	0	0	0	397	345	
5	0	0	0	0	387	350	
6	0	0	0	0	370	355	
7	0	0	0	0	357	369	
8	0	0	0	0	352	407	
9	0	0	0	0	359	412	
10	0	0	0	0	366	419	
11	0	0	0	0	370	421	
12	0	0	0	0	374	423	
13	0	0	0	0	385	469	
14	0	0	0	0	400	453	
15	0	0	0	0	414	433	
0	0	0	0	0	424	406	
1	0	0	0	0	435	423	
2	0	0	0	0	443	409	
3	0	0	0	0	446	374	
4	0	0	0	0	448	313	
5	0	0	0	0	457	300	
6	0	0	0	0	479	328	
7	0	0	0	0	507	332	
8	0	0	0	0	530	325	
9	0	0	0	0	547	331	
10	0	0	0	0	566	325	
11	0	0	0	0	576	286	
12	0	0	0	0	575	255	
13	0	0	0	0	566	313	
14	0	0	0	0	560	370	
15	0	0	0	0	563	404	
0	0	0	0	0	572	420	
1	0	0	0	0	577	434	
2	0	0	0	0	580	446	
3	0	0	0	0	580	448	
4	0	0	0	0	582	482	
5	0	0	0	0	584	496	
6	0	0	0	0	598	487	
7	0	0	0	0	616	485	
8	0	0	0	0	638	499	
9	0	0	0	0	658	449	
10	0	0	0	0	667	420	
11	0	0	0	0	670	394	
12	0	0	0	0	667	367	
13	0	0	0	0	657	340	
14	0	0	0	0	643	356	
15	0	0	0	0	626	398	
0	0	0	0	0	613	431	
1	0	0	0	0	602	468	
2	0	0	0	0	593	475	
3	0	0	0	0	589	474	
4	0	0	0	0	583	473	
5	0	0	0	0	580	455	
6	0	0	0	0	577	442	
7	0	0	0	0	569	460	
8	0	0	0	0	559	482	
9	0	0	0	0	550	507	
10	0	0	0	0	543	517	
11	0	0	0	0	536	541	
12	0	0	0	0	531	569	
13	0	0	0	0	535	579	
14	0	0	0	0	541	583	
15	0	0	0	0	548	563	
0	0	0	0	0	555	543	
1	0	0	0	0	557	521	
2	0	0	0	0	558	484	
3	0	0	0	0	557	471	
4	0	0	0	0	558	484	
5	0	0	0	0	556	499	
6	0	0	0	0	553	523	
7	0	0	0	0	550	522	
8	0	0	0	0	543	513	
9	0	0	0	0	542	465	
10	0	0	0	0	545	458	
11	0	0	0	0	553	455	
12	0	0	0	0	567	418	
13	0	0	0	0	581	383	
14	0	0	0	0	595	368	
15	0	0	0	0	606	344	
0	0	0	0	0	616	328	
1	0	0	0	0	629	333	
2	0	0	0	0	641	356	
3	0	0	0	0	660	400	
4	0	0	0	0	685	409	
5	0	0	0	0	705	358	
6	0	0	0	0	725	360	
7	0	0	0	0	738	393	
8	0	0	0	0	741	383	
9	0	0	0	0	730	371	
10	0	0	0	0	708	385	
11	0	0	0	0	679	399	
12	0	0	0	0	647	400	
13	0	0	0	0	620	387	
14	0	0	0	0	604	371	
15	0	0	0	0	590	350	
0	0	0	0	0	573	366	
1	0	0	0	0	550	379	
2	0	0	0	0	526	415	
3	0	0	0	0	507	446	
4	0	0	0	0	487	469	
5	0	0	0	0	474	475	
6	0	0	0	0	473	488	
7	0	0	0	0	493	480	
8	0	0	0	0	521	476	
9	0	0	0	0	562	456	
10	0	0	0	0	608	429	
11	0	0	0	0	646	391	
12	0	0	0	0	671	382	
13	0	0	0	0	684	377	
14	0	0	0	0	684	349	
15	0	0	0	0	666	351	
0	0	0	0	0	640	324	
1	0	0	0	0	612	294	
2	0	0	0	0	591	306	
3	0	0	0	0	578	324	
4	0	0	0	0	567	337	
5	0	0	0	0	556	387	
6	0	0	0	0	546	435	
7	0	0	0	0	537	442	
8	0	0	0	0	532	420	
9	0	0	0	0	531	422	
10	0	0	0	0	539	452	
11	0	0	0	0	556	480	
12	0	0	0	0	582	465	
13	0	0	0	0	613	459	
14	0	0	0	0	647	469	
15	0	0	0	0	679	427	
0	0	0	0	0	703	391	
1	0	0	0	0	716	391	
2	0	0	0	0	718	398	
3	0	0	0	0	709	422	
4	0	0	0	0	690	438	
5	0	0	0	0	662	465	
6	0	0	0	0	636	481	
7	0	0	0	0	620	489	
8	0	0	0	0	612	521	
9	0	0	0	0	608	527	
10	0	0	0	0	612	524	
11	0	0	0	0	618	548	
12	0	0	0	0	617	549	
13	0	0	0	0	611	571	
14	0	0	0	0	602	527	
15	0	0	0	0	590	481	
0	0	0	0	0	585	465	
1	0	0	0	0	588	469	
2	0	0	0	0	589	436	
3	0	0	0	0	591	425	
4	0	0	0	0	599	427	
5	0	0	0	0	619	434	
6	0	0	0	0	647	452	
7	0	0	0	0	678	506	
8	0	0	0	0	699	527	
9	0	0	0	0	699	518	
10	0	0	0	0	683	511	
11	0	0	0	0	661	472	
12	0	0	0	0	636	404	
13	0	0	0	0	614	349	
14	0	0	0	0	606	330	
15	0	0	0	0	610	322	
0	0	0	0	0	622	310	
1	0	0	0	0	640	314	
2	0	0	0	0	658	327	
3	0	0	0	0	671	333	
4	0	0	0	0	671	319	
5	0	0	0	0	667	380	
6	0	0	0	0	660	420	
7	0	0	0	0	652	417	
8	0	0	0	0	643	419	
9	0	0	0	0	636	427	
10	0	0	0	0	628	434	
11	0	0	0	0	625	414	
12	0	0	0	0	623	423	
13	0	0	0	0	620	467	
14	0	0	0	0	613	497	
15	0	0	0	0	603	527	
0	0	0	0	0	592	563	
1	0	0	0	0	580	574	
2	0	0	0	0	575	548	
3	0	0	0	0	585	487	
4	0	0	0	0	603	422	
5	0	0	0	0	623	361	
6	0	0	0	0	641	391	
7	0	0	0	0	652	433	
8	0	0	0	0	659	462	
9	0	0	0	0	663	462	
10	0	0	0	0	664	469	
11	0	0	0	0	656	447	
12	0	0	0	0	641	430	
13	0	0	0	0	615	460	
14	0	0	0	0	588	491	
15	0	0	0	0	557	494	
0	0	0	0	0	525	513	
1	0	0	0	0	495	536	
2	0	0	0	0	468	551	
3	0	0	0	0	454	568	
4	0	0	0	0	453	562	
5	0	0	0	0	463	581	
6	0	0	0	0	479	603	
7	0	0	0	0	496	610	
8	0	0	0	0	511	593	
9	0	0	0	0	520	618	
10	0	0	0	0	525	572	
11	0	0	0	0	525	548	
12	0	0	0	0	521	548	
13	0	0	0	0	515	536	
14	0	0	0	0	508	505	
15	0	0	0	0	508	494	
0	0	0	0	0	528	494	
1	0	0	0	0	563	492	
2	0	0	0	0	600	499	
3	0	0	0	0	635	484	
4	0	0	0	0	659	460	
5	0	0	0	0	676	451	
6	0	0	0	0	684	433	
7	0	0	0	0	683	417	
8	0	0	0	0	673	380	
9	0	0	0	0	660	368	
10	0	0	0	0	641	369	
11	0	0	0	0	628	379	
12	0	0	0	0	616	380	
13	0	0	0	0	608	406	
14	0	0	0	0	606	431	
15	0	0	0	0	604	438	
0	0	0	0	0	604	440	
1	0	0	0	0	604	427	
2	0	0	0	0	601	454	
3	0	0	0	0	596	502	
4	0	0	0	0	589	518	
5	0	0	0	0	585	509	
6	0	0	0	0	589	497	
7	0	0	0	0	600	496	
8	0	0	0	0	615	499	
9	0	0	0	0	628	513	
10	0	0	0	0	638	495	
11	0	0	0	0	643	470	
12	0	0	0	0	641	429	
13	0	0	0	0	636	408	
14	0	0	0	0	623	422	
15	0	0	0	0	610	464	
0	0	0	0	0	598	445	
1	0	0	0	0	591	428	
2	0	0	0	0	584	414	
3	0	0	0	0	580	391	
4	0	0	0	0	575	395	
5	0	0	0	0	571	408	
6	0	0	0	0	574	420	
7	0	0	0	0	584	427	
8	0	0	0	0	594	425	
9	0	0	0	0	606	460	
10	0	0	0	0	619	451	
11	0	0	0	0	629	429	
12	0	0	0	0	630	371	
13	0	0	0	0	621	349	
14	0	0	0	0	598	375	
15	0	0	0	0	566	384	
0	0	0	0	0	536	385	
1	0	0	0	0	512	384	
2	0	0	0	0	501	429	
3	0	0	0	0	500	493	
4	0	0	0	0	505	518	
5	0	0	0	0	519	485	
6	0	0	0	0	536	432	
7	0	0	0	0	551	429	
8	0	0	0	0	566	468	
9	0	0	0	0	574	503	
10	0	0	0	0	573	536	
11	0	0	0	0	566	598	
12	0	0	0	0	565	610	
13	0	0	0	0	582	572	
14	0	0	0	0	611	537	
15	0	0	0	0	656	495	
0	0	0	0	0	700	447	
1	0	0	0	0	734	366	
2	0	0	0	0	761	341	
3	0	0	0	0	782	385	
4	0	0	0	0	790	418	
5	0	0	0	0	785	447	
6	0	0	0	0	775	455	
7	0	0	0	0	770	464	
8	0	0	0	0	765	489	
9	0	0	0	0	759	507	
10	0	0	0	0	750	453	
11	0	0	0	0	731	420	
12	0	0	0	0	701	432	
13	0	0	0	0	665	442	
14	0	0	0	0	632	454	
15	0	0	0	0	603	435	
0	0	0	0	0	576	425	
1	0	0	0	0	559	436	
2	0	0	0	0	547	449	
3	0	0	0	0	534	423	
4	0	0	0	0	516	426	
5	0	0	0	0	502	463	
6	0	0	0	0	496	536	
7	0	0	0	0	504	564	
8	0	0	0	0	527	609	
9	0	0	0	0	556	598	
10	0	0	0	0	582	552	
11	0	0	0	0	608	521	
12	0	0	0	0	636	488	
13	0	0	0	0	659	477	
14	0	0	0	0	679	460	
15	0	0	0	0	695	449	
0	0	0	0	0	702	461	
1	0	0	0	0	699	457	
2	0	0	0	0	694	412	
3	0	0	0	0	688	405	
4	0	0	0	0	677	405	
5	0	0	0	0	665	415	
6	0	0	0	0	657	432	
7	0	0	0	0	653	467	
8	0	0	0	0	650	475	
9	0	0	0	0	648	462	
10	0	0	0	0	640	427	
11	0	0	0	0	627	448	
12	0	0	0	0	614	459	
13	0	0	0	0	603	456	
14	0	0	0	0	594	416	
15	0	0	0	0	590	402	
0	0	0	0	0	593	403	
1	0	0	0	0	599	364	
2	0	0	0	0	603	342	
3	0	0	0	0	606	334	
4	0	0	0	0	609	334	
5	0	0	0	0	615	357	
6	0	0	0	0	618	383	
7	0	0	0	0	625	371	
8	0	0	0	0	640	406	
9	0	0	0	0	652	434	
10	0	0	0	0	659	432	
11	0	0	0	0	664	454	
12	0	0	0	0	667	473	
13	0	0	0	0	666	499	
14	0	0	0	0	667	535	
15	0	0	0	0	667	508	
0	0	0	0	0	668	473	
1	0	0	0	0	670	436	
2	0	0	0	0	670	418	
3	0	0	0	0	662	394	
4	0	0	0	0	651	380	
5	0	0	0	0	642	414	
6	0	0	0	0	637	426	
7	0	0	0	0	626	460	
8	0	0	0	0	611	502	
9	0	0	0	0	591	526	
10	0	0	0	0	575	560	
11	0	0	0	0	563	580	
12	0	0	0	0	557	605	
13	0	0	0	0	556	582	
14	0	0	0	0	559	546	
15	0	0	0	0	563	538	
0	0	0	0	0	568	542	
1	0	0	0	0	573	541	
2	0	0	0	0	573	512	
3	0	0	0	0	574	527	
4	0	0	0	0	587	552	
5	0	0	0	0	612	540	
6	0	0	0	0	632	504	
7	0	0	0	0	641	522	
8	0	0	0	0	638	500	
9	0	0	0	0	633	474	
10	0	0	0	0	638	482	
11	0	0	0	0	639	488	
12	0	0	0	0	633	496	
13	0	0	0	0	622	478	
14	0	0	0	0	602	442	
15	0	0	0	0	576	426	
0	0	0	0	0	546	448	
1	0	0	0	0	522	475	
2	0	0	0	0	504	501	
3	0	0	0	0	492	546	
4	0	0	0	0	487	533	
5	0	0	0	0	495	488	
6	0	0	0	0	508	488	
7	0	0	0	0	529	497	
8	0	0	0	0	556	491	
9	0	0	0	0	585	485	
10	0	0	0	0	614	526	
11	0	0	0	0	642	568	
12	0	0	0	0	669	584	
13	0	0	0	0	696	558	
14	0	0	0	0	724	527	
15	0	0	0	0	747	513	
0	0	0	0	0	763	480	
1	0	0	0	0	772	427	
2	0	0	0	0	775	430	
3	0	0	0	0	774	415	
4	0	0	0	0	767	442	
5	0	0	0	0	763	465	
6	0	0	0	0	767	465	
7	0	0	0	0	776	447	
8	0	0	0	0	783	468	
9	0	0	0	0	783	445	
10	0	0	0	0	784	428	
11	0	0	0	0	790	427	
12	0	0	0	0	789	399	
13	0	0	0	0	780	391	
14	0	0	0	0	768	427	
15	0	0	0	0	752	457	
0	0	0	0	0	735	474	
1	0	0	0	0	709	473	
2	0	0	0	0	683	462	
3	0	0	0	0	655	447	
4	0	0	0	0	627	478	
5	0	0	0	0	609	516	
6	0	0	0	0	598	547	
7	0	0	0	0	592	498	
8	0	0	0	0	587	470	
9	0	0	0	0	581	456	
10	0	0	0	0	577	496	
11	0	0	0	0	573	527	
12	0	0	0	0	568	572	
13	0	0	0	0	561	617	
14	0	0	0	0	560	623	
15	0	0	0	0	568	607	
0	0	0	0	0	582	602	
1	0	0	0	0	596	606	
2	0	0	0	0	606	585	
3	0	0	0	0	609	566	
4	0	0	0	0	611	550	
5	0	0	0	0	618	515	
6	0	0	0	0	624	476	
7	0	0	0	0	632	442	
8	0	0	0	0	638	452	
9	0	0	0	0	642	487	
10	0	0	0	0	643	540	
11	0	0	0	0	637	599	
12	0	0	0	0	625	598	
13	0	0	0	0	608	582	
14	0	0	0	0	594	558	
15	0	0	0	0	583	568	
0	0	0	0	0	584	562	
1	0	0	0	0	591	536	
2	0	0	0	0	596	503	
3	0	0	0	0	596	480	
4	0	0	0	0	595	487	
5	0	0	0	0	598	462	
6	0	0	0	0	611	509	
7	0	0	0	0	629	540	
8	0	0	0	0	645	559	
9	0	0	0	0	648	566	
10	0	0	0	0	639	558	
11	0	0	0	0	624	541	
12	0	0	0	0	610	521	
13	0	0	0	0	598	494	
14	0	0	0	0	588	433	
15	0	0	0	0	583	359	
0	0	0	0	0	583	284	
1	0	0	0	0	583	302	
2	0	0	0	0	583	353	
3	0	0	0	0	579	368	
4	0	0	0	0	573	395	
5	0	0	0	0	572	444	
6	0	0	0	0	573	475	
7	0	0	0	0	574	527	
8	0	0	0	0	572	602	
9	0	0	0	0	564	632	
10	0	0	0	0	561	638	
11	0	0	0	0	570	587	
12	0	0	0	0	584	516	
13	0	0	0	0	597	496	
14	0	0	0	0	600	475	
15	0	0	0	0	601	438	
0	0	0	0	0	603	407	
1	0	0	0	0	604	433	
2	0	0	0	0	606	485	
3	0	0	0	0	608	511	
4	0	0	0	0	609	490	
5	0	0	0	0	616	500	
6	0	0	0	0	624	507	
7	0	0	0	0	625	501	
8	0	0	0	0	620	470	
9	0	0	0	0	612	478	
10	0	0	0	0	605	493	
11	0	0	0	0	600	517	
12	0	0	0	0	595	519	
13	0	0	0	0	597	557	
14	0	0	0	0	600	568	
15	0	0	0	0	609	547	
0	0	0	0	0	621	530	
1	0	0	0	0	629	540	
2	0	0	0	0	631	530	
3	0	0	0	0	623	532	
4	0	0	0	0	610	561	
5	0	0	0	0	595	571	
6	0	0	0	0	572	602	
7	0	0	0	0	551	615	
8	0	0	0	0	527	625	
9	0	0	0	0	510	647	
10	0	0	0	0	502	668	
11	0	0	0	0	496	675	
12	0	0	0	0	493	687	
13	0	0	0	0	494	654	
14	0	0	0	0	496	607	
15	0	0	0	0	499	561	
0	0	0	0	0	502	545	
1	0	0	0	0	512	553	
2	0	0	0	0	527	588	
3	0	0	0	0	543	593	
4	0	0	0	0	545	592	
5	0	0	0	0	538	552	
6	0	0	0	0	531	511	
7	0	0	0	0	529	529	
8	0	0	0	0	527	561	
9	0	0	0	0	531	583	
10	0	0	0	0	538	572	
11	0	0	0	0	542	554	
12	0	0	0	0	542	587	
13	0	0	0	0	539	602	
14	0	0	0	0	540	601	
15	0	0	0	0	545	588	
0	0	0	0	0	550	531	
1	0	0	0	0	559	497	
2	0	0	0	0	564	465	
3	0	0	0	0	571	447	
4	0	0	0	0	579	449	
5	0	0	0	0	583	467	
6	0	0	0	0	590	519	
7	0	0	0	0	603	572	
8	0	0	0	0	616	567	
9	0	0	0	0	628	582	
10	0	0	0	0	635	555	
11	0	0	0	0	631	508	
12	0	0	0	0	622	519	
13	0	0	0	0	604	535	
14	0	0	0	0	594	544	
15	0	0	0	0	597	504	
0	0	0	0	0	604	505	
1	0	0	0	0	610	527	
2	0	0	0	0	611	550	
3	0	0	0	0	608	560	
4	0	0	0	0	603	589	
5	0	0	0	0	594	617	
6	0	0	0	0	586	641	
7	0	0	0	0	573	619	
8	0	0	0	0	562	609	
9	0	0	0	0	553	623	
10	0	0	0	0	551	652	
11	0	0	0	0	552	663	
12	0	0	0	0	550	614	
13	0	0	0	0	547	585	
14	0	0	0	0	540	591	
15	0	0	0	0	529	571	
0	0	0	0	0	517	528	
1	0	0	0	0	513	501	
2	0	0	0	0	515	501	
3	0	0	0	0	518	525	
4	0	0	0	0	525	532	
5	0	0	0	0	545	534	
6	0	0	0	0	575	570	
7	0	0	0	0	607	632	
8	0	0	0	0	627	648	
9	0	0	0	0	642	685	
10	0	0	0	0	659	705	
11	0	0	0	0	668	651	
12	0	0	0	0	665	632	
13	0	0	0	0	654	596	
14	0	0	0	0	638	582	
15	0	0	0	0	615	596	
0	0	0	0	0	593	598	
1	0	0	0	0	567	619	
2	0	0	0	0	529	602	
3	0	0	0	0	486	592	
4	0	0	0	0	447	577	
5	0	0	0	0	416	550	
6	0	0	0	0	389	520	
7	0	0	0	0	374	523	
8	0	0	0	0	365	526	
9	0	0	0	0	355	489	
10	0	0	0	0	355	491	
11	0	0	0	0	359	533	
12	0	0	0	0	365	564	
13	0	0	0	0	381	602	
14	0	0	0	0	404	640	
15	0	0	0	0	433	611	
0	0	0	0	0	459	583	
1	0	0	0	0	476	555	
2	0	0	0	0	487	535	
3	0	0	0	0	497	491	
4	0	0	0	0	511	462	
5	0	0	0	0	528	469	
6	0	0	0	0	542	487	
7	0	0	0	0	551	497	
8	0	0	0	0	552	525	
9	0	0	0	0	545	564	
10	0	0	0	0	540	540	
11	0	0	0	0	537	546	
12	0	0	0	0	539	556	
13	0	0	0	0	542	584	
14	0	0	0	0	554	604	
15	0	0	0	0	567	566	
0	0	0	0	0	574	524	
1	0	0	0	0	580	484	
2	0	0	0	0	585	490	
3	0	0	0	0	592	484	
4	0	0	0	0	603	469	
5	0	0	0	0	614	463	
6	0	0	0	0	630	444	
7	0	0	0	0	645	444	
8	0	0	0	0	660	432	
9	0	0	0	0	674	435	
10	0	0	0	0	681	451	
11	0	0	0	0	673	487	
12	0	0	0	0	652	490	
13	0	0	0	0	621	452	
14	0	0	0	0	584	446	
15	0	0	0	0	544	435	
0	0	0	0	0	500	441	
1	0	0	0	0	452	473	
2	0	0	0	0	412	526	
3	0	0	0	0	392	581	
4	0	0	0	0	391	595	
5	0	0	0	0	402	600	
6	0	0	0	0	422	635	
7	0	0	0	0	444	628	
8	0	0	0	0	466	575	
9	0	0	0	0	481	542	
10	0	0	0	0	491	515	
11	0	0	0	0	493	476	
12	0	0	0	0	494	465	
13	0	0	0	0	501	486	
14	0	0	0	0	509	472	
15	0	0	0	0	520	502	
0	0	0	0	0	534	533	
1	0	0	0	0	547	512	
2	0	0	0	0	560	527	
3	0	0	0	0	559	550	
4	0	0	0	0	552	582	
5	0	0	0	0	536	604	
6	0	0	0	0	518	653	
7	0	0	0	0	504	647	
8	0	0	0	0	493	632	
9	0	0	0	0	485	625	
10	0	0	0	0	481	624	
11	0	0	0	0	476	608	
12	0	0	0	0	470	615	
13	0	0	0	0	466	597	
14	0	0	0	0	462	620	
15	0	0	0	0	457	606	
0	0	0	0	0	455	579	
1	0	0	0	0	462	613	
2	0	0	0	0	473	623	
3	0	0	0	0	486	624	
4	0	0	0	0	497	628	
5	0	0	0	0	508	546	
6	0	0	0	0	532	542	
7	0	0	0	0	565	531	
8	0	0	0	0	595	495	
9	0	0	0	0	629	467	
10	0	0	0	0	656	475	
11	0	0	0	0	675	503	
12	0	0	0	0	679	515	
13	0	0	0	0	666	508	
14	0	0	0	0	645	500	
15	0	0	0	0	621	479	
0	0	0	0	0	596	527	
1	0	0	0	0	583	564	
2	0	0	0	0	579	547	
3	0	0	0	0	579	533	
4	0	0	0	0	572	519	
5	0	0	0	0	559	529	
6	0	0	0	0	536	564	
7	0	0	0	0	519	548	
8	0	0	0	0	514	541	
9	0	0	0	0	518	537	
10	0	0	0	0	525	514	
11	0	0	0	0	534	487	
12	0	0	0	0	546	511	
13	0	0	0	0	567	550	
14	0	0	0	0	599	545	
15	0	0	0	0	632	526	
0	0	0	0	0	662	465	
1	0	0	0	0	685	424	
2	0	0	0	0	690	406	
3	0	0	0	0	679	421	
4	0	0	0	0	664	413	
5	0	0	0	0	652	411	
6	0	0	0	0	640	456	
7	0	0	0	0	624	507	
8	0	0	0	0	605	548	
9	0	0	0	0	585	592	
10	0	0	0	0	561	631	
11	0	0	0	0	537	651	
12	0	0	0	0	518	644	
13	0	0	0	0	509	645	
14	0	0	0	0	510	654	
15	0	0	0	0	518	671	
0	0	0	0	0	534	683	
1	0	0	0	0	553	667	
2	0	0	0	0	575	625	
3	0	0	0	0	595	580	
4	0	0	0	0	612	547	
5	0	0	0	0	624	547	
6	0	0	0	0	632	553	
7	0	0	0	0	633	532	
8	0	0	0	0	632	518	
9	0	0	0	0	627	505	
10	0	0	0	0	620	476	
11	0	0	0	0	615	476	
12	0	0	0	0	613	512	
13	0	0	0	0	612	537	
14	0	0	0	0	610	536	
15	0	0	0	0	610	509	
0	0	0	0	0	611	480	
1	0	0	0	0	607	467	
2	0	0	0	0	606	491	
3	0	0	0	0	608	488	
4	0	0	0	0	613	455	
5	0	0	0	0	620	455	
6	0	0	0	0	625	477	
7	0	0	0	0	628	497	
8	0	0	0	0	626	520	
9	0	0	0	0	623	524	
10	0	0	0	0	616	484	
11	0	0	0	0	600	472	
12	0	0	0	0	583	464	
13	0	0	0	0	565	470	
14	0	0	0	0	557	497	
15	0	0	0	0	550	523	
0	0	0	0	0	539	511	
1	0	0	0	0	519	490	
2	0	0	0	0	497	515	
3	0	0	0	0	474	548	
4	0	0	0	0	457	575	
5	0	0	0	0	448	579	
6	0	0	0	0	445	599	
7	0	0	0	0	446	591	
8	0	0	0	0	450	568	
9	0	0	0	0	451	552	
10	0	0	0	0	445	540	
11	0	0	0	0	442	564	
12	0	0	0	0	444	560	
13	0	0	0	0	452	566	
14	0	0	0	0	463	529	
15	0	0	0	0	475	495	
0	0	0	0	0	501	488	
1	0	0	0	0	532	498	
2	0	0	0	0	561	499	
3	0	0	0	0	586	481	
4	0	0	0	0	606	466	
5	0	0	0	0	622	490	
6	0	0	0	0	636	512	
7	0	0	0	0	639	504	
8	0	0	0	0	635	504	
9	0	0	0	0	618	497	
10	0	0	0	0	595	508	
11	0	0	0	0	572	519	
12	0	0	0	0	556	515	
13	0	0	0	0	548	524	
14	0	0	0	0	552	542	
15	0	0	0	0	563	540	
0	0	0	0	0	579	524	
1	0	0	0	0	591	506	
2	0	0	0	0	599	526	
3	0	0	0	0	603	556	
4	0	0	0	0	604	575	
5	0	0	0	0	611	561	
6	0	0	0	0	622	559	
7	0	0	0	0	628	550	
8	0	0	0	0	633	559	
9	0	0	0	0	639	536	
10	0	0	0	0	643	545	
11	0	0	0	0	641	579	
12	0	0	0	0	632	561	
13	0	0	0	0	615	505	
14	0	0	0	0	595	484	
15	0	0	0	0	570	467	
0	0	0	0	0	543	435	
1	0	0	0	0	521	379	
2	0	0	0	0	508	409	
3	0	0	0	0	507	453	
4	0	0	0	0	519	530	
5	0	0	0	0	537	578	
6	0	0	0	0	553	644	
7	0	0	0	0	566	627	
8	0	0	0	0	572	605	
9	0	0	0	0	574	651	
10	0	0	0	0	571	644	
11	0	0	0	0	561	655	
12	0	0	0	0	550	684	
13	0	0	0	0	537	686	
14	0	0	0	0	525	617	
15	0	0	0	0	517	551	
0	0	0	0	0	512	519	
1	0	0	0	0	508	517	
2	0	0	0	0	503	518	
3	0	0	0	0	494	531	
4	0	0	0	0	496	560	
5	0	0	0	0	510	541	
6	0	0	0	0	527	527	
7	0	0	0	0	540	537	
8	0	0	0	0	547	519	
9	0	0	0	0	553	548	
10	0	0	0	0	558	600	
11	0	0	0	0	558	608	
12	0	0	0	0	561	568	
13	0	0	0	0	563	553	
14	0	0	0	0	561	519	
15	0	0	0	0	557	501	
0	0	0	0	0	548	532	
1	0	0	0	0	535	535	
2	0	0	0	0	518	502	
3	0	0	0	0	502	528	
4	0	0	0	0	492	577	
5	0	0	0	0	491	596	
6	0	0	0	0	490	574	
7	0	0	0	0	491	591	
8	0	0	0	0	491	606	
9	0	0	0	0	490	606	
10	0	0	0	0	488	602	
11	0	0	0	0	488	601	
12	0	0	0	0	487	577	
13	0	0	0	0	488	577	
14	0	0	0	0	487	580	
15	0	0	0	0	487	553	
0	0	0	0	0	487	542	
1	0	0	0	0	487	543	
2	0	0	0	0	496	544	
3	0	0	0	0	513	535	
4	0	0	0	0	534	536	
5	0	0	0	0	554	603	
6	0	0	0	0	569	623	
7	0	0	0	0	590	607	
8	0	0	0	0	610	569	
9	0	0	0	0	620	507	
10	0	0	0	0	627	496	
11	0	0	0	0	627	483	
12	0	0	0	0	620	496	
13	0	0	0	0	611	531	
14	0	0	0	0	598	509	
15	0	0	0	0	582	496	
0	0	0	0	0	567	491	
1	0	0	0	0	563	522	
2	0	0	0	0	570	532	
3	0	0	0	0	584	514	
4	0	0	0	0	600	476	
5	0	0	0	0	615	428	
6	0	0	0	0	626	422	
7	0	0	0	0	630	423	
8	0	0	0	0	630	455	
9	0	0	0	0	628	484	
10	0	0	0	0	620	441	
11	0	0	0	0	611	448	
12	0	0	0	0	606	429	
13	0	0	0	0	604	447	
14	0	0	0	0	601	470	
15	0	0	0	0	599	495	
0	0	0	0	0	600	523	
1	0	0	0	0	598	551	
2	0	0	0	0	594	564	
3	0	0	0	0	591	570	
4	0	0	0	0	591	574	
5	0	0	0	0	586	535	
6	0	0	0	0	577	524	
7	0	0	0	0	568	509	
8	0	0	0	0	570	509	
9	0	0	0	0	581	529	
10	0	0	0	0	595	499	
11	0	0	0	0	604	500	
12	0	0	0	0	615	466	
13	0	0	0	0	625	408	
14	0	0	0	0	629	370	
15	0	0	0	0	630	403	
0	0	0	0	0	631	439	
1	0	0	0	0	634	486	
2	0	0	0	0	633	483	
3	0	0	0	0	631	457	
4	0	0	0	0	626	465	
5	0	0	0	0	616	460	
6	0	0	0	0	601	479	
7	0	0	0	0	583	478	
8	0	0	0	0	566	480	
9	0	0	0	0	551	503	
10	0	0	0	0	533	458	
11	0	0	0	0	516	431	
12	0	0	0	0	502	431	
13	0	0	0	0	481	434	
14	0	0	0	0	463	443	
15	0	0	0	0	455	493	
0	0	0	0	0	453	502	
1	0	0	0	0	455	496	
2	0	0	0	0	456	506	
3	0	0	0	0	460	533	
4	0	0	0	0	464	575	
5	0	0	0	0	469	601	
6	0	0	0	0	473	604	
7	0	0	0	0	481	580	
8	0	0	0	0	498	582	
9	0	0	0	0	514	602	
10	0	0	0	0	537	610	
11	0	0	0	0	563	637	
12	0	0	0	0	588	586	
13	0	0	0	0	611	532	
14	0	0	0	0	633	502	
15	0	0	0	0	657	499	
0	0	0	0	0	679	468	
1	0	0	0	0	688	431	
2	0	0	0	0	681	403	
3	0	0	0	0	662	439	
4	0	0	0	0	630	481	
5	0	0	0	0	577	521	
6	0	0	0	0	518	536	
7	0	0	0	0	460	551	
8	0	0	0	0	420	559	
9	0	0	0	0	396	561	
10	0	0	0	0	383	600	
11	0	0	0	0	374	652	
12	0	0	0	0	372	693	
13	0	0	0	0	375	724	
14	0	0	0	0	383	702	
15	0	0	0	0	399	638	
0	0	0	0	0	415	602	
1	0	0	0	0	428	596	
2	0	0	0	0	439	562	
3	0	0	0	0	454	550	
4	0	0	0	0	470	576	
5	0	0	0	0	484	599	
6	0	0	0	0	491	583	
7	0	0	0	0	491	599	
8	0	0	0	0	492	624	
9	0	0	0	0	502	624	
10	0	0	0	0	516	614	
11	0	0	0	0	527	604	
12	0	0	0	0	528	615	
13	0	0	0	0	528	633	
14	0	0	0	0	525	644	
15	0	0	0	0	522	635	
0	0	0	0	0	519	625	
1	0	0	0	0	516	623	
2	0	0	0	0	510	597	
3	0	0	0	0	502	555	
4	0	0	0	0	493	539	
5	0	0	0	0	480	528	
6	0	0	0	0	468	531	
7	0	0	0	0	456	542	
8	0	0	0	0	446	533	
9	0	0	0	0	446	541	
10	0	0	0	0	447	546	
11	0	0	0	0	447	538	
12	0	0	0	0	450	542	
13	0	0	0	0	448	582	
14	0	0	0	0	440	571	
15	0	0	0	0	439	520	
0	0	0	0	0	449	493	
1	0	0	0	0	466	459	
2	0	0	0	0	489	471	
3	0	0	0	0	512	453	
4	0	0	0	0	535	446	
5	0	0	0	0	549	448	
6	0	0	0	0	551	476	
7	0	0	0	0	545	477	
8	0	0	0	0	534	467	
9	0	0	0	0	518	476	
10	0	0	0	0	497	466	
11	0	0	0	0	480	497	
12	0	0	0	0	475	503	
13	0	0	0	0	475	493	
14	0	0	0	0	471	492	
15	0	0	0	0	467	463	
0	0	0	0	0	461	474	
1	0	0	0	0	460	459	
2	0	0	0	0	459	469	
3	0	0	0	0	462	478	
4	0	0	0	0	464	487	
5	0	0	0	0	463	524	
6	0	0	0	0	460	577	
7	0	0	0	0	455	612	
8	0	0	0	0	449	643	
9	0	0	0	0	447	675	
10	0	0	0	0	450	713	
11	0	0	0	0	454	713	
12	0	0	0	0	464	696	
13	0	0	0	0	486	686	
14	0	0	0	0	512	683	
15	0	0	0	0	540	677	
0	0	0	0	0	569	689	
1	0	0	0	0	593	697	
2	0	0	0	0	606	636	
3	0	0	0	0	608	593	
4	0	0	0	0	596	586	
5	0	0	0	0	583	600	
6	0	0	0	0	564	605	
7	0	0	0	0	541	563	
8	0	0	0	0	519	494	
9	0	0	0	0	499	456	
10	0	0	0	0	477	487	
11	0	0	0	0	455	499	
12	0	0	0	0	435	513	
13	0	0	0	0	420	541	
14	0	0	0	0	411	584	
15	0	0	0	0	403	632	
0	0	0	0	0	392	658	
1	0	0	0	0	382	662	
2	0	0	0	0	382	681	
3	0	0	0	0	396	685	
4	0	0	0	0	427	671	
5	0	0	0	0	464	646	
6	0	0	0	0	497	606	
7	0	0	0	0	513	546	
8	0	0	0	0	516	536	
9	0	0	0	0	512	540	
10	0	0	0	0	519	582	
11	0	0	0	0	538	578	
12	0	0	0	0	560	539	
13	0	0	0	0	581	528	
14	0	0	0	0	598	524	
15	0	0	0	0	611	526	
0	0	0	0	0	619	521	
1	0	0	0	0	620	508	
2	0	0	0	0	620	491	
3	0	0	0	0	620	485	
4	0	0	0	0	611	502	
5	0	0	0	0	598	514	
6	0	0	0	0	580	565	
7	0	0	0	0	557	606	
8	0	0	0	0	533	541	
9	0	0	0	0	521	527	
10	0	0	0	0	535	530	
11	0	0	0	0	558	497	
12	0	0	0	0	580	460	
13	0	0	0	0	599	414	
14	0	0	0	0	614	454	
15	0	0	0	0	626	501	
0	0	0	0	0	636	524	
1	0	0	0	0	639	486	
2	0	0	0	0	634	457	
3	0	0	0	0	624	457	
4	0	0	0	0	609	440	
5	0	0	0	0	595	441	
6	0	0	0	0	583	463	
7	0	0	0	0	574	495	
8	0	0	0	0	563	532	
9	0	0	0	0	560	558	
10	0	0	0	0	567	591	
11	0	0	0	0	576	581	
12	0	0	0	0	587	563	
13	0	0	0	0	596	533	
14	0	0	0	0	615	492	
15	0	0	0	0	639	481	
0	0	0	0	0	649	473	
1	0	0	0	0	644	487	
2	0	0	0	0	630	504	
3	0	0	0	0	609	517	
4	0	0	0	0	580	519	
5	0	0	0	0	543	512	
6	0	0	0	0	505	535	
7	0	0	0	0	465	559	
8	0	0	0	0	432	608	
9	0	0	0	0	407	640	
10	0	0	0	0	392	632	
11	0	0	0	0	391	638	
12	0	0	0	0	392	616	
13	0	0	0	0	397	590	
14	0	0	0	0	409	603	
15	0	0	0	0	427	612	
0	0	0	0	0	451	611	
1	0	0	0	0	470	600	
2	0	0	0	0	485	580	
3	0	0	0	0	497	599	
4	0	0	0	0	502	600	
5	0	0	0	0	511	593	
6	0	0	0	0	520	600	
7	0	0	0	0	531	551	
8	0	0	0	0	539	537	
9	0	0	0	0	548	528	
10	0	0	0	0	553	518	
11	0	0	0	0	552	495	
12	0	0	0	0	553	477	
13	0	0	0	0	547	489	
14	0	0	0	0	540	516	
15	0	0	0	0	528	538	
0	0	0	0	0	515	556	
1	0	0	0	0	506	558	
2	0	0	0	0	500	550	
3	0	0	0	0	501	533	
4	0	0	0	0	507	445	
5	0	0	0	0	510	388	
6	0	0	0	0	506	403	
7	0	0	0	0	494	444	
8	0	0	0	0	484	462	
9	0	0	0	0	480	477	
10	0	0	0	0	476	504	
11	0	0	0	0	473	531	
12	0	0	0	0	474	561	
13	0	0	0	0	469	572	
14	0	0	0	0	458	580	
15	0	0	0	0	447	573	
0	0	0	0	0	438	577	
1	0	0	0	0	432	590	
2	0	0	0	0	435	569	
3	0	0	0	0	447	550	
4	0	0	0	0	457	557	
5	0	0	0	0	467	588	
6	0	0	0	0	475	562	
7	0	0	0	0	478	525	
8	0	0	0	0	476	531	
9	0	0	0	0	470	531	
10	0	0	0	0	458	511	
11	0	0	0	0	446	473	
12	0	0	0	0	439	451	
13	0	0	0	0	437	468	
14	0	0	0	0	443	509	
15	0	0	0	0	455	523	
0	0	0	0	0	469	528	
1	0	0	0	0	477	536	
2	0	0	0	0	484	563	
3	0	0	0	0	491	589	
4	0	0	0	0	492	605	
5	0	0	0	0	484	622	
6	0	0	0	0	474	649	
7	0	0	0	0	465	658	
8	0	0	0	0	461	617	
9	0	0	0	0	460	593	
10	0	0	0	0	464	576	
11	0	0	0	0	478	560	
12	0	0	0	0	491	552	
13	0	0	0	0	500	575	
14	0	0	0	0	504	558	
15	0	0	0	0	499	584	
0	0	0	0	0	493	576	
1	0	0	0	0	494	586	
2	0	0	0	0	503	558	
3	0	0	0	0	511	565	
4	0	0	0	0	515	566	
5	0	0	0	0	514	541	
6	0	0	0	0	512	551	
7	0	0	0	0	515	549	
8	0	0	0	0	520	542	
9	0	0	0	0	527	526	
10	0	0	0	0	528	499	
11	0	0	0	0	525	503	
12	0	0	0	0	509	517	
13	0	0	0	0	494	566	
14	0	0	0	0	479	572	
15	0	0	0	0	462	553	
0	0	0	0	0	451	538	
1	0	0	0	0	446	514	
2	0	0	0	0	443	447	
3	0	0	0	0	450	444	
4	0	0	0	0	465	486	
5	0	0	0	0	483	553	
6	0	0	0	0	500	595	
7	0	0	0	0	511	617	
8	0	0	0	0	518	627	
9	0	0	0	0	522	598	
10	0	0	0	0	522	572	
11	0	0	0	0	524	566	
12	0	0	0	0	532	574	
13	0	0	0	0	540	561	
14	0	0	0	0	547	553	
15	0	0	0	0	553	510	
0	0	0	0	0	553	493	
1	0	0	0	0	550	480	
2	0	0	0	0	544	465	
3	0	0	0	0	533	491	
4	0	0	0	0	518	495	
5	0	0	0	0	503	481	
6	0	0	0	0	487	480	
7	0	0	0	0	480	487	
8	0	0	0	0	471	510	
9	0	0	0	0	455	512	
10	0	0	0	0	439	513	
11	0	0	0	0	425	494	
12	0	0	0	0	414	505	
13	0	0	0	0	410	535	
14	0	0	0	0	414	555	
15	0	0	0	0	423	549	
0	0	0	0	0	439	553	
1	0	0	0	0	457	579	
2	0	0	0	0	476	556	
3	0	0	0	0	495	551	
4	0	0	0	0	514	511	
5	0	0	0	0	532	499	
6	0	0	0	0	548	503	
7	0	0	0	0	557	508	
8	0	0	0	0	563	498	
9	0	0	0	0	566	490	
10	0	0	0	0	571	452	
11	0	0	0	0	577	462	
12	0	0	0	0	575	521	
13	0	0	0	0	565	559	
14	0	0	0	0	548	537	
15	0	0	0	0	529	517	
0	0	0	0	0	513	527	
1	0	0	0	0	501	533	
2	0	0	0	0	496	535	
3	0	0	0	0	491	509	
4	0	0	0	0	488	492	
5	0	0	0	0	486	511	
6	0	0	0	0	488	536	
7	0	0	0	0	491	572	
8	0	0	0	0	493	558	
9	0	0	0	0	499	564	
10	0	0	0	0	509	554	
11	0	0	0	0	521	520	
12	0	0	0	0	533	487	
13	0	0	0	0	539	456	
14	0	0	0	0	542	433	
15	0	0	0	0	545	425	
0	0	0	0	0	545	433	
1	0	0	0	0	545	489	
2	0	0	0	0	537	548	
3	0	0	0	0	522	589	
4	0	0	0	0	500	588	
5	0	0	0	0	480	579	
6	0	0	0	0	469	553	
7	0	0	0	0	471	531	
8	0	0	0	0	487	531	
9	0	0	0	0	502	519	
10	0	0	0	0	510	462	
11	0	0	0	0	512	451	
12	0	0	0	0	508	428	
13	0	0	0	0	502	432	
14	0	0	0	0	490	417	
15	0	0	0	0	483	403	
0	0	0	0	0	488	391	
1	0	0	0	0	502	394	
2	0	0	0	0	515	412	
3	0	0	0	0	521	417	
4	0	0	0	0	524	374	
5	0	0	0	0	527	349	
6	0	0	0	0	525	377	
7	0	0	0	0	520	418	
8	0	0	0	0	513	432	
9	0	0	0	0	502	456	
10	0	0	0	0	490	478	
11	0	0	0	0	478	480	
12	0	0	0	0	473	494	
13	0	0	0	0	474	470	
14	0	0	0	0	478	460	
15	0	0	0	0	481	483	
0	0	0	0	0	483	512	
1	0	0	0	0	487	531	
2	0	0	0	0	491	585	
3	0	0	0	0	496	638	
4	0	0	0	0	498	651	
5	0	0	0	0	502	651	
6	0	0	0	0	509	644	
7	0	0	0	0	515	620	
8	0	0	0	0	523	568	
9	0	0	0	0	534	531	
10	0	0	0	0	546	524	
11	0	0	0	0	559	539	
12	0	0	0	0	570	539	
13	0	0	0	0	577	536	
14	0	0	0	0	584	529	
15	0	0	0	0	587	504	
0	0	0	0	0	582	476	
1	0	0	0	0	565	462	
2	0	0	0	0	544	479	
3	0	0	0	0	527	484	
4	0	0	0	0	513	463	
5	0	0	0	0	503	472	
6	0	0	0	0	494	482	
7	0	0	0	0	482	459	
8	0	0	0	0	467	433	
9	0	0	0	0	455	419	
10	0	0	0	0	448	447	
11	0	0	0	0	454	481	
12	0	0	0	0	470	491	
13	0	0	0	0	483	506	
14	0	0	0	0	496	504	
15	0	0	0	0	508	494	
0	0	0	0	0	522	491	
1	0	0	0	0	532	499	
2	0	0	0	0	547	511	
3	0	0	0	0	563	494	
4	0	0	0	0	574	431	
5	0	0	0	0	585	426	
6	0	0	0	0	599	443	
7	0	0	0	0	612	479	
8	0	0	0	0	621	473	
9	0	0	0	0	622	423	
10	0	0	0	0	621	382	
11	0	0	0	0	624	408	
12	0	0	0	0	624	438	
13	0	0	0	0	618	416	
14	0	0	0	0	608	435	
15	0	0	0	0	591	468	
0	0	0	0	0	572	472	
1	0	0	0	0	551	488	
2	0	0	0	0	525	487	
3	0	0	0	0	493	466	
4	0	0	0	0	464	478	
5	0	0	0	0	440	523	
6	0	0	0	0	423	557	
7	0	0	0	0	416	606	
8	0	0	0	0	415	639	
9	0	0	0	0	418	657	
10	0	0	0	0	428	650	
11	0	0	0	0	443	629	
12	0	0	0	0	459	595	
13	0	0	0	0	470	563	
14	0	0	0	0	479	526	
15	0	0	0	0	488	499	
0	0	0	0	0	496	451	
1	0	0	0	0	507	437	
2	0	0	0	0	521	413	
3	0	0	0	0	537	410	
4	0	0	0	0	551	423	
5	0	0	0	0	563	453	
6	0	0	0	0	568	513	
7	0	0	0	0	563	575	
8	0	0	0	0	550	566	
9	0	0	0	0	536	481	
10	0	0	0	0	524	432	
11	0	0	0	0	514	433	
12	0	0	0	0	511	392	
13	0	0	0	0	512	394	
14	0	0	0	0	514	411	
15	0	0	0	0	519	420	
0	0	0	0	0	525	436	
1	0	0	0	0	535	464	
2	0	0	0	0	547	473	
3	0	0	0	0	556	456	
4	0	0	0	0	564	433	
5	0	0	0	0	571	413	
6	0	0	0	0	578	344	
7	0	0	0	0	583	319	
8	0	0	0	0	584	311	
9	0	0	0	0	582	334	
10	0	0	0	0	579	386	
11	0	0	0	0	579	420	
12	0	0	0	0	585	440	
13	0	0	0	0	600	467	
14	0	0	0	0	620	479	
15	0	0	0	0	636	458	
0	0	0	0	0	643	434	
1	0	0	0	0	640	458	
2	0	0	0	0	630	490	
3	0	0	0	0	611	513	
4	0	0	0	0	591	539	
5	0	0	0	0	574	520	
6	0	0	0	0	561	515	
7	0	0	0	0	552	519	
8	0	0	0	0	547	495	
9	0	0	0	0	542	536	
10	0	0	0	0	536	575	
11	0	0	0	0	535	614	
12	0	0	0	0	533	628	
13	0	0	0	0	530	615	
14	0	0	0	0	524	581	
15	0	0	0	0	515	529	
0	0	0	0	0	519	494	
1	0	0	0	0	531	485	
2	0	0	0	0	547	481	
3	0	0	0	0	559	467	
4	0	0	0	0	568	453	
5	0	0	0	0	565	439	
6	0	0	0	0	558	438	
7	0	0	0	0	548	473	
8	0	0	0	0	536	472	
9	0	0	0	0	525	463	
10	0	0	0	0	525	439	
11	0	0	0	0	531	381	
12	0	0	0	0	539	375	
13	0	0	0	0	538	401	
14	0	0	0	0	522	466	
15	0	0	0	0	487	549	
0	0	0	0	0	445	583	
1	0	0	0	0	414	583	
2	0	0	0	0	399	560	
3	0	0	0	0	400	523	
4	0	0	0	0	414	523	
5	0	0	0	0	440	540	
6	0	0	0	0	471	552	
7	0	0	0	0	496	565	
8	0	0	0	0	514	575	
9	0	0	0	0	530	577	
10	0	0	0	0	541	575	
11	0	0	0	0	547	583	
12	0	0	0	0	553	579	
13	0	0	0	0	553	596	
14	0	0	0	0	550	615	
15	0	0	0	0	543	607	
0	0	0	0	0	540	595	
1	0	0	0	0	544	596	
2	0	0	0	0	555	605	
3	0	0	0	0	568	550	
4	0	0	0	0	583	523	
5	0	0	0	0	600	507	
6	0	0	0	0	611	511	
7	0	0	0	0	614	519	
8	0	0	0	0	609	505	
9	0	0	0	0	607	496	
10	0	0	0	0	609	472	
11	0	0	0	0	612	476	
12	0	0	0	0	621	449	
13	0	0	0	0	628	435	
14	0	0	0	0	641	434	
15	0	0	0	0	657	423	
0	0	0	0	0	673	432	
1	0	0	0	0	691	362	
2	0	0	0	0	706	333	
3	0	0	0	0	710	323	
4	0	0	0	0	700	332	
5	0	0	0	0	682	402	
6	0	0	0	0	659	489	
7	0	0	0	0	635	520	
8	0	0	0	0	610	516	
9	0	0	0	0	579	531	
10	0	0	0	0	547	492	
11	0	0	0	0	521	500	
12	0	0	0	0	496	509	
13	0	0	0	0	473	499	
14	0	0	0	0	461	519	
15	0	0	0	0	460	517	
0	0	0	0	0	467	526	
1	0	0	0	0	475	525	
2	0	0	0	0	473	530	
3	0	0	0	0	471	534	
4	0	0	0	0	467	495	
5	0	0	0	0	464	481	
6	0	0	0	0	461	494	
7	0	0	0	0	457	496	
8	0	0	0	0	460	477	
9	0	0	0	0	477	494	
10	0	0	0	0	509	486	
11	0	0	0	0	544	435	
12	0	0	0	0	580	414	
13	0	0	0	0	610	444	
14	0	0	0	0	624	461	
15	0	0	0	0	623	487	
0	0	0	0	0	612	517	
1	0	0	0	0	595	549	
2	0	0	0	0	581	529	
3	0	0	0	0	565	496	
4	0	0	0	0	549	460	
5	0	0	0	0	534	428	
6	0	0	0	0	527	437	
7	0	0	0	0	528	440	
8	0	0	0	0	528	446	
9	0	0	0	0	522	453	
10	0	0	0	0	521	469	
11	0	0	0	0	525	499	
12	0	0	0	0	524	538	
13	0	0	0	0	527	574	
14	0	0	0	0	550	564	
15	0	0	0	0	578	561	
0	0	0	0	0	600	534	
1	0	0	0	0	618	526	
2	0	0	0	0	630	483	
3	0	0	0	0	632	457	
4	0	0	0	0	629	439	
5	0	0	0	0	618	457	
6	0	0	0	0	605	478	
7	0	0	0	0	590	497	
8	0	0	0	0	575	490	
9	0	0	0	0	563	505	
10	0	0	0	0	551	509	
11	0	0	0	0	537	475	
12	0	0	0	0	524	452	
13	0	0	0	0	513	448	
14	0	0	0	0	503	465	
15	0	0	0	0	495	472	
0	0	0	0	0	497	466	
1	0	0	0	0	505	476	
2	0	0	0	0	518	510	
3	0	0	0	0	529	545	
4	0	0	0	0	543	561	
5	0	0	0	0	557	563	
6	0	0	0	0	556	537	
7	0	0	0	0	553	523	
8	0	0	0	0	551	554	
9	0	0	0	0	550	551	
10	0	0	0	0	546	549	
11	0	0	0	0	542	526	
12	0	0	0	0	534	558	
13	0	0	0	0	520	553	
14	0	0	0	0	512	532	
15	0	0	0	0	512	566	
0	0	0	0	0	516	593	
1	0	0	0	0	519	570	
2	0	0	0	0	519	533	
3	0	0	0	0	520	497	
4	0	0	0	0	531	508	
5	0	0	0	0	547	469	
6	0	0	0	0	567	468	
7	0	0	0	0	589	486	
8	0	0	0	0	611	484	
9	0	0	0	0	628	472	
10	0	0	0	0	634	460	
11	0	0	0	0	633	444	
12	0	0	0	0	624	447	
13	0	0	0	0	605	477	
14	0	0	0	0	580	525	
15	0	0	0	0	545	551	
0	0	0	0	0	508	519	
1	0	0	0	0	476	478	
2	0	0	0	0	450	477	
3	0	0	0	0	430	504	
4	0	0	0	0	417	551	
5	0	0	0	0	412	572	
6	0	0	0	0	416	594	
7	0	0	0	0	428	627	
8	0	0	0	0	441	621	
9	0	0	0	0	448	598	
10	0	0	0	0	455	562	
11	0	0	0	0	464	496	
12	0	0	0	0	479	486	
13	0	0	0	0	491	481	
14	0	0	0	0	503	448	
15	0	0	0	0	514	422	
0	0	0	0	0	527	428	
1	0	0	0	0	543	460	
2	0	0	0	0	556	501	
3	0	0	0	0	563	455	
4	0	0	0	0	563	475	
5	0	0	0	0	562	435	
6	0	0	0	0	567	396	
7	0	0	0	0	577	395	
8	0	0	0	0	591	391	
9	0	0	0	0	607	424	
10	0	0	0	0	618	479	
11	0	0	0	0	622	490	
12	0	0	0	0	615	487	
13	0	0	0	0	608	483	
14	0	0	0	0	601	472	
15	0	0	0	0	596	494	
0	0	0	0	0	589	479	
1	0	0	0	0	578	460	
2	0	0	0	0	565	472	
3	0	0	0	0	548	483	
4	0	0	0	0	539	482	
5	0	0	0	0	544	463	
6	0	0	0	0	547	473	
7	0	0	0	0	542	494	
8	0	0	0	0	534	529	
9	0	0	0	0	529	532	
10	0	0	0	0	531	548	
11	0	0	0	0	532	537	
12	0	0	0	0	523	521	
13	0	0	0	0	504	497	
14	0	0	0	0	483	499	
15	0	0	0	0	467	489	
0	0	0	0	0	462	524	
1	0	0	0	0	476	533	
2	0	0	0	0	498	553	
3	0	0	0	0	513	571	
4	0	0	0	0	521	565	
5	0	0	0	0	529	555	
6	0	0	0	0	534	550	
7	0	0	0	0	539	510	
8	0	0	0	0	555	467	
9	0	0	0	0	575	483	
10	0	0	0	0	590	479	
11	0	0	0	0	603	409	
12	0	0	0	0	615	366	
13	0	0	0	0	623	373	
14	0	0	0	0	615	431	
15	0	0	0	0	596	505	
0	0	0	0	0	575	546	
1	0	0	0	0	556	548	
2	0	0	0	0	536	561	
3	0	0	0	0	518	582	
4	0	0	0	0	497	605	
5	0	0	0	0	472	598	
6	0	0	0	0	452	565	
7	0	0	0	0	439	521	
8	0	0	0	0	430	455	
9	0	0	0	0	431	457	
10	0	0	0	0	441	463	
11	0	0	0	0	463	449	
12	0	0	0	0	487	451	
13	0	0	0	0	506	499	
14	0	0	0	0	525	503	
15	0	0	0	0	547	497	
0	0	0	0	0	575	508	
1	0	0	0	0	599	474	
2	0	0	0	0	622	467	
3	0	0	0	0	642	437	
4	0	0	0	0	652	424	
5	0	0	0	0	654	404	
6	0	0	0	0	648	391	
7	0	0	0	0	638	374	
8	0	0	0	0	622	403	
9	0	0	0	0	608	432	
10	0	0	0	0	601	463	
11	0	0	0	0	608	431	
12	0	0	0	0	630	427	
13	0	0	0	0	652	469	
14	0	0	0	0	679	518	
15	0	0	0	0	702	556	
0	0	0	0	0	711	591	
1	0	0	0	0	711	580	
2	0	0	0	0	700	569	
3	0	0	0	0	675	503	
4	0	0	0	0	644	459	
5	0	0	0	0	603	431	
6	0	0	0	0	562	439	
7	0	0	0	0	524	475	
8	0	0	0	0	486	509	
9	0	0	0	0	450	543	
10	0	0	0	0	419	573	
11	0	0	0	0	395	591	
12	0	0	0	0	380	588	
13	0	0	0	0	378	568	
14	0	0	0	0	388	558	
15	0	0	0	0	400	548	
0	0	0	0	0	413	542	
1	0	0	0	0	431	541	
2	0	0	0	0	455	515	
3	0	0	0	0	483	537	
4	0	0	0	0	511	568	
5	0	0	0	0	541	607	
6	0	0	0	0	566	624	
7	0	0	0	0	588	590	
8	0	0	0	0	604	593	
9	0	0	0	0	608	611	
10	0	0	0	0	607	621	
11	0	0	0	0	600	610	
12	0	0	0	0	597	572	
13	0	0	0	0	603	510	
14	0	0	0	0	612	485	
15	0	0	0	0	624	459	
0	0	0	0	0	637	443	
1	0	0	0	0	643	453	
2	0	0	0	0	646	510	
3	0	0	0	0	637	474	
4	0	0	0	0	629	455	
5	0	0	0	0	620	488	
6	0	0	0	0	614	525	
7	0	0	0	0	613	535	
8	0	0	0	0	619	523	
9	0	0	0	0	623	507	
10	0	0	0	0	624	513	
11	0	0	0	0	626	509	
12	0	0	0	0	622	527	
13	0	0	0	0	612	506	
14	0	0	0	0	600	452	
15	0	0	0	0	587	445	
0	0	0	0	0	575	433	
1	0	0	0	0	567	431	
2	0	0	0	0	557	487	
3	0	0	0	0	553	553	
4	0	0	0	0	549	608	
5	0	0	0	0	543	614	
6	0	0	0	0	541	590	
7	0	0	0	0	533	594	
8	0	0	0	0	519	606	
9	0	0	0	0	512	545	
10	0	0	0	0	525	503	
11	0	0	0	0	552	472	
12	0	0	0	0	583	483	
13	0	0	0	0	610	506	
14	0	0	0	0	633	497	
15	0	0	0	0	648	498	
0	0	0	0	0	659	450	
1	0	0	0	0	661	457	
2	0	0	0	0	654	473	
3	0	0	0	0	636	469	
4	0	0	0	0	608	454	
5	0	0	0	0	577	496	
6	0	0	0	0	538	538	
7	0	0	0	0	493	510	
8	0	0	0	0	447	489	
9	0	0	0	0	405	511	
10	0	0	0	0	375	511	
11	0	0	0	0	353	508	
12	0	0	0	0	339	522	
13	0	0	0	0	342	545	
14	0	0	0	0	357	571	
15	0	0	0	0	374	575	
0	0	0	0	0	386	547	
1	0	0	0	0	396	563	
2	0	0	0	0	413	584	
3	0	0	0	0	429	585	
4	0	0	0	0	436	572	
5	0	0	0	0	437	567	
6	0	0	0	0	440	574	
7	0	0	0	0	444	596	
8	0	0	0	0	454	662	
9	0	0	0	0	471	657	
10	0	0	0	0	496	625	
11	0	0	0	0	517	545	
12	0	0	0	0	536	470	
13	0	0	0	0	555	461	
14	0	0	0	0	568	462	
15	0	0	0	0	573	445	
0	0	0	0	0	575	465	
1	0	0	0	0	575	483	
2	0	0	0	0	572	520	
3	0	0	0	0	569	552	
4	0	0	0	0	569	552	
5	0	0	0	0	568	545	
6	0	0	0	0	572	548	
7	0	0	0	0	580	563	
8	0	0	0	0	591	588	
9	0	0	0	0	601	561	
10	0	0	0	0	608	526	
11	0	0	0	0	608	476	
12	0	0	0	0	598	464	
13	0	0	0	0	584	444	
14	0	0	0	0	578	434	
15	0	0	0	0	577	422	
0	0	0	0	0	578	447	
1	0	0	0	0	579	467	
2	0	0	0	0	586	485	
3	0	0	0	0	608	509	
4	0	0	0	0	635	510	
5	0	0	0	0	664	500	
6	0	0	0	0	700	504	
7	0	0	0	0	733	478	
8	0	0	0	0	754	485	
9	0	0	0	0	753	496	
10	0	0	0	0	725	483	
11	0	0	0	0	675	496	
12	0	0	0	0	608	519	
13	0	0	0	0	540	552	
14	0	0	0	0	480	573	
15	0	0	0	0	430	575	
0	0	0	0	0	388	583	
1	0	0	0	0	356	584	
2	0	0	0	0	327	589	
3	0	0	0	0	291	601	
4	0	0	0	0	258	585	
5	0	0	0	0	244	601	
6	0	0	0	0	246	614	
7	0	0	0	0	248	641	
8	0	0	0	0	252	607	
9	0	0	0	0	271	620	
10	0	0	0	0	302	632	
11	0	0	0	0	335	629	
12	0	0	0	0	367	620	
13	0	0	0	0	406	619	
14	0	0	0	0	456	601	
15	0	0	0	0	516	541	
0	0	0	0	0	587	474	
1	0	0	0	0	658	423	
2	0	0	0	0	719	387	
3	0	0	0	0	767	404	
4	0	0	0	0	796	387	
5	0	0	0	0	812	405	
6	0	0	0	0	815	371	
7	0	0	0	0	810	399	
8	0	0	0	0	793	431	
9	0	0	0	0	764	457	
10	0	0	0	0	738	461	
11	0	0	0	0	711	467	
12	0	0	0	0	678	419	
13	0	0	0	0	644	402	
14	0	0	0	0	610	433	
15	0	0	0	0	579	492	
0	0	0	0	0	547	549	
1	0	0	0	0	510	606	
2	0	0	0	0	463	618	
3	0	0	0	0	414	627	
4	0	0	0	0	378	643	
5	0	0	0	0	364	637	
6	0	0	0	0	361	656	
7	0	0	0	0	365	651	
8	0	0	0	0	367	625	
9	0	0	0	0	362	591	
10	0	0	0	0	351	576	
11	0	0	0	0	337	595	
12	0	0	0	0	327	618	
13	0	0	0	0	327	612	
14	0	0	0	0	335	619	
15	0	0	0	0	350	651	
0	0	0	0	0	370	654	
1	0	0	0	0	393	627	
2	0	0	0	0	408	600	
3	0	0	0	0	412	625	
4	0	0	0	0	408	652	
5	0	0	0	0	398	645	
6	0	0	0	0	385	672	
7	0	0	0	0	374	651	
8	0	0	0	0	368	575	
9	0	0	0	0	364	527	
10	0	0	0	0	363	525	
11	0	0	0	0	366	485	
12	0	0	0	0	368	463	
13	0	0	0	0	373	440	
14	0	0	0	0	374	418	
15	0	0	0	0	376	430	
0	0	0	0	0	379	478	
1	0	0	0	0	382	522	
2	0	0	0	0	384	596	
3	0	0	0	0	385	687	
4	0	0	0	0	383	710	
5	0	0	0	0	384	697	
6	0	0	0	0	384	655	
7	0	0	0	0	382	641	
8	0	0	0	0	389	630	
9	0	0	0	0	404	627	
10	0	0	0	0	420	585	
11	0	0	0	0	440	571	
12	0	0	0	0	468	520	
13	0	0	0	0	499	511	
14	0	0	0	0	524	501	
15	0	0	0	0	547	482	
0	0	0	0	0	563	467	
1	0	0	0	0	576	486	
2	0	0	0	0	583	465	
3	0	0	0	0	587	448	
4	0	0	0	0	590	460	
5	0	0	0	0	588	445	
6	0	0	0	0	579	451	
7	0	0	0	0	560	467	
8	0	0	0	0	538	465	
9	0	0	0	0	515	487	
10	0	0	0	0	492	478	
11	0	0	0	0	476	483	
12	0	0	0	0	459	505	
13	0	0	0	0	448	548	
14	0	0	0	0	441	587	
15	0	0	0	0	435	600	
0	0	0	0	0	430	611	
1	0	0	0	0	426	581	
2	0	0	0	0	433	544	
3	0	0	0	0	445	511	
4	0	0	0	0	460	487	
5	0	0	0	0	478	455	
6	0	0	0	0	497	452	
7	0	0	0	0	528	426	
8	0	0	0	0	574	412	
9	0	0	0	0	620	405	
10	0	0	0	0	656	410	
11	0	0	0	0	669	362	
12	0	0	0	0	667	406	
13	0	0	0	0	654	442	
14	0	0	0	0	642	440	
15	0	0	0	0	630	461	
0	0	0	0	0	613	482	
1	0	0	0	0	591	531	
2	0	0	0	0	568	521	
3	0	0	0	0	541	537	
4	0	0	0	0	512	580	
5	0	0	0	0	476	593	
6	0	0	0	0	437	595	
7	0	0	0	0	399	598	
8	0	0	0	0	359	613	
9	0	0	0	0	327	611	
10	0	0	0	0	313	617	
11	0	0	0	0	316	627	
12	0	0	0	0	327	646	
13	0	0	0	0	343	659	
14	0	0	0	0	363	652	
15	0	0	0	0	388	657	
0	0	0	0	0	422	638	
1	0	0	0	0	458	586	
2	0	0	0	0	488	552	
3	0	0	0	0	510	524	
4	0	0	0	0	526	503	
5	0	0	0	0	542	483	
6	0	0	0	0	560	459	
7	0	0	0	0	578	439	
8	0	0	0	0	591	434	
9	0	0	0	0	591	439	
10	0	0	0	0	576	455	
11	0	0	0	0	558	459	
12	0	0	0	0	538	459	
13	0	0	0	0	510	503	
14	0	0	0	0	480	568	
15	0	0	0	0	446	595	
0	0	0	0	0	414	602	
1	0	0	0	0	387	647	
2	0	0	0	0	361	615	
3	0	0	0	0	337	557	
4	0	0	0	0	323	516	
5	0	0	0	0	322	551	
6	0	0	0	0	336	603	
7	0	0	0	0	354	608	
8	0	0	0	0	371	612	
9	0	0	0	0	384	646	
10	0	0	0	0	396	658	
11	0	0	0	0	411	652	
12	0	0	0	0	431	638	
13	0	0	0	0	451	653	
14	0	0	0	0	471	680	
15	0	0	0	0	486	671	
0	0	0	0	0	504	639	
1	0	0	0	0	516	611	
2	0	0	0	0	515	606	
3	0	0	0	0	510	595	
4	0	0	0	0	508	592	
5	0	0	0	0	510	589	
6	0	0	0	0	518	588	
7	0	0	0	0	526	559	
8	0	0	0	0	531	524	
9	0	0	0	0	536	480	
10	0	0	0	0	544	481	
11	0	0	0	0	563	511	
12	0	0	0	0	585	529	
13	0	0	0	0	614	494	
14	0	0	0	0	640	505	
15	0	0	0	0	654	501	
0	0	0	0	0	656	507	
1	0	0	0	0	646	531	
2	0	0	0	0	616	573	
3	0	0	0	0	571	560	
4	0	0	0	0	515	523	
5	0	0	0	0	460	516	
6	0	0	0	0	409	530	
7	0	0	0	0	367	521	
8	0	0	0	0	338	537	
9	0	0	0	0	319	523	
10	0	0	0	0	308	519	
11	0	0	0	0	306	560	
12	0	0	0	0	315	608	
13	0	0	0	0	333	628	
14	0	0	0	0	353	593	
15	0	0	0	0	376	560	
0	0	0	0	0	395	561	
1	0	0	0	0	408	567	
2	0	0	0	0	420	564	
3	0	0	0	0	432	583	
4	0	0	0	0	448	576	
5	0	0	0	0	466	527	
6	0	0	0	0	480	515	
7	0	0	0	0	490	512	
8	0	0	0	0	492	511	
9	0	0	0	0	487	524	
10	0	0	0	0	475	521	
11	0	0	0	0	464	515	
12	0	0	0	0	456	521	
13	0	0	0	0	450	483	
14	0	0	0	0	441	451	
15	0	0	0	0	434	435	
0	0	0	0	0	432	439	
1	0	0	0	0	439	467	
2	0	0	0	0	452	480	
3	0	0	0	0	467	497	
4	0	0	0	0	473	500	
5	0	0	0	0	470	507	
6	0	0	0	0	473	497	
7	0	0	0	0	480	476	
8	0	0	0	0	484	486	
9	0	0	0	0	487	514	
10	0	0	0	0	498	508	
11	0	0	0	0	519	525	
12	0	0	0	0	535	555	
13	0	0	0	0	541	545	
14	0	0	0	0	536	522	
15	0	0	0	0	522	507	
0	0	0	0	0	500	535	
1	0	0	0	0	466	520	
2	0	0	0	0	429	527	
3	0	0	0	0	400	545	
4	0	0	0	0	386	599	
5	0	0	0	0	374	626	
6	0	0	0	0	352	612	
7	0	0	0	0	326	577	
8	0	0	0	0	306	577	
9	0	0	0	0	300	553	
10	0	0	0	0	311	562	
11	0	0	0	0	324	589	
12	0	0	0	0	337	615	
13	0	0	0	0	360	620	
14	0	0	0	0	384	613	
15	0	0	0	0	410	633	
0	0	0	0	0	445	628	
1	0	0	0	0	487	594	
2	0	0	0	0	521	531	
3	0	0	0	0	543	472	
4	0	0	0	0	552	461	
5	0	0	0	0	555	462	
6	0	0	0	0	552	460	
7	0	0	0	0	547	497	
8	0	0	0	0	539	490	
9	0	0	0	0	531	489	
10	0	0	0	0	521	468	
11	0	0	0	0	507	425	
12	0	0	0	0	487	403	
13	0	0	0	0	472	414	
14	0	0	0	0	464	428	
15	0	0	0	0	472	458	
0	0	0	0	0	485	483	
1	0	0	0	0	491	501	
2	0	0	0	0	489	525	
3	0	0	0	0	480	547	
4	0	0	0	0	460	542	
5	0	0	0	0	440	537	
6	0	0	0	0	425	565	
7	0	0	0	0	423	599	
8	0	0	0	0	426	630	
9	0	0	0	0	425	610	
10	0	0	0	0	425	584	
11	0	0	0	0	421	576	
12	0	0	0	0	415	612	
13	0	0	0	0	413	624	
14	0	0	0	0	419	571	
15	0	0	0	0	436	499	
0	0	0	0	0	456	489	
1	0	0	0	0	465	485	
2	0	0	0	0	465	485	
3	0	0	0	0	455	485	
4	0	0	0	0	446	501	
5	0	0	0	0	435	515	
6	0	0	0	0	426	539	
7	0	0	0	0	424	566	
8	0	0	0	0	432	582	
9	0	0	0	0	445	591	
10	0	0	0	0	460	611	
11	0	0	0	0	472	584	
12	0	0	0	0	487	554	
13	0	0	0	0	509	515	
14	0	0	0	0	535	486	
15	0	0	0	0	557	471	
0	0	0	0	0	570	457	
1	0	0	0	0	580	429	
2	0	0	0	0	581	444	
3	0	0	0	0	579	440	
4	0	0	0	0	571	455	
5	0	0	0	0	559	477	
6	0	0	0	0	544	514	
7	0	0	0	0	526	528	
8	0	0	0	0	507	529	
9	0	0	0	0	488	512	
10	0	0	0	0	472	493	
11	0	0	0	0	460	502	
12	0	0	0	0	454	507	
13	0	0	0	0	450	540	
14	0	0	0	0	459	580	
15	0	0	0	0	473	614	
0	0	0	0	0	488	604	
1	0	0	0	0	497	584	
2	0	0	0	0	500	595	
3	0	0	0	0	495	589	
4	0	0	0	0	488	574	
5	0	0	0	0	482	529	
6	0	0	0	0	473	500	
7	0	0	0	0	462	497	
8	0	0	0	0	443	472	
9	0	0	0	0	419	456	
10	0	0	0	0	396	464	
11	0	0	0	0	379	412	
12	0	0	0	0	373	398	
13	0	0	0	0	374	442	
14	0	0	0	0	377	495	
15	0	0	0	0	380	508	
0	0	0	0	0	397	526	
1	0	0	0	0	418	512	
2	0	0	0	0	439	494	
3	0	0	0	0	461	475	
4	0	0	0	0	476	461	
5	0	0	0	0	489	465	
6	0	0	0	0	497	463	
7	0	0	0	0	510	474	
8	0	0	0	0	536	472	
9	0	0	0	0	569	470	
10	0	0	0	0	602	503	
11	0	0	0	0	631	478	
12	0	0	0	0	654	460	
13	0	0	0	0	681	446	
14	0	0	0	0	703	412	
15	0	0	0	0	713	367	
0	0	0	0	0	714	327	
1	0	0	0	0	701	367	
2	0	0	0	0	675	443	
3	0	0	0	0	644	513	
4	0	0	0	0	607	553	
5	0	0	0	0	565	564	
6	0	0	0	0	519	574	
7	0	0	0	0	476	592	
8	0	0	0	0	439	577	
9	0	0	0	0	409	588	
10	0	0	0	0	392	602	
11	0	0	0	0	383	583	
12	0	0	0	0	389	571	
13	0	0	0	0	412	533	
14	0	0	0	0	440	509	
15	0	0	0	0	472	486	
0	0	0	0	0	505	472	
1	0	0	0	0	535	439	
2	0	0	0	0	559	424	
3	0	0	0	0	572	411	
4	0	0	0	0	572	383	
5	0	0	0	0	557	369	
6	0	0	0	0	533	387	
7	0	0	0	0	511	413	
8	0	0	0	0	500	426	
9	0	0	0	0	492	449	
10	0	0	0	0	476	444	
11	0	0	0	0	453	460	
12	0	0	0	0	421	529	
13	0	0	0	0	382	568	
14	0	0	0	0	348	593	
15	0	0	0	0	330	588	
0	0	0	0	0	336	609	
1	0	0	0	0	360	593	
2	0	0	0	0	389	542	
3	0	0	0	0	412	532	
4	0	0	0	0	423	539	
5	0	0	0	0	427	558	
6	0	0	0	0	431	546	
7	0	0	0	0	444	521	
8	0	0	0	0	472	458	
9	0	0	0	0	510	389	
10	0	0	0	0	548	370	
11	0	0	0	0	579	352	
12	0	0	0	0	600	386	
13	0	0	0	0	608	398	
14	0	0	0	0	606	389	
15	0	0	0	0	601	438	
0	0	0	0	0	601	468	
1	0	0	0	0	606	444	
2	0	0	0	0	609	458	
3	0	0	0	0	608	441	
4	0	0	0	0	601	437	
5	0	0	0	0	592	462	
6	0	0	0	0	580	458	
7	0	0	0	0	568	446	
8	0	0	0	0	555	432	
9	0	0	0	0	543	451	
10	0	0	0	0	531	484	
11	0	0	0	0	525	503	
12	0	0	0	0	523	531	
13	0	0	0	0	519	557	
14	0	0	0	0	508	600	
15	0	0	0	0	492	618	
0	0	0	0	0	476	647	
1	0	0	0	0	464	662	
2	0	0	0	0	453	644	
3	0	0	0	0	443	598	
4	0	0	0	0	433	530	
5	0	0	0	0	422	512	
6	0	0	0	0	413	511	
7	0	0	0	0	410	510	
8	0	0	0	0	407	515	
9	0	0	0	0	411	535	
10	0	0	0	0	412	499	
11	0	0	0	0	414	505	
12	0	0	0	0	414	530	
13	0	0	0	0	416	529	
14	0	0	0	0	421	531	
15	0	0	0	0	423	551	
0	0	0	0	0	432	599	
1	0	0	0	0	446	586	
2	0	0	0	0	462	558	
3	0	0	0	0	481	551	
4	0	0	0	0	507	534	
5	0	0	0	0	525	529	
6	0	0	0	0	532	499	
7	0	0	0	0	531	456	
8	0	0	0	0	522	430	
9	0	0	0	0	505	403	
10	0	0	0	0	487	447	
11	0	0	0	0	473	487	
12	0	0	0	0	461	512	
13	0	0	0	0	450	509	
14	0	0	0	0	444	488	
15	0	0	0	0	437	425	
0	0	0	0	0	430	394	
1	0	0	0	0	424	382	
2	0	0	0	0	415	399	
3	0	0	0	0	406	460	
4	0	0	0	0	395	479	
5	0	0	0	0	385	486	
6	0	0	0	0	381	548	
7	0	0	0	0	378	564	
8	0	0	0	0	381	571	
9	0	0	0	0	389	547	
10	0	0	0	0	399	516	
11	0	0	0	0	415	479	
12	0	0	0	0	439	436	
13	0	0	0	0	465	412	
14	0	0	0	0	491	431	
15	0	0	0	0	508	444	
0	0	0	0	0	520	433	
1	0	0	0	0	527	429	
2	0	0	0	0	531	419	
3	0	0	0	0	538	442	
4	0	0	0	0	543	478	
5	0	0	0	0	549	488	
6	0	0	0	0	559	490	
7	0	0	0	0	559	495	
8	0	0	0	0	552	496	
9	0	0	0	0	539	464	
10	0	0	0	0	526	449	
11	0	0	0	0	517	439	
12	0	0	0	0	507	397	
13	0	0	0	0	497	383	
14	0	0	0	0	495	406	
15	0	0	0	0	496	463	
0	0	0	0	0	498	485	
1	0	0	0	0	506	518	
2	0	0	0	0	505	564	
3	0	0	0	0	496	549	
4	0	0	0	0	491	536	
5	0	0	0	0	490	521	
6	0	0	0	0	497	511	
7	0	0	0	0	507	517	
8	0	0	0	0	509	540	
9	0	0	0	0	505	547	
10	0	0	0	0	498	513	
11	0	0	0	0	487	463	
12	0	0	0	0	477	467	
13	0	0	0	0	465	491	
14	0	0	0	0	457	493	
15	0	0	0	0	449	506	
0	0	0	0	0	447	533	
1	0	0	0	0	440	559	
2	0	0	0	0	435	568	
3	0	0	0	0	435	590	
4	0	0	0	0	435	583	
5	0	0	0	0	440	593	
6	0	0	0	0	447	571	
7	0	0	0	0	459	519	
8	0	0	0	0	473	453	
9	0	0	0	0	487	396	
10	0	0	0	0	497	415	
11	0	0	0	0	513	441	
12	0	0	0	0	535	394	
13	0	0	0	0	556	336	
14	0	0	0	0	576	344	
15	0	0	0	0	590	315	
0	0	0	0	0	595	297	
1	0	0	0	0	592	314	
2	0	0	0	0	584	339	
3	0	0	0	0	574	394	
4	0	0	0	0	561	463	
5	0	0	0	0	547	496	
6	0	0	0	0	535	520	
7	0	0	0	0	522	539	
8	0	0	0	0	507	586	
9	0	0	0	0	489	572	
10	0	0	0	0	473	544	
11	0	0	0	0	459	523	
12	0	0	0	0	444	504	
13	0	0	0	0	428	456	
14	0	0	0	0	416	422	
15	0	0	0	0	414	430	
0	0	0	0	0	419	467	
1	0	0	0	0	425	518	
2	0	0	0	0	431	536	
3	0	0	0	0	439	574	
4	0	0	0	0	447	588	
5	0	0	0	0	450	593	
6	0	0	0	0	457	573	
7	0	0	0	0	479	557	
8	0	0	0	0	507	517	
9	0	0	0	0	524	484	
10	0	0	0	0	523	460	
11	0	0	0	0	515	473	
12	0	0	0	0	500	487	
13	0	0	0	0	483	491	
14	0	0	0	0	471	495	
15	0	0	0	0	460	492	
0	0	0	0	0	448	478	
1	0	0	0	0	436	508	
2	0	0	0	0	424	511	
3	0	0	0	0	411	513	
4	0	0	0	0	398	528	
5	0	0	0	0	392	556	
6	0	0	0	0	396	551	
7	0	0	0	0	403	552	
8	0	0	0	0	419	549	
9	0	0	0	0	441	523	
10	0	0	0	0	468	494	
11	0	0	0	0	499	485	
12	0	0	0	0	524	450	
13	0	0	0	0	545	422	
14	0	0	0	0	557	415	
15	0	0	0	0	561	454	
0	0	0	0	0	560	471	
1	0	0	0	0	564	517	
2	0	0	0	0	573	536	
3	0	0	0	0	581	546	
4	0	0	0	0	584	531	
5	0	0	0	0	591	499	
6	0	0	0	0	599	485	
7	0	0	0	0	607	505	
8	0	0	0	0	619	500	
9	0	0	0	0	634	478	
10	0	0	0	0	644	479	
11	0	0	0	0	639	496	
12	0	0	0	0	621	507	
13	0	0	0	0	594	493	
14	0	0	0	0	563	454	
15	0	0	0	0	531	445	
0	0	0	0	0	498	448	
1	0	0	0	0	472	471	
2	0	0	0	0	448	511	
3	0	0	0	0	428	531	
4	0	0	0	0	418	571	
5	0	0	0	0	409	571	
6	0	0	0	0	403	588	
7	0	0	0	0	400	610	
8	0	0	0	0	404	607	
9	0	0	0	0	417	591	
10	0	0	0	0	440	577	
11	0	0	0	0	467	575	
12	0	0	0	0	487	567	
13	0	0	0	0	499	594	
14	0	0	0	0	502	632	
15	0	0	0	0	496	648	
0	0	0	0	0	490	638	
1	0	0	0	0	486	615	
2	0	0	0	0	492	581	
3	0	0	0	0	509	532	
4	0	0	0	0	527	466	
5	0	0	0	0	550	444	
6	0	0	0	0	575	452	
7	0	0	0	0	598	485	
8	0	0	0	0	613	471	
9	0	0	0	0	622	476	
10	0	0	0	0	620	499	
11	0	0	0	0	611	466	
12	0	0	0	0	600	464	
13	0	0	0	0	586	497	
14	0	0	0	0	573	537	
15	0	0	0	0	560	553	
0	0	0	0	0	546	599	
1	0	0	0	0	536	612	
2	0	0	0	0	531	618	
3	0	0	0	0	525	594	
4	0	0	0	0	518	562	
5	0	0	0	0	516	549	
6	0	0	0	0	519	566	
7	0	0	0	0	521	556	
8	0	0	0	0	524	542	
9	0	0	0	0	525	532	
10	0	0	0	0	521	523	
11	0	0	0	0	519	507	
12	0	0	0	0	525	521	
13	0	0	0	0	531	537	
14	0	0	0	0	542	546	
15	0	0	0	0	558	543	
0	0	0	0	0	567	536	
1	0	0	0	0	573	534	
2	0	0	0	0	575	506	
3	0	0	0	0	567	482	
4	0	0	0	0	548	473	
5	0	0	0	0	526	469	
6	0	0	0	0	503	488	
7	0	0	0	0	479	500	
8	0	0	0	0	459	519	
9	0	0	0	0	456	523	
10	0	0	0	0	478	478	
11	0	0	0	0	515	440	
12	0	0	0	0	569	431	
13	0	0	0	0	619	453	
14	0	0	0	0	653	463	
15	0	0	0	0	670	457	
0	0	0	0	0	674	446	
1	0	0	0	0	668	468	
2	0	0	0	0	659	471	
3	0	0	0	0	652	460	
4	0	0	0	0	647	483	
5	0	0	0	0	640	503	
6	0	0	0	0	627	530	
7	0	0	0	0	604	540	
8	0	0	0	0	573	527	
9	0	0	0	0	537	512	
10	0	0	0	0	502	541	
11	0	0	0	0	468	553	
12	0	0	0	0	435	529	
13	0	0	0	0	408	519	
14	0	0	0	0	395	531	
15	0	0	0	0	392	535	
0	0	0	0	0	399	525	
1	0	0	0	0	409	518	
2	0	0	0	0	417	495	
3	0	0	0	0	429	498	
4	0	0	0	0	445	493	
5	0	0	0	0	459	476	
6	0	0	0	0	473	460	
7	0	0	0	0	489	455	
8	0	0	0	0	498	454	
9	0	0	0	0	503	478	
10	0	0	0	0	502	472	
11	0	0	0	0	496	489	
12	0	0	0	0	487	508	
13	0	0	0	0	473	524	
14	0	0	0	0	459	535	
15	0	0	0	0	438	530	
0	0	0	0	0	417	545	
1	0	0	0	0	401	549	
2	0	0	0	0	388	538	
3	0	0	0	0	378	523	
4	0	0	0	0	377	479	
5	0	0	0	0	390	479	
6	0	0	0	0	412	468	
7	0	0	0	0	433	469	
8	0	0	0	0	449	466	
9	0	0	0	0	459	478	
10	0	0	0	0	468	504	
11	0	0	0	0	481	541	
12	0	0	0	0	489	551	
13	0	0	0	0	502	566	
14	0	0	0	0	517	603	
15	0	0	0	0	528	610	
0	0	0	0	0	533	614	
1	0	0	0	0	529	605	
2	0	0	0	0	521	552	
3	0	0	0	0	510	497	
4	0	0	0	0	497	477	
5	0	0	0	0	484	455	
6	0	0	0	0	475	484	
7	0	0	0	0	475	509	
8	0	0	0	0	486	508	
9	0	0	0	0	496	513	
10	0	0	0	0	504	488	
11	0	0	0	0	513	461	
12	0	0	0	0	523	421	
13	0	0	0	0	527	410	
14	0	0	0	0	535	409	
15	0	0	0	0	542	444	
0	0	0	0	0	547	458	
1	0	0	0	0	550	469	
2	0	0	0	0	542	471	
3	0	0	0	0	522	457	
4	0	0	0	0	503	448	
5	0	0	0	0	480	427	
6	0	0	0	0	458	472	
7	0	0	0	0	441	502	
8	0	0	0	0	432	546	
9	0	0	0	0	428	567	
10	0	0	0	0	425	564	
11	0	0	0	0	429	557	
12	0	0	0	0	443	550	
13	0	0	0	0	459	534	
14	0	0	0	0	476	496	
15	0	0	0	0	495	469	
0	0	0	0	0	510	468	
1	0	0	0	0	518	502	
2	0	0	0	0	521	506	
3	0	0	0	0	530	484	
4	0	0	0	0	551	493	
5	0	0	0	0	570	503	
6	0	0	0	0	582	542	
7	0	0	0	0	584	578	
8	0	0	0	0	575	588	
9	0	0	0	0	561	568	
10	0	0	0	0	548	535	
11	0	0	0	0	541	518	
12	0	0	0	0	531	466	
13	0	0	0	0	524	449	
14	0	0	0	0	516	420	
15	0	0	0	0	511	418	
0	0	0	0	0	504	399	
1	0	0	0	0	495	413	
2	0	0	0	0	487	455	
3	0	0	0	0	479	486	
4	0	0	0	0	477	468	
5	0	0	0	0	479	478	
6	0	0	0	0	480	508	
7	0	0	0	0	482	498	
8	0	0	0	0	487	490	
9	0	0	0	0	494	526	
10	0	0	0	0	502	521	
11	0	0	0	0	514	513	
12	0	0	0	0	529	526	
13	0	0	0	0	541	491	
14	0	0	0	0	551	502	
15	0	0	0	0	561	512	
0	0	0	0	0	568	497	
1	0	0	0	0	574	485	
2	0	0	0	0	578	533	
3	0	0	0	0	580	579	
4	0	0	0	0	582	571	
5	0	0	0	0	584	535	
6	0	0	0	0	583	476	
7	0	0	0	0	582	431	
8	0	0	0	0	580	406	
9	0	0	0	0	582	421	
10	0	0	0	0	588	447	
11	0	0	0	0	595	484	
12	0	0	0	0	602	500	
13	0	0	0	0	607	508	
14	0	0	0	0	611	510	
15	0	0	0	0	610	557	
0	0	0	0	0	604	590	
1	0	0	0	0	599	579	
2	0	0	0	0	593	545	
3	0	0	0	0	589	547	
4	0	0	0	0	586	492	
5	0	0	0	0	585	479	
6	0	0	0	0	588	484	
7	0	0	0	0	597	491	
8	0	0	0	0	611	497	
9	0	0	0	0	628	539	
10	0	0	0	0	639	549	
11	0	0	0	0	643	502	
12	0	0	0	0	642	484	
13	0	0	0	0	644	461	
14	0	0	0	0	648	423	
15	0	0	0	0	653	384	
0	0	0	0	0	656	379	
1	0	0	0	0	659	406	
2	0	0	0	0	661	404	
3	0	0	0	0	668	340	
4	0	0	0	0	681	284	
5	0	0	0	0	699	247	
6	0	0	0	0	717	254	
7	0	0	0	0	731	267	
8	0	0	0	0	740	285	
9	0	0	0	0	741	300	
10	0	0	0	0	738	304	
11	0	0	0	0	737	299	
12	0	0	0	0	739	335	
13	0	0	0	0	738	417	
14	0	0	0	0	734	414	
15	0	0	0	0	729	380	
0	0	0	0	0	723	391	
1	0	0	0	0	712	426	
2	0	0	0	0	702	436	
3	0	0	0	0	697	446	
4	0	0	0	0	690	413	
5	0	0	0	0	685	371	
6	0	0	0	0	682	330	
7	0	0	0	0	679	313	
8	0	0	0	0	675	335	
9	0	0	0	0	674	383	
10	0	0	0	0	680	402	
11	0	0	0	0	687	376	
12	0	0	0	0	691	356	
13	0	0	0	0	691	346	
14	0	0	0	0	690	369	
15	0	0	0	0	682	394	
0	0	0	0	0	670	354	
1	0	0	0	0	658	335	
2	0	0	0	0	654	333	
3	0	0	0	0	651	344	
4	0	0	0	0	648	344	
5	0	0	0	0	644	323	
6	0	0	0	0	641	316	
7	0	0	0	0	645	329	
8	0	0	0	0	649	313	
9	0	0	0	0	654	332	
10	0	0	0	0	657	339	
11	0	0	0	0	664	326	
12	0	0	0	0	680	364	
13	0	0	0	0	700	430	
14	0	0	0	0	713	469	
15	0	0	0	0	718	487	
0	0	0	0	0	718	527	
1	0	0	0	0	719	519	
2	0	0	0	0	719	537	
3	0	0	0	0	717	540	
4	0	0	0	0	714	549	
5	0	0	0	0	715	583	
6	0	0	0	0	716	607	
7	0	0	0	0	717	609	
8	0	0	0	0	716	596	
9	0	0	0	0	715	584	
10	0	0	0	0	718	564	
11	0	0	0	0	723	550	
12	0	0	0	0	730	536	
13	0	0	0	0	742	527	
14	0	0	0	0	751	554	
15	0	0	0	0	757	542	
0	0	0	0	0	759	501	
1	0	0	0	0	760	478	
2	0	0	0	0	763	459	
3	0	0	0	0	771	444	
4	0	0	0	0	786	427	
5	0	0	0	0	802	403	
6	0	0	0	0	814	406	
7	0	0	0	0	821	419	
8	0	0	0	0	823	406	
9	0	0	0	0	819	383	
10	0	0	0	0	810	392	
11	0	0	0	0	800	403	
12	0	0	0	0	785	430	
13	0	0	0	0	762	441	
14	0	0	0	0	737	493	
15	0	0	0	0	708	534	
0	0	0	0	0	682	516	
1	0	0	0	0	662	518	
2	0	0	0	0	648	504	
3	0	0	0	0	640	484	
4	0	0	0	0	639	501	
5	0	0	0	0	641	521	
6	0	0	0	0	644	536	
7	0	0	0	0	647	557	
8	0	0	0	0	647	516	
9	0	0	0	0	648	485	
10	0	0	0	0	652	496	
11	0	0	0	0	658	520	
12	0	0	0	0	668	511	
13	0	0	0	0	678	479	
14	0	0	0	0	688	503	
15	0	0	0	0	693	518	
0	0	0	0	0	695	510	
1	0	0	0	0	690	492	
2	0	0	0	0	690	523	
3	0	0	0	0	686	534	
4	0	0	0	0	680	504	
5	0	0	0	0	676	457	
6	0	0	0	0	674	415	
7	0	0	0	0	679	408	
8	0	0	0	0	690	429	
9	0	0	0	0	703	460	
10	0	0	0	0	714	472	
11	0	0	0	0	721	473	
12	0	0	0	0	728	489	
13	0	0	0	0	733	499	
14	0	0	0	0	743	483	
15	0	0	0	0	756	465	
0	0	0	0	0	764	472	
1	0	0	0	0	767	483	
2	0	0	0	0	766	517	
3	0	0	0	0	761	572	
4	0	0	0	0	752	575	
5	0	0	0	0	736	560	
6	0	0	0	0	718	561	
7	0	0	0	0	702	578	
8	0	0	0	0	693	568	
9	0	0	0	0	690	557	
10	0	0	0	0	694	499	
11	0	0	0	0	701	488	
12	0	0	0	0	708	482	
13	0	0	0	0	719	491	
14	0	0	0	0	732	482	
15	0	0	0	0	739	496	
0	0	0	0	0	739	525	
1	0	0	0	0	733	514	
2	0	0	0	0	716	512	
3	0	0	0	0	699	529	
4	0	0	0	0	679	518	
5	0	0	0	0	660	458	
6	0	0	0	0	643	448	
7	0	0	0	0	627	491	
8	0	0	0	0	615	524	
9	0	0	0	0	607	511	
10	0	0	0	0	607	495	
11	0	0	0	0	608	475	
12	0	0	0	0	612	477	
13	0	0	0	0	619	482	
14	0	0	0	0	628	481	
15	0	0	0	0	642	510	
0	0	0	0	0	656	490	
1	0	0	0	0	672	523	
2	0	0	0	0	683	510	
3	0	0	0	0	695	504	
4	0	0	0	0	706	538	
5	0	0	0	0	713	543	
6	0	0	0	0	718	537	
7	0	0	0	0	723	496	
8	0	0	0	0	724	454	
9	0	0	0	0	718	506	
10	0	0	0	0	716	578	
11	0	0	0	0	711	546	
12	0	0	0	0	704	569	
13	0	0	0	0	696	569	
14	0	0	0	0	689	575	
15	0	0	0	0	679	577	
0	0	0	0	0	669	568	
1	0	0	0	0	655	502	
2	0	0	0	0	640	447	
3	0	0	0	0	626	422	
4	0	0	0	0	612	419	
5	0	0	0	0	600	440	
6	0	0	0	0	588	470	
7	0	0	0	0	579	507	
8	0	0	0	0	573	472	
9	0	0	0	0	570	466	
10	0	0	0	0	571	467	
11	0	0	0	0	572	497	
12	0	0	0	0	570	512	
13	0	0	0	0	568	522	
14	0	0	0	0	566	540	
15	0	0	0	0	563	551	
0	0	0	0	0	559	559	
1	0	0	0	0	561	565	
2	0	0	0	0	565	569	
3	0	0	0	0	567	568	
4	0	0	0	0	566	538	
5	0	0	0	0	562	544	
6	0	0	0	0	563	588	
7	0	0	0	0	564	574	
8	0	0	0	0	562	551	
9	0	0	0	0	561	504	
10	0	0	0	0	559	519	
11	0	0	0	0	557	535	
12	0	0	0	0	560	574	
13	0	0	0	0	568	582	
14	0	0	0	0	572	591	
15	0	0	0	0	574	593	
0	0	0	0	0	578	568	
1	0	0	0	0	577	586	
2	0	0	0	0	572	612	
3	0	0	0	0	569	619	
4	0	0	0	0	570	624	
5	0	0	0	0	570	604	
6	0	0	0	0	572	573	
7	0	0	0	0	574	568	
8	0	0	0	0	574	564	
9	0	0	0	0	574	558	
10	0	0	0	0	574	580	
11	0	0	0	0	573	620	
12	0	0	0	0	569	664	
13	0	0	0	0	559	683	
14	0	0	0	0	543	701	
15	0	0	0	0	529	678	
0	0	0	0	0	526	661	
1	0	0	0	0	538	633	
2	0	0	0	0	552	626	
3	0	0	0	0	568	632	
4	0	0	0	0	583	589	
5	0	0	0	0	601	547	
6	0	0	0	0	619	507	
7	0	0	0	0	635	495	
8	0	0	0	0	645	473	
9	0	0	0	0	644	489	
10	0	0	0	0	638	510	
11	0	0	0	0	623	519	
12	0	0	0	0	607	525	
13	0	0	0	0	589	503	
14	0	0	0	0	569	467	
15	0	0	0	0	549	465	
0	0	0	0	0	527	472	
1	0	0	0	0	514	492	
2	0	0	0	0	506	511	
3	0	0	0	0	502	544	
4	0	0	0	0	499	562	
5	0	0	0	0	494	573	
6	0	0	0	0	491	516	
7	0	0	0	0	489	498	
8	0	0	0	0	493	496	
9	0	0	0	0	495	517	
10	0	0	0	0	496	488	
11	0	0	0	0	499	465	
12	0	0	0	0	509	463	
13	0	0	0	0	518	511	
14	0	0	0	0	529	560	
15	0	0	0	0	543	578	
0	0	0	0	0	557	565	
1	0	0	0	0	573	561	
2	0	0	0	0	588	581	
3	0	0	0	0	600	597	
4	0	0	0	0	607	579	
5	0	0	0	0	615	514	
6	0	0	0	0	617	456	
7	0	0	0	0	618	470	
8	0	0	0	0	614	476	
9	0	0	0	0	603	479	
10	0	0	0	0	587	494	
11	0	0	0	0	568	510	
12	0	0	0	0	547	537	
13	0	0	0	0	521	568	
14	0	0	0	0	497	591	
15	0	0	0	0	474	595	
0	0	0	0	0	451	592	
1	0	0	0	0	434	601	
2	0	0	0	0	422	615	
3	0	0	0	0	411	590	
4	0	0	0	0	401	599	
5	0	0	0	0	396	617	
6	0	0	0	0	395	626	
7	0	0	0	0	394	641	
8	0	0	0	0	401	638	
9	0	0	0	0	408	647	
10	0	0	0	0	419	671	
11	0	0	0	0	431	690	
12	0	0	0	0	440	662	
13	0	0	0	0	445	647	
14	0	0	0	0	454	620	
15	0	0	0	0	468	606	
0	0	0	0	0	479	611	
1	0	0	0	0	488	622	
2	0	0	0	0	498	625	
3	0	0	0	0	509	635	
4	0	0	0	0	515	636	
5	0	0	0	0	520	658	
6	0	0	0	0	520	671	
7	0	0	0	0	516	646	
8	0	0	0	0	512	597	
9	0	0	0	0	512	568	
10	0	0	0	0	512	544	
11	0	0	0	0	517	571	
12	0	0	0	0	518	589	
13	0	0	0	0	519	603	
14	0	0	0	0	523	574	
15	0	0	0	0	531	528	
0	0	0	0	0	540	531	
1	0	0	0	0	551	582	
2	0	0	0	0	558	589	
3	0	0	0	0	559	588	
4	0	0	0	0	560	551	
5	0	0	0	0	566	535	
6	0	0	0	0	573	577	
7	0	0	0	0	582	567	
8	0	0	0	0	585	547	
9	0	0	0	0	582	546	
10	0	0	0	0	572	567	
11	0	0	0	0	561	563	
12	0	0	0	0	554	573	
13	0	0	0	0	552	576	
14	0	0	0	0	552	560	
15	0	0	0	0	553	562	
0	0	0	0	0	552	607	
1	0	0	0	0	551	609	
2	0	0	0	0	547	590	
3	0	0	0	0	540	574	
4	0	0	0	0	534	588	
5	0	0	0	0	534	636	
6	0	0	0	0	535	639	
7	0	0	0	0	536	577	
8	0	0	0	0	537	556	
9	0	0	0	0	535	558	
10	0	0	0	0	537	554	
11	0	0	0	0	537	531	
12	0	0	0	0	539	562	
13	0	0	0	0	538	603	
14	0	0	0	0	537	643	
15	0	0	0	0	529	623	
0	0	0	0	0	521	607	
1	0	0	0	0	518	578	
2	0	0	0	0	519	547	
3	0	0	0	0	525	530	
4	0	0	0	0	535	526	
5	0	0	0	0	541	510	
6	0	0	0	0	545	532	
7	0	0	0	0	547	516	
8	0	0	0	0	545	518	
9	0	0	0	0	543	510	
10	0	0	0	0	540	524	
11	0	0	0	0	540	529	
12	0	0	0	0	539	511	
13	0	0	0	0	537	501	
14	0	0	0	0	535	493	
15	0	0	0	0	534	481	
0	0	0	0	0	534	531	
1	0	0	0	0	531	561	
2	0	0	0	0	527	559	
3	0	0	0	0	522	519	
4	0	0	0	0	515	468	
5	0	0	0	0	510	471	
6	0	0	0	0	504	494	
7	0	0	0	0	499	514	
8	0	0	0	0	495	521	
9	0	0	0	0	494	532	
10	0	0	0	0	495	574	
11	0	0	0	0	495	599	
12	0	0	0	0	493	591	
13	0	0	0	0	487	612	
14	0	0	0	0	477	644	
15	0	0	0	0	472	630	
0	0	0	0	0	470	608	
1	0	0	0	0	476	578	
2	0	0	0	0	486	592	
3	0	0	0	0	499	600	
4	0	0	0	0	517	589	
5	0	0	0	0	539	569	
6	0	0	0	0	555	555	
7	0	0	0	0	566	576	
8	0	0	0	0	571	591	
9	0	0	0	0	574	596	
10	0	0	0	0	575	542	
11	0	0	0	0	576	497	
12	0	0	0	0	579	487	
13	0	0	0	0	578	488	
14	0	0	0	0	573	494	
15	0	0	0	0	568	495	
0	0	0	0	0	567	499	
1	0	0	0	0	563	498	
2	0	0	0	0	558	480	
3	0	0	0	0	554	492	
4	0	0	0	0	545	461	
5	0	0	0	0	535	436	
6	0	0	0	0	524	451	
7	0	0	0	0	511	449	
8	0	0	0	0	499	477	
9	0	0	0	0	487	522	
10	0	0	0	0	480	544	
11	0	0	0	0	476	547	
12	0	0	0	0	471	565	
13	0	0	0	0	465	568	
14	0	0	0	0	455	549	
15	0	0	0	0	449	554	
0	0	0	0	0	447	549	
1	0	0	0	0	446	526	
2	0	0	0	0	453	524	
3	0	0	0	0	480	515	
4	0	0	0	0	514	503	
5	0	0	0	0	547	481	
6	0	0	0	0	571	461	
7	0	0	0	0	581	457	
8	0	0	0	0	575	506	
9	0	0	0	0	558	531	
10	0	0	0	0	534	560	
11	0	0	0	0	501	584	
12	0	0	0	0	466	624	
13	0	0	0	0	429	616	
14	0	0	0	0	397	615	
15	0	0	0	0	371	608	
0	0	0	0	0	350	610	
1	0	0	0	0	336	649	
2	0	0	0	0	329	690	
3	0	0	0	0	329	713	
4	0	0	0	0	328	719	
5	0	0	0	0	329	713	
6	0	0	0	0	337	673	
7	0	0	0	0	348	647	
8	0	0	0	0	359	664	
9	0	0	0	0	369	693	
10	0	0	0	0	379	691	
11	0	0	0	0	386	670	
12	0	0	0	0	396	621	
13	0	0	0	0	404	587	
14	0	0	0	0	414	568	
15	0	0	0	0	417	548	
0	0	0	0	0	421	547	
1	0	0	0	0	424	547	
2	0	0	0	0	430	553	
3	0	0	0	0	440	573	
4	0	0	0	0	447	592	
5	0	0	0	0	457	559	
6	0	0	0	0	463	534	
7	0	0	0	0	467	573	
8	0	0	0	0	464	593	
9	0	0	0	0	457	613	
10	0	0	0	0	447	656	
11	0	0	0	0	439	631	
12	0	0	0	0	431	611	
13	0	0	0	0	421	610	
14	0	0	0	0	414	600	
15	0	0	0	0	415	604	
0	0	0	0	0	424	593	
1	0	0	0	0	433	610	
2	0	0	0	0	443	659	
3	0	0	0	0	453	694	
4	0	0	0	0	463	724	
5	0	0	0	0	472	636	
6	0	0	0	0	473	578	
7	0	0	0	0	465	546	
8	0	0	0	0	458	567	
9	0	0	0	0	455	606	
10	0	0	0	0	460	601	
11	0	0	0	0	472	598	
12	0	0	0	0	491	573	
13	0	0	0	0	515	559	
14	0	0	0	0	546	533	
15	0	0	0	0	575	523	
0	0	0	0	0	601	512	
1	0	0	0	0	621	500	
2	0	0	0	0	636	472	
3	0	0	0	0	642	455	
4	0	0	0	0	641	440	
5	0	0	0	0	636	435	
6	0	0	0	0	620	421	
7	0	0	0	0	601	442	
8	0	0	0	0	577	451	
9	0	0	0	0	555	505	
10	0	0	0	0	537	561	
11	0	0	0	0	519	590	
12	0	0	0	0	502	587	
13	0	0	0	0	491	595	
14	0	0	0	0	487	588	
15	0	0	0	0	489	581	
0	0	0	0	0	491	588	
1	0	0	0	0	490	626	
2	0	0	0	0	491	666	
3	0	0	0	0	492	635	
4	0	0	0	0	488	626	
5	0	0	0	0	477	615	
6	0	0	0	0	464	616	
7	0	0	0	0	451	615	
8	0	0	0	0	437	600	
9	0	0	0	0	427	615	
10	0	0	0	0	419	599	
11	0	0	0	0	415	552	
12	0	0	0	0	411	523	
13	0	0	0	0	412	527	
14	0	0	0	0	420	550	
15	0	0	0	0	437	573	
0	0	0	0	0	458	567	
1	0	0	0	0	480	583	
2	0	0	0	0	499	557	
3	0	0	0	0	513	526	
4	0	0	0	0	523	492	
5	0	0	0	0	529	499	
6	0	0	0	0	529	481	
7	0	0	0	0	526	515	
8	0	0	0	0	516	522	
9	0	0	0	0	509	504	
10	0	0	0	0	498	526	
11	0	0	0	0	481	537	
12	0	0	0	0	459	556	
13	0	0	0	0	440	560	
14	0	0	0	0	425	583	
15	0	0	0	0	415	599	
0	0	0	0	0	407	567	
1	0	0	0	0	401	503	
2	0	0	0	0	400	489	
3	0	0	0	0	405	477	
4	0	0	0	0	415	480	
5	0	0	0	0	427	535	
6	0	0	0	0	439	535	
7	0	0	0	0	452	505	
8	0	0	0	0	467	518	
9	0	0	0	0	484	499	
10	0	0	0	0	499	510	
11	0	0	0	0	517	575	
12	0	0	0	0	535	565	
13	0	0	0	0	549	560	
14	0	0	0	0	558	587	
15	0	0	0	0	561	607	
0	0	0	0	0	558	589	
1	0	0	0	0	554	565	
2	0	0	0	0	549	542	
3	0	0	0	0	545	525	
4	0	0	0	0	538	527	
5	0	0	0	0	532	526	
6	0	0	0	0	526	539	
7	0	0	0	0	523	546	
8	0	0	0	0	524	524	
9	0	0	0	0	534	476	
10	0	0	0	0	547	422	
11	0	0	0	0	557	389	
12	0	0	0	0	555	384	
13	0	0	0	0	547	430	
14	0	0	0	0	535	496	
15	0	0	0	0	516	490	
0	0	0	0	0	497	504	
1	0	0	0	0	484	504	
2	0	0	0	0	475	478	
3	0	0	0	0	468	484	
4	0	0	0	0	463	509	
5	0	0	0	0	460	543	
6	0	0	0	0	456	544	
7	0	0	0	0	454	572	
8	0	0	0	0	453	564	
9	0	0	0	0	447	568	
10	0	0	0	0	442	603	
11	0	0	0	0	442	605	
12	0	0	0	0	446	601	
13	0	0	0	0	455	595	
14	0	0	0	0	461	556	
15	0	0	0	0	468	501	
0	0	0	0	0	476	471	
1	0	0	0	0	487	440	
2	0	0	0	0	496	443	
3	0	0	0	0	501	463	
4	0	0	0	0	499	480	
5	0	0	0	0	500	516	
6	0	0	0	0	498	567	
7	0	0	0	0	498	606	
8	0	0	0	0	497	600	
9	0	0	0	0	497	600	
10	0	0	0	0	496	594	
11	0	0	0	0	492	591	
12	0	0	0	0	484	617	
13	0	0	0	0	477	558	
14	0	0	0	0	468	513	
15	0	0	0	0	457	470	
0	0	0	0	0	446	423	
1	0	0	0	0	436	402	
2	0	0	0	0	427	416	
3	0	0	0	0	422	467	
4	0	0	0	0	421	523	
5	0	0	0	0	425	550	
6	0	0	0	0	440	579	
7	0	0	0	0	460	574	
8	0	0	0	0	480	570	
9	0	0	0	0	503	566	
10	0	0	0	0	529	571	
11	0	0	0	0	552	549	
12	0	0	0	0	565	545	
13	0	0	0	0	573	572	
14	0	0	0	0	575	582	
15	0	0	0	0	569	539	
0	0	0	0	0	560	494	
1	0	0	0	0	547	454	
2	0	0	0	0	534	440	
3	0	0	0	0	516	391	
4	0	0	0	0	498	418	
5	0	0	0	0	480	493	
6	0	0	0	0	461	538	
7	0	0	0	0	451	574	
8	0	0	0	0	448	602	
9	0	0	0	0	456	615	
10	0	0	0	0	478	626	
11	0	0	0	0	500	586	
12	0	0	0	0	516	565	
13	0	0	0	0	523	568	
14	0	0	0	0	525	551	
15	0	0	0	0	523	524	
0	0	0	0	0	518	498	
1	0	0	0	0	512	496	
2	0	0	0	0	505	480	
3	0	0	0	0	495	477	
4	0	0	0	0	490	520	
5	0	0	0	0	482	550	
6	0	0	0	0	469	564	
7	0	0	0	0	452	593	
8	0	0	0	0	435	624	
9	0	0	0	0	417	601	
10	0	0	0	0	404	600	
11	0	0	0	0	393	608	
12	0	0	0	0	387	611	
13	0	0	0	0	382	616	
14	0	0	0	0	378	662	
15	0	0	0	0	371	696	
0	0	0	0	0	367	719	
1	0	0	0	0	361	688	
2	0	0	0	0	353	712	
3	0	0	0	0	347	729	
4	0	0	0	0	339	692	
5	0	0	0	0	336	648	
6	0	0	0	0	337	629	
7	0	0	0	0	342	611	
8	0	0	0	0	350	592	
9	0	0	0	0	360	548	
10	0	0	0	0	371	569	
11	0	0	0	0	386	559	
12	0	0	0	0	400	528	
13	0	0	0	0	414	541	
14	0	0	0	0	427	512	
15	0	0	0	0	437	493	
0	0	0	0	0	443	479	
1	0	0	0	0	452	464	
2	0	0	0	0	460	461	
3	0	0	0	0	469	474	
4	0	0	0	0	477	505	
5	0	0	0	0	482	560	
6	0	0	0	0	485	590	
7	0	0	0	0	489	598	
8	0	0	0	0	489	617	
9	0	0	0	0	486	592	
10	0	0	0	0	479	573	
11	0	0	0	0	469	581	
12	0	0	0	0	458	587	
13	0	0	0	0	448	567	
14	0	0	0	0	438	516	
15	0	0	0	0	422	471	
0	0	0	0	0	407	470	
1	0	0	0	0	395	512	
2	0	0	0	0	384	540	
3	0	0	0	0	375	553	
4	0	0	0	0	367	589	
5	0	0	0	0	359	614	
6	0	0	0	0	353	615	
7	0	0	0	0	349	616	
8	0	0	0	0	347	628	
9	0	0	0	0	346	597	
10	0	0	0	0	349	594	
11	0	0	0	0	355	578	
12	0	0	0	0	361	580	
13	0	0	0	0	370	564	
14	0	0	0	0	385	551	
15	0	0	0	0	398	531	
0	0	0	0	0	407	527	
1	0	0	0	0	410	555	
2	0	0	0	0	411	621	
3	0	0	0	0	412	635	
4	0	0	0	0	417	640	
5	0	0	0	0	420	695	
6	0	0	0	0	426	711	
7	0	0	0	0	433	693	
8	0	0	0	0	441	632	
9	0	0	0	0	443	570	
10	0	0	0	0	447	528	
11	0	0	0	0	450	509	
12	0	0	0	0	457	507	
13	0	0	0	0	467	504	
14	0	0	0	0	475	501	
15	0	0	0	0	481	520	
0	0	0	0	0	483	560	
1	0	0	0	0	484	549	
2	0	0	0	0	485	510	
3	0	0	0	0	489	483	
4	0	0	0	0	492	476	
5	0	0	0	0	493	477	
6	0	0	0	0	495	490	
7	0	0	0	0	495	498	
8	0	0	0	0	495	510	
9	0	0	0	0	496	529	
10	0	0	0	0	499	489	
11	0	0	0	0	499	455	
12	0	0	0	0	499	443	
13	0	0	0	0	496	478	
14	0	0	0	0	497	487	
15	0	0	0	0	498	463	
0	0	0	0	0	491	428	
1	0	0	0	0	478	411	
2	0	0	0	0	463	400	
3	0	0	0	0	449	411	
4	0	0	0	0	443	458	
5	0	0	0	0	440	478	
6	0	0	0	0	437	481	
7	0	0	0	0	437	514	
8	0	0	0	0	440	552	
9	0	0	0	0	444	577	
10	0	0	0	0	448	611	
11	0	0	0	0	455	618	
12	0	0	0	0	460	610	
13	0	0	0	0	461	597	
14	0	0	0	0	459	601	
15	0	0	0	0	454	588	
0	0	0	0	0	448	547	
1	0	0	0	0	440	551	
2	0	0	0	0	437	562	
3	0	0	0	0	434	574	
4	0	0	0	0	431	573	
5	0	0	0	0	421	521	
6	0	0	0	0	417	476	
7	0	0	0	0	416	487	
8	0	0	0	0	416	551	
9	0	0	0	0	416	563	
10	0	0	0	0	413	562	
11	0	0	0	0	411	585	
12	0	0	0	0	413	578	
13	0	0	0	0	420	601	
14	0	0	0	0	429	575	
15	0	0	0	0	433	509	
0	0	0	0	0	434	464	
1	0	0	0	0	440	416	
2	0	0	0	0	450	383	
3	0	0	0	0	463	380	
4	0	0	0	0	473	411	
5	0	0	0	0	483	419	
6	0	0	0	0	495	444	
7	0	0	0	0	512	436	
8	0	0	0	0	525	440	
9	0	0	0	0	532	430	
10	0	0	0	0	531	454	
11	0	0	0	0	525	507	
12	0	0	0	0	513	539	
13	0	0	0	0	502	529	
14	0	0	0	0	490	495	
15	0	0	0	0	479	461	
0	0	0	0	0	468	432	
1	0	0	0	0	461	399	
2	0	0	0	0	453	398	
3	0	0	0	0	444	374	
4	0	0	0	0	440	433	
5	0	0	0	0	439	507	
6	0	0	0	0	440	590	
7	0	0	0	0	441	655	
8	0	0	0	0	437	675	
9	0	0	0	0	430	616	
10	0	0	0	0	426	606	
11	0	0	0	0	428	600	
12	0	0	0	0	437	575	
13	0	0	0	0	447	523	
14	0	0	0	0	455	476	
15	0	0	0	0	454	475	
0	0	0	0	0	446	517	
1	0	0	0	0	438	564	
2	0	0	0	0	432	587	
3	0	0	0	0	426	581	
4	0	0	0	0	416	554	
5	0	0	0	0	408	489	
6	0	0	0	0	401	444	
7	0	0	0	0	396	412	
8	0	0	0	0	391	431	
9	0	0	0	0	385	472	
10	0	0	0	0	379	497	
11	0	0	0	0	373	537	
12	0	0	0	0	371	560	
13	0	0	0	0	376	560	
14	0	0	0	0	377	519	
15	0	0	0	0	380	496	
0	0	0	0	0	383	461	
1	0	0	0	0	388	473	
2	0	0	0	0	396	510	
3	0	0	0	0	406	527	
4	0	0	0	0	417	557	
5	0	0	0	0	427	543	
6	0	0	0	0	440	500	
7	0	0	0	0	454	477	
8	0	0	0	0	468	464	
9	0	0	0	0	480	446	
10	0	0	0	0	494	425	
11	0	0	0	0	503	431	
12	0	0	0	0	509	443	
13	0	0	0	0	512	461	
14	0	0	0	0	513	464	
15	0	0	0	0	508	489	
0	0	0	0	0	500	473	
1	0	0	0	0	489	451	
2	0	0	0	0	480	465	
3	0	0	0	0	476	462	
4	0	0	0	0	473	441	
5	0	0	0	0	471	420	
6	0	0	0	0	472	431	
7	0	0	0	0	471	406	
8	0	0	0	0	471	376	
9	0	0	0	0	468	407	
10	0	0	0	0	462	447	
11	0	0	0	0	455	467	
12	0	0	0	0	448	499	
13	0	0	0	0	447	469	
14	0	0	0	0	451	461	
15	0	0	0	0	460	467	
0	0	0	0	0	468	471	
1	0	0	0	0	473	493	
2	0	0	0	0	479	492	
3	0	0	0	0	483	498	
4	0	0	0	0	486	514	
5	0	0	0	0	486	457	
6	0	0	0	0	485	458	
7	0	0	0	0	481	417	
8	0	0	0	0	475	400	
9	0	0	0	0	466	454	
10	0	0	0	0	460	440	
11	0	0	0	0	452	449	
12	0	0	0	0	448	456	
13	0	0	0	0	451	482	
14	0	0	0	0	455	520	
15	0	0	0	0	459	540	
0	0	0	0	0	460	537	
1	0	0	0	0	460	511	
2	0	0	0	0	460	506	
3	0	0	0	0	460	504	
4	0	0	0	0	463	489	
5	0	0	0	0	467	502	
6	0	0	0	0	472	516	
7	0	0	0	0	480	514	
8	0	0	0	0	484	529	
9	0	0	0	0	486	557	
10	0	0	0	0	488	615	
11	0	0	0	0	488	637	
12	0	0	0	0	489	639	
13	0	0	0	0	491	645	
14	0	0	0	0	494	612	
15	0	0	0	0	499	567	
0	0	0	0	0	512	565	
1	0	0	0	0	524	551	
2	0	0	0	0	537	583	
3	0	0	0	0	545	588	
4	0	0	0	0	550	539	
5	0	0	0	0	551	491	
6	0	0	0	0	550	474	
7	0	0	0	0	549	483	
8	0	0	0	0	545	479	
9	0	0	0	0	543	473	
10	0	0	0	0	540	488	
11	0	0	0	0	536	487	
12	0	0	0	0	531	486	
13	0	0	0	0	527	467	
14	0	0	0	0	531	468	
15	0	0	0	0	531	529	
0	0	0	0	0	526	573	
1	0	0	0	0	519	585	
2	0	0	0	0	508	604	
3	0	0	0	0	501	605	
4	0	0	0	0	495	592	
5	0	0	0	0	494	554	
6	0	0	0	0	497	536	
7	0	0	0	0	503	504	
8	0	0	0	0	510	481	
9	0	0	0	0	517	432	
10	0	0	0	0	521	455	
11	0	0	0	0	523	490	
12	0	0	0	0	529	496	
13	0	0	0	0	536	519	
14	0	0	0	0	538	530	
15	0	0	0	0	531	510	
0	0	0	0	0	521	460	
1	0	0	0	0	511	455	
2	0	0	0	0	505	487	
3	0	0	0	0	500	519	
4	0	0	0	0	497	525	
5	0	0	0	0	490	501	
6	0	0	0	0	479	494	
7	0	0	0	0	468	503	
8	0	0	0	0	460	493	
9	0	0	0	0	458	485	
10	0	0	0	0	455	482	
11	0	0	0	0	452	513	
12	0	0	0	0	452	521	
13	0	0	0	0	454	547	
14	0	0	0	0	462	561	
15	0	0	0	0	472	529	
0	0	0	0	0	479	507	
1	0	0	0	0	487	528	
2	0	0	0	0	496	551	
3	0	0	0	0	506	565	
4	0	0	0	0	516	570	
5	0	0	0	0	524	585	
6	0	0	0	0	531	515	
7	0	0	0	0	542	462	
8	0	0	0	0	543	444	
9	0	0	0	0	537	426	
10	0	0	0	0	526	444	
11	0	0	0	0	513	434	
12	0	0	0	0	501	443	
13	0	0	0	0	491	455	
14	0	0	0	0	480	487	
15	0	0	0	0	475	516	
0	0	0	0	0	470	501	
1	0	0	0	0	469	489	
2	0	0	0	0	471	495	
3	0	0	0	0	475	497	
4	0	0	0	0	480	471	
5	0	0	0	0	486	433	
6	0	0	0	0	487	448	
7	0	0	0	0	489	449	
8	0	0	0	0	487	430	
9	0	0	0	0	487	440	
10	0	0	0	0	482	460	
11	0	0	0	0	476	463	
12	0	0	0	0	473	487	
13	0	0	0	0	470	504	
14	0	0	0	0	466	495	
15	0	0	0	0	463	504	
0	0	0	0	0	461	518	
1	0	0	0	0	460	542	
2	0	0	0	0	456	542	
3	0	0	0	0	454	536	
4	0	0	0	0	451	558	
5	0	0	0	0	444	542	
6	0	0	0	0	443	499	
7	0	0	0	0	447	466	
8	0	0	0	0	452	472	
9	0	0	0	0	456	476	
10	0	0	0	0	459	444	
11	0	0	0	0	460	400	
12	0	0	0	0	462	444	
13	0	0	0	0	461	448	
14	0	0	0	0	459	429	
15	0	0	0	0	455	403	
0	0	0	0	0	456	437	
1	0	0	0	0	464	473	
2	0	0	0	0	473	463	
3	0	0	0	0	483	461	
4	0	0	0	0	492	474	
5	0	0	0	0	501	495	
6	0	0	0	0	510	478	
7	0	0	0	0	516	487	
8	0	0	0	0	520	503	
9	0	0	0	0	524	445	
10	0	0	0	0	526	436	
11	0	0	0	0	527	433	
12	0	0	0	0	524	389	
13	0	0	0	0	523	384	
14	0	0	0	0	521	375	
15	0	0	0	0	521	405	
0	0	0	0	0	521	428	
1	0	0	0	0	523	411	
2	0	0	0	0	524	424	
3	0	0	0	0	519	447	
4	0	0	0	0	511	467	
5	0	0	0	0	503	475	
6	0	0	0	0	496	483	
7	0	0	0	0	488	491	
8	0	0	0	0	480	515	
9	0	0	0	0	471	527	
10	0	0	0	0	462	522	
11	0	0	0	0	455	499	
12	0	0	0	0	449	477	
13	0	0	0	0	446	444	
14	0	0	0	0	441	428	
15	0	0	0	0	440	487	
0	0	0	0	0	444	508	
1	0	0	0	0	451	515	
2	0	0	0	0	456	535	
3	0	0	0	0	458	520	
4	0	0	0	0	456	517	
5	0	0	0	0	447	529	
6	0	0	0	0	432	531	
7	0	0	0	0	418	516	
8	0	0	0	0	408	492	
9	0	0	0	0	397	419	
10	0	0	0	0	394	371	
11	0	0	0	0	396	406	
12	0	0	0	0	402	477	
13	0	0	0	0	409	526	
14	0	0	0	0	419	559	
15	0	0	0	0	433	557	
0	0	0	0	0	447	540	
1	0	0	0	0	462	524	
2	0	0	0	0	480	540	
3	0	0	0	0	497	561	
4	0	0	0	0	511	565	
5	0	0	0	0	523	562	
6	0	0	0	0	535	554	
7	0	0	0	0	543	524	
8	0	0	0	0	547	500	
9	0	0	0	0	545	500	
10	0	0	0	0	541	504	
11	0	0	0	0	540	509	
12	0	0	0	0	541	514	
13	0	0	0	0	543	550	
14	0	0	0	0	543	528	
15	0	0	0	0	545	496	
0	0	0	0	0	545	484	
1	0	0	0	0	541	526	
2	0	0	0	0	533	543	
3	0	0	0	0	527	499	
4	0	0	0	0	525	456	
5	0	0	0	0	525	413	
6	0	0	0	0	528	414	
7	0	0	0	0	529	386	
8	0	0	0	0	531	351	
9	0	0	0	0	527	311	
10	0	0	0	0	522	359	
11	0	0	0	0	517	372	
12	0	0	0	0	514	412	
13	0	0	0	0	510	450	
14	0	0	0	0	502	465	
15	0	0	0	0	490	457	
0	0	0	0	0	478	427	
1	0	0	0	0	470	443	
2	0	0	0	0	461	468	
3	0	0	0	0	455	504	
4	0	0	0	0	451	561	
5	0	0	0	0	445	557	
6	0	0	0	0	441	560	
7	0	0	0	0	439	527	
8	0	0	0	0	436	510	
9	0	0	0	0	435	492	
10	0	0	0	0	438	502	
11	0	0	0	0	443	502	
12	0	0	0	0	447	492	
13	0	0	0	0	450	511	
14	0	0	0	0	449	527	
15	0	0	0	0	453	513	
0	0	0	0	0	459	528	
1	0	0	0	0	461	521	
2	0	0	0	0	458	542	
3	0	0	0	0	458	547	
4	0	0	0	0	464	559	
5	0	0	0	0	471	575	
6	0	0	0	0	473	561	
7	0	0	0	0	476	535	
8	0	0	0	0	474	514	
9	0	0	0	0	472	524	
10	0	0	0	0	466	516	
11	0	0	0	0	460	476	
12	0	0	0	0	451	446	
13	0	0	0	0	442	456	
14	0	0	0	0	432	479	
15	0	0	0	0	421	510	
0	0	0	0	0	412	539	
1	0	0	0	0	405	566	
2	0	0	0	0	399	557	
3	0	0	0	0	400	547	
4	0	0	0	0	406	551	
5	0	0	0	0	411	583	
6	0	0	0	0	416	650	
7	0	0	0	0	424	655	
8	0	0	0	0	434	639	
9	0	0	0	0	446	611	
10	0	0	0	0	456	581	
11	0	0	0	0	468	592	
12	0	0	0	0	473	604	
13	0	0	0	0	473	587	
14	0	0	0	0	467	546	
15	0	0	0	0	457	517	
0	0	0	0	0	444	479	
1	0	0	0	0	432	425	
2	0	0	0	0	424	443	
3	0	0	0	0	420	472	
4	0	0	0	0	418	475	
5	0	0	0	0	418	502	
6	0	0	0	0	423	518	
7	0	0	0	0	429	512	
8	0	0	0	0	436	497	
9	0	0	0	0	444	489	
10	0	0	0	0	449	470	
11	0	0	0	0	455	454	
12	0	0	0	0	460	418	
13	0	0	0	0	465	436	
14	0	0	0	0	471	435	
15	0	0	0	0	476	434	
0	0	0	0	0	483	431	
1	0	0	0	0	492	468	
2	0	0	0	0	496	491	
3	0	0	0	0	499	512	
4	0	0	0	0	499	506	
5	0	0	0	0	498	507	
6	0	0	0	0	497	499	
7	0	0	0	0	494	521	
8	0	0	0	0	489	529	
9	0	0	0	0	486	531	
10	0	0	0	0	479	522	
11	0	0	0	0	474	527	
12	0	0	0	0	472	528	
13	0	0	0	0	472	523	
14	0	0	0	0	472	507	
15	0	0	0	0	476	501	
0	0	0	0	0	481	509	
1	0	0	0	0	492	502	
2	0	0	0	0	502	527	
3	0	0	0	0	510	504	
4	0	0	0	0	512	455	
5	0	0	0	0	513	418	
6	0	0	0	0	508	445	
7	0	0	0	0	506	485	
8	0	0	0	0	510	519	
9	0	0	0	0	515	503	
10	0	0	0	0	522	508	
11	0	0	0	0	523	485	
12	0	0	0	0	521	455	
13	0	0	0	0	519	437	
14	0	0	0	0	514	430	
15	0	0	0	0	506	423	
0	0	0	0	0	502	402	
1	0	0	0	0	502	401	
2	0	0	0	0	500	425	
3	0	0	0	0	501	478	
4	0	0	0	0	501	519	
5	0	0	0	0	499	515	
6	0	0	0	0	494	488	
7	0	0	0	0	492	483	
8	0	0	0	0	491	503	
9	0	0	0	0	491	514	
10	0	0	0	0	494	531	
11	0	0	0	0	495	521	
12	0	0	0	0	499	527	
13	0	0	0	0	499	538	
14	0	0	0	0	501	540	
15	0	0	0	0	499	567	
0	0	0	0	0	496	605	
1	0	0	0	0	488	625	
2	0	0	0	0	483	607	
3	0	0	0	0	482	626	
4	0	0	0	0	476	621	
5	0	0	0	0	473	626	
6	0	0	0	0	477	603	
7	0	0	0	0	483	566	
8	0	0	0	0	488	568	
9	0	0	0	0	494	575	
10	0	0	0	0	496	588	
11	0	0	0	0	503	608	
12	0	0	0	0	512	586	
13	0	0	0	0	521	562	
14	0	0	0	0	531	554	
15	0	0	0	0	539	554	
0	0	0	0	0	545	508	
1	0	0	0	0	551	465	
2	0	0	0	0	553	430	
3	0	0	0	0	556	406	
4	0	0	0	0	559	419	
5	0	0	0	0	565	428	
6	0	0	0	0	567	415	
7	0	0	0	0	566	438	
8	0	0	0	0	563	443	
9	0	0	0	0	563	410	
10	0	0	0	0	561	400	
11	0	0	0	0	562	392	
12	0	0	0	0	561	401	
13	0	0	0	0	560	426	
14	0	0	0	0	560	444	
15	0	0	0	0	558	457	
0	0	0	0	0	556	465	
1	0	0	0	0	553	483	
2	0	0	0	0	550	482	
3	0	0	0	0	544	496	
4	0	0	0	0	545	493	
5	0	0	0	0	547	492	
6	0	0	0	0	550	505	
7	0	0	0	0	553	500	
8	0	0	0	0	559	478	
9	0	0	0	0	560	455	
10	0	0	0	0	560	371	
11	0	0	0	0	562	383	
12	0	0	0	0	561	383	
13	0	0	0	0	559	382	
14	0	0	0	0	559	396	
15	0	0	0	0	560	401	
0	0	0	0	0	561	409	
1	0	0	0	0	556	429	
2	0	0	0	0	548	457	
3	0	0	0	0	541	449	
4	0	0	0	0	531	426	
5	0	0	0	0	525	413	
6	0	0	0	0	518	419	
7	0	0	0	0	512	430	
8	0	0	0	0	508	440	
9	0	0	0	0	505	421	
10	0	0	0	0	503	438	
11	0	0	0	0	501	476	
12	0	0	0	0	499	498	
13	0	0	0	0	500	494	
14	0	0	0	0	501	482	
15	0	0	0	0	507	482	
0	0	0	0	0	509	491	
1	0	0	0	0	504	489	
2	0	0	0	0	500	510	
3	0	0	0	0	501	492	
4	0	0	0	0	502	511	
5	0	0	0	0	501	522	
6	0	0	0	0	500	538	
7	0	0	0	0	498	551	
8	0	0	0	0	491	555	
9	0	0	0	0	484	510	
10	0	0	0	0	485	483	
11	0	0	0	0	490	461	
12	0	0	0	0	493	450	
13	0	0	0	0	493	448	
14	0	0	0	0	488	444	
15	0	0	0	0	479	453	
0	0	0	0	0	464	466	
1	0	0	0	0	449	477	
2	0	0	0	0	435	483	
3	0	0	0	0	422	500	
4	0	0	0	0	411	550	
5	0	0	0	0	403	576	
6	0	0	0	0	399	564	
7	0	0	0	0	390	495	
8	0	0	0	0	384	443	
9	0	0	0	0	380	450	
10	0	0	0	0	375	500	
11	0	0	0	0	372	516	
12	0	0	0	0	370	536	
13	0	0	0	0	371	575	
14	0	0	0	0	365	579	
15	0	0	0	0	357	593	
0	0	0	0	0	351	600	
1	0	0	0	0	347	616	
2	0	0	0	0	344	630	
3	0	0	0	0	342	622	
4	0	0	0	0	347	593	
5	0	0	0	0	359	604	
6	0	0	0	0	374	568	
7	0	0	0	0	391	527	
8	0	0	0	0	407	476	
9	0	0	0	0	428	461	
10	0	0	0	0	450	480	
11	0	0	0	0	470	487	
12	0	0	0	0	483	487	
13	0	0	0	0	491	466	
14	0	0	0	0	503	456	
15	0	0	0	0	511	472	
0	0	0	0	0	516	492	
1	0	0	0	0	515	528	
2	0	0	0	0	511	517	
3	0	0	0	0	497	492	
4	0	0	0	0	480	506	
5	0	0	0	0	469	560	
6	0	0	0	0	459	612	
7	0	0	0	0	455	608	
8	0	0	0	0	452	596	
9	0	0	0	0	449	559	
10	0	0	0	0	448	545	
11	0	0	0	0	448	537	
12	0	0	0	0	452	511	
13	0	0	0	0	451	498	
14	0	0	0	0	448	488	
15	0	0	0	0	441	478	
0	0	0	0	0	436	498	
1	0	0	0	0	436	555	
2	0	0	0	0	438	572	
3	0	0	0	0	444	589	
4	0	0	0	0	451	567	
5	0	0	0	0	463	559	
6	0	0	0	0	472	551	
7	0	0	0	0	480	552	
8	0	0	0	0	484	500	
9	0	0	0	0	485	497	
10	0	0	0	0	483	551	
11	0	0	0	0	483	594	
12	0	0	0	0	488	632	
13	0	0	0	0	495	652	
14	0	0	0	0	498	623	
15	0	0	0	0	500	609	
0	0	0	0	0	500	584	
1	0	0	0	0	497	542	
2	0	0	0	0	493	536	
3	0	0	0	0	484	515	
4	0	0	0	0	473	499	
5	0	0	0	0	461	484	
6	0	0	0	0	455	441	
7	0	0	0	0	451	421	
8	0	0	0	0	444	479	
9	0	0	0	0	440	523	
10	0	0	0	0	435	555	
11	0	0	0	0	427	532	
12	0	0	0	0	419	546	
13	0	0	0	0	414	553	
14	0	0	0	0	415	579	
15	0	0	0	0	420	620	
0	0	0	0	0	425	648	
1	0	0	0	0	429	657	
2	0	0	0	0	435	652	
3	0	0	0	0	440	618	
4	0	0	0	0	448	584	
5	0	0	0	0	456	597	
6	0	0	0	0	462	606	
7	0	0	0	0	467	607	
8	0	0	0	0	470	583	
9	0	0	0	0	473	566	
10	0	0	0	0	476	563	
11	0	0	0	0	476	531	
12	0	0	0	0	475	479	
13	0	0	0	0	472	473	
14	0	0	0	0	472	472	
15	0	0	0	0	470	487	
0	0	0	0	0	468	477	
1	0	0	0	0	470	487	
2	0	0	0	0	470	546	
3	0	0	0	0	466	588	
4	0	0	0	0	462	601	
5	0	0	0	0	460	570	
6	0	0	0	0	455	557	
7	0	0	0	0	449	545	
8	0	0	0	0	444	548	
9	0	0	0	0	441	568	
10	0	0	0	0	441	542	
11	0	0	0	0	443	536	
12	0	0	0	0	448	521	
13	0	0	0	0	455	510	
14	0	0	0	0	460	476	
15	0	0	0	0	457	480	
0	0	0	0	0	457	499	
1	0	0	0	0	454	512	
2	0	0	0	0	449	527	
3	0	0	0	0	444	535	
4	0	0	0	0	440	594	
5	0	0	0	0	439	612	
6	0	0	0	0	440	590	
7	0	0	0	0	447	579	
8	0	0	0	0	454	597	
9	0	0	0	0	460	615	
10	0	0	0	0	468	603	
11	0	0	0	0	480	598	
12	0	0	0	0	492	582	
13	0	0	0	0	503	542	
14	0	0	0	0	511	496	
15	0	0	0	0	516	480	
0	0	0	0	0	519	489	
1	0	0	0	0	521	492	
2	0	0	0	0	526	481	
3	0	0	0	0	526	461	
4	0	0	0	0	526	449	
5	0	0	0	0	525	465	
6	0	0	0	0	524	497	
7	0	0	0	0	522	487	
8	0	0	0	0	525	476	
9	0	0	0	0	525	454	
10	0	0	0	0	524	452	
11	0	0	0	0	520	468	
12	0	0	0	0	515	507	
13	0	0	0	0	516	492	
14	0	0	0	0	515	472	
15	0	0	0	0	511	455	
0	0	0	0	0	504	435	
1	0	0	0	0	498	415	
2	0	0	0	0	497	435	
3	0	0	0	0	495	438	
4	0	0	0	0	490	415	
5	0	0	0	0	483	422	
6	0	0	0	0	477	428	
7	0	0	0	0	472	406	
8	0	0	0	0	471	405	
9	0	0	0	0	470	427	
10	0	0	0	0	467	422	
11	0	0	0	0	469	426	
12	0	0	0	0	474	457	
13	0	0	0	0	479	459	
14	0	0	0	0	486	456	
15	0	0	0	0	494	443	
0	0	0	0	0	504	426	
1	0	0	0	0	516	433	
2	0	0	0	0	529	443	
3	0	0	0	0	539	423	
4	0	0	0	0	543	415	
5	0	0	0	0	542	406	
6	0	0	0	0	540	427	
7	0	0	0	0	537	442	
8	0	0	0	0	538	452	
9	0	0	0	0	540	453	
10	0	0	0	0	540	430	
11	0	0	0	0	545	430	
12	0	0	0	0	552	440	
13	0	0	0	0	562	408	
14	0	0	0	0	570	372	
15	0	0	0	0	577	380	
0	0	0	0	0	587	418	
1	0	0	0	0	597	444	
2	0	0	0	0	606	505	
3	0	0	0	0	606	503	
4	0	0	0	0	601	474	
5	0	0	0	0	593	471	
6	0	0	0	0	583	484	
7	0	0	0	0	571	494	
8	0	0	0	0	556	488	
9	0	0	0	0	540	434	
10	0	0	0	0	524	399	
11	0	0	0	0	511	373	
12	0	0	0	0	496	404	
13	0	0	0	0	477	455	
14	0	0	0	0	465	492	
15	0	0	0	0	455	494	
0	0	0	0	0	446	517	
1	0	0	0	0	436	541	
2	0	0	0	0	428	520	
3	0	0	0	0	423	459	
4	0	0	0	0	422	438	
5	0	0	0	0	424	446	
6	0	0	0	0	428	473	
7	0	0	0	0	432	479	
8	0	0	0	0	439	510	
9	0	0	0	0	442	541	
10	0	0	0	0	446	572	
11	0	0	0	0	449	579	
12	0	0	0	0	451	547	
13	0	0	0	0	454	499	
14	0	0	0	0	458	499	
15	0	0	0	0	463	515	
0	0	0	0	0	465	486	
1	0	0	0	0	463	476	
2	0	0	0	0	460	472	
3	0	0	0	0	455	494	
4	0	0	0	0	454	513	
5	0	0	0	0	457	506	
6	0	0	0	0	463	500	
7	0	0	0	0	470	529	
8	0	0	0	0	478	546	
9	0	0	0	0	483	519	
10	0	0	0	0	487	479	
11	0	0	0	0	491	448	
12	0	0	0	0	493	439	
13	0	0	0	0	492	436	
14	0	0	0	0	490	428	
15	0	0	0	0	486	436	
0	0	0	0	0	484	471	
1	0	0	0	0	483	496	
2	0	0	0	0	482	503	
3	0	0	0	0	483	481	
4	0	0	0	0	485	474	
5	0	0	0	0	487	445	
6	0	0	0	0	490	411	
7	0	0	0	0	500	423	
8	0	0	0	0	508	464	
9	0	0	0	0	512	503	
10	0	0	0	0	519	512	
11	0	0	0	0	523	524	
12	0	0	0	0	523	548	
13	0	0	0	0	519	556	
14	0	0	0	0	512	534	
15	0	0	0	0	506	467	
0	0	0	0	0	497	398	
1	0	0	0	0	487	406	
2	0	0	0	0	478	395	
3	0	0	0	0	467	398	
4	0	0	0	0	456	431	
5	0	0	0	0	447	443	
6	0	0	0	0	440	492	
7	0	0	0	0	440	515	
8	0	0	0	0	440	528	
9	0	0	0	0	442	533	
10	0	0	0	0	439	531	
11	0	0	0	0	437	563	
12	0	0	0	0	434	578	
13	0	0	0	0	431	621	
14	0	0	0	0	429	658	
15	0	0	0	0	429	663	
0	0	0	0	0	431	652	
1	0	0	0	0	435	623	
2	0	0	0	0	438	589	
3	0	0	0	0	441	588	
4	0	0	0	0	449	535	
5	0	0	0	0	460	502	
6	0	0	0	0	470	457	
7	0	0	0	0	475	449	
8	0	0	0	0	481	493	
9	0	0	0	0	483	531	
10	0	0	0	0	483	572	
11	0	0	0	0	483	571	
12	0	0	0	0	480	547	
13	0	0	0	0	476	513	
14	0	0	0	0	471	495	
15	0	0	0	0	469	510	
0	0	0	0	0	469	493	
1	0	0	0	0	473	486	
2	0	0	0	0	483	492	
3	0	0	0	0	494	513	
4	0	0	0	0	501	497	
5	0	0	0	0	509	519	
6	0	0	0	0	514	542	
7	0	0	0	0	518	528	
8	0	0	0	0	521	528	
9	0	0	0	0	525	552	
10	0	0	0	0	531	551	
11	0	0	0	0	538	550	
12	0	0	0	0	543	538	
13	0	0	0	0	549	496	
14	0	0	0	0	555	457	
15	0	0	0	0	557	475	
0	0	0	0	0	558	503	
1	0	0	0	0	563	507	
2	0	0	0	0	567	510	
3	0	0	0	0	566	521	
4	0	0	0	0	560	517	
5	0	0	0	0	551	494	
6	0	0	0	0	538	497	
7	0	0	0	0	524	481	
8	0	0	0	0	511	454	
9	0	0	0	0	497	463	
10	0	0	0	0	485	455	
11	0	0	0	0	472	455	
12	0	0	0	0	457	443	
13	0	0	0	0	448	428	
14	0	0	0	0	444	426	
15	0	0	0	0	444	482	
0	0	0	0	0	437	519	
1	0	0	0	0	429	566	
2	0	0	0	0	420	605	
3	0	0	0	0	410	641	
4	0	0	0	0	396	626	
5	0	0	0	0	387	637	
6	0	0	0	0	375	614	
7	0	0	0	0	365	652	
8	0	0	0	0	361	665	
9	0	0	0	0	357	655	
10	0	0	0	0	360	624	
11	0	0	0	0	368	632	
12	0	0	0	0	382	663	
13	0	0	0	0	401	659	
14	0	0	0	0	419	651	
15	0	0	0	0	435	635	
0	0	0	0	0	448	608	
1	0	0	0	0	463	598	
2	0	0	0	0	481	591	
3	0	0	0	0	499	620	
4	0	0	0	0	511	636	
5	0	0	0	0	520	623	
6	0	0	0	0	527	634	
7	0	0	0	0	536	640	
8	0	0	0	0	541	592	
9	0	0	0	0	543	537	
10	0	0	0	0	547	553	
11	0	0	0	0	551	591	
12	0	0	0	0	556	567	
13	0	0	0	0	562	556	
14	0	0	0	0	565	534	
15	0	0	0	0	567	556	
0	0	0	0	0	567	543	
1	0	0	0	0	566	515	
2	0	0	0	0	561	446	
3	0	0	0	0	555	416	
4	0	0	0	0	551	437	
5	0	0	0	0	545	438	
6	0	0	0	0	537	428	
7	0	0	0	0	528	436	
8	0	0	0	0	520	444	
9	0	0	0	0	513	440	
10	0	0	0	0	507	470	
11	0	0	0	0	507	502	
12	0	0	0	0	511	539	
13	0	0	0	0	512	526	
14	0	0	0	0	512	540	
15	0	0	0	0	511	541	
0	0	0	0	0	511	502	
1	0	0	0	0	513	520	
2	0	0	0	0	511	540	
3	0	0	0	0	507	560	
4	0	0	0	0	507	599	
5	0	0	0	0	507	614	
6	0	0	0	0	508	601	
7	0	0	0	0	511	577	
8	0	0	0	0	514	544	
9	0	0	0	0	517	547	
10	0	0	0	0	521	527	
11	0	0	0	0	525	499	
12	0	0	0	0	524	490	
13	0	0	0	0	525	494	
14	0	0	0	0	528	472	
15	0	0	0	0	533	464	
0	0	0	0	0	540	438	
1	0	0	0	0	547	419	
2	0	0	0	0	555	433	
3	0	0	0	0	566	447	
4	0	0	0	0	574	462	
5	0	0	0	0	586	450	
6	0	0	0	0	595	461	
7	0	0	0	0	608	476	
8	0	0	0	0	623	508	
9	0	0	0	0	632	507	
10	0	0	0	0	639	476	
11	0	0	0	0	642	438	
12	0	0	0	0	643	426	
13	0	0	0	0	641	434	
14	0	0	0	0	638	429	
15	0	0	0	0	636	423	
0	0	0	0	0	632	454	
1	0	0	0	0	630	478	
2	0	0	0	0	627	502	
3	0	0	0	0	626	487	
4	0	0	0	0	626	447	
5	0	0	0	0	623	428	
6	0	0	0	0	616	415	
7	0	0	0	0	610	408	
8	0	0	0	0	601	407	
9	0	0	0	0	592	416	
10	0	0	0	0	582	407	
11	0	0	0	0	574	398	
12	0	0	0	0	565	426	
13	0	0	0	0	557	439	
14	0	0	0	0	552	480	
15	0	0	0	0	551	509	
0	0	0	0	0	553	517	
1	0	0	0	0	556	509	
2	0	0	0	0	565	547	
3	0	0	0	0	572	552	
4	0	0	0	0	578	530	
5	0	0	0	0	583	544	
6	0	0	0	0	586	554	
7	0	0	0	0	584	563	
8	0	0	0	0	585	581	
9	0	0	0	0	581	594	
10	0	0	0	0	571	599	
11	0	0	0	0	560	569	
12	0	0	0	0	550	580	
13	0	0	0	0	537	585	
14	0	0	0	0	528	549	
15	0	0	0	0	520	505	
0	0	0	0	0	514	485	
1	0	0	0	0	505	493	
2	0	0	0	0	499	484	
3	0	0	0	0	496	504	
4	0	0	0	0	498	554	
5	0	0	0	0	504	568	
6	0	0	0	0	511	565	
7	0	0	0	0	518	575	
8	0	0	0	0	526	569	
9	0	0	0	0	534	537	
10	0	0	0	0	537	527	
11	0	0	0	0	537	497	
12	0	0	0	0	539	492	
13	0	0	0	0	538	451	
14	0	0	0	0	536	441	
15	0	0	0	0	535	467	
0	0	0	0	0	534	503	
1	0	0	0	0	535	542	
2	0	0	0	0	536	530	
3	0	0	0	0	536	491	
4	0	0	0	0	532	523	
5	0	0	0	0	527	469	
6	0	0	0	0	526	446	
7	0	0	0	0	527	441	
8	0	0	0	0	527	420	
9	0	0	0	0	524	423	
10	0	0	0	0	519	434	
11	0	0	0	0	512	422	
12	0	0	0	0	504	419	
13	0	0	0	0	497	420	
14	0	0	0	0	496	427	
15	0	0	0	0	494	443	
0	0	0	0	0	493	419	
1	0	0	0	0	489	416	
2	0	0	0	0	483	444	
3	0	0	0	0	481	479	
4	0	0	0	0	480	489	
5	0	0	0	0	479	454	
6	0	0	0	0	478	423	
7	0	0	0	0	474	438	
8	0	0	0	0	472	460	
9	0	0	0	0	468	499	
10	0	0	0	0	460	540	
11	0	0	0	0	455	553	
12	0	0	0	0	455	593	
13	0	0	0	0	453	617	
14	0	0	0	0	455	596	
15	0	0	0	0	462	566	
0	0	0	0	0	472	569	
1	0	0	0	0	486	579	
2	0	0	0	0	504	573	
3	0	0	0	0	519	564	
4	0	0	0	0	529	551	
5	0	0	0	0	536	574	
6	0	0	0	0	538	560	
7	0	0	0	0	537	549	
8	0	0	0	0	534	515	
9	0	0	0	0	528	508	
10	0	0	0	0	520	476	
11	0	0	0	0	508	460	
12	0	0	0	0	495	484	
13	0	0	0	0	488	534	
14	0	0	0	0	481	569	
15	0	0	0	0	478	568	
0	0	0	0	0	476	579	
1	0	0	0	0	474	595	
2	0	0	0	0	474	604	
3	0	0	0	0	477	591	
4	0	0	0	0	483	575	
5	0	0	0	0	495	543	
6	0	0	0	0	503	511	
7	0	0	0	0	505	475	
8	0	0	0	0	506	459	
9	0	0	0	0	506	465	
10	0	0	0	0	503	487	
11	0	0	0	0	500	522	
12	0	0	0	0	497	515	
13	0	0	0	0	493	506	
14	0	0	0	0	490	522	
15	0	0	0	0	487	543	
0	0	0	0	0	490	556	
1	0	0	0	0	494	534	
2	0	0	0	0	497	508	
3	0	0	0	0	500	521	
4	0	0	0	0	505	560	
5	0	0	0	0	508	598	
6	0	0	0	0	507	556	
7	0	0	0	0	505	487	
8	0	0	0	0	504	401	
9	0	0	0	0	510	401	
10	0	0	0	0	516	406	
11	0	0	0	0	521	440	
12	0	0	0	0	521	457	
13	0	0	0	0	521	490	
14	0	0	0	0	521	513	
15	0	0	0	0	519	515	
0	0	0	0	0	517	484	
1	0	0	0	0	514	479	
2	0	0	0	0	508	492	
3	0	0	0	0	505	507	
4	0	0	0	0	499	514	
5	0	0	0	0	492	515	
6	0	0	0	0	485	550	
7	0	0	0	0	478	577	
8	0	0	0	0	472	540	
9	0	0	0	0	465	560	
10	0	0	0	0	462	568	
11	0	0	0	0	467	586	
12	0	0	0	0	476	581	
13	0	0	0	0	491	636	
14	0	0	0	0	508	648	
15	0	0	0	0	523	638	
0	0	0	0	0	535	640	
1	0	0	0	0	543	574	
2	0	0	0	0	552	466	
3	0	0	0	0	563	452	
4	0	0	0	0	572	425	
5	0	0	0	0	580	438	
6	0	0	0	0	586	499	
7	0	0	0	0	591	536	
8	0	0	0	0	591	538	
9	0	0	0	0	590	541	
10	0	0	0	0	588	558	
11	0	0	0	0	587	550	
12	0	0	0	0	588	567	
13	0	0	0	0	589	559	
14	0	0	0	0	588	548	
15	0	0	0	0	582	533	
0	0	0	0	0	577	527	
1	0	0	0	0	579	527	
2	0	0	0	0	582	489	
3	0	0	0	0	585	499	
4	0	0	0	0	589	519	
5	0	0	0	0	593	537	
6	0	0	0	0	600	486	
7	0	0	0	0	605	480	
8	0	0	0	0	608	488	
9	0	0	0	0	608	489	
10	0	0	0	0	604	518	
11	0	0	0	0	600	509	
12	0	0	0	0	596	501	
13	0	0	0	0	596	462	
14	0	0	0	0	595	460	
15	0	0	0	0	595	472	
0	0	0	0	0	593	473	
1	0	0	0	0	590	478	
2	0	0	0	0	582	453	
3	0	0	0	0	573	457	
4	0	0	0	0	564	494	
5	0	0	0	0	555	519	
6	0	0	0	0	547	544	
7	0	0	0	0	539	546	
8	0	0	0	0	529	540	
9	0	0	0	0	520	554	
10	0	0	0	0	511	595	
11	0	0	0	0	501	579	
12	0	0	0	0	495	556	
13	0	0	0	0	489	543	
14	0	0	0	0	487	536	
15	0	0	0	0	487	514	
0	0	0	0	0	487	497	
1	0	0	0	0	487	476	
2	0	0	0	0	483	472	
3	0	0	0	0	481	488	
4	0	0	0	0	479	513	
5	0	0	0	0	477	524	
6	0	0	0	0	479	531	
7	0	0	0	0	482	553	
8	0	0	0	0	483	562	
9	0	0	0	0	483	568	
10	0	0	0	0	483	553	
11	0	0	0	0	486	537	
12	0	0	0	0	495	537	
13	0	0	0	0	502	530	
14	0	0	0	0	507	510	
15	0	0	0	0	510	474	
0	0	0	0	0	512	440	
1	0	0	0	0	516	458	
2	0	0	0	0	516	499	
3	0	0	0	0	515	534	
4	0	0	0	0	511	542	
5	0	0	0	0	503	545	
6	0	0	0	0	491	552	
7	0	0	0	0	478	540	
8	0	0	0	0	464	540	
9	0	0	0	0	451	534	
10	0	0	0	0	440	486	
11	0	0	0	0	435	469	
12	0	0	0	0	433	456	
13	0	0	0	0	438	444	
14	0	0	0	0	448	444	
15	0	0	0	0	456	434	
0	0	0	0	0	468	450	
1	0	0	0	0	479	489	
2	0	0	0	0	491	496	
3	0	0	0	0	499	485	
4	0	0	0	0	508	460	
5	0	0	0	0	514	447	
6	0	0	0	0	519	460	
7	0	0	0	0	519	477	
8	0	0	0	0	520	487	
9	0	0	0	0	518	486	
10	0	0	0	0	517	503	
11	0	0	0	0	519	532	
12	0	0	0	0	522	513	
13	0	0	0	0	525	537	
14	0	0	0	0	529	559	
15	0	0	0	0	536	580	
0	0	0	0	0	540	579	
1	0	0	0	0	544	536	
2	0	0	0	0	547	497	
3	0	0	0	0	548	460	
4	0	0	0	0	549	419	
5	0	0	0	0	550	412	
6	0	0	0	0	547	390	
7	0	0	0	0	543	360	
8	0	0	0	0	542	382	
9	0	0	0	0	543	399	
10	0	0	0	0	544	402	
11	0	0	0	0	545	411	
12	0	0	0	0	544	479	
13	0	0	0	0	541	501	
14	0	0	0	0	533	525	
15	0	0	0	0	521	525	
0	0	0	0	0	513	546	
1	0	0	0	0	509	551	
2	0	0	0	0	507	535	
3	0	0	0	0	508	527	
4	0	0	0	0	508	511	
5	0	0	0	0	509	504	
6	0	0	0	0	511	551	
7	0	0	0	0	509	584	
8	0	0	0	0	508	571	
9	0	0	0	0	511	544	
10	0	0	0	0	516	491	
11	0	0	0	0	519	458	
12	0	0	0	0	520	487	
13	0	0	0	0	521	489	
14	0	0	0	0	521	482	
15	0	0	0	0	526	489	
0	0	0	0	0	532	473	
1	0	0	0	0	538	464	
2	0	0	0	0	546	489	
3	0	0	0	0	552	500	
4	0	0	0	0	560	489	
5	0	0	0	0	564	476	
6	0	0	0	0	566	452	
7	0	0	0	0	570	420	
8	0	0	0	0	578	419	
9	0	0	0	0	585	402	
10	0	0	0	0	594	408	
11	0	0	0	0	600	378	
12	0	0	0	0	604	383	
13	0	0	0	0	606	407	
14	0	0	0	0	607	443	
15	0	0	0	0	611	480	
0	0	0	0	0	609	522	
1	0	0	0	0	608	519	
2	0	0	0	0	609	492	
3	0	0	0	0	612	475	
4	0	0	0	0	608	489	
5	0	0	0	0	604	511	
6	0	0	0	0	600	554	
7	0	0	0	0	593	581	
8	0	0	0	0	583	539	
9	0	0	0	0	575	510	
10	0	0	0	0	565	446	
11	0	0	0	0	553	419	
12	0	0	0	0	541	427	
13	0	0	0	0	528	471	
14	0	0	0	0	516	484	
15	0	0	0	0	505	523	
0	0	0	0	0	494	571	
1	0	0	0	0	483	592	
2	0	0	0	0	472	603	
3	0	0	0	0	463	589	
4	0	0	0	0	459	573	
5	0	0	0	0	455	548	
6	0	0	0	0	457	536	
7	0	0	0	0	461	553	
8	0	0	0	0	463	536	
9	0	0	0	0	467	536	
10	0	0	0	0	472	542	
11	0	0	0	0	473	496	
12	0	0	0	0	476	482	
13	0	0	0	0	476	492	
14	0	0	0	0	478	519	
15	0	0	0	0	479	555	
0	0	0	0	0	484	584	
1	0	0	0	0	490	606	
2	0	0	0	0	493	591	
3	0	0	0	0	496	605	
4	0	0	0	0	502	604	
5	0	0	0	0	505	582	
6	0	0	0	0	506	548	
7	0	0	0	0	504	537	
8	0	0	0	0	503	546	
9	0	0	0	0	502	531	
10	0	0	0	0	500	518	
11	0	0	0	0	500	538	
12	0	0	0	0	499	539	
13	0	0	0	0	498	560	
14	0	0	0	0	494	551	
15	0	0	0	0	490	551	
0	0	0	0	0	486	571	
1	0	0	0	0	486	608	
2	0	0	0	0	492	610	
3	0	0	0	0	503	611	
4	0	0	0	0	515	610	
5	0	0	0	0	524	568	
6	0	0	0	0	529	558	
7	0	0	0	0	527	558	
8	0	0	0	0	523	556	
9	0	0	0	0	518	527	
10	0	0	0	0	513	519	
11	0	0	0	0	511	513	
12	0	0	0	0	512	525	
13	0	0	0	0	518	500	
14	0	0	0	0	531	496	
15	0	0	0	0	543	490	
0	0	0	0	0	556	490	
1	0	0	0	0	566	505	
2	0	0	0	0	573	488	
3	0	0	0	0	579	509	
4	0	0	0	0	583	539	
5	0	0	0	0	589	563	
6	0	0	0	0	591	539	
7	0	0	0	0	595	540	
8	0	0	0	0	596	511	
9	0	0	0	0	596	478	
10	0	0	0	0	594	448	
11	0	0	0	0	593	423	
12	0	0	0	0	594	418	
13	0	0	0	0	594	432	
14	0	0	0	0	591	439	
15	0	0	0	0	591	488	
0	0	0	0	0	586	510	
1	0	0	0	0	576	482	
2	0	0	0	0	566	476	
3	0	0	0	0	556	453	
4	0	0	0	0	547	429	
5	0	0	0	0	538	413	
6	0	0	0	0	531	429	
7	0	0	0	0	523	474	
8	0	0	0	0	508	483	
9	0	0	0	0	487	505	
10	0	0	0	0	464	488	
11	0	0	0	0	444	532	
12	0	0	0	0	431	556	
13	0	0	0	0	419	563	
14	0	0	0	0	411	574	
15	0	0	0	0	402	589	
0	0	0	0	0	397	595	
1	0	0	0	0	391	589	
2	0	0	0	0	391	573	
3	0	0	0	0	400	571	
4	0	0	0	0	412	572	
5	0	0	0	0	423	573	
6	0	0	0	0	431	568	
7	0	0	0	0	440	557	
8	0	0	0	0	451	576	
9	0	0	0	0	461	599	
10	0	0	0	0	475	608	
11	0	0	0	0	488	571	
12	0	0	0	0	497	520	
13	0	0	0	0	502	515	
14	0	0	0	0	503	508	
15	0	0	0	0	503	536	
0	0	0	0	0	505	572	
1	0	0	0	0	507	593	
2	0	0	0	0	507	593	
3	0	0	0	0	504	566	
4	0	0	0	0	502	551	
5	0	0	0	0	501	528	
6	0	0	0	0	501	516	
7	0	0	0	0	504	538	
8	0	0	0	0	502	536	
9	0	0	0	0	495	544	
10	0	0	0	0	489	540	
11	0	0	0	0	483	558	
12	0	0	0	0	476	571	
13	0	0	0	0	470	568	
14	0	0	0	0	464	563	
15	0	0	0	0	457	547	
0	0	0	0	0	451	480	
1	0	0	0	0	447	447	
2	0	0	0	0	446	467	
3	0	0	0	0	448	522	
4	0	0	0	0	449	551	
5	0	0	0	0	457	631	
6	0	0	0	0	464	695	
7	0	0	0	0	471	709	
8	0	0	0	0	480	704	
9	0	0	0	0	487	650	
10	0	0	0	0	491	619	
11	0	0	0	0	491	608	
12	0	0	0	0	491	575	
13	0	0	0	0	491	557	
14	0	0	0	0	493	548	
15	0	0	0	0	498	539	
0	0	0	0	0	506	573	
1	0	0	0	0	512	619	
2	0	0	0	0	521	678	
3	0	0	0	0	533	687	
4	0	0	0	0	543	674	
5	0	0	0	0	555	656	
6	0	0	0	0	567	567	
7	0	0	0	0	582	511	
8	0	0	0	0	591	490	
9	0	0	0	0	601	515	
10	0	0	0	0	612	542	
11	0	0	0	0	619	554	
12	0	0	0	0	620	540	
13	0	0	0	0	615	526	
14	0	0	0	0	605	493	
15	0	0	0	0	594	493	
0	0	0	0	0	581	486	
1	0	0	0	0	574	502	
2	0	0	0	0	566	508	
3	0	0	0	0	560	536	
4	0	0	0	0	556	556	
5	0	0	0	0	558	527	
6	0	0	0	0	564	526	
7	0	0	0	0	569	543	
8	0	0	0	0	575	538	
9	0	0	0	0	579	510	
10	0	0	0	0	582	494	
11	0	0	0	0	579	487	
12	0	0	0	0	574	472	
13	0	0	0	0	564	479	
14	0	0	0	0	556	540	
15	0	0	0	0	544	581	
0	0	0	0	0	535	595	
1	0	0	0	0	527	583	
2	0	0	0	0	518	561	
3	0	0	0	0	507	543	
4	0	0	0	0	498	531	
5	0	0	0	0	492	544	
6	0	0	0	0	483	521	
7	0	0	0	0	476	495	
8	0	0	0	0	469	478	
9	0	0	0	0	464	481	
10	0	0	0	0	464	505	
11	0	0	0	0	468	547	
12	0	0	0	0	473	555	
13	0	0	0	0	484	531	
14	0	0	0	0	496	529	
15	0	0	0	0	511	515	
0	0	0	0	0	526	524	
1	0	0	0	0	540	544	
2	0	0	0	0	548	551	
3	0	0	0	0	551	536	
4	0	0	0	0	543	508	
5	0	0	0	0	533	500	
6	0	0	0	0	523	486	
7	0	0	0	0	515	455	
8	0	0	0	0	508	454	
9	0	0	0	0	499	466	
10	0	0	0	0	492	460	
11	0	0	0	0	489	485	
12	0	0	0	0	485	486	
13	0	0	0	0	480	475	
14	0	0	0	0	476	457	
15	0	0	0	0	472	456	
0	0	0	0	0	469	467	
1	0	0	0	0	467	467	
2	0	0	0	0	465	460	
3	0	0	0	0	467	469	
4	0	0	0	0	471	474	
5	0	0	0	0	473	517	
6	0	0	0	0	474	534	
7	0	0	0	0	468	542	
8	0	0	0	0	464	555	
9	0	0	0	0	466	558	
10	0	0	0	0	472	517	
11	0	0	0	0	480	516	
12	0	0	0	0	489	495	
13	0	0	0	0	500	491	
14	0	0	0	0	510	508	
15	0	0	0	0	513	527	
0	0	0	0	0	516	566	
1	0	0	0	0	519	583	
2	0	0	0	0	522	590	
3	0	0	0	0	524	561	
4	0	0	0	0	525	531	
5	0	0	0	0	526	504	
6	0	0	0	0	530	500	
7	0	0	0	0	537	496	
8	0	0	0	0	545	481	
9	0	0	0	0	551	441	
10	0	0	0	0	559	404	
11	0	0	0	0	566	379	
12	0	0	0	0	575	367	
13	0	0	0	0	578	345	
14	0	0	0	0	579	298	
15	0	0	0	0	582	332	
0	0	0	0	0	585	368	
1	0	0	0	0	587	409	
2	0	0	0	0	590	435	
3	0	0	0	0	592	414	
4	0	0	0	0	589	402	
5	0	0	0	0	585	413	
6	0	0	0	0	582	435	
7	0	0	0	0	577	435	
8	0	0	0	0	574	409	
9	0	0	0	0	571	423	
10	0	0	0	0	569	406	
11	0	0	0	0	564	407	
12	0	0	0	0	558	433	
13	0	0	0	0	548	456	
14	0	0	0	0	539	506	
15	0	0	0	0	526	525	
0	0	0	0	0	514	546	
1	0	0	0	0	505	574	
2	0	0	0	0	498	572	
3	0	0	0	0	492	587	
4	0	0	0	0	488	581	
5	0	0	0	0	486	560	
6	0	0	0	0	481	545	
7	0	0	0	0	476	600	
8	0	0	0	0	472	639	
9	0	0	0	0	476	683	
10	0	0	0	0	482	684	
11	0	0	0	0	488	660	
12	0	0	0	0	497	621	
13	0	0	0	0	505	582	
14	0	0	0	0	516	553	
15	0	0	0	0	526	533	
0	0	0	0	0	532	537	
1	0	0	0	0	536	527	
2	0	0	0	0	535	556	
3	0	0	0	0	532	558	
4	0	0	0	0	530	515	
5	0	0	0	0	524	517	
6	0	0	0	0	521	548	
7	0	0	0	0	521	574	
8	0	0	0	0	516	578	
9	0	0	0	0	509	597	
10	0	0	0	0	500	617	
11	0	0	0	0	493	650	
12	0	0	0	0	492	647	
13	0	0	0	0	493	653	
14	0	0	0	0	493	620	
15	0	0	0	0	495	556	
0	0	0	0	0	499	480	
1	0	0	0	0	504	431	
2	0	0	0	0	508	440	
3	0	0	0	0	513	508	
4	0	0	0	0	519	543	
5	0	0	0	0	526	551	
6	0	0	0	0	534	570	
7	0	0	0	0	537	585	
8	0	0	0	0	542	605	
9	0	0	0	0	546	617	
10	0	0	0	0	544	621	
11	0	0	0	0	545	578	
12	0	0	0	0	548	545	
13	0	0	0	0	551	503	
14	0	0	0	0	556	496	
15	0	0	0	0	556	480	
0	0	0	0	0	559	470	
1	0	0	0	0	558	486	
2	0	0	0	0	555	499	
3	0	0	0	0	547	499	
4	0	0	0	0	535	533	
5	0	0	0	0	521	560	
6	0	0	0	0	506	583	
7	0	0	0	0	493	581	
8	0	0	0	0	485	528	
9	0	0	0	0	483	490	
10	0	0	0	0	486	494	
11	0	0	0	0	492	527	
12	0	0	0	0	502	551	
13	0	0	0	0	511	580	
14	0	0	0	0	520	540	
15	0	0	0	0	528	525	
0	0	0	0	0	533	520	
1	0	0	0	0	536	518	
2	0	0	0	0	536	521	
3	0	0	0	0	537	512	
4	0	0	0	0	540	480	
5	0	0	0	0	546	508	
6	0	0	0	0	553	535	
7	0	0	0	0	561	557	
8	0	0	0	0	566	536	
9	0	0	0	0	568	501	
10	0	0	0	0	568	449	
11	0	0	0	0	571	392	
12	0	0	0	0	569	399	
13	0	0	0	0	568	396	
14	0	0	0	0	571	381	
15	0	0	0	0	573	365	
0	0	0	0	0	573	377	
1	0	0	0	0	576	406	
2	0	0	0	0	579	413	
3	0	0	0	0	580	445	
4	0	0	0	0	584	496	
5	0	0	0	0	588	555	
6	0	0	0	0	590	620	
7	0	0	0	0	590	629	
8	0	0	0	0	594	623	
9	0	0	0	0	598	602	
10	0	0	0	0	599	599	
11	0	0	0	0	595	635	
12	0	0	0	0	587	637	
13	0	0	0	0	579	615	
14	0	0	0	0	575	607	
15	0	0	0	0	572	588	
0	0	0	0	0	572	539	
1	0	0	0	0	572	527	
2	0	0	0	0	573	512	
3	0	0	0	0	570	515	
4	0	0	0	0	565	518	
5	0	0	0	0	557	525	
6	0	0	0	0	550	510	
7	0	0	0	0	542	499	
8	0	0	0	0	536	499	
9	0	0	0	0	534	477	
10	0	0	0	0	533	459	
11	0	0	0	0	529	457	
12	0	0	0	0	529	495	
13	0	0	0	0	528	513	
14	0	0	0	0	530	545	
15	0	0	0	0	540	542	
0	0	0	0	0	551	497	
1	0	0	0	0	563	478	
2	0	0	0	0	574	446	
3	0	0	0	0	581	450	
4	0	0	0	0	583	466	
5	0	0	0	0	590	495	
6	0	0	0	0	595	511	
7	0	0	0	0	603	497	
8	0	0	0	0	616	473	
9	0	0	0	0	627	452	
10	0	0	0	0	639	442	
11	0	0	0	0	647	476	
12	0	0	0	0	655	507	
13	0	0	0	0	665	534	
14	0	0	0	0	674	524	
15	0	0	0	0	679	492	
0	0	0	0	0	687	483	
1	0	0	0	0	684	462	
2	0	0	0	0	678	457	
3	0	0	0	0	668	422	
4	0	0	0	0	659	395	
5	0	0	0	0	645	385	
6	0	0	0	0	628	372	
7	0	0	0	0	608	372	
8	0	0	0	0	588	405	
9	0	0	0	0	571	445	
10	0	0	0	0	557	488	
11	0	0	0	0	547	523	
12	0	0	0	0	538	518	
13	0	0	0	0	535	547	
14	0	0	0	0	531	563	
15	0	0	0	0	529	591	
0	0	0	0	0	528	625	
1	0	0	0	0	531	633	
2	0	0	0	0	538	613	
3	0	0	0	0	544	583	
4	0	0	0	0	550	557	
5	0	0	0	0	556	553	
6	0	0	0	0	560	560	
7	0	0	0	0	564	561	
8	0	0	0	0	570	562	
9	0	0	0	0	575	576	
10	0	0	0	0	577	558	
11	0	0	0	0	579	489	
12	0	0	0	0	580	449	
13	0	0	0	0	579	481	
14	0	0	0	0	577	518	
15	0	0	0	0	579	531	
0	0	0	0	0	582	507	
1	0	0	0	0	585	469	
2	0	0	0	0	587	455	
3	0	0	0	0	589	464	
4	0	0	0	0	594	495	
5	0	0	0	0	596	515	
6	0	0	0	0	594	543	
7	0	0	0	0	588	541	
8	0	0	0	0	585	551	
9	0	0	0	0	583	538	
10	0	0	0	0	580	531	
11	0	0	0	0	578	508	
12	0	0	0	0	579	488	
13	0	0	0	0	580	471	
14	0	0	0	0	580	491	
15	0	0	0	0	583	491	
0	0	0	0	0	584	492	
1	0	0	0	0	588	528	
2	0	0	0	0	591	517	
3	0	0	0	0	595	512	
4	0	0	0	0	599	528	
5	0	0	0	0	599	514	
6	0	0	0	0	598	512	
7	0	0	0	0	596	526	
8	0	0	0	0	599	506	
9	0	0	0	0	598	484	
10	0	0	0	0	600	478	
11	0	0	0	0	599	468	
12	0	0	0	0	596	473	
13	0	0	0	0	591	466	
14	0	0	0	0	585	482	
15	0	0	0	0	580	482	
0	0	0	0	0	575	457	
1	0	0	0	0	572	445	
2	0	0	0	0	575	466	
3	0	0	0	0	575	503	
4	0	0	0	0	576	528	
5	0	0	0	0	579	494	
6	0	0	0	0	583	487	
7	0	0	0	0	588	490	
8	0	0	0	0	591	478	
9	0	0	0	0	592	452	
10	0	0	0	0	595	478	
11	0	0	0	0	595	483	
12	0	0	0	0	591	500	
13	0	0	0	0	585	518	
14	0	0	0	0	576	547	
15	0	0	0	0	567	559	
0	0	0	0	0	555	563	
1	0	0	0	0	539	592	
2	0	0	0	0	523	570	
3	0	0	0	0	511	543	
4	0	0	0	0	503	558	
5	0	0	0	0	494	575	
6	0	0	0	0	487	580	
7	0	0	0	0	486	575	
8	0	0	0	0	487	583	
9	0	0	0	0	487	586	
10	0	0	0	0	486	563	
11	0	0	0	0	487	531	
12	0	0	0	0	487	469	
13	0	0	0	0	487	422	
14	0	0	0	0	492	424	
15	0	0	0	0	496	442	
0	0	0	0	0	498	491	
1	0	0	0	0	501	502	
2	0	0	0	0	500	507	
3	0	0	0	0	499	501	
4	0	0	0	0	491	521	
5	0	0	0	0	483	505	
6	0	0	0	0	476	510	
7	0	0	0	0	466	520	
8	0	0	0	0	459	535	
9	0	0	0	0	451	512	
10	0	0	0	0	448	527	
11	0	0	0	0	446	543	
12	0	0	0	0	447	574	
13	0	0	0	0	447	595	
14	0	0	0	0	450	643	
15	0	0	0	0	457	657	
0	0	0	0	0	464	677	
1	0	0	0	0	470	615	
2	0	0	0	0	475	568	
3	0	0	0	0	481	565	
4	0	0	0	0	489	620	
5	0	0	0	0	497	626	
6	0	0	0	0	505	579	
7	0	0	0	0	512	531	
8	0	0	0	0	511	540	
9	0	0	0	0	511	524	
10	0	0	0	0	509	538	
11	0	0	0	0	505	546	
12	0	0	0	0	499	547	
13	0	0	0	0	496	570	
14	0	0	0	0	493	592	
15	0	0	0	0	492	598	
0	0	0	0	0	491	617	
1	0	0	0	0	490	620	
2	0	0	0	0	488	635	
3	0	0	0	0	484	586	
4	0	0	0	0	482	595	
5	0	0	0	0	482	603	
6	0	0	0	0	483	560	
7	0	0	0	0	479	571	
8	0	0	0	0	474	560	
9	0	0	0	0	463	505	
10	0	0	0	0	452	471	
11	0	0	0	0	437	449	
12	0	0	0	0	423	439	
13	0	0	0	0	413	476	
14	0	0	0	0	406	508	
15	0	0	0	0	400	571	
0	0	0	0	0	394	612	
1	0	0	0	0	391	634	
2	0	0	0	0	391	660	
3	0	0	0	0	395	651	
4	0	0	0	0	401	622	
5	0	0	0	0	408	615	
6	0	0	0	0	414	597	
7	0	0	0	0	419	601	
8	0	0	0	0	424	604	
9	0	0	0	0	430	635	
10	0	0	0	0	436	670	
11	0	0	0	0	441	659	
12	0	0	0	0	444	632	
13	0	0	0	0	447	596	
14	0	0	0	0	454	566	
15	0	0	0	0	460	571	
0	0	0	0	0	465	548	
1	0	0	0	0	471	537	
2	0	0	0	0	479	531	
3	0	0	0	0	487	531	
4	0	0	0	0	497	543	
5	0	0	0	0	505	518	
6	0	0	0	0	516	494	
7	0	0	0	0	527	484	
8	0	0	0	0	536	510	
9	0	0	0	0	547	536	
10	0	0	0	0	556	489	
11	0	0	0	0	562	455	
12	0	0	0	0	569	408	
13	0	0	0	0	571	391	
14	0	0	0	0	570	405	
15	0	0	0	0	568	435	
0	0	0	0	0	563	462	
1	0	0	0	0	557	512	
2	0	0	0	0	545	494	
3	0	0	0	0	532	479	
4	0	0	0	0	523	481	
5	0	0	0	0	513	507	
6	0	0	0	0	508	519	
7	0	0	0	0	504	520	
8	0	0	0	0	500	566	
9	0	0	0	0	500	621	
10	0	0	0	0	501	600	
11	0	0	0	0	505	513	
12	0	0	0	0	510	446	
13	0	0	0	0	514	434	
14	0	0	0	0	512	451	
15	0	0	0	0	508	473	
0	0	0	0	0	504	504	
1	0	0	0	0	503	491	
2	0	0	0	0	504	501	
3	0	0	0	0	503	521	
4	0	0	0	0	499	558	
5	0	0	0	0	495	581	
6	0	0	0	0	495	635	
7	0	0	0	0	502	651	
8	0	0	0	0	517	591	
9	0	0	0	0	533	524	
10	0	0	0	0	548	509	
11	0	0	0	0	561	515	
12	0	0	0	0	574	504	
13	0	0	0	0	584	513	
14	0	0	0	0	592	531	
15	0	0	0	0	601	530	
0	0	0	0	0	606	494	
1	0	0	0	0	607	519	
2	0	0	0	0	610	540	
3	0	0	0	0	608	519	
4	0	0	0	0	608	479	
5	0	0	0	0	607	501	
6	0	0	0	0	604	519	
7	0	0	0	0	601	546	
8	0	0	0	0	604	579	
9	0	0	0	0	613	544	
10	0	0	0	0	624	495	
11	0	0	0	0	637	471	
12	0	0	0	0	650	471	
13	0	0	0	0	661	483	
14	0	0	0	0	672	465	
15	0	0	0	0	681	423	
0	0	0	0	0	687	435	
1	0	0	0	0	684	447	
2	0	0	0	0	677	465	
3	0	0	0	0	670	472	
4	0	0	0	0	659	460	
5	0	0	0	0	647	439	
6	0	0	0	0	630	428	
7	0	0	0	0	617	426	
8	0	0	0	0	607	430	
9	0	0	0	0	598	455	
10	0	0	0	0	595	502	
11	0	0	0	0	595	524	
12	0	0	0	0	590	553	
13	0	0	0	0	586	551	
14	0	0	0	0	585	553	
15	0	0	0	0	584	542	
0	0	0	0	0	580	483	
1	0	0	0	0	571	455	
2	0	0	0	0	559	430	
3	0	0	0	0	541	433	
4	0	0	0	0	525	396	
5	0	0	0	0	517	394	
6	0	0	0	0	515	417	
7	0	0	0	0	519	438	
8	0	0	0	0	523	430	
9	0	0	0	0	528	448	
10	0	0	0	0	535	473	
11	0	0	0	0	544	466	
12	0	0	0	0	557	429	
13	0	0	0	0	566	391	
14	0	0	0	0	577	406	
15	0	0	0	0	584	468	
0	0	0	0	0	587	524	
1	0	0	0	0	588	543	
2	0	0	0	0	585	521	
3	0	0	0	0	579	494	
4	0	0	0	0	571	445	
5	0	0	0	0	563	428	
6	0	0	0	0	556	449	
7	0	0	0	0	549	481	
8	0	0	0	0	545	494	
9	0	0	0	0	540	497	
10	0	0	0	0	538	469	
11	0	0	0	0	542	488	
12	0	0	0	0	548	512	
13	0	0	0	0	555	543	
14	0	0	0	0	557	556	
15	0	0	0	0	561	566	
0	0	0	0	0	562	552	
1	0	0	0	0	559	523	
2	0	0	0	0	555	491	
3	0	0	0	0	547	460	
4	0	0	0	0	536	479	
5	0	0	0	0	523	509	
6	0	0	0	0	507	508	
7	0	0	0	0	493	531	
8	0	0	0	0	478	498	
9	0	0	0	0	467	513	
10	0	0	0	0	462	546	
11	0	0	0	0	459	559	
12	0	0	0	0	459	584	
13	0	0	0	0	464	588	
14	0	0	0	0	472	586	
15	0	0	0	0	478	580	
0	0	0	0	0	487	550	
1	0	0	0	0	498	566	
2	0	0	0	0	504	610	
3	0	0	0	0	507	617	
4	0	0	0	0	510	643	
5	0	0	0	0	513	677	
6	0	0	0	0	517	652	
7	0	0	0	0	519	610	
8	0	0	0	0	517	576	
9	0	0	0	0	514	586	
10	0	0	0	0	509	584	
11	0	0	0	0	502	603	
12	0	0	0	0	494	633	
13	0	0	0	0	489	654	
14	0	0	0	0	487	651	
15	0	0	0	0	487	632	
0	0	0	0	0	482	588	
1	0	0	0	0	481	551	
2	0	0	0	0	482	529	
3	0	0	0	0	487	527	
4	0	0	0	0	492	518	
5	0	0	0	0	495	487	
6	0	0	0	0	497	475	
7	0	0	0	0	499	487	
8	0	0	0	0	503	526	
9	0	0	0	0	505	583	
10	0	0	0	0	509	627	
11	0	0	0	0	512	647	
12	0	0	0	0	515	640	
13	0	0	0	0	513	593	
14	0	0	0	0	511	524	
15	0	0	0	0	510	467	
0	0	0	0	0	510	442	
1	0	0	0	0	505	428	
2	0	0	0	0	505	414	
3	0	0	0	0	500	390	
4	0	0	0	0	496	395	
5	0	0	0	0	489	430	
6	0	0	0	0	480	482	
7	0	0	0	0	472	519	
8	0	0	0	0	466	515	
9	0	0	0	0	461	541	
10	0	0	0	0	459	541	
11	0	0	0	0	460	515	
12	0	0	0	0	463	500	
13	0	0	0	0	472	492	
14	0	0	0	0	485	484	
15	0	0	0	0	501	496	
0	0	0	0	0	519	510	
1	0	0	0	0	534	504	
2	0	0	0	0	544	482	
3	0	0	0	0	549	476	
4	0	0	0	0	549	446	
5	0	0	0	0	546	393	
6	0	0	0	0	539	415	
7	0	0	0	0	524	436	
8	0	0	0	0	509	466	
9	0	0	0	0	493	512	
10	0	0	0	0	480	528	
11	0	0	0	0	473	506	
12	0	0	0	0	465	460	
13	0	0	0	0	463	476	
14	0	0	0	0	459	509	
15	0	0	0	0	455	529	
0	0	0	0	0	454	552	
1	0	0	0	0	455	580	
2	0	0	0	0	460	616	
3	0	0	0	0	463	629	
4	0	0	0	0	465	649	
5	0	0	0	0	472	621	
6	0	0	0	0	482	573	
7	0	0	0	0	488	568	
8	0	0	0	0	495	595	
9	0	0	0	0	498	579	
10	0	0	0	0	503	584	
11	0	0	0	0	505	601	
12	0	0	0	0	511	595	
13	0	0	0	0	520	584	
14	0	0	0	0	529	593	
15	0	0	0	0	539	621	
0	0	0	0	0	544	603	
1	0	0	0	0	546	566	
2	0	0	0	0	547	531	
3	0	0	0	0	546	521	
4	0	0	0	0	545	536	
5	0	0	0	0	547	556	
6	0	0	0	0	551	518	
7	0	0	0	0	556	476	
8	0	0	0	0	563	478	
9	0	0	0	0	569	500	
10	0	0	0	0	572	540	
11	0	0	0	0	569	551	
12	0	0	0	0	563	569	
13	0	0	0	0	553	572	
14	0	0	0	0	538	559	
15	0	0	0	0	524	551	
0	0	0	0	0	513	551	
1	0	0	0	0	510	579	
2	0	0	0	0	507	595	
3	0	0	0	0	503	556	
4	0	0	0	0	500	521	
5	0	0	0	0	499	481	
6	0	0	0	0	500	496	
7	0	0	0	0	505	506	
8	0	0	0	0	518	502	
9	0	0	0	0	534	509	
10	0	0	0	0	552	508	
11	0	0	0	0	571	492	
12	0	0	0	0	585	478	
13	0	0	0	0	596	461	
14	0	0	0	0	605	437	
15	0	0	0	0	613	412	
0	0	0	0	0	620	421	
1	0	0	0	0	626	427	
2	0	0	0	0	628	459	
3	0	0	0	0	629	457	
4	0	0	0	0	629	459	
5	0	0	0	0	625	451	
6	0	0	0	0	617	441	
7	0	0	0	0	611	485	
8	0	0	0	0	605	510	
9	0	0	0	0	598	492	
10	0	0	0	0	593	449	
11	0	0	0	0	590	423	
12	0	0	0	0	587	431	
13	0	0	0	0	585	440	
14	0	0	0	0	585	468	
15	0	0	0	0	585	509	
0	0	0	0	0	578	521	
1	0	0	0	0	566	501	
2	0	0	0	0	554	466	
3	0	0	0	0	540	454	
4	0	0	0	0	522	467	
5	0	0	0	0	506	463	
6	0	0	0	0	494	481	
7	0	0	0	0	487	495	
8	0	0	0	0	478	487	
9	0	0	0	0	471	497	
10	0	0	0	0	468	505	
11	0	0	0	0	469	536	
12	0	0	0	0	471	585	
13	0	0	0	0	477	604	
14	0	0	0	0	483	612	
15	0	0	0	0	493	621	
0	0	0	0	0	502	623	
1	0	0	0	0	512	602	
2	0	0	0	0	520	557	
3	0	0	0	0	530	502	
4	0	0	0	0	536	507	
5	0	0	0	0	540	531	
6	0	0	0	0	536	537	
7	0	0	0	0	529	539	
8	0	0	0	0	521	554	
9	0	0	0	0	512	580	
10	0	0	0	0	503	591	
11	0	0	0	0	490	568	
12	0	0	0	0	478	551	
13	0	0	0	0	468	483	
14	0	0	0	0	455	452	
15	0	0	0	0	443	445	
0	0	0	0	0	434	460	
1	0	0	0	0	426	455	
2	0	0	0	0	423	468	
3	0	0	0	0	423	500	
4	0	0	0	0	428	510	
5	0	0	0	0	435	535	
6	0	0	0	0	443	547	
7	0	0	0	0	447	481	
8	0	0	0	0	446	444	
9	0	0	0	0	442	441	
10	0	0	0	0	436	433	
11	0	0	0	0	433	444	
12	0	0	0	0	432	478	
13	0	0	0	0	434	506	
14	0	0	0	0	440	567	
15	0	0	0	0	445	602	
0	0	0	0	0	453	595	
1	0	0	0	0	463	607	
2	0	0	0	0	478	556	
3	0	0	0	0	492	553	
4	0	0	0	0	505	512	
5	0	0	0	0	518	470	
6	0	0	0	0	530	466	
7	0	0	0	0	542	447	
8	0	0	0	0	547	435	
9	0	0	0	0	547	410	
10	0	0	0	0	543	391	
11	0	0	0	0	540	433	
12	0	0	0	0	533	422	
13	0	0	0	0	525	403	
14	0	0	0	0	515	443	
15	0	0	0	0	500	504	
0	0	0	0	0	481	520	
1	0	0	0	0	464	525	
2	0	0	0	0	449	507	
3	0	0	0	0	439	494	
4	0	0	0	0	435	520	
5	0	0	0	0	436	556	
6	0	0	0	0	441	551	
7	0	0	0	0	447	546	
8	0	0	0	0	451	520	
9	0	0	0	0	451	521	
10	0	0	0	0	449	557	
11	0	0	0	0	443	599	
12	0	0	0	0	435	636	
13	0	0	0	0	421	647	
14	0	0	0	0	409	611	
15	0	0	0	0	398	586	
0	0	0	0	0	392	581	
1	0	0	0	0	390	554	
2	0	0	0	0	388	531	
3	0	0	0	0	391	542	
4	0	0	0	0	400	536	
5	0	0	0	0	410	523	
6	0	0	0	0	423	500	
7	0	0	0	0	439	486	
8	0	0	0	0	454	458	
9	0	0	0	0	465	430	
10	0	0	0	0	476	435	
11	0	0	0	0	481	448	
12	0	0	0	0	485	445	
13	0	0	0	0	487	443	
14	0	0	0	0	488	466	
15	0	0	0	0	485	470	
0	0	0	0	0	478	496	
1	0	0	0	0	468	513	
2	0	0	0	0	461	543	
3	0	0	0	0	455	534	
4	0	0	0	0	452	544	
5	0	0	0	0	451	542	
6	0	0	0	0	454	535	
7	0	0	0	0	457	506	
8	0	0	0	0	464	448	
9	0	0	0	0	468	454	
10	0	0	0	0	476	502	
11	0	0	0	0	480	549	
12	0	0	0	0	487	605	
13	0	0	0	0	497	624	
14	0	0	0	0	511	600	
15	0	0	0	0	520	556	
0	0	0	0	0	528	547	
1	0	0	0	0	532	504	
2	0	0	0	0	535	517	
3	0	0	0	0	536	499	
4	0	0	0	0	532	510	
5	0	0	0	0	530	508	
6	0	0	0	0	527	516	
7	0	0	0	0	526	551	
8	0	0	0	0	524	615	
9	0	0	0	0	524	607	
10	0	0	0	0	521	575	
11	0	0	0	0	519	623	
12	0	0	0	0	519	603	
13	0	0	0	0	521	542	
14	0	0	0	0	521	523	
15	0	0	0	0	522	519	
0	0	0	0	0	519	489	
1	0	0	0	0	515	484	
2	0	0	0	0	512	500	
3	0	0	0	0	508	501	
4	0	0	0	0	501	540	
5	0	0	0	0	500	547	
6	0	0	0	0	502	531	
7	0	0	0	0	508	494	
8	0	0	0	0	518	493	
9	0	0	0	0	528	513	
10	0	0	0	0	537	527	
11	0	0	0	0	543	507	
12	0	0	0	0	547	543	
13	0	0	0	0	546	591	
14	0	0	0	0	542	598	
15	0	0	0	0	540	579	
0	0	0	0	0	542	548	
1	0	0	0	0	546	499	
2	0	0	0	0	545	472	
3	0	0	0	0	538	476	
4	0	0	0	0	527	468	
5	0	0	0	0	517	430	
6	0	0	0	0	505	437	
7	0	0	0	0	491	423	
8	0	0	0	0	478	406	
9	0	0	0	0	465	435	
10	0	0	0	0	456	480	
11	0	0	0	0	451	504	
12	0	0	0	0	447	548	
13	0	0	0	0	444	584	
14	0	0	0	0	442	585	
15	0	0	0	0	440	607	
0	0	0	0	0	435	604	
1	0	0	0	0	432	611	
2	0	0	0	0	434	600	
3	0	0	0	0	436	614	
4	0	0	0	0	438	597	
5	0	0	0	0	442	612	
6	0	0	0	0	451	580	
7	0	0	0	0	460	528	
8	0	0	0	0	470	491	
9	0	0	0	0	480	505	
10	0	0	0	0	493	553	
11	0	0	0	0	507	568	
12	0	0	0	0	514	576	
13	0	0	0	0	516	566	
14	0	0	0	0	516	600	
15	0	0	0	0	512	644	
0	0	0	0	0	508	681	
1	0	0	0	0	501	708	
2	0	0	0	0	495	697	
3	0	0	0	0	489	670	
4	0	0	0	0	484	675	
5	0	0	0	0	475	666	
6	0	0	0	0	464	665	
7	0	0	0	0	455	597	
8	0	0	0	0	449	581	
9	0	0	0	0	449	547	
10	0	0	0	0	456	507	
11	0	0	0	0	468	481	
12	0	0	0	0	478	472	
13	0	0	0	0	487	510	
14	0	0	0	0	493	486	
15	0	0	0	0	502	471	
0	0	0	0	0	506	441	
1	0	0	0	0	507	422	
2	0	0	0	0	508	388	
3	0	0	0	0	505	392	
4	0	0	0	0	504	412	
5	0	0	0	0	503	444	
6	0	0	0	0	501	512	
7	0	0	0	0	499	540	
8	0	0	0	0	497	546	
9	0	0	0	0	493	524	
10	0	0	0	0	489	508	
11	0	0	0	0	485	470	
12	0	0	0	0	484	447	
13	0	0	0	0	487	459	
14	0	0	0	0	489	486	
15	0	0	0	0	495	486	
0	0	0	0	0	504	502	
1	0	0	0	0	512	562	
2	0	0	0	0	516	548	
3	0	0	0	0	515	558	
4	0	0	0	0	511	538	
5	0	0	0	0	507	529	
6	0	0	0	0	501	535	
7	0	0	0	0	495	541	
8	0	0	0	0	489	556	
9	0	0	0	0	484	527	
10	0	0	0	0	481	502	
11	0	0	0	0	481	493	
12	0	0	0	0	485	478	
13	0	0	0	0	494	458	
14	0	0	0	0	502	446	
15	0	0	0	0	510	451	
0	0	0	0	0	515	459	
1	0	0	0	0	521	443	
2	0	0	0	0	528	449	
3	0	0	0	0	531	441	
4	0	0	0	0	530	423	
5	0	0	0	0	525	442	
6	0	0	0	0	516	466	
7	0	0	0	0	503	495	
8	0	0	0	0	489	507	
9	0	0	0	0	477	499	
10	0	0	0	0	467	527	
11	0	0	0	0	457	538	
12	0	0	0	0	448	539	
13	0	0	0	0	442	526	
14	0	0	0	0	438	519	
15	0	0	0	0	438	480	
0	0	0	0	0	437	459	
1	0	0	0	0	438	473	
2	0	0	0	0	436	483	
3	0	0	0	0	435	508	
4	0	0	0	0	435	513	
5	0	0	0	0	438	480	
6	0	0	0	0	440	459	
7	0	0	0	0	440	426	
8	0	0	0	0	443	424	
9	0	0	0	0	450	449	
10	0	0	0	0	460	442	
11	0	0	0	0	472	397	
12	0	0	0	0	489	391	
13	0	0	0	0	505	425	
14	0	0	0	0	523	475	
15	0	0	0	0	541	507	
0	0	0	0	0	556	524	
1	0	0	0	0	572	473	
2	0	0	0	0	588	446	
3	0	0	0	0	609	443	
4	0	0	0	0	628	451	
5	0	0	0	0	643	471	
6	0	0	0	0	660	511	
7	0	0	0	0	677	504	
8	0	0	0	0	690	436	
9	0	0	0	0	702	418	
10	0	0	0	0	709	435	
11	0	0	0	0	711	457	
12	0	0	0	0	709	496	
13	0	0	0	0	702	478	
14	0	0	0	0	689	448	
15	0	0	0	0	678	422	
0	0	0	0	0	666	413	
1	0	0	0	0	656	409	
2	0	0	0	0	646	403	
3	0	0	0	0	633	377	
4	0	0	0	0	619	347	
5	0	0	0	0	604	355	
6	0	0	0	0	587	399	
7	0	0	0	0	574	420	
8	0	0	0	0	563	423	
9	0	0	0	0	553	442	
10	0	0	0	0	547	460	
11	0	0	0	0	547	437	
12	0	0	0	0	554	448	
13	0	0	0	0	561	434	
14	0	0	0	0	567	399	
15	0	0	0	0	570	378	
0	0	0	0	0	571	399	
1	0	0	0	0	572	453	
2	0	0	0	0	570	478	
3	0	0	0	0	567	512	
4	0	0	0	0	564	544	
5	0	0	0	0	563	559	
6	0	0	0	0	563	541	
7	0	0	0	0	563	504	
8	0	0	0	0	558	487	
9	0	0	0	0	551	491	
10	0	0	0	0	543	552	
11	0	0	0	0	533	596	
12	0	0	0	0	525	620	
13	0	0	0	0	518	632	
14	0	0	0	0	512	635	
15	0	0	0	0	508	605	
0	0	0	0	0	511	538	
1	0	0	0	0	515	463	
2	0	0	0	0	521	459	
3	0	0	0	0	531	484	
4	0	0	0	0	540	495	
5	0	0	0	0	542	478	
6	0	0	0	0	540	499	
7	0	0	0	0	536	532	
8	0	0	0	0	526	556	
9	0	0	0	0	512	563	
10	0	0	0	0	497	534	
11	0	0	0	0	485	484	
12	0	0	0	0	475	479	
13	0	0	0	0	463	483	
14	0	0	0	0	457	504	
15	0	0	0	0	451	505	
0	0	0	0	0	445	503	
1	0	0	0	0	439	518	
2	0	0	0	0	433	543	
3	0	0	0	0	429	556	
4	0	0	0	0	422	578	
5	0	0	0	0	419	598	
6	0	0	0	0	418	601	
7	0	0	0	0	420	568	
8	0	0	0	0	425	526	
9	0	0	0	0	431	519	
10	0	0	0	0	431	496	
11	0	0	0	0	431	488	
12	0	0	0	0	428	455	
13	0	0	0	0	432	403	
14	0	0	0	0	440	371	
15	0	0	0	0	451	380	
0	0	0	0	0	460	428	
1	0	0	0	0	470	491	
2	0	0	0	0	478	528	
3	0	0	0	0	484	559	
4	0	0	0	0	483	593	
5	0	0	0	0	479	600	
6	0	0	0	0	476	575	
7	0	0	0	0	477	582	
8	0	0	0	0	485	612	
9	0	0	0	0	492	572	
10	0	0	0	0	502	535	
11	0	0	0	0	509	510	
12	0	0	0	0	514	478	
13	0	0	0	0	519	469	
14	0	0	0	0	524	488	
15	0	0	0	0	532	516	
0	0	0	0	0	543	540	
1	0	0	0	0	556	555	
2	0	0	0	0	570	555	
3	0	0	0	0	579	569	
4	0	0	0	0	583	575	
5	0	0	0	0	583	597	
6	0	0	0	0	583	623	
7	0	0	0	0	580	608	
8	0	0	0	0	572	511	
9	0	0	0	0	566	472	
10	0	0	0	0	558	470	
11	0	0	0	0	549	480	
12	0	0	0	0	539	451	
13	0	0	0	0	529	442	
14	0	0	0	0	523	425	
15	0	0	0	0	518	409	
0	0	0	0	0	516	423	
1	0	0	0	0	517	487	
2	0	0	0	0	515	506	
3	0	0	0	0	513	554	
4	0	0	0	0	510	592	
5	0	0	0	0	504	606	
6	0	0	0	0	496	595	
7	0	0	0	0	492	536	
8	0	0	0	0	492	512	
9	0	0	0	0	493	490	
10	0	0	0	0	495	465	
11	0	0	0	0	499	476	
12	0	0	0	0	503	508	
13	0	0	0	0	507	545	
14	0	0	0	0	510	544	
15	0	0	0	0	513	548	
0	0	0	0	0	519	531	
1	0	0	0	0	526	490	
2	0	0	0	0	535	477	
3	0	0	0	0	540	449	
4	0	0	0	0	546	464	
5	0	0	0	0	554	521	
6	0	0	0	0	559	580	
7	0	0	0	0	562	612	
8	0	0	0	0	560	601	
9	0	0	0	0	558	585	
10	0	0	0	0	550	568	
11	0	0	0	0	542	530	
12	0	0	0	0	532	478	
13	0	0	0	0	522	474	
14	0	0	0	0	510	511	
15	0	0	0	0	498	543	
0	0	0	0	0	487	529	
1	0	0	0	0	475	477	
2	0	0	0	0	467	478	
3	0	0	0	0	464	465	
4	0	0	0	0	459	481	
5	0	0	0	0	457	496	
6	0	0	0	0	460	504	
7	0	0	0	0	465	494	
8	0	0	0	0	476	492	
9	0	0	0	0	488	534	
10	0	0	0	0	501	534	
11	0	0	0	0	512	543	
12	0	0	0	0	518	523	
13	0	0	0	0	521	503	
14	0	0	0	0	526	489	
15	0	0	0	0	531	449	
0	0	0	0	0	537	401	
1	0	0	0	0	537	405	
2	0	0	0	0	536	399	
3	0	0	0	0	531	396	
4	0	0	0	0	525	428	
5	0	0	0	0	520	481	
6	0	0	0	0	519	522	
7	0	0	0	0	519	560	
8	0	0	0	0	523	609	
9	0	0	0	0	527	614	
10	0	0	0	0	531	600	
11	0	0	0	0	535	526	
12	0	0	0	0	542	478	
13	0	0	0	0	547	459	
14	0	0	0	0	551	443	
15	0	0	0	0	553	462	
0	0	0	0	0	556	492	
1	0	0	0	0	557	540	
2	0	0	0	0	556	552	
3	0	0	0	0	552	540	
4	0	0	0	0	547	535	
5	0	0	0	0	542	539	
6	0	0	0	0	538	543	
7	0	0	0	0	536	559	
8	0	0	0	0	533	548	
9	0	0	0	0	528	574	
10	0	0	0	0	522	574	
11	0	0	0	0	515	563	
12	0	0	0	0	510	538	
13	0	0	0	0	504	494	
14	0	0	0	0	495	502	
15	0	0	0	0	482	508	
0	0	0	0	0	473	549	
1	0	0	0	0	464	552	
2	0	0	0	0	461	520	
3	0	0	0	0	463	545	
4	0	0	0	0	470	563	
5	0	0	0	0	480	589	
6	0	0	0	0	487	599	
7	0	0	0	0	494	594	
8	0	0	0	0	500	595	
9	0	0	0	0	505	595	
10	0	0	0	0	507	610	
11	0	0	0	0	506	575	
12	0	0	0	0	506	557	
13	0	0	0	0	506	520	
14	0	0	0	0	506	519	
15	0	0	0	0	508	510	
0	0	0	0	0	514	503	
1	0	0	0	0	518	514	
2	0	0	0	0	527	537	
3	0	0	0	0	534	487	
4	0	0	0	0	539	458	
5	0	0	0	0	545	437	
6	0	0	0	0	554	475	
7	0	0	0	0	563	494	
8	0	0	0	0	569	509	
9	0	0	0	0	575	527	
10	0	0	0	0	575	540	
11	0	0	0	0	572	560	
12	0	0	0	0	571	577	
13	0	0	0	0	566	542	
14	0	0	0	0	563	527	
15	0	0	0	0	565	506	
0	0	0	0	0	568	503	
1	0	0	0	0	569	556	
2	0	0	0	0	566	614	
3	0	0	0	0	558	637	
4	0	0	0	0	550	636	
5	0	0	0	0	546	620	
6	0	0	0	0	547	613	
7	0	0	0	0	549	608	
8	0	0	0	0	553	590	
9	0	0	0	0	557	565	
10	0	0	0	0	563	553	
11	0	0	0	0	572	523	
12	0	0	0	0	578	487	
13	0	0	0	0	583	508	
14	0	0	0	0	584	499	
15	0	0	0	0	590	515	
0	0	0	0	0	596	536	
1	0	0	0	0	600	518	
2	0	0	0	0	604	494	
3	0	0	0	0	605	490	
4	0	0	0	0	602	465	
5	0	0	0	0	596	460	
6	0	0	0	0	590	489	
7	0	0	0	0	584	509	
8	0	0	0	0	575	505	
9	0	0	0	0	568	464	
10	0	0	0	0	563	454	
11	0	0	0	0	559	471	
12	0	0	0	0	558	459	
13	0	0	0	0	556	439	
14	0	0	0	0	550	473	
15	0	0	0	0	545	529	
0	0	0	0	0	542	522	
1	0	0	0	0	541	474	
2	0	0	0	0	545	504	
3	0	0	0	0	544	541	
4	0	0	0	0	546	553	
5	0	0	0	0	548	583	
6	0	0	0	0	549	585	
7	0	0	0	0	551	569	
8	0	0	0	0	546	552	
9	0	0	0	0	539	547	
10	0	0	0	0	530	549	
11	0	0	0	0	518	569	
12	0	0	0	0	507	582	
13	0	0	0	0	498	559	
14	0	0	0	0	491	551	
15	0	0	0	0	489	518	
0	0	0	0	0	489	492	
1	0	0	0	0	488	486	
2	0	0	0	0	491	508	
3	0	0	0	0	495	513	
4	0	0	0	0	502	480	
5	0	0	0	0	511	449	
6	0	0	0	0	521	434	
7	0	0	0	0	535	468	
8	0	0	0	0	547	518	
9	0	0	0	0	556	543	
10	0	0	0	0	561	553	
11	0	0	0	0	562	561	
12	0	0	0	0	558	504	
13	0	0	0	0	553	471	
14	0	0	0	0	542	462	
15	0	0	0	0	531	479	
0	0	0	0	0	525	512	
1	0	0	0	0	518	574	
2	0	0	0	0	515	634	
3	0	0	0	0	516	641	
4	0	0	0	0	519	647	
5	0	0	0	0	524	615	
6	0	0	0	0	526	553	
7	0	0	0	0	529	516	
8	0	0	0	0	531	471	
9	0	0	0	0	532	461	
10	0	0	0	0	530	515	
11	0	0	0	0	524	484	
12	0	0	0	0	516	481	
13	0	0	0	0	509	516	
14	0	0	0	0	499	512	
15	0	0	0	0	486	522	
0	0	0	0	0	475	542	
1	0	0	0	0	462	562	
2	0	0	0	0	451	545	
3	0	0	0	0	440	526	
4	0	0	0	0	427	516	
5	0	0	0	0	414	488	
6	0	0	0	0	405	489	
7	0	0	0	0	399	518	
8	0	0	0	0	398	524	
9	0	0	0	0	401	537	
10	0	0	0	0	405	578	
11	0	0	0	0	412	591	
12	0	0	0	0	422	561	
13	0	0	0	0	427	534	
14	0	0	0	0	432	535	
15	0	0	0	0	437	579	
0	0	0	0	0	439	602	
1	0	0	0	0	439	571	
2	0	0	0	0	439	592	
3	0	0	0	0	441	615	
4	0	0	0	0	441	621	
5	0	0	0	0	440	631	
6	0	0	0	0	443	624	
7	0	0	0	0	442	593	
8	0	0	0	0	447	575	
9	0	0	0	0	449	569	
10	0	0	0	0	452	598	
11	0	0	0	0	454	625	
12	0	0	0	0	455	628	
13	0	0	0	0	458	620	
14	0	0	0	0	457	591	
15	0	0	0	0	452	550	
0	0	0	0	0	448	540	
1	0	0	0	0	444	552	
2	0	0	0	0	442	587	
3	0	0	0	0	444	603	
4	0	0	0	0	443	598	
5	0	0	0	0	438	580	
6	0	0	0	0	432	595	
7	0	0	0	0	430	616	
8	0	0	0	0	427	594	
9	0	0	0	0	424	574	
10	0	0	0	0	419	569	
11	0	0	0	0	409	552	
12	0	0	0	0	401	548	
13	0	0	0	0	398	519	
14	0	0	0	0	396	509	
15	0	0	0	0	397	500	
0	0	0	0	0	400	487	
1	0	0	0	0	401	505	
2	0	0	0	0	403	487	
3	0	0	0	0	404	496	
4	0	0	0	0	407	540	
5	0	0	0	0	409	568	
6	0	0	0	0	409	568	
7	0	0	0	0	408	574	
8	0	0	0	0	407	567	
9	0	0	0	0	405	583	
10	0	0	0	0	399	587	
11	0	0	0	0	393	547	
12	0	0	0	0	382	475	
13	0	0	0	0	376	462	
14	0	0	0	0	374	409	
15	0	0	0	0	376	388	
0	0	0	0	0	375	401	
1	0	0	0	0	375	443	
2	0	0	0	0	374	494	
3	0	0	0	0	376	520	
4	0	0	0	0	383	555	
5	0	0	0	0	393	577	
6	0	0	0	0	399	558	
7	0	0	0	0	404	550	
8	0	0	0	0	409	536	
9	0	0	0	0	417	531	
10	0	0	0	0	425	530	
11	0	0	0	0	435	498	
12	0	0	0	0	444	468	
13	0	0	0	0	454	456	
14	0	0	0	0	459	407	
15	0	0	0	0	465	434	
0	0	0	0	0	466	469	
1	0	0	0	0	468	514	
2	0	0	0	0	469	537	
3	0	0	0	0	468	509	
4	0	0	0	0	467	509	
5	0	0	0	0	465	499	
6	0	0	0	0	464	497	
7	0	0	0	0	463	504	
8	0	0	0	0	463	478	
9	0	0	0	0	463	505	
10	0	0	0	0	461	500	
11	0	0	0	0	459	469	
12	0	0	0	0	454	466	
13	0	0	0	0	451	465	
14	0	0	0	0	449	485	
15	0	0	0	0	452	504	
0	0	0	0	0	460	517	
1	0	0	0	0	464	524	
2	0	0	0	0	467	529	
3	0	0	0	0	467	543	
4	0	0	0	0	471	553	
5	0	0	0	0	474	557	
6	0	0	0	0	473	537	
7	0	0	0	0	475	569	
8	0	0	0	0	472	594	
9	0	0	0	0	471	555	
10	0	0	0	0	471	566	
11	0	0	0	0	472	564	
12	0	0	0	0	473	523	
13	0	0	0	0	476	491	
14	0	0	0	0	478	495	
15	0	0	0	0	481	482	
0	0	0	0	0	487	474	
1	0	0	0	0	492	492	
2	0	0	0	0	488	526	
3	0	0	0	0	481	508	
4	0	0	0	0	475	510	
5	0	0	0	0	472	495	
6	0	0	0	0	470	470	
7	0	0	0	0	471	440	
8	0	0	0	0	476	439	
9	0	0	0	0	478	468	
10	0	0	0	0	481	462	
11	0	0	0	0	484	437	
12	0	0	0	0	486	450	
13	0	0	0	0	482	461	
14	0	0	0	0	475	468	
15	0	0	0	0	470	478	
0	0	0	0	0	468	488	
1	0	0	0	0	474	486	
2	0	0	0	0	481	504	
3	0	0	0	0	486	516	
4	0	0	0	0	487	575	
5	0	0	0	0	484	647	
6	0	0	0	0	480	652	
7	0	0	0	0	472	620	
8	0	0	0	0	464	558	
9	0	0	0	0	455	519	
10	0	0	0	0	447	518	
11	0	0	0	0	440	529	
12	0	0	0	0	440	558	
13	0	0	0	0	444	590	
14	0	0	0	0	451	621	
15	0	0	0	0	458	632	
0	0	0	0	0	467	614	
1	0	0	0	0	475	592	
2	0	0	0	0	486	574	
3	0	0	0	0	496	563	
4	0	0	0	0	506	572	
5	0	0	0	0	516	579	
6	0	0	0	0	528	576	
7	0	0	0	0	541	552	
8	0	0	0	0	552	519	
9	0	0	0	0	561	460	
10	0	0	0	0	565	428	
11	0	0	0	0	568	402	
12	0	0	0	0	572	390	
13	0	0	0	0	577	364	
14	0	0	0	0	583	374	
15	0	0	0	0	585	425	
0	0	0	0	0	585	496	
1	0	0	0	0	582	543	
2	0	0	0	0	579	547	
3	0	0	0	0	579	498	
4	0	0	0	0	579	446	
5	0	0	0	0	580	433	
6	0	0	0	0	577	390	
7	0	0	0	0	571	382	
8	0	0	0	0	564	391	
9	0	0	0	0	555	419	
10	0	0	0	0	544	421	
11	0	0	0	0	531	422	
12	0	0	0	0	521	444	
13	0	0	0	0	513	468	
14	0	0	0	0	502	510	
15	0	0	0	0	489	514	
0	0	0	0	0	481	519	
1	0	0	0	0	474	540	
2	0	0	0	0	471	551	
3	0	0	0	0	473	542	
4	0	0	0	0	476	515	
5	0	0	0	0	476	487	
6	0	0	0	0	475	494	
7	0	0	0	0	473	493	
8	0	0	0	0	471	455	
9	0	0	0	0	468	399	
10	0	0	0	0	471	366	
11	0	0	0	0	477	368	
12	0	0	0	0	489	370	
13	0	0	0	0	504	361	
14	0	0	0	0	520	351	
15	0	0	0	0	536	370	
0	0	0	0	0	556	399	
1	0	0	0	0	582	401	
2	0	0	0	0	615	384	
3	0	0	0	0	643	403	
4	0	0	0	0	671	402	
5	0	0	0	0	693	394	
6	0	0	0	0	713	439	
7	0	0	0	0	733	474	
8	0	0	0	0	749	473	
9	0	0	0	0	759	483	
10	0	0	0	0	766	510	
11	0	0	0	0	772	507	
12	0	0	0	0	772	518	
13	0	0	0	0	766	492	
14	0	0	0	0	762	485	
15	0	0	0	0	752	476	
0	0	0	0	0	740	444	
1	0	0	0	0	726	418	
2	0	0	0	0	717	421	
3	0	0	0	0	711	438	
4	0	0	0	0	711	476	
5	0	0	0	0	713	516	
6	0	0	0	0	711	533	
7	0	0	0	0	706	528	
8	0	0	0	0	700	536	
9	0	0	0	0	692	529	
10	0	0	0	0	680	524	
11	0	0	0	0	668	504	
12	0	0	0	0	655	502	
13	0	0	0	0	643	526	
14	0	0	0	0	636	524	
15	0	0	0	0	632	474	
0	0	0	0	0	630	443	
1	0	0	0	0	631	445	
2	0	0	0	0	633	459	
3	0	0	0	0	634	470	
4	0	0	0	0	633	456	
5	0	0	0	0	632	463	
6	0	0	0	0	632	484	
7	0	0	0	0	636	519	
8	0	0	0	0	641	551	
9	0	0	0	0	649	609	
10	0	0	0	0	655	611	
11	0	0	0	0	659	587	
12	0	0	0	0	659	543	
13	0	0	0	0	659	506	
14	0	0	0	0	660	441	
15	0	0	0	0	663	384	
0	0	0	0	0	657	379	
1	0	0	0	0	651	417	
2	0	0	0	0	643	439	
3	0	0	0	0	632	463	
4	0	0	0	0	615	478	
5	0	0	0	0	602	486	
6	0	0	0	0	591	472	
7	0	0	0	0	578	495	
8	0	0	0	0	563	505	
9	0	0	0	0	547	468	
10	0	0	0	0	532	460	
11	0	0	0	0	519	455	
12	0	0	0	0	511	477	
13	0	0	0	0	505	501	
14	0	0	0	0	506	536	
15	0	0	0	0	511	535	
0	0	0	0	0	524	551	
1	0	0	0	0	536	511	
2	0	0	0	0	547	507	
3	0	0	0	0	556	511	
4	0	0	0	0	563	526	
5	0	0	0	0	570	543	
6	0	0	0	0	578	564	
7	0	0	0	0	579	553	
8	0	0	0	0	579	555	
9	0	0	0	0	575	520	
10	0	0	0	0	572	468	
11	0	0	0	0	568	430	
12	0	0	0	0	562	419	
13	0	0	0	0	555	432	
14	0	0	0	0	546	454	
15	0	0	0	0	534	509	
0	0	0	0	0	523	560	
1	0	0	0	0	511	574	
2	0	0	0	0	504	579	
3	0	0	0	0	499	561	
4	0	0	0	0	495	511	
5	0	0	0	0	490	462	
6	0	0	0	0	487	478	
7	0	0	0	0	485	487	
8	0	0	0	0	484	493	
9	0	0	0	0	482	499	
10	0	0	0	0	477	513	
11	0	0	0	0	475	561	
12	0	0	0	0	469	578	
13	0	0	0	0	463	620	
14	0	0	0	0	460	631	
15	0	0	0	0	451	617	
0	0	0	0	0	442	623	
1	0	0	0	0	439	632	
2	0	0	0	0	441	601	
3	0	0	0	0	449	567	
4	0	0	0	0	462	551	
5	0	0	0	0	473	592	
6	0	0	0	0	486	590	
7	0	0	0	0	497	591	
8	0	0	0	0	509	609	
9	0	0	0	0	520	627	
10	0	0	0	0	533	618	
11	0	0	0	0	547	578	
12	0	0	0	0	563	531	
13	0	0	0	0	581	545	
14	0	0	0	0	600	552	
15	0	0	0	0	616	533	
0	0	0	0	0	631	516	
1	0	0	0	0	640	484	
2	0	0	0	0	647	450	
3	0	0	0	0	646	464	
4	0	0	0	0	638	492	
5	0	0	0	0	630	487	
6	0	0	0	0	621	485	
7	0	0	0	0	615	471	
8	0	0	0	0	602	463	
9	0	0	0	0	584	468	
10	0	0	0	0	563	472	
11	0	0	0	0	544	497	
12	0	0	0	0	527	531	
13	0	0	0	0	511	569	
14	0	0	0	0	494	552	
15	0	0	0	0	482	531	
0	0	0	0	0	478	530	
1	0	0	0	0	474	533	
2	0	0	0	0	472	485	
3	0	0	0	0	474	470	
4	0	0	0	0	479	449	
5	0	0	0	0	485	459	
6	0	0	0	0	489	460	
7	0	0	0	0	496	447	
8	0	0	0	0	504	454	
9	0	0	0	0	506	465	
10	0	0	0	0	504	480	
11	0	0	0	0	501	470	
12	0	0	0	0	496	480	
13	0	0	0	0	489	482	
14	0	0	0	0	487	480	
15	0	0	0	0	487	470	
0	0	0	0	0	487	479	
1	0	0	0	0	489	514	
2	0	0	0	0	496	545	
3	0	0	0	0	504	537	
4	0	0	0	0	510	503	
5	0	0	0	0	514	473	
6	0	0	0	0	519	440	
7	0	0	0	0	521	446	
8	0	0	0	0	521	471	
9	0	0	0	0	519	466	
10	0	0	0	0	518	401	
11	0	0	0	0	519	338	
12	0	0	0	0	523	312	
13	0	0	0	0	528	339	
14	0	0	0	0	533	348	
15	0	0	0	0	536	391	
0	0	0	0	0	539	433	
1	0	0	0	0	543	493	
2	0	0	0	0	551	531	
3	0	0	0	0	559	551	
4	0	0	0	0	565	573	
5	0	0	0	0	567	538	
6	0	0	0	0	565	494	
7	0	0	0	0	563	462	
8	0	0	0	0	560	487	
9	0	0	0	0	555	511	
10	0	0	0	0	548	531	
11	0	0	0	0	540	538	
12	0	0	0	0	526	548	
13	0	0	0	0	511	568	
14	0	0	0	0	495	568	
15	0	0	0	0	481	542	
0	0	0	0	0	471	521	
1	0	0	0	0	465	486	
2	0	0	0	0	465	491	
3	0	0	0	0	469	500	
4	0	0	0	0	472	515	
5	0	0	0	0	479	550	
6	0	0	0	0	489	592	
7	0	0	0	0	499	591	
8	0	0	0	0	508	556	
9	0	0	0	0	515	503	
10	0	0	0	0	521	497	
11	0	0	0	0	527	496	
12	0	0	0	0	534	511	
13	0	0	0	0	538	520	
14	0	0	0	0	542	522	
15	0	0	0	0	545	505	
0	0	0	0	0	551	494	
1	0	0	0	0	554	496	
2	0	0	0	0	556	527	
3	0	0	0	0	560	577	
4	0	0	0	0	563	583	
5	0	0	0	0	561	515	
6	0	0	0	0	561	473	
7	0	0	0	0	561	457	
8	0	0	0	0	561	467	
9	0	0	0	0	564	496	
10	0	0	0	0	568	492	
11	0	0	0	0	570	455	
12	0	0	0	0	570	426	
13	0	0	0	0	565	425	
14	0	0	0	0	558	458	
15	0	0	0	0	547	484	
0	0	0	0	0	536	514	
1	0	0	0	0	524	548	
2	0	0	0	0	514	600	
3	0	0	0	0	503	625	
4	0	0	0	0	493	632	
5	0	0	0	0	486	600	
6	0	0	0	0	480	564	
7	0	0	0	0	475	583	
8	0	0	0	0	470	611	
9	0	0	0	0	463	638	
10	0	0	0	0	459	667	
11	0	0	0	0	458	658	
12	0	0	0	0	457	665	
13	0	0	0	0	460	661	
14	0	0	0	0	463	656	
15	0	0	0	0	468	582	
0	0	0	0	0	475	521	
1	0	0	0	0	480	497	
2	0	0	0	0	484	530	
3	0	0	0	0	487	534	
4	0	0	0	0	489	496	
5	0	0	0	0	495	458	
6	0	0	0	0	496	451	
7	0	0	0	0	496	459	
8	0	0	0	0	498	493	
9	0	0	0	0	494	524	
10	0	0	0	0	489	551	
11	0	0	0	0	484	586	
12	0	0	0	0	477	622	
13	0	0	0	0	471	615	
14	0	0	0	0	464	594	
15	0	0	0	0	459	568	
0	0	0	0	0	452	546	
1	0	0	0	0	438	531	
2	0	0	0	0	420	496	
3	0	0	0	0	404	512	
4	0	0	0	0	394	546	
5	0	0	0	0	385	587	
6	0	0	0	0	379	616	
7	0	0	0	0	376	655	
8	0	0	0	0	376	670	
9	0	0	0	0	381	638	
10	0	0	0	0	389	612	
11	0	0	0	0	400	587	
12	0	0	0	0	418	572	
13	0	0	0	0	436	586	
14	0	0	0	0	451	575	
15	0	0	0	0	462	522	
0	0	0	0	0	474	492	
1	0	0	0	0	486	494	
2	0	0	0	0	496	506	
3	0	0	0	0	504	501	
4	0	0	0	0	504	501	
5	0	0	0	0	498	487	
6	0	0	0	0	485	510	
7	0	0	0	0	471	602	
8	0	0	0	0	452	652	
9	0	0	0	0	440	669	
10	0	0	0	0	428	645	
11	0	0	0	0	419	624	
12	0	0	0	0	408	624	
13	0	0	0	0	402	635	
14	0	0	0	0	402	606	
15	0	0	0	0	406	577	
0	0	0	0	0	411	583	
1	0	0	0	0	411	591	
2	0	0	0	0	410	547	
3	0	0	0	0	409	518	
4	0	0	0	0	410	526	
5	0	0	0	0	417	502	
6	0	0	0	0	428	508	
7	0	0	0	0	439	540	
8	0	0	0	0	449	564	
9	0	0	0	0	461	589	
10	0	0	0	0	468	556	
11	0	0	0	0	471	563	
12	0	0	0	0	477	567	
13	0	0	0	0	480	557	
14	0	0	0	0	484	566	
15	0	0	0	0	481	591	
0	0	0	0	0	476	559	
1	0	0	0	0	469	527	
2	0	0	0	0	462	529	
3	0	0	0	0	455	553	
4	0	0	0	0	446	557	
5	0	0	0	0	440	561	
6	0	0	0	0	436	542	
7	0	0	0	0	437	544	
8	0	0	0	0	439	538	
9	0	0	0	0	445	528	
10	0	0	0	0	449	523	
11	0	0	0	0	450	534	
12	0	0	0	0	451	547	
13	0	0	0	0	450	526	
14	0	0	0	0	449	527	
15	0	0	0	0	451	487	
0	0	0	0	0	455	435	
1	0	0	0	0	461	408	
2	0	0	0	0	465	413	
3	0	0	0	0	469	440	
4	0	0	0	0	472	454	
5	0	0	0	0	477	479	
6	0	0	0	0	481	513	
7	0	0	0	0	485	532	
8	0	0	0	0	488	570	
9	0	0	0	0	491	588	
10	0	0	0	0	493	586	
11	0	0	0	0	494	568	
12	0	0	0	0	496	529	
13	0	0	0	0	504	514	
14	0	0	0	0	513	536	
15	0	0	0	0	521	568	
0	0	0	0	0	529	592	
1	0	0	0	0	534	612	
2	0	0	0	0	534	598	
3	0	0	0	0	531	562	
4	0	0	0	0	532	533	
5	0	0	0	0	530	528	
6	0	0	0	0	529	574	
7	0	0	0	0	529	572	
8	0	0	0	0	530	568	
9	0	0	0	0	532	541	
10	0	0	0	0	537	505	
11	0	0	0	0	535	475	
12	0	0	0	0	527	473	
13	0	0	0	0	518	499	
14	0	0	0	0	512	548	
15	0	0	0	0	502	563	
0	0	0	0	0	492	526	
1	0	0	0	0	483	486	
2	0	0	0	0	472	474	
3	0	0	0	0	467	486	
4	0	0	0	0	461	503	
5	0	0	0	0	460	479	
6	0	0	0	0	461	476	
7	0	0	0	0	460	492	
8	0	0	0	0	462	508	
9	0	0	0	0	463	514	
10	0	0	0	0	466	500	
11	0	0	0	0	472	511	
12	0	0	0	0	477	525	
13	0	0	0	0	483	510	
14	0	0	0	0	487	513	
15	0	0	0	0	493	491	
0	0	0	0	0	501	500	
1	0	0	0	0	510	531	
2	0	0	0	0	515	544	
3	0	0	0	0	522	548	
4	0	0	0	0	527	569	
5	0	0	0	0	534	562	
6	0	0	0	0	540	542	
7	0	0	0	0	542	513	
8	0	0	0	0	544	524	
9	0	0	0	0	545	519	
10	0	0	0	0	546	527	
11	0	0	0	0	555	502	
12	0	0	0	0	563	485	
13	0	0	0	0	565	488	
14	0	0	0	0	564	484	
15	0	0	0	0	562	507	
0	0	0	0	0	561	495	
1	0	0	0	0	561	482	
2	0	0	0	0	560	472	
3	0	0	0	0	556	473	
4	0	0	0	0	550	472	
5	0	0	0	0	544	486	
6	0	0	0	0	536	522	
7	0	0	0	0	530	558	
8	0	0	0	0	524	575	
9	0	0	0	0	515	617	
10	0	0	0	0	510	609	
11	0	0	0	0	505	589	
12	0	0	0	0	504	566	
13	0	0	0	0	505	573	
14	0	0	0	0	503	551	
15	0	0	0	0	499	526	
0	0	0	0	0	495	500	
1	0	0	0	0	495	504	
2	0	0	0	0	496	512	
3	0	0	0	0	500	506	
4	0	0	0	0	504	496	
5	0	0	0	0	506	498	
6	0	0	0	0	504	536	
7	0	0	0	0	504	545	
8	0	0	0	0	503	551	
9	0	0	0	0	504	522	
10	0	0	0	0	507	478	
11	0	0	0	0	509	456	
12	0	0	0	0	513	447	
13	0	0	0	0	518	444	
14	0	0	0	0	524	441	
15	0	0	0	0	530	465	
0	0	0	0	0	534	471	
1	0	0	0	0	543	467	
2	0	0	0	0	547	490	
3	0	0	0	0	553	497	
4	0	0	0	0	559	520	
5	0	0	0	0	559	518	
6	0	0	0	0	556	548	
7	0	0	0	0	555	582	
8	0	0	0	0	556	596	
9	0	0	0	0	556	604	
10	0	0	0	0	559	579	
11	0	0	0	0	562	609	
12	0	0	0	0	564	637	
13	0	0	0	0	564	617	
14	0	0	0	0	562	571	
15	0	0	0	0	554	512	
0	0	0	0	0	541	498	
1	0	0	0	0	531	466	
2	0	0	0	0	516	476	
3	0	0	0	0	502	475	
4	0	0	0	0	489	470	
5	0	0	0	0	480	500	
6	0	0	0	0	473	508	
7	0	0	0	0	469	511	
8	0	0	0	0	466	496	
9	0	0	0	0	466	512	
10	0	0	0	0	463	541	
11	0	0	0	0	457	540	
12	0	0	0	0	450	530	
13	0	0	0	0	444	531	
14	0	0	0	0	442	497	
15	0	0	0	0	440	503	
0	0	0	0	0	438	535	
1	0	0	0	0	438	556	
2	0	0	0	0	441	536	
3	0	0	0	0	445	521	
4	0	0	0	0	448	521	
5	0	0	0	0	448	557	
6	0	0	0	0	450	562	
7	0	0	0	0	453	558	
8	0	0	0	0	454	540	
9	0	0	0	0	456	556	
10	0	0	0	0	459	560	
11	0	0	0	0	459	583	
12	0	0	0	0	459	610	
13	0	0	0	0	456	609	
14	0	0	0	0	459	553	
15	0	0	0	0	459	502	
0	0	0	0	0	458	467	
1	0	0	0	0	458	443	
2	0	0	0	0	457	428	
3	0	0	0	0	460	450	
4	0	0	0	0	465	438	
5	0	0	0	0	471	398	
6	0	0	0	0	480	427	
7	0	0	0	0	487	450	
8	0	0	0	0	495	480	
9	0	0	0	0	496	482	
10	0	0	0	0	493	491	
11	0	0	0	0	490	538	
12	0	0	0	0	486	564	
13	0	0	0	0	478	569	
14	0	0	0	0	470	540	
15	0	0	0	0	461	511	
0	0	0	0	0	456	507	
1	0	0	0	0	454	511	
2	0	0	0	0	452	524	
3	0	0	0	0	458	518	
4	0	0	0	0	465	497	
5	0	0	0	0	474	526	
6	0	0	0	0	482	519	
7	0	0	0	0	488	494	
8	0	0	0	0	492	480	
9	0	0	0	0	494	511	
10	0	0	0	0	497	503	
11	0	0	0	0	495	467	
12	0	0	0	0	489	469	
13	0	0	0	0	481	494	
14	0	0	0	0	475	519	
15	0	0	0	0	472	553	
0	0	0	0	0	471	581	
1	0	0	0	0	471	560	
2	0	0	0	0	475	543	
3	0	0	0	0	475	520	
4	0	0	0	0	474	492	
5	0	0	0	0	473	474	
6	0	0	0	0	476	455	
7	0	0	0	0	480	435	
8	0	0	0	0	487	445	
9	0	0	0	0	493	448	
10	0	0	0	0	494	450	
11	0	0	0	0	500	451	
12	0	0	0	0	511	440	
13	0	0	0	0	520	454	
14	0	0	0	0	529	443	
15	0	0	0	0	536	421	
0	0	0	0	0	542	401	
1	0	0	0	0	550	398	
2	0	0	0	0	550	404	
3	0	0	0	0	548	464	
4	0	0	0	0	542	516	
5	0	0	0	0	540	560	
6	0	0	0	0	539	583	
7	0	0	0	0	537	561	
8	0	0	0	0	537	510	
9	0	0	0	0	540	460	
10	0	0	0	0	542	467	
11	0	0	0	0	542	489	
12	0	0	0	0	541	521	
13	0	0	0	0	539	520	
14	0	0	0	0	534	481	
15	0	0	0	0	534	472	
0	0	0	0	0	534	478	
1	0	0	0	0	535	504	
2	0	0	0	0	539	541	
3	0	0	0	0	546	562	
4	0	0	0	0	556	546	
5	0	0	0	0	572	507	
6	0	0	0	0	590	480	
7	0	0	0	0	612	473	
8	0	0	0	0	633	489	
9	0	0	0	0	648	502	
10	0	0	0	0	659	491	
11	0	0	0	0	662	495	
12	0	0	0	0	660	496	
13	0	0	0	0	651	466	
14	0	0	0	0	643	427	
15	0	0	0	0	637	423	
0	0	0	0	0	635	445	
1	0	0	0	0	634	492	
2	0	0	0	0	625	462	
3	0	0	0	0	614	430	
4	0	0	0	0	608	441	
5	0	0	0	0	600	431	
6	0	0	0	0	595	404	
7	0	0	0	0	596	381	
8	0	0	0	0	604	334	
9	0	0	0	0	613	329	
10	0	0	0	0	620	328	
11	0	0	0	0	623	315	
12	0	0	0	0	623	302	
13	0	0	0	0	620	316	
14	0	0	0	0	616	317	
15	0	0	0	0	611	311	
0	0	0	0	0	606	349	
1	0	0	0	0	601	357	
2	0	0	0	0	594	401	
3	0	0	0	0	587	444	
4	0	0	0	0	576	511	
5	0	0	0	0	562	575	
6	0	0	0	0	547	620	
7	0	0	0	0	536	643	
8	0	0	0	0	528	606	
9	0	0	0	0	524	585	
10	0	0	0	0	522	595	
11	0	0	0	0	517	596	
12	0	0	0	0	512	619	
13	0	0	0	0	510	607	
14	0	0	0	0	505	545	
15	0	0	0	0	500	494	
0	0	0	0	0	493	483	
1	0	0	0	0	487	476	
2	0	0	0	0	481	480	
3	0	0	0	0	476	504	
4	0	0	0	0	478	501	
5	0	0	0	0	482	520	
6	0	0	0	0	494	544	
7	0	0	0	0	509	566	
8	0	0	0	0	524	574	
9	0	0	0	0	539	559	
10	0	0	0	0	549	539	
11	0	0	0	0	553	554	
12	0	0	0	0	557	511	
13	0	0	0	0	557	488	
14	0	0	0	0	557	492	
15	0	0	0	0	553	441	
0	0	0	0	0	549	399	
1	0	0	0	0	546	403	
2	0	0	0	0	544	399	
3	0	0	0	0	542	393	
4	0	0	0	0	540	423	
5	0	0	0	0	540	450	
6	0	0	0	0	544	498	
7	0	0	0	0	554	492	
8	0	0	0	0	568	460	
9	0	0	0	0	584	419	
10	0	0	0	0	595	422	
11	0	0	0	0	602	444	
12	0	0	0	0	596	423	
13	0	0	0	0	588	419	
14	0	0	0	0	574	420	
15	0	0	0	0	558	450	
0	0	0	0	0	540	464	
1	0	0	0	0	520	469	
2	0	0	0	0	500	466	
3	0	0	0	0	480	501	
4	0	0	0	0	463	558	
5	0	0	0	0	446	555	
6	0	0	0	0	438	532	
7	0	0	0	0	431	534	
8	0	0	0	0	423	543	
9	0	0	0	0	418	551	
10	0	0	0	0	418	555	
11	0	0	0	0	423	510	
12	0	0	0	0	430	483	
13	0	0	0	0	436	488	
14	0	0	0	0	443	507	
15	0	0	0	0	451	528	
0	0	0	0	0	455	507	
1	0	0	0	0	458	499	
2	0	0	0	0	451	506	
3	0	0	0	0	443	488	
4	0	0	0	0	438	488	
5	0	0	0	0	443	483	
6	0	0	0	0	452	505	
7	0	0	0	0	465	517	
8	0	0	0	0	474	470	
9	0	0	0	0	481	473	
10	0	0	0	0	490	499	
11	0	0	0	0	497	516	
12	0	0	0	0	507	527	
13	0	0	0	0	515	529	
14	0	0	0	0	522	519	
15	0	0	0	0	529	510	
0	0	0	0	0	534	499	
1	0	0	0	0	533	511	
2	0	0	0	0	528	507	
3	0	0	0	0	521	480	
4	0	0	0	0	508	472	
5	0	0	0	0	496	477	
6	0	0	0	0	488	490	
7	0	0	0	0	486	529	
8	0	0	0	0	484	576	
9	0	0	0	0	487	589	
10	0	0	0	0	497	575	
11	0	0	0	0	508	572	
12	0	0	0	0	517	549	
13	0	0	0	0	523	526	
14	0	0	0	0	526	476	
15	0	0	0	0	524	455	
0	0	0	0	0	517	450	
1	0	0	0	0	507	457	
2	0	0	0	0	496	499	
3	0	0	0	0	484	510	
4	0	0	0	0	472	547	
5	0	0	0	0	461	596	
6	0	0	0	0	455	630	
7	0	0	0	0	446	610	
8	0	0	0	0	438	572	
9	0	0	0	0	436	551	
10	0	0	0	0	435	554	
11	0	0	0	0	433	561	
12	0	0	0	0	437	546	
13	0	0	0	0	441	545	
14	0	0	0	0	449	562	
15	0	0	0	0	460	598	
0	0	0	0	0	478	613	
1	0	0	0	0	497	619	
2	0	0	0	0	515	611	
3	0	0	0	0	530	603	
4	0	0	0	0	542	583	
5	0	0	0	0	550	584	
6	0	0	0	0	558	611	
7	0	0	0	0	561	611	
8	0	0	0	0	567	622	
9	0	0	0	0	566	596	
10	0	0	0	0	560	610	
11	0	0	0	0	552	569	
12	0	0	0	0	545	509	
13	0	0	0	0	543	473	
14	0	0	0	0	545	419	
15	0	0	0	0	551	405	
0	0	0	0	0	560	396	
1	0	0	0	0	570	424	
2	0	0	0	0	581	467	
3	0	0	0	0	595	507	
4	0	0	0	0	610	522	
5	0	0	0	0	624	513	
6	0	0	0	0	638	535	
7	0	0	0	0	646	551	
8	0	0	0	0	650	547	
9	0	0	0	0	653	540	
10	0	0	0	0	652	479	
11	0	0	0	0	653	444	
12	0	0	0	0	653	420	
13	0	0	0	0	647	418	
14	0	0	0	0	640	436	
15	0	0	0	0	638	422	
0	0	0	0	0	638	435	
1	0	0	0	0	636	442	
2	0	0	0	0	628	450	
3	0	0	0	0	616	433	
4	0	0	0	0	599	402	
5	0	0	0	0	582	412	
6	0	0	0	0	570	439	
7	0	0	0	0	565	448	
8	0	0	0	0	564	457	
9	0	0	0	0	565	489	
10	0	0	0	0	564	524	
11	0	0	0	0	560	544	
12	0	0	0	0	555	559	
13	0	0	0	0	554	529	
14	0	0	0	0	557	510	
15	0	0	0	0	560	479	
0	0	0	0	0	562	483	
1	0	0	0	0	572	524	
2	0	0	0	0	585	527	
3	0	0	0	0	596	535	
4	0	0	0	0	600	527	
5	0	0	0	0	604	575	
6	0	0	0	0	600	588	
7	0	0	0	0	593	575	
8	0	0	0	0	583	568	
9	0	0	0	0	570	544	
10	0	0	0	0	557	541	
11	0	0	0	0	543	549	
12	0	0	0	0	528	556	
13	0	0	0	0	519	534	
14	0	0	0	0	518	524	
15	0	0	0	0	524	530	
0	0	0	0	0	533	508	
1	0	0	0	0	540	512	
2	0	0	0	0	544	512	
3	0	0	0	0	545	480	
4	0	0	0	0	547	462	
5	0	0	0	0	544	454	
6	0	0	0	0	539	476	
7	0	0	0	0	527	462	
8	0	0	0	0	517	444	
9	0	0	0	0	508	468	
10	0	0	0	0	503	487	
11	0	0	0	0	497	500	
12	0	0	0	0	493	553	
13	0	0	0	0	489	567	
14	0	0	0	0	487	535	
15	0	0	0	0	490	506	
0	0	0	0	0	499	472	
1	0	0	0	0	511	471	
2	0	0	0	0	519	468	
3	0	0	0	0	527	448	
4	0	0	0	0	533	429	
5	0	0	0	0	536	430	
6	0	0	0	0	536	448	
7	0	0	0	0	531	474	
8	0	0	0	0	527	484	
9	0	0	0	0	524	509	
10	0	0	0	0	526	526	
11	0	0	0	0	535	542	
12	0	0	0	0	543	561	
13	0	0	0	0	551	588	
14	0	0	0	0	555	577	
15	0	0	0	0	555	549	
0	0	0	0	0	553	516	
1	0	0	0	0	554	479	
2	0	0	0	0	558	483	
3	0	0	0	0	558	521	
4	0	0	0	0	553	560	
5	0	0	0	0	542	595	
6	0	0	0	0	535	613	
7	0	0	0	0	528	628	
8	0	0	0	0	519	624	
9	0	0	0	0	513	589	
10	0	0	0	0	513	547	
11	0	0	0	0	515	465	
12	0	0	0	0	526	424	
13	0	0	0	0	536	409	
14	0	0	0	0	546	434	
15	0	0	0	0	556	457	
0	0	0	0	0	561	473	
1	0	0	0	0	563	463	
2	0	0	0	0	563	460	
3	0	0	0	0	561	482	
4	0	0	0	0	560	514	
5	0	0	0	0	556	541	
6	0	0	0	0	547	515	
7	0	0	0	0	537	487	
8	0	0	0	0	529	450	
9	0	0	0	0	522	404	
10	0	0	0	0	508	425	
11	0	0	0	0	492	472	
12	0	0	0	0	479	489	
13	0	0	0	0	469	508	
14	0	0	0	0	463	535	
15	0	0	0	0	455	551	
0	0	0	0	0	448	576	
1	0	0	0	0	441	564	
2	0	0	0	0	438	547	
3	0	0	0	0	441	556	
4	0	0	0	0	450	566	
5	0	0	0	0	463	581	
6	0	0	0	0	480	589	
7	0	0	0	0	499	575	
8	0	0	0	0	523	571	
9	0	0	0	0	547	521	
10	0	0	0	0	570	438	
11	0	0	0	0	589	382	
12	0	0	0	0	604	339	
13	0	0	0	0	608	354	
14	0	0	0	0	605	388	
15	0	0	0	0	600	448	
0	0	0	0	0	594	479	
1	0	0	0	0	587	499	
2	0	0	0	0	581	505	
3	0	0	0	0	570	534	
4	0	0	0	0	556	515	
5	0	0	0	0	539	493	
6	0	0	0	0	524	498	
7	0	0	0	0	513	506	
8	0	0	0	0	504	514	
9	0	0	0	0	496	532	
10	0	0	0	0	491	553	
11	0	0	0	0	495	586	
12	0	0	0	0	501	557	
13	0	0	0	0	509	524	
14	0	0	0	0	516	500	
15	0	0	0	0	525	496	
0	0	0	0	0	531	513	
1	0	0	0	0	532	514	
2	0	0	0	0	536	503	
3	0	0	0	0	543	508	
4	0	0	0	0	553	511	
5	0	0	0	0	563	524	
6	0	0	0	0	575	524	
7	0	0	0	0	582	481	
8	0	0	0	0	584	462	
9	0	0	0	0	580	424	
10	0	0	0	0	571	438	
11	0	0	0	0	557	448	
12	0	0	0	0	542	500	
13	0	0	0	0	530	526	
14	0	0	0	0	523	524	
15	0	0	0	0	516	484	
0	0	0	0	0	518	463	
1	0	0	0	0	527	446	
2	0	0	0	0	542	445	
3	0	0	0	0	560	426	
4	0	0	0	0	579	411	
5	0	0	0	0	599	427	
6	0	0	0	0	611	452	
7	0	0	0	0	617	499	
8	0	0	0	0	619	542	
9	0	0	0	0	617	580	
10	0	0	0	0	620	584	
11	0	0	0	0	622	568	
12	0	0	0	0	619	533	
13	0	0	0	0	611	494	
14	0	0	0	0	605	481	
15	0	0	0	0	600	477	
0	0	0	0	0	591	468	
1	0	0	0	0	580	469	
2	0	0	0	0	570	475	
3	0	0	0	0	560	480	
4	0	0	0	0	551	493	
5	0	0	0	0	547	553	
6	0	0	0	0	543	584	
7	0	0	0	0	538	594	
8	0	0	0	0	531	537	
9	0	0	0	0	520	511	
10	0	0	0	0	504	515	
11	0	0	0	0	487	535	
12	0	0	0	0	467	548	
13	0	0	0	0	450	595	
14	0	0	0	0	439	603	
15	0	0	0	0	435	597	
0	0	0	0	0	437	559	
1	0	0	0	0	446	539	
2	0	0	0	0	461	525	
3	0	0	0	0	479	501	
4	0	0	0	0	496	456	
5	0	0	0	0	512	454	
6	0	0	0	0	521	458	
7	0	0	0	0	530	466	
8	0	0	0	0	536	481	
9	0	0	0	0	540	509	
10	0	0	0	0	543	514	
11	0	0	0	0	541	494	
12	0	0	0	0	531	468	
13	0	0	0	0	519	475	
14	0	0	0	0	502	496	
15	0	0	0	0	488	544	
0	0	0	0	0	484	535	
1	0	0	0	0	488	508	
2	0	0	0	0	499	519	
3	0	0	0	0	515	574	
4	0	0	0	0	534	599	
5	0	0	0	0	555	592	
6	0	0	0	0	574	588	
7	0	0	0	0	591	547	
8	0	0	0	0	610	509	
9	0	0	0	0	633	507	
10	0	0	0	0	654	504	
11	0	0	0	0	673	486	
12	0	0	0	0	689	484	
13	0	0	0	0	696	506	
14	0	0	0	0	697	532	
15	0	0	0	0	691	529	
0	0	0	0	0	685	493	
1	0	0	0	0	681	504	
2	0	0	0	0	679	461	
3	0	0	0	0	675	450	
4	0	0	0	0	667	454	
5	0	0	0	0	657	492	
6	0	0	0	0	648	495	
7	0	0	0	0	638	498	
8	0	0	0	0	628	514	
9	0	0	0	0	609	501	
10	0	0	0	0	588	481	
11	0	0	0	0	563	474	
12	0	0	0	0	542	468	
13	0	0	0	0	525	483	
14	0	0	0	0	519	520	
15	0	0	0	0	524	520	
0	0	0	0	0	535	510	
1	0	0	0	0	546	478	
2	0	0	0	0	555	457	
3	0	0	0	0	563	429	
4	0	0	0	0	569	469	
5	0	0	0	0	575	529	
6	0	0	0	0	584	549	
7	0	0	0	0	592	518	
8	0	0	0	0	602	534	
9	0	0	0	0	606	549	
10	0	0	0	0	607	572	
11	0	0	0	0	601	551	
12	0	0	0	0	593	555	
13	0	0	0	0	582	526	
14	0	0	0	0	571	523	
15	0	0	0	0	554	565	
0	0	0	0	0	537	587	
1	0	0	0	0	531	569	
2	0	0	0	0	534	526	
3	0	0	0	0	542	487	
4	0	0	0	0	555	465	
5	0	0	0	0	570	462	
6	0	0	0	0	592	487	
7	0	0	0	0	611	525	
8	0	0	0	0	620	566	
9	0	0	0	0	623	589	
10	0	0	0	0	624	607	
11	0	0	0	0	628	635	
12	0	0	0	0	634	639	
13	0	0	0	0	638	627	
14	0	0	0	0	640	596	
15	0	0	0	0	639	528	
0	0	0	0	0	635	460	
1	0	0	0	0	636	452	
2	0	0	0	0	633	455	
3	0	0	0	0	623	458	
4	0	0	0	0	612	487	
5	0	0	0	0	604	501	
6	0	0	0	0	596	509	
7	0	0	0	0	587	523	
8	0	0	0	0	577	538	
9	0	0	0	0	567	563	
10	0	0	0	0	557	591	
11	0	0	0	0	541	633	
12	0	0	0	0	523	659	
13	0	0	0	0	505	642	
14	0	0	0	0	488	604	
15	0	0	0	0	471	553	
0	0	0	0	0	451	531	
1	0	0	0	0	434	521	
2	0	0	0	0	421	539	
3	0	0	0	0	414	547	
4	0	0	0	0	410	571	
5	0	0	0	0	409	583	
6	0	0	0	0	415	572	
7	0	0	0	0	427	570	
8	0	0	0	0	439	528	
9	0	0	0	0	451	471	
10	0	0	0	0	463	474	
11	0	0	0	0	473	499	
12	0	0	0	0	482	512	
13	0	0	0	0	490	543	
14	0	0	0	0	496	583	
15	0	0	0	0	505	593	
0	0	0	0	0	514	590	
1	0	0	0	0	524	603	
2	0	0	0	0	537	587	
3	0	0	0	0	553	547	
4	0	0	0	0	565	542	
5	0	0	0	0	569	537	
6	0	0	0	0	569	549	
7	0	0	0	0	566	634	
8	0	0	0	0	561	645	
9	0	0	0	0	557	618	
10	0	0	0	0	556	567	
11	0	0	0	0	555	517	
12	0	0	0	0	554	478	
13	0	0	0	0	554	470	
14	0	0	0	0	560	474	
15	0	0	0	0	568	481	
0	0	0	0	0	576	462	
1	0	0	0	0	582	488	
2	0	0	0	0	584	509	
3	0	0	0	0	583	542	
4	0	0	0	0	583	553	
5	0	0	0	0	587	545	
6	0	0	0	0	591	556	
7	0	0	0	0	592	550	
8	0	0	0	0	595	545	
9	0	0	0	0	599	481	
10	0	0	0	0	597	418	
11	0	0	0	0	590	394	
12	0	0	0	0	581	407	
13	0	0	0	0	569	433	
14	0	0	0	0	558	440	
15	0	0	0	0	543	428	
0	0	0	0	0	527	412	
1	0	0	0	0	509	374	
2	0	0	0	0	491	400	
3	0	0	0	0	473	455	
4	0	0	0	0	456	469	
5	0	0	0	0	444	480	
6	0	0	0	0	440	504	
7	0	0	0	0	442	534	
8	0	0	0	0	447	537	
9	0	0	0	0	451	505	
10	0	0	0	0	454	501	
11	0	0	0	0	460	525	
12	0	0	0	0	464	536	
13	0	0	0	0	464	556	
14	0	0	0	0	458	567	
15	0	0	0	0	453	559	
0	0	0	0	0	448	575	
1	0	0	0	0	442	601	
2	0	0	0	0	438	591	
3	0	0	0	0	435	586	
4	0	0	0	0	434	600	
5	0	0	0	0	435	623	
6	0	0	0	0	439	595	
7	0	0	0	0	443	540	
8	0	0	0	0	451	557	
9	0	0	0	0	458	541	
10	0	0	0	0	464	542	
11	0	0	0	0	472	565	
12	0	0	0	0	484	540	
13	0	0	0	0	497	531	
14	0	0	0	0	511	533	
15	0	0	0	0	525	547	
0	0	0	0	0	534	519	
1	0	0	0	0	540	495	
2	0	0	0	0	541	480	
3	0	0	0	0	535	460	
4	0	0	0	0	529	458	
5	0	0	0	0	526	514	
6	0	0	0	0	523	558	
7	0	0	0	0	521	573	
8	0	0	0	0	519	537	
9	0	0	0	0	519	530	
10	0	0	0	0	519	542	
11	0	0	0	0	521	587	
12	0	0	0	0	523	593	
13	0	0	0	0	521	580	
14	0	0	0	0	516	552	
15	0	0	0	0	514	529	
0	0	0	0	0	516	523	
1	0	0	0	0	519	526	
2	0	0	0	0	519	533	
3	0	0	0	0	516	543	
4	0	0	0	0	506	568	
5	0	0	0	0	488	571	
6	0	0	0	0	464	537	
7	0	0	0	0	435	480	
8	0	0	0	0	402	451	
9	0	0	0	0	369	446	
10	0	0	0	0	345	497	
11	0	0	0	0	333	522	
12	0	0	0	0	334	563	
13	0	0	0	0	342	608	
14	0	0	0	0	360	622	
15	0	0	0	0	388	613	
0	0	0	0	0	424	606	
1	0	0	0	0	459	591	
2	0	0	0	0	484	561	
3	0	0	0	0	500	530	
4	0	0	0	0	513	525	
5	0	0	0	0	523	546	
6	0	0	0	0	526	549	
7	0	0	0	0	521	595	
8	0	0	0	0	510	613	
9	0	0	0	0	500	580	
10	0	0	0	0	497	544	
11	0	0	0	0	514	532	
12	0	0	0	0	548	542	
13	0	0	0	0	585	559	
14	0	0	0	0	614	559	
15	0	0	0	0	624	556	
0	0	0	0	0	625	551	
1	0	0	0	0	629	561	
2	0	0	0	0	629	551	
3	0	0	0	0	622	524	
4	0	0	0	0	622	490	
5	0	0	0	0	621	475	
6	0	0	0	0	617	467	
7	0	0	0	0	608	468	
8	0	0	0	0	593	492	
9	0	0	0	0	575	502	
10	0	0	0	0	553	512	
11	0	0	0	0	525	470	
12	0	0	0	0	492	466	
13	0	0	0	0	456	522	
14	0	0	0	0	426	558	
15	0	0	0	0	407	575	
0	0	0	0	0	400	576	
1	0	0	0	0	406	588	
2	0	0	0	0	425	575	
3	0	0	0	0	452	575	
4	0	0	0	0	483	574	
5	0	0	0	0	512	554	
6	0	0	0	0	543	535	
7	0	0	0	0	572	499	
8	0	0	0	0	591	447	
9	0	0	0	0	599	457	
10	0	0	0	0	597	451	
11	0	0	0	0	591	448	
12	0	0	0	0	590	462	
13	0	0	0	0	600	503	
14	0	0	0	0	607	542	
15	0	0	0	0	610	579	
0	0	0	0	0	612	583	
1	0	0	0	0	609	582	
2	0	0	0	0	604	568	
3	0	0	0	0	586	550	
4	0	0	0	0	554	510	
5	0	0	0	0	518	497	
6	0	0	0	0	482	498	
7	0	0	0	0	455	519	
8	0	0	0	0	432	551	
9	0	0	0	0	415	560	
10	0	0	0	0	399	535	
11	0	0	0	0	386	554	
12	0	0	0	0	377	591	
13	0	0	0	0	372	614	
14	0	0	0	0	369	623	
15	0	0	0	0	366	614	
0	0	0	0	0	365	611	
1	0	0	0	0	366	598	
2	0	0	0	0	368	581	
3	0	0	0	0	368	563	
4	0	0	0	0	364	565	
5	0	0	0	0	354	593	
6	0	0	0	0	343	636	
7	0	0	0	0	327	674	
8	0	0	0	0	312	699	
9	0	0	0	0	297	711	
10	0	0	0	0	284	712	
11	0	0	0	0	269	701	
12	0	0	0	0	256	693	
13	0	0	0	0	247	689	
14	0	0	0	0	239	717	
15	0	0	0	0	235	707	
0	0	0	0	0	233	671	
1	0	0	0	0	239	646	
2	0	0	0	0	252	630	
3	0	0	0	0	272	635	
4	0	0	0	0	289	633	
5	0	0	0	0	301	646	
6	0	0	0	0	305	611	
7	0	0	0	0	305	565	
8	0	0	0	0	303	557	
9	0	0	0	0	300	545	
10	0	0	0	0	291	579	
11	0	0	0	0	284	600	
12	0	0	0	0	274	669	
13	0	0	0	0	267	735	
14	0	0	0	0	263	703	
15	0	0	0	0	261	625	
0	0	0	0	0	257	623	
1	0	0	0	0	254	646	
2	0	0	0	0	249	664	
3	0	0	0	0	249	697	
4	0	0	0	0	248	711	
5	0	0	0	0	245	682	
6	0	0	0	0	243	664	
7	0	0	0	0	240	648	
8	0	0	0	0	237	603	
9	0	0	0	0	232	585	
10	0	0	0	0	227	542	
11	0	0	0	0	221	533	
12	0	0	0	0	216	567	
13	0	0	0	0	212	581	
14	0	0	0	0	211	619	
15	0	0	0	0	214	661	
0	0	0	0	0	224	702	
1	0	0	0	0	239	735	
2	0	0	0	0	252	756	
3	0	0	0	0	262	716	
4	0	0	0	0	272	695	
5	0	0	0	0	290	719	
6	0	0	0	0	309	718	
7	0	0	0	0	330	711	
8	0	0	0	0	352	678	
9	0	0	0	0	369	657	
10	0	0	0	0	383	652	
11	0	0	0	0	390	665	
12	0	0	0	0	383	645	
13	0	0	0	0	371	599	
14	0	0	0	0	356	575	
15	0	0	0	0	338	598	
0	0	0	0	0	316	583	
1	0	0	0	0	295	593	
2	0	0	0	0	279	575	
3	0	0	0	0	267	559	
4	0	0	0	0	256	558	
5	0	0	0	0	247	579	
6	0	0	0	0	237	563	
7	0	0	0	0	229	509	
8	0	0	0	0	227	488	
9	0	0	0	0	227	509	
10	0	0	0	0	223	510	
11	0	0	0	0	216	472	
12	0	0	0	0	211	478	
13	0	0	0	0	209	522	
14	0	0	0	0	211	598	
15	0	0	0	0	208	643	
0	0	0	0	0	207	624	
1	0	0	0	0	205	593	
2	0	0	0	0	207	585	
3	0	0	0	0	210	612	
4	0	0	0	0	211	669	
5	0	0	0	0	213	692	
6	0	0	0	0	213	716	
7	0	0	0	0	218	732	
8	0	0	0	0	226	753	
9	0	0	0	0	240	744	
10	0	0	0	0	255	707	
11	0	0	0	0	266	679	
12	0	0	0	0	275	649	
13	0	0	0	0	283	623	
14	0	0	0	0	291	595	
15	0	0	0	0	301	581	
0	0	0	0	0	312	547	
1	0	0	0	0	318	520	
2	0	0	0	0	323	496	
3	0	0	0	0	328	496	
4	0	0	0	0	334	466	
5	0	0	0	0	334	493	
6	0	0	0	0	329	531	
7	0	0	0	0	322	574	
8	0	0	0	0	315	564	
9	0	0	0	0	305	520	
10	0	0	0	0	296	473	
11	0	0	0	0	293	452	
12	0	0	0	0	293	452	
13	0	0	0	0	289	523	
14	0	0	0	0	288	563	
15	0	0	0	0	291	561	
0	0	0	0	0	297	563	
1	0	0	0	0	303	570	
2	0	0	0	0	307	569	
3	0	0	0	0	313	553	
4	0	0	0	0	323	566	
5	0	0	0	0	332	567	
6	0	0	0	0	339	567	
7	0	0	0	0	347	575	
8	0	0	0	0	358	593	
9	0	0	0	0	361	593	
10	0	0	0	0	355	619	
11	0	0	0	0	339	623	
12	0	0	0	0	323	606	
13	0	0	0	0	311	603	
14	0	0	0	0	307	570	
15	0	0	0	0	317	503	
0	0	0	0	0	338	489	
1	0	0	0	0	367	504	
2	0	0	0	0	399	519	
3	0	0	0	0	432	471	
4	0	0	0	0	462	444	
5	0	0	0	0	483	446	
6	0	0	0	0	493	423	
7	0	0	0	0	493	414	
8	0	0	0	0	484	403	
9	0	0	0	0	473	463	
10	0	0	0	0	465	486	
11	0	0	0	0	454	507	
12	0	0	0	0	440	508	
13	0	0	0	0	424	524	
14	0	0	0	0	408	556	
15	0	0	0	0	390	547	
0	0	0	0	0	370	565	
1	0	0	0	0	355	575	
2	0	0	0	0	346	583	
3	0	0	0	0	349	553	
4	0	0	0	0	365	552	
5	0	0	0	0	387	554	
6	0	0	0	0	410	555	
7	0	0	0	0	430	563	
8	0	0	0	0	450	526	
9	0	0	0	0	465	480	
10	0	0	0	0	479	465	
11	0	0	0	0	487	467	
12	0	0	0	0	492	454	
13	0	0	0	0	495	459	
14	0	0	0	0	496	468	
15	0	0	0	0	498	480	
0	0	0	0	0	496	497	
1	0	0	0	0	496	511	
2	0	0	0	0	496	516	
3	0	0	0	0	496	502	
4	0	0	0	0	500	516	
5	0	0	0	0	501	532	
6	0	0	0	0	500	519	
7	0	0	0	0	496	489	
8	0	0	0	0	480	463	
9	0	0	0	0	451	475	
10	0	0	0	0	412	481	
11	0	0	0	0	373	500	
12	0	0	0	0	339	472	
13	0	0	0	0	316	510	
14	0	0	0	0	300	565	
15	0	0	0	0	295	587	
0	0	0	0	0	298	623	
1	0	0	0	0	297	605	
2	0	0	0	0	300	579	
3	0	0	0	0	316	573	
4	0	0	0	0	339	582	
5	0	0	0	0	362	561	
6	0	0	0	0	386	552	
7	0	0	0	0	408	555	
8	0	0	0	0	429	539	
9	0	0	0	0	445	522	
10	0	0	0	0	458	472	
11	0	0	0	0	472	462	
12	0	0	0	0	486	499	
13	0	0	0	0	500	524	
14	0	0	0	0	513	486	
15	0	0	0	0	522	435	
0	0	0	0	0	536	416	
1	0	0	0	0	555	423	
2	0	0	0	0	570	398	
3	0	0	0	0	584	406	
4	0	0	0	0	589	421	
5	0	0	0	0	585	415	
6	0	0	0	0	574	403	
7	0	0	0	0	557	397	
8	0	0	0	0	544	401	
9	0	0	0	0	533	423	
10	0	0	0	0	534	434	
11	0	0	0	0	547	443	
12	0	0	0	0	565	480	
13	0	0	0	0	571	492	
14	0	0	0	0	569	492	
15	0	0	0	0	563	454	
0	0	0	0	0	552	451	
1	0	0	0	0	534	483	
2	0	0	0	0	514	503	
3	0	0	0	0	495	480	
4	0	0	0	0	483	436	
5	0	0	0	0	475	406	
6	0	0	0	0	469	377	
7	0	0	0	0	468	376	
8	0	0	0	0	470	371	
9	0	0	0	0	473	407	
10	0	0	0	0	477	440	
11	0	0	0	0	475	474	
12	0	0	0	0	472	519	
13	0	0	0	0	466	560	
14	0	0	0	0	463	557	
15	0	0	0	0	463	540	
0	0	0	0	0	465	508	
1	0	0	0	0	480	464	
2	0	0	0	0	499	461	
3	0	0	0	0	516	451	
4	0	0	0	0	525	455	
5	0	0	0	0	526	457	
6	0	0	0	0	516	438	
7	0	0	0	0	503	423	
8	0	0	0	0	487	457	
9	0	0	0	0	469	469	
10	0	0	0	0	450	464	
11	0	0	0	0	438	474	
12	0	0	0	0	426	472	
13	0	0	0	0	411	477	
14	0	0	0	0	403	494	
15	0	0	0	0	402	547	
0	0	0	0	0	406	579	
1	0	0	0	0	414	603	
2	0	0	0	0	422	578	
3	0	0	0	0	428	525	
4	0	0	0	0	433	530	
5	0	0	0	0	439	531	
6	0	0	0	0	449	561	
7	0	0	0	0	463	582	
8	0	0	0	0	478	572	
9	0	0	0	0	495	567	
10	0	0	0	0	508	527	
11	0	0	0	0	514	496	
12	0	0	0	0	513	471	
13	0	0	0	0	511	470	
14	0	0	0	0	510	453	
15	0	0	0	0	510	468	
0	0	0	0	0	512	452	
1	0	0	0	0	511	435	
2	0	0	0	0	516	430	
3	0	0	0	0	518	430	
4	0	0	0	0	520	361	
5	0	0	0	0	527	342	
6	0	0	0	0	540	345	
7	0	0	0	0	546	364	
8	0	0	0	0	551	345	
9	0	0	0	0	552	339	
10	0	0	0	0	551	405	
11	0	0	0	0	542	458	
12	0	0	0	0	528	516	
13	0	0	0	0	516	512	
14	0	0	0	0	506	525	
15	0	0	0	0	502	503	
0	0	0	0	0	497	476	
1	0	0	0	0	493	473	
2	0	0	0	0	487	490	
3	0	0	0	0	479	533	
4	0	0	0	0	469	568	
5	0	0	0	0	457	608	
6	0	0	0	0	443	601	
7	0	0	0	0	432	536	
8	0	0	0	0	423	498	
9	0	0	0	0	416	483	
10	0	0	0	0	415	475	
11	0	0	0	0	419	467	
12	0	0	0	0	427	484	
13	0	0	0	0	439	475	
14	0	0	0	0	450	465	
15	0	0	0	0	459	482	
0	0	0	0	0	465	489	
1	0	0	0	0	464	463	
2	0	0	0	0	459	428	
3	0	0	0	0	451	415	
4	0	0	0	0	440	419	
5	0	0	0	0	430	444	
6	0	0	0	0	423	485	
7	0	0	0	0	420	500	
8	0	0	0	0	419	492	
9	0	0	0	0	424	494	
10	0	0	0	0	433	480	
11	0	0	0	0	442	469	
12	0	0	0	0	450	467	
13	0	0	0	0	460	449	
14	0	0	0	0	473	445	
15	0	0	0	0	487	432	
0	0	0	0	0	496	432	
1	0	0	0	0	504	399	
2	0	0	0	0	512	423	
3	0	0	0	0	515	415	
4	0	0	0	0	518	413	
5	0	0	0	0	517	402	
6	0	0	0	0	520	416	
7	0	0	0	0	524	451	
8	0	0	0	0	536	527	
9	0	0	0	0	550	578	
10	0	0	0	0	557	590	
11	0	0	0	0	561	604	
12	0	0	0	0	559	570	
13	0	0	0	0	551	547	
14	0	0	0	0	543	490	
15	0	0	0	0	538	448	
0	0	0	0	0	525	464	
1	0	0	0	0	505	502	
2	0	0	0	0	480	517	
3	0	0	0	0	455	523	
4	0	0	0	0	446	526	
5	0	0	0	0	455	545	
6	0	0	0	0	479	551	
7	0	0	0	0	508	496	
8	0	0	0	0	529	463	
9	0	0	0	0	543	437	
10	0	0	0	0	552	418	
11	0	0	0	0	551	436	
12	0	0	0	0	547	413	
13	0	0	0	0	543	402	
14	0	0	0	0	537	374	
15	0	0	0	0	527	376	
0	0	0	0	0	513	394	
1	0	0	0	0	513	437	
2	0	0	0	0	525	463	
3	0	0	0	0	541	480	
4	0	0	0	0	554	480	
5	0	0	0	0	569	476	
6	0	0	0	0	578	496	
7	0	0	0	0	583	427	
8	0	0	0	0	577	405	
9	0	0	0	0	566	433	
10	0	0	0	0	556	451	
11	0	0	0	0	549	483	
12	0	0	0	0	548	490	
13	0	0	0	0	553	451	
14	0	0	0	0	564	428	
15	0	0	0	0	574	404	
0	0	0	0	0	579	383	
1	0	0	0	0	579	358	
2	0	0	0	0	577	302	
3	0	0	0	0	575	287	
4	0	0	0	0	568	297	
5	0	0	0	0	563	313	
6	0	0	0	0	556	354	
7	0	0	0	0	551	400	
8	0	0	0	0	546	429	
9	0	0	0	0	543	447	
10	0	0	0	0	540	481	
11	0	0	0	0	537	488	
12	0	0	0	0	538	523	
13	0	0	0	0	543	509	
14	0	0	0	0	547	520	
15	0	0	0	0	552	515	
0	0	0	0	0	563	551	
1	0	0	0	0	566	560	
2	0	0	0	0	553	550	
3	0	0	0	0	531	523	
4	0	0	0	0	511	523	
5	0	0	0	0	502	519	
6	0	0	0	0	511	527	
7	0	0	0	0	527	503	
8	0	0	0	0	542	513	
9	0	0	0	0	553	495	
10	0	0	0	0	561	483	
11	0	0	0	0	562	466	
12	0	0	0	0	555	400	
13	0	0	0	0	538	352	
14	0	0	0	0	513	353	
15	0	0	0	0	486	375	
0	0	0	0	0	472	437	
1	0	0	0	0	469	513	
2	0	0	0	0	462	534	
3	0	0	0	0	458	536	
4	0	0	0	0	456	576	
5	0	0	0	0	452	614	
6	0	0	0	0	450	629	
7	0	0	0	0	445	631	
8	0	0	0	0	444	612	
9	0	0	0	0	448	581	
10	0	0	0	0	455	553	
11	0	0	0	0	459	526	
12	0	0	0	0	468	509	
13	0	0	0	0	479	513	
14	0	0	0	0	490	500	
15	0	0	0	0	503	489	
0	0	0	0	0	512	503	
1	0	0	0	0	515	549	
2	0	0	0	0	515	546	
3	0	0	0	0	514	511	
4	0	0	0	0	509	500	
5	0	0	0	0	499	496	
6	0	0	0	0	487	513	
7	0	0	0	0	472	519	
8	0	0	0	0	461	547	
9	0	0	0	0	464	547	
10	0	0	0	0	489	556	
11	0	0	0	0	523	542	
12	0	0	0	0	563	517	
13	0	0	0	0	600	474	
14	0	0	0	0	632	456	
15	0	0	0	0	658	444	
0	0	0	0	0	670	409	
1	0	0	0	0	667	385	
2	0	0	0	0	649	297	
3	0	0	0	0	625	281	
4	0	0	0	0	606	286	
5	0	0	0	0	587	355	
6	0	0	0	0	566	411	
7	0	0	0	0	542	450	
8	0	0	0	0	518	478	
9	0	0	0	0	499	485	
10	0	0	0	0	493	479	
11	0	0	0	0	483	458	
12	0	0	0	0	465	455	
13	0	0	0	0	443	477	
14	0	0	0	0	419	524	
15	0	0	0	0	402	534	
0	0	0	0	0	398	557	
1	0	0	0	0	407	557	
2	0	0	0	0	430	551	
3	0	0	0	0	465	550	
4	0	0	0	0	504	542	
5	0	0	0	0	531	536	
6	0	0	0	0	545	563	
7	0	0	0	0	545	579	
8	0	0	0	0	535	574	
9	0	0	0	0	522	577	
10	0	0	0	0	512	551	
11	0	0	0	0	511	568	
12	0	0	0	0	512	590	
13	0	0	0	0	511	575	
14	0	0	0	0	510	583	
15	0	0	0	0	504	566	
0	0	0	0	0	496	556	
1	0	0	0	0	490	539	
2	0	0	0	0	491	499	
3	0	0	0	0	497	437	
4	0	0	0	0	504	435	
5	0	0	0	0	515	404	
6	0	0	0	0	528	429	
7	0	0	0	0	540	451	
8	0	0	0	0	547	480	
9	0	0	0	0	553	496	
10	0	0	0	0	557	506	
11	0	0	0	0	558	527	
12	0	0	0	0	566	496	
13	0	0	0	0	580	487	
14	0	0	0	0	590	471	
15	0	0	0	0	596	455	
0	0	0	0	0	602	463	
1	0	0	0	0	606	498	
2	0	0	0	0	611	530	
3	0	0	0	0	612	559	
4	0	0	0	0	601	593	
5	0	0	0	0	583	616	
6	0	0	0	0	561	568	
7	0	0	0	0	539	536	
8	0	0	0	0	522	523	
9	0	0	0	0	514	510	
10	0	0	0	0	513	489	
11	0	0	0	0	515	524	
12	0	0	0	0	524	562	
13	0	0	0	0	535	594	
14	0	0	0	0	551	576	
15	0	0	0	0	567	534	
0	0	0	0	0	583	502	
1	0	0	0	0	607	474	
2	0	0	0	0	634	458	
3	0	0	0	0	657	426	
4	0	0	0	0	676	397	
5	0	0	0	0	690	382	
6	0	0	0	0	695	368	
7	0	0	0	0	691	400	
8	0	0	0	0	682	400	
9	0	0	0	0	670	425	
10	0	0	0	0	652	450	
11	0	0	0	0	627	447	
12	0	0	0	0	599	452	
13	0	0	0	0	568	430	
14	0	0	0	0	539	411	
15	0	0	0	0	517	398	
0	0	0	0	0	500	376	
1	0	0	0	0	488	403	
2	0	0	0	0	483	425	
3	0	0	0	0	487	433	
4	0	0	0	0	501	436	
5	0	0	0	0	518	443	
6	0	0	0	0	530	454	
7	0	0	0	0	538	476	
8	0	0	0	0	537	461	
9	0	0	0	0	529	476	
10	0	0	0	0	518	478	
11	0	0	0	0	508	474	
12	0	0	0	0	499	455	
13	0	0	0	0	487	411	
14	0	0	0	0	476	395	
15	0	0	0	0	472	382	
0	0	0	0	0	473	386	
1	0	0	0	0	481	462	
2	0	0	0	0	498	489	
3	0	0	0	0	519	492	
4	0	0	0	0	540	508	
5	0	0	0	0	554	508	
6	0	0	0	0	556	519	
7	0	0	0	0	552	512	
8	0	0	0	0	542	506	
9	0	0	0	0	532	498	
10	0	0	0	0	527	483	
11	0	0	0	0	530	463	
12	0	0	0	0	545	427	
13	0	0	0	0	562	384	
14	0	0	0	0	580	429	
15	0	0	0	0	596	461	
0	0	0	0	0	604	480	
1	0	0	0	0	600	520	
2	0	0	0	0	584	550	
3	0	0	0	0	562	553	
4	0	0	0	0	537	584	
5	0	0	0	0	519	590	
6	0	0	0	0	504	550	
7	0	0	0	0	492	516	
8	0	0	0	0	484	536	
9	0	0	0	0	483	525	
10	0	0	0	0	492	472	
11	0	0	0	0	500	444	
12	0	0	0	0	507	431	
13	0	0	0	0	503	472	
14	0	0	0	0	492	490	
15	0	0	0	0	480	507	
0	0	0	0	0	471	510	
1	0	0	0	0	463	513	
2	0	0	0	0	464	492	
3	0	0	0	0	475	449	
4	0	0	0	0	497	444	
5	0	0	0	0	522	435	
6	0	0	0	0	545	457	
7	0	0	0	0	566	439	
8	0	0	0	0	584	427	
9	0	0	0	0	598	451	
10	0	0	0	0	609	464	
11	0	0	0	0	615	451	
12	0	0	0	0	621	406	
13	0	0	0	0	621	387	
14	0	0	0	0	622	417	
15	0	0	0	0	618	442	
0	0	0	0	0	612	455	
1	0	0	0	0	610	429	
2	0	0	0	0	606	381	
3	0	0	0	0	599	349	
4	0	0	0	0	591	355	
5	0	0	0	0	581	365	
6	0	0	0	0	569	391	
7	0	0	0	0	559	395	
8	0	0	0	0	553	404	
9	0	0	0	0	549	411	
10	0	0	0	0	546	464	
11	0	0	0	0	543	449	
12	0	0	0	0	543	456	
13	0	0	0	0	541	488	
14	0	0	0	0	541	503	
15	0	0	0	0	546	477	
0	0	0	0	0	561	436	
1	0	0	0	0	576	446	
2	0	0	0	0	585	460	
3	0	0	0	0	584	478	
4	0	0	0	0	575	510	
5	0	0	0	0	556	525	
6	0	0	0	0	530	527	
7	0	0	0	0	499	523	
8	0	0	0	0	465	524	
9	0	0	0	0	426	486	
10	0	0	0	0	387	454	
11	0	0	0	0	350	450	
12	0	0	0	0	322	460	
13	0	0	0	0	314	443	
14	0	0	0	0	330	466	
15	0	0	0	0	359	528	
0	0	0	0	0	398	544	
1	0	0	0	0	435	548	
2	0	0	0	0	471	552	
3	0	0	0	0	508	541	
4	0	0	0	0	542	537	
5	0	0	0	0	570	535	
6	0	0	0	0	595	504	
7	0	0	0	0	620	491	
8	0	0	0	0	637	491	
9	0	0	0	0	651	504	
10	0	0	0	0	659	492	
11	0	0	0	0	662	504	
12	0	0	0	0	660	525	
13	0	0	0	0	654	543	
14	0	0	0	0	646	533	
15	0	0	0	0	638	508	
0	0	0	0	0	631	491	
1	0	0	0	0	619	497	
2	0	0	0	0	603	515	
3	0	0	0	0	585	547	
4	0	0	0	0	566	562	
5	0	0	0	0	545	565	
6	0	0	0	0	523	535	
7	0	0	0	0	504	498	
8	0	0	0	0	491	480	
9	0	0	0	0	485	443	
10	0	0	0	0	484	488	
11	0	0	0	0	486	480	
12	0	0	0	0	496	432	
13	0	0	0	0	512	407	
14	0	0	0	0	531	414	
15	0	0	0	0	550	452	
0	0	0	0	0	559	497	
1	0	0	0	0	561	541	
2	0	0	0	0	563	550	
3	0	0	0	0	567	559	
4	0	0	0	0	578	524	
5	0	0	0	0	588	502	
6	0	0	0	0	594	517	
7	0	0	0	0	600	513	
8	0	0	0	0	608	504	
9	0	0	0	0	615	521	
10	0	0	0	0	627	507	
11	0	0	0	0	637	517	
12	0	0	0	0	647	520	
13	0	0	0	0	656	495	
14	0	0	0	0	663	503	
15	0	0	0	0	666	506	
0	0	0	0	0	664	544	
1	0	0	0	0	659	555	
2	0	0	0	0	654	524	
3	0	0	0	0	649	512	
4	0	0	0	0	649	516	
5	0	0	0	0	646	505	
6	0	0	0	0	643	476	
7	0	0	0	0	636	412	
8	0	0	0	0	631	402	
9	0	0	0	0	624	380	
10	0	0	0	0	615	362	
11	0	0	0	0	608	358	
12	0	0	0	0	602	392	
13	0	0	0	0	598	422	
14	0	0	0	0	600	455	
15	0	0	0	0	603	512	
0	0	0	0	0	605	507	
1	0	0	0	0	614	491	
2	0	0	0	0	625	518	
3	0	0	0	0	639	573	
4	0	0	0	0	652	580	
5	0	0	0	0	657	523	
6	0	0	0	0	658	516	
7	0	0	0	0	663	491	
8	0	0	0	0	672	482	
9	0	0	0	0	680	473	
10	0	0	0	0	693	466	
11	0	0	0	0	707	461	
12	0	0	0	0	716	465	
13	0	0	0	0	725	455	
14	0	0	0	0	727	451	
15	0	0	0	0	723	464	
0	0	0	0	0	717	435	
1	0	0	0	0	703	425	
2	0	0	0	0	680	433	
3	0	0	0	0	651	448	
4	0	0	0	0	612	422	
5	0	0	0	0	569	396	
6	0	0	0	0	524	406	
7	0	0	0	0	476	440	
8	0	0	0	0	432	493	
9	0	0	0	0	401	549	
10	0	0	0	0	388	540	
11	0	0	0	0	391	538	
12	0	0	0	0	406	522	
13	0	0	0	0	435	521	
14	0	0	0	0	470	502	
15	0	0	0	0	506	489	
0	0	0	0	0	540	483	
1	0	0	0	0	571	504	
2	0	0	0	0	601	555	
3	0	0	0	0	625	516	
4	0	0	0	0	648	493	
5	0	0	0	0	670	493	
6	0	0	0	0	685	501	
7	0	0	0	0	693	519	
8	0	0	0	0	695	532	
9	0	0	0	0	692	490	
10	0	0	0	0	688	462	
11	0	0	0	0	682	457	
12	0	0	0	0	675	450	
13	0	0	0	0	669	449	
14	0	0	0	0	671	464	
15	0	0	0	0	675	448	
0	0	0	0	0	680	484	
1	0	0	0	0	683	501	
2	0	0	0	0	685	492	
3	0	0	0	0	680	491	
4	0	0	0	0	659	496	
5	0	0	0	0	623	506	
6	0	0	0	0	585	498	
7	0	0	0	0	555	526	
8	0	0	0	0	527	532	
9	0	0	0	0	500	526	
10	0	0	0	0	476	521	
11	0	0	0	0	467	540	
12	0	0	0	0	470	537	
13	0	0	0	0	483	530	
14	0	0	0	0	505	479	
15	0	0	0	0	526	458	
0	0	0	0	0	545	446	
1	0	0	0	0	563	382	
2	0	0	0	0	579	370	
3	0	0	0	0	593	384	
4	0	0	0	0	607	395	
5	0	0	0	0	623	387	
6	0	0	0	0	636	382	
7	0	0	0	0	647	419	
8	0	0	0	0	650	434	
9	0	0	0	0	649	455	
10	0	0	0	0	646	470	
11	0	0	0	0	642	492	
12	0	0	0	0	636	514	
13	0	0	0	0	631	519	
14	0	0	0	0	628	545	
15	0	0	0	0	627	558	
0	0	0	0	0	624	545	
1	0	0	0	0	627	547	
2	0	0	0	0	643	527	
3	0	0	0	0	663	458	
4	0	0	0	0	673	414	
5	0	0	0	0	675	389	
6	0	0	0	0	668	439	
7	0	0	0	0	650	443	
8	0	0	0	0	626	426	
9	0	0	0	0	604	423	
10	0	0	0	0	586	393	
11	0	0	0	0	570	392	
12	0	0	0	0	559	409	
13	0	0	0	0	551	435	
14	0	0	0	0	547	460	
15	0	0	0	0	545	478	
0	0	0	0	0	540	495	
1	0	0	0	0	540	509	
2	0	0	0	0	549	502	
3	0	0	0	0	560	511	
4	0	0	0	0	568	527	
5	0	0	0	0	562	537	
6	0	0	0	0	542	522	
7	0	0	0	0	513	507	
8	0	0	0	0	480	492	
9	0	0	0	0	449	504	
10	0	0	0	0	432	484	
11	0	0	0	0	439	502	
12	0	0	0	0	460	491	
13	0	0	0	0	487	528	
14	0	0	0	0	516	574	
15	0	0	0	0	541	588	
0	0	0	0	0	563	591	
1	0	0	0	0	583	577	
2	0	0	0	0	604	534	
3	0	0	0	0	612	522	
4	0	0	0	0	612	509	
5	0	0	0	0	604	505	
6	0	0	0	0	598	511	
7	0	0	0	0	586	540	
8	0	0	0	0	568	551	
9	0	0	0	0	551	560	
10	0	0	0	0	536	568	
11	0	0	0	0	526	586	
12	0	0	0	0	516	593	
13	0	0	0	0	504	595	
14	0	0	0	0	493	595	
15	0	0	0	0	481	597	
0	0	0	0	0	462	598	
1	0	0	0	0	448	613	
2	0	0	0	0	446	632	
3	0	0	0	0	457	655	
4	0	0	0	0	483	643	
5	0	0	0	0	508	620	
6	0	0	0	0	528	593	
7	0	0	0	0	546	591	
8	0	0	0	0	561	548	
9	0	0	0	0	573	526	
10	0	0	0	0	583	491	
11	0	0	0	0	591	515	
12	0	0	0	0	595	514	
13	0	0	0	0	599	488	
14	0	0	0	0	600	459	
15	0	0	0	0	600	436	
0	0	0	0	0	598	405	
1	0	0	0	0	596	393	
2	0	0	0	0	591	395	
3	0	0	0	0	587	433	
4	0	0	0	0	583	477	
5	0	0	0	0	578	521	
6	0	0	0	0	572	527	
7	0	0	0	0	567	575	
8	0	0	0	0	563	598	
9	0	0	0	0	560	569	
10	0	0	0	0	560	560	
11	0	0	0	0	558	542	
12	0	0	0	0	549	543	
13	0	0	0	0	536	492	
14	0	0	0	0	523	430	
15	0	0	0	0	517	451	
0	0	0	0	0	517	507	
1	0	0	0	0	522	535	
2	0	0	0	0	528	524	
3	0	0	0	0	530	530	
4	0	0	0	0	527	533	
5	0	0	0	0	519	521	
6	0	0	0	0	516	518	
7	0	0	0	0	516	499	
8	0	0	0	0	514	496	
9	0	0	0	0	508	515	
10	0	0	0	0	503	535	
11	0	0	0	0	499	565	
12	0	0	0	0	487	600	
13	0	0	0	0	474	618	
14	0	0	0	0	463	614	
15	0	0	0	0	456	603	
0	0	0	0	0	446	605	
1	0	0	0	0	441	624	
2	0	0	0	0	444	631	
3	0	0	0	0	445	637	
4	0	0	0	0	443	642	
5	0	0	0	0	443	639	
6	0	0	0	0	447	653	
7	0	0	0	0	456	668	
8	0	0	0	0	470	676	
9	0	0	0	0	489	665	
10	0	0	0	0	510	656	
11	0	0	0	0	525	633	
12	0	0	0	0	538	594	
13	0	0	0	0	550	558	
14	0	0	0	0	559	547	
15	0	0	0	0	568	530	
0	0	0	0	0	573	488	
1	0	0	0	0	574	462	
2	0	0	0	0	567	508	
3	0	0	0	0	561	511	
4	0	0	0	0	564	545	
5	0	0	0	0	573	544	
6	0	0	0	0	583	566	
7	0	0	0	0	594	559	
8	0	0	0	0	613	532	
9	0	0	0	0	636	541	
10	0	0	0	0	659	570	
11	0	0	0	0	672	568	
12	0	0	0	0	673	559	
13	0	0	0	0	666	528	
14	0	0	0	0	652	479	
15	0	0	0	0	637	455	
0	0	0	0	0	624	462	
1	0	0	0	0	614	478	
2	0	0	0	0	604	448	
3	0	0	0	0	591	443	
4	0	0	0	0	579	466	
5	0	0	0	0	570	502	
6	0	0	0	0	561	519	
7	0	0	0	0	557	554	
8	0	0	0	0	557	579	
9	0	0	0	0	554	583	
10	0	0	0	0	550	626	
11	0	0	0	0	546	620	
12	0	0	0	0	537	587	
13	0	0	0	0	532	550	
14	0	0	0	0	533	558	
15	0	0	0	0	537	546	
0	0	0	0	0	543	494	
1	0	0	0	0	550	459	
2	0	0	0	0	549	467	
3	0	0	0	0	541	510	
4	0	0	0	0	530	544	
5	0	0	0	0	519	574	
6	0	0	0	0	509	577	
7	0	0	0	0	505	600	
8	0	0	0	0	504	604	
9	0	0	0	0	509	604	
10	0	0	0	0	514	568	
11	0	0	0	0	522	527	
12	0	0	0	0	534	491	
13	0	0	0	0	544	466	
14	0	0	0	0	545	402	
15	0	0	0	0	539	411	
0	0	0	0	0	524	480	
1	0	0	0	0	507	527	
2	0	0	0	0	491	558	
3	0	0	0	0	473	584	
4	0	0	0	0	463	599	
5	0	0	0	0	455	547	
6	0	0	0	0	455	507	
7	0	0	0	0	456	538	
8	0	0	0	0	457	555	
9	0	0	0	0	459	557	
10	0	0	0	0	460	569	
11	0	0	0	0	462	566	
12	0	0	0	0	468	560	
13	0	0	0	0	477	563	
14	0	0	0	0	486	568	
15	0	0	0	0	492	581	
0	0	0	0	0	494	589	
1	0	0	0	0	492	594	
2	0	0	0	0	488	628	
3	0	0	0	0	483	635	
4	0	0	0	0	477	629	
5	0	0	0	0	469	591	
6	0	0	0	0	472	595	
7	0	0	0	0	480	611	
8	0	0	0	0	483	620	
9	0	0	0	0	481	608	
10	0	0	0	0	478	633	
11	0	0	0	0	476	630	
12	0	0	0	0	472	628	
13	0	0	0	0	467	625	
14	0	0	0	0	465	641	
15	0	0	0	0	465	608	
0	0	0	0	0	476	611	
1	0	0	0	0	492	567	
2	0	0	0	0	508	550	
3	0	0	0	0	523	488	
4	0	0	0	0	531	497	
5	0	0	0	0	531	540	
6	0	0	0	0	525	574	
7	0	0	0	0	524	604	
8	0	0	0	0	528	597	
9	0	0	0	0	532	555	
10	0	0	0	0	539	563	
11	0	0	0	0	552	553	
12	0	0	0	0	567	539	
13	0	0	0	0	575	540	
14	0	0	0	0	576	544	
15	0	0	0	0	575	560	
0	0	0	0	0	568	543	
1	0	0	0	0	561	488	
2	0	0	0	0	553	473	
3	0	0	0	0	545	504	
4	0	0	0	0	540	532	
5	0	0	0	0	537	539	
6	0	0	0	0	541	542	
7	0	0	0	0	550	561	
8	0	0	0	0	563	579	
9	0	0	0	0	573	583	
10	0	0	0	0	574	598	
11	0	0	0	0	563	595	
12	0	0	0	0	542	547	
13	0	0	0	0	519	524	
14	0	0	0	0	502	522	
15	0	0	0	0	491	513	
0	0	0	0	0	483	510	
1	0	0	0	0	475	503	
2	0	0	0	0	466	512	
3	0	0	0	0	467	526	
4	0	0	0	0	475	529	
5	0	0	0	0	481	554	
6	0	0	0	0	480	567	
7	0	0	0	0	475	547	
8	0	0	0	0	473	556	
9	0	0	0	0	469	532	
10	0	0	0	0	461	497	
11	0	0	0	0	458	467	
12	0	0	0	0	472	440	
13	0	0	0	0	502	448	
14	0	0	0	0	539	494	
15	0	0	0	0	569	536	
0	0	0	0	0	582	569	
1	0	0	0	0	584	590	
2	0	0	0	0	581	608	
3	0	0	0	0	566	591	
4	0	0	0	0	548	580	
5	0	0	0	0	529	541	
6	0	0	0	0	513	520	
7	0	0	0	0	502	502	
8	0	0	0	0	488	519	
9	0	0	0	0	475	548	
10	0	0	0	0	464	578	
11	0	0	0	0	457	610	
12	0	0	0	0	451	595	
13	0	0	0	0	440	565	
14	0	0	0	0	435	548	
15	0	0	0	0	438	541	
0	0	0	0	0	444	525	
1	0	0	0	0	462	516	
2	0	0	0	0	486	495	
3	0	0	0	0	513	448	
4	0	0	0	0	544	487	
5	0	0	0	0	574	503	
6	0	0	0	0	608	494	
7	0	0	0	0	637	438	
8	0	0	0	0	653	391	
9	0	0	0	0	656	372	
10	0	0	0	0	652	407	
11	0	0	0	0	640	435	
12	0	0	0	0	617	451	
13	0	0	0	0	585	484	
14	0	0	0	0	555	482	
15	0	0	0	0	534	464	
0	0	0	0	0	517	494	
1	0	0	0	0	511	527	
2	0	0	0	0	510	514	
3	0	0	0	0	507	520	
4	0	0	0	0	503	550	
5	0	0	0	0	499	541	
6	0	0	0	0	496	504	
7	0	0	0	0	499	473	
8	0	0	0	0	506	504	
9	0	0	0	0	515	510	
10	0	0	0	0	525	492	
11	0	0	0	0	539	470	
12	0	0	0	0	556	514	
13	0	0	0	0	572	545	
14	0	0	0	0	579	577	
15	0	0	0	0	575	604	
0	0	0	0	0	559	578	
1	0	0	0	0	542	558	
2	0	0	0	0	521	563	
3	0	0	0	0	501	574	
4	0	0	0	0	478	582	
5	0	0	0	0	463	574	
6	0	0	0	0	449	571	
7	0	0	0	0	447	571	
8	0	0	0	0	448	585	
9	0	0	0	0	459	573	
10	0	0	0	0	473	577	
11	0	0	0	0	494	564	
12	0	0	0	0	513	557	
13	0	0	0	0	529	533	
14	0	0	0	0	547	528	
15	0	0	0	0	563	546	
0	0	0	0	0	573	553	
1	0	0	0	0	576	543	
2	0	0	0	0	580	521	
3	0	0	0	0	577	507	
4	0	0	0	0	572	504	
5	0	0	0	0	566	520	
6	0	0	0	0	562	550	
7	0	0	0	0	562	556	
8	0	0	0	0	565	539	
9	0	0	0	0	572	527	
10	0	0	0	0	582	517	
11	0	0	0	0	589	510	
12	0	0	0	0	593	509	
13	0	0	0	0	601	521	
14	0	0	0	0	611	540	
15	0	0	0	0	623	555	
0	0	0	0	0	632	590	
1	0	0	0	0	628	614	
2	0	0	0	0	612	628	
3	0	0	0	0	581	625	
4	0	0	0	0	536	649	
5	0	0	0	0	489	620	
6	0	0	0	0	443	615	
7	0	0	0	0	399	620	
8	0	0	0	0	365	651	
9	0	0	0	0	345	699	
10	0	0	0	0	342	728	
11	0	0	0	0	352	739	
12	0	0	0	0	376	733	
13	0	0	0	0	415	733	
14	0	0	0	0	468	691	
15	0	0	0	0	529	643	
0	0	0	0	0	583	584	
1	0	0	0	0	625	545	
2	0	0	0	0	647	471	
3	0	0	0	0	654	398	
4	0	0	0	0	650	382	
5	0	0	0	0	641	374	
6	0	0	0	0	626	373	
7	0	0	0	0	600	411	
8	0	0	0	0	572	455	
9	0	0	0	0	544	510	
10	0	0	0	0	526	541	
11	0	0	0	0	513	557	
12	0	0	0	0	512	513	
13	0	0	0	0	519	491	
14	0	0	0	0	530	502	
15	0	0	0	0	543	487	
0	0	0	0	0	551	513	
1	0	0	0	0	550	500	
2	0	0	0	0	542	506	
3	0	0	0	0	530	507	
4	0	0	0	0	530	512	
5	0	0	0	0	547	548	
6	0	0	0	0	571	558	
7	0	0	0	0	588	583	
8	0	0	0	0	584	556	
9	0	0	0	0	572	500	
10	0	0	0	0	560	447	
11	0	0	0	0	549	434	
12	0	0	0	0	543	417	
13	0	0	0	0	538	427	
14	0	0	0	0	531	470	
15	0	0	0	0	526	472	
0	0	0	0	0	519	455	
1	0	0	0	0	511	454	
2	0	0	0	0	503	483	
3	0	0	0	0	498	529	
4	0	0	0	0	494	571	
5	0	0	0	0	487	599	
6	0	0	0	0	471	597	
7	0	0	0	0	452	570	
8	0	0	0	0	446	593	
9	0	0	0	0	448	585	
10	0	0	0	0	459	615	
11	0	0	0	0	469	620	
12	0	0	0	0	478	626	
13	0	0	0	0	482	643	
14	0	0	0	0	479	642	
15	0	0	0	0	474	611	
0	0	0	0	0	472	595	
1	0	0	0	0	473	590	
2	0	0	0	0	480	552	
3	0	0	0	0	494	543	
4	0	0	0	0	518	553	
5	0	0	0	0	547	572	
6	0	0	0	0	571	587	
7	0	0	0	0	592	543	
8	0	0	0	0	620	516	
9	0	0	0	0	641	531	
10	0	0	0	0	657	536	
11	0	0	0	0	671	566	
12	0	0	0	0	679	588	
13	0	0	0	0	688	569	
14	0	0	0	0	684	512	
15	0	0	0	0	665	460	
0	0	0	0	0	639	441	
1	0	0	0	0	617	458	
2	0	0	0	0	600	504	
3	0	0	0	0	584	519	
4	0	0	0	0	561	511	
5	0	0	0	0	540	471	
6	0	0	0	0	525	455	
7	0	0	0	0	522	430	
8	0	0	0	0	528	425	
9	0	0	0	0	539	448	
10	0	0	0	0	557	506	
11	0	0	0	0	562	544	
12	0	0	0	0	556	553	
13	0	0	0	0	544	551	
14	0	0	0	0	525	539	
15	0	0	0	0	499	511	
0	0	0	0	0	474	545	
1	0	0	0	0	450	572	
2	0	0	0	0	435	598	
3	0	0	0	0	422	632	
4	0	0	0	0	410	639	
5	0	0	0	0	408	640	
6	0	0	0	0	407	630	
7	0	0	0	0	400	615	
8	0	0	0	0	397	622	
9	0	0	0	0	392	652	
10	0	0	0	0	390	691	
11	0	0	0	0	397	696	
12	0	0	0	0	410	671	
13	0	0	0	0	435	600	
14	0	0	0	0	466	595	
15	0	0	0	0	496	609	
0	0	0	0	0	517	586	
1	0	0	0	0	532	553	
2	0	0	0	0	545	543	
3	0	0	0	0	561	547	
4	0	0	0	0	572	560	
5	0	0	0	0	580	579	
6	0	0	0	0	586	611	
7	0	0	0	0	590	564	
8	0	0	0	0	594	511	
9	0	0	0	0	594	451	
10	0	0	0	0	595	399	
11	0	0	0	0	591	405	
12	0	0	0	0	578	390	
13	0	0	0	0	568	396	
14	0	0	0	0	562	403	
15	0	0	0	0	551	442	
0	0	0	0	0	539	477	
1	0	0	0	0	528	534	
2	0	0	0	0	518	568	
3	0	0	0	0	502	593	
4	0	0	0	0	483	610	
5	0	0	0	0	469	595	
6	0	0	0	0	457	605	
7	0	0	0	0	450	578	
8	0	0	0	0	445	558	
9	0	0	0	0	445	523	
10	0	0	0	0	457	502	
11	0	0	0	0	472	518	
12	0	0	0	0	487	525	
13	0	0	0	0	499	536	
14	0	0	0	0	508	527	
15	0	0	0	0	509	496	
0	0	0	0	0	504	460	
1	0	0	0	0	500	394	
2	0	0	0	0	499	346	
3	0	0	0	0	496	329	
4	0	0	0	0	491	323	
5	0	0	0	0	483	354	
6	0	0	0	0	478	387	
7	0	0	0	0	474	426	
8	0	0	0	0	468	476	
9	0	0	0	0	463	492	
10	0	0	0	0	460	504	
11	0	0	0	0	457	513	
12	0	0	0	0	446	519	
13	0	0	0	0	432	536	
14	0	0	0	0	410	545	
15	0	0	0	0	379	510	
0	0	0	0	0	355	516	
1	0	0	0	0	347	530	
2	0	0	0	0	351	562	
3	0	0	0	0	363	545	
4	0	0	0	0	383	551	
5	0	0	0	0	403	569	
6	0	0	0	0	423	567	
7	0	0	0	0	440	562	
8	0	0	0	0	463	550	
9	0	0	0	0	491	539	
10	0	0	0	0	518	542	
11	0	0	0	0	538	572	
12	0	0	0	0	543	584	
13	0	0	0	0	539	559	
14	0	0	0	0	527	520	
15	0	0	0	0	515	517	
0	0	0	0	0	498	490	
1	0	0	0	0	483	473	
2	0	0	0	0	472	491	
3	0	0	0	0	470	521	
4	0	0	0	0	467	518	
5	0	0	0	0	469	438	
6	0	0	0	0	487	437	
7	0	0	0	0	523	417	
8	0	0	0	0	572	417	
9	0	0	0	0	625	393	
10	0	0	0	0	668	343	
11	0	0	0	0	693	355	
12	0	0	0	0	697	375	
13	0	0	0	0	673	380	
14	0	0	0	0	632	420	
15	0	0	0	0	577	449	
0	0	0	0	0	514	458	
1	0	0	0	0	453	455	
2	0	0	0	0	404	484	
3	0	0	0	0	371	534	
4	0	0	0	0	353	573	
5	0	0	0	0	347	592	
6	0	0	0	0	355	568	
7	0	0	0	0	376	558	
8	0	0	0	0	399	561	
9	0	0	0	0	425	538	
10	0	0	0	0	454	540	
11	0	0	0	0	480	515	
12	0	0	0	0	502	513	
13	0	0	0	0	521	515	
14	0	0	0	0	536	540	
15	0	0	0	0	544	550	
0	0	0	0	0	548	539	
1	0	0	0	0	549	524	
2	0	0	0	0	547	518	
3	0	0	0	0	543	527	
4	0	0	0	0	542	530	
5	0	0	0	0	540	582	
6	0	0	0	0	542	624	
7	0	0	0	0	543	671	
8	0	0	0	0	542	680	
9	0	0	0	0	539	661	
10	0	0	0	0	537	659	
11	0	0	0	0	538	645	
12	0	0	0	0	539	636	
13	0	0	0	0	537	636	
14	0	0	0	0	539	600	
15	0	0	0	0	536	547	
0	0	0	0	0	519	487	
1	0	0	0	0	489	426	
2	0	0	0	0	453	423	
3	0	0	0	0	420	460	
4	0	0	0	0	396	481	
5	0	0	0	0	377	521	
6	0	0	0	0	364	600	
7	0	0	0	0	362	649	
8	0	0	0	0	370	644	
9	0	0	0	0	379	628	
10	0	0	0	0	389	629	
11	0	0	0	0	407	583	
12	0	0	0	0	430	559	
13	0	0	0	0	445	541	
14	0	0	0	0	458	533	
15	0	0	0	0	467	534	
0	0	0	0	0	474	539	
1	0	0	0	0	480	547	
2	0	0	0	0	491	572	
3	0	0	0	0	503	596	
4	0	0	0	0	512	604	
5	0	0	0	0	524	577	
6	0	0	0	0	531	573	
7	0	0	0	0	530	570	
8	0	0	0	0	529	540	
9	0	0	0	0	525	542	
10	0	0	0	0	518	503	
11	0	0	0	0	512	497	
12	0	0	0	0	506	464	
13	0	0	0	0	498	433	
14	0	0	0	0	495	445	
15	0	0	0	0	503	449	
0	0	0	0	0	515	429	
1	0	0	0	0	532	402	
2	0	0	0	0	551	354	
3	0	0	0	0	563	332	
4	0	0	0	0	571	369	
5	0	0	0	0	574	398	
6	0	0	0	0	578	421	
7	0	0	0	0	574	440	
8	0	0	0	0	561	465	
9	0	0	0	0	545	556	
10	0	0	0	0	532	646	
11	0	0	0	0	528	640	
12	0	0	0	0	527	638	
13	0	0	0	0	527	600	
14	0	0	0	0	525	553	
15	0	0	0	0	528	506	
0	0	0	0	0	532	509	
1	0	0	0	0	536	508	
2	0	0	0	0	539	479	
3	0	0	0	0	537	440	
4	0	0	0	0	526	457	
5	0	0	0	0	504	486	
6	0	0	0	0	487	525	
7	0	0	0	0	476	535	
8	0	0	0	0	470	548	
9	0	0	0	0	463	562	
10	0	0	0	0	454	606	
11	0	0	0	0	444	591	
12	0	0	0	0	440	588	
13	0	0	0	0	442	579	
14	0	0	0	0	448	577	
15	0	0	0	0	456	562	
0	0	0	0	0	460	553	
1	0	0	0	0	454	519	
2	0	0	0	0	441	501	
3	0	0	0	0	425	492	
4	0	0	0	0	412	486	
5	0	0	0	0	405	471	
6	0	0	0	0	398	476	
7	0	0	0	0	392	540	
8	0	0	0	0	388	571	
9	0	0	0	0	387	591	
10	0	0	0	0	392	627	
11	0	0	0	0	401	657	
12	0	0	0	0	419	648	
13	0	0	0	0	442	666	
14	0	0	0	0	465	664	
15	0	0	0	0	486	647	
0	0	0	0	0	494	629	
1	0	0	0	0	495	602	
2	0	0	0	0	492	587	
3	0	0	0	0	489	560	
4	0	0	0	0	490	508	
5	0	0	0	0	491	478	
6	0	0	0	0	495	506	
7	0	0	0	0	499	508	
8	0	0	0	0	504	487	
9	0	0	0	0	508	441	
10	0	0	0	0	514	397	
11	0	0	0	0	521	389	
12	0	0	0	0	531	398	
13	0	0	0	0	542	416	
14	0	0	0	0	547	423	
15	0	0	0	0	555	430	
0	0	0	0	0	564	454	
1	0	0	0	0	568	471	
2	0	0	0	0	568	492	
3	0	0	0	0	562	505	
4	0	0	0	0	551	545	
5	0	0	0	0	534	564	
6	0	0	0	0	512	576	
7	0	0	0	0	487	586	
8	0	0	0	0	461	611	
9	0	0	0	0	440	577	
10	0	0	0	0	429	551	
11	0	0	0	0	426	503	
12	0	0	0	0	428	482	
13	0	0	0	0	431	479	
14	0	0	0	0	438	462	
15	0	0	0	0	450	461	
0	0	0	0	0	459	467	
1	0	0	0	0	462	486	
2	0	0	0	0	448	489	
3	0	0	0	0	429	507	
4	0	0	0	0	417	516	
5	0	0	0	0	420	536	
6	0	0	0	0	432	549	
7	0	0	0	0	444	516	
8	0	0	0	0	455	474	
9	0	0	0	0	472	468	
10	0	0	0	0	493	468	
11	0	0	0	0	513	472	
12	0	0	0	0	530	423	
13	0	0	0	0	547	408	
14	0	0	0	0	567	399	
15	0	0	0	0	582	409	
0	0	0	0	0	596	422	
1	0	0	0	0	608	415	
2	0	0	0	0	615	428	
3	0	0	0	0	614	456	
4	0	0	0	0	606	473	
5	0	0	0	0	586	492	
6	0	0	0	0	570	499	
7	0	0	0	0	559	484	
8	0	0	0	0	551	479	
9	0	0	0	0	542	505	
10	0	0	0	0	526	519	
11	0	0	0	0	514	498	
12	0	0	0	0	508	494	
13	0	0	0	0	507	464	
14	0	0	0	0	507	460	
15	0	0	0	0	509	476	
0	0	0	0	0	515	495	
1	0	0	0	0	523	536	
2	0	0	0	0	534	576	
3	0	0	0	0	544	572	
4	0	0	0	0	549	537	
5	0	0	0	0	556	512	
6	0	0	0	0	571	480	
7	0	0	0	0	597	437	
8	0	0	0	0	622	392	
9	0	0	0	0	644	372	
10	0	0	0	0	656	334	
11	0	0	0	0	649	345	
12	0	0	0	0	618	345	
13	0	0	0	0	566	375	
14	0	0	0	0	499	420	
15	0	0	0	0	436	456	
0	0	0	0	0	393	493	
1	0	0	0	0	372	550	
2	0	0	0	0	368	572	
3	0	0	0	0	373	556	
4	0	0	0	0	376	571	
5	0	0	0	0	370	573	
6	0	0	0	0	358	575	
7	0	0	0	0	346	605	
8	0	0	0	0	340	616	
9	0	0	0	0	344	624	
10	0	0	0	0	366	631	
11	0	0	0	0	403	610	
12	0	0	0	0	457	566	
13	0	0	0	0	513	518	
14	0	0	0	0	570	485	
15	0	0	0	0	629	446	
0	0	0	0	0	685	415	
1	0	0	0	0	731	384	
2	0	0	0	0	764	345	
3	0	0	0	0	787	332	
4	0	0	0	0	799	376	
5	0	0	0	0	811	415	
6	0	0	0	0	819	455	
7	0	0	0	0	822	469	
8	0	0	0	0	816	491	
9	0	0	0	0	801	494	
10	0	0	0	0	776	459	
11	0	0	0	0	740	436	
12	0	0	0	0	700	415	
13	0	0	0	0	655	448	
14	0	0	0	0	609	472	
15	0	0	0	0	566	454	
0	0	0	0	0	529	449	
1	0	0	0	0	503	470	
2	0	0	0	0	492	452	
3	0	0	0	0	495	473	
4	0	0	0	0	503	475	
5	0	0	0	0	510	455	
6	0	0	0	0	511	467	
7	0	0	0	0	507	471	
8	0	0	0	0	502	472	
9	0	0	0	0	498	487	
10	0	0	0	0	500	527	
11	0	0	0	0	505	575	
12	0	0	0	0	510	617	
13	0	0	0	0	516	600	
14	0	0	0	0	524	576	
15	0	0	0	0	532	556	
0	0	0	0	0	540	504	
1	0	0	0	0	546	500	
2	0	0	0	0	553	524	
3	0	0	0	0	573	528	
4	0	0	0	0	593	543	
5	0	0	0	0	604	548	
6	0	0	0	0	601	562	
7	0	0	0	0	591	569	
8	0	0	0	0	581	543	
9	0	0	0	0	573	520	
10	0	0	0	0	566	493	
11	0	0	0	0	558	487	
12	0	0	0	0	550	481	
13	0	0	0	0	542	463	
14	0	0	0	0	540	476	
15	0	0	0	0	545	477	
0	0	0	0	0	548	484	
1	0	0	0	0	556	467	
2	0	0	0	0	563	458	
3	0	0	0	0	561	449	
4	0	0	0	0	560	474	
5	0	0	0	0	566	478	
6	0	0	0	0	572	476	
7	0	0	0	0	575	494	
8	0	0	0	0	575	455	
9	0	0	0	0	572	461	
10	0	0	0	0	564	456	
11	0	0	0	0	552	473	
12	0	0	0	0	545	503	
13	0	0	0	0	540	524	
14	0	0	0	0	532	570	
15	0	0	0	0	531	598	
0	0	0	0	0	534	601	
1	0	0	0	0	535	583	
2	0	0	0	0	533	564	
3	0	0	0	0	521	538	
4	0	0	0	0	505	541	
5	0	0	0	0	483	528	
6	0	0	0	0	460	449	
7	0	0	0	0	438	458	
8	0	0	0	0	421	516	
9	0	0	0	0	413	565	
10	0	0	0	0	411	611	
11	0	0	0	0	415	638	
12	0	0	0	0	422	647	
13	0	0	0	0	432	670	
14	0	0	0	0	439	672	
15	0	0	0	0	443	670	
0	0	0	0	0	450	627	
1	0	0	0	0	463	599	
2	0	0	0	0	480	569	
3	0	0	0	0	489	580	
4	0	0	0	0	494	574	
5	0	0	0	0	499	568	
6	0	0	0	0	505	538	
7	0	0	0	0	509	540	
8	0	0	0	0	502	549	
9	0	0	0	0	483	538	
10	0	0	0	0	463	572	
11	0	0	0	0	448	586	
12	0	0	0	0	443	574	
13	0	0	0	0	435	566	
14	0	0	0	0	420	554	
15	0	0	0	0	411	567	
0	0	0	0	0	405	588	
1	0	0	0	0	405	583	
2	0	0	0	0	405	594	
3	0	0	0	0	403	564	
4	0	0	0	0	403	550	
5	0	0	0	0	410	530	
6	0	0	0	0	430	499	
7	0	0	0	0	458	481	
8	0	0	0	0	487	488	
9	0	0	0	0	510	516	
10	0	0	0	0	524	548	
11	0	0	0	0	532	580	
12	0	0	0	0	540	597	
13	0	0	0	0	554	615	
14	0	0	0	0	571	606	
15	0	0	0	0	584	596	
0	0	0	0	0	595	588	
1	0	0	0	0	598	565	
2	0	0	0	0	591	510	
3	0	0	0	0	581	482	
4	0	0	0	0	574	473	
5	0	0	0	0	567	466	
6	0	0	0	0	557	455	
7	0	0	0	0	548	459	
8	0	0	0	0	554	488	
9	0	0	0	0	569	508	
10	0	0	0	0	591	530	
11	0	0	0	0	611	524	
12	0	0	0	0	621	485	
13	0	0	0	0	624	450	
14	0	0	0	0	627	469	
15	0	0	0	0	626	476	
0	0	0	0	0	615	479	
1	0	0	0	0	587	473	
2	0	0	0	0	549	464	
3	0	0	0	0	506	462	
4	0	0	0	0	467	517	
5	0	0	0	0	430	576	
6	0	0	0	0	391	584	
7	0	0	0	0	367	583	
8	0	0	0	0	352	615	
9	0	0	0	0	343	655	
10	0	0	0	0	332	702	
11	0	0	0	0	320	704	
12	0	0	0	0	308	699	
13	0	0	0	0	291	707	
14	0	0	0	0	280	704	
15	0	0	0	0	279	685	
0	0	0	0	0	293	655	
1	0	0	0	0	326	619	
2	0	0	0	0	377	595	
3	0	0	0	0	435	574	
4	0	0	0	0	492	563	
5	0	0	0	0	541	513	
6	0	0	0	0	583	501	
7	0	0	0	0	616	468	
8	0	0	0	0	638	479	
9	0	0	0	0	648	479	
10	0	0	0	0	647	495	
11	0	0	0	0	625	450	
12	0	0	0	0	588	379	
13	0	0	0	0	540	354	
14	0	0	0	0	491	366	
15	0	0	0	0	450	414	
0	0	0	0	0	419	466	
1	0	0	0	0	399	512	
2	0	0	0	0	392	525	
3	0	0	0	0	401	525	
4	0	0	0	0	424	507	
5	0	0	0	0	454	498	
6	0	0	0	0	497	437	
7	0	0	0	0	542	422	
8	0	0	0	0	580	393	
9	0	0	0	0	608	421	
10	0	0	0	0	623	417	
11	0	0	0	0	627	449	
12	0	0	0	0	618	419	
13	0	0	0	0	604	366	
14	0	0	0	0	590	356	
15	0	0	0	0	576	343	
0	0	0	0	0	558	364	
1	0	0	0	0	534	359	
2	0	0	0	0	497	379	
3	0	0	0	0	454	370	
4	0	0	0	0	414	407	
5	0	0	0	0	381	401	
6	0	0	0	0	361	442	
7	0	0	0	0	351	494	
8	0	0	0	0	353	488	
9	0	0	0	0	359	463	
10	0	0	0	0	370	495	
11	0	0	0	0	380	476	
12	0	0	0	0	387	463	
13	0	0	0	0	397	476	
14	0	0	0	0	411	465	
15	0	0	0	0	424	475	
0	0	0	0	0	433	480	
1	0	0	0	0	441	503	
2	0	0	0	0	451	533	
3	0	0	0	0	460	497	
4	0	0	0	0	472	497	
5	0	0	0	0	483	499	
6	0	0	0	0	489	499	
7	0	0	0	0	490	511	
8	0	0	0	0	488	546	
9	0	0	0	0	492	528	
10	0	0	0	0	504	506	
11	0	0	0	0	517	508	
12	0	0	0	0	532	552	
13	0	0	0	0	549	567	
14	0	0	0	0	568	572	
15	0	0	0	0	587	571	
0	0	0	0	0	604	551	
1	0	0	0	0	615	535	
2	0	0	0	0	611	515	
3	0	0	0	0	592	513	
4	0	0	0	0	567	543	
5	0	0	0	0	544	572	
6	0	0	0	0	528	606	
7	0	0	0	0	520	604	
8	0	0	0	0	517	594	
9	0	0	0	0	524	599	
10	0	0	0	0	544	635	
11	0	0	0	0	582	612	
12	0	0	0	0	628	569	
13	0	0	0	0	664	571	
14	0	0	0	0	683	553	
15	0	0	0	0	681	508	
0	0	0	0	0	663	497	
1	0	0	0	0	630	492	
2	0	0	0	0	586	528	
3	0	0	0	0	535	563	
4	0	0	0	0	485	589	
5	0	0	0	0	430	563	
6	0	0	0	0	374	537	
7	0	0	0	0	327	515	
8	0	0	0	0	286	520	
9	0	0	0	0	257	592	
10	0	0	0	0	246	632	
11	0	0	0	0	242	645	
12	0	0	0	0	252	675	
13	0	0	0	0	270	700	
14	0	0	0	0	297	706	
15	0	0	0	0	326	636	
0	0	0	0	0	353	596	
1	0	0	0	0	376	561	
2	0	0	0	0	403	512	
3	0	0	0	0	433	464	
4	0	0	0	0	462	426	
5	0	0	0	0	485	416	
6	0	0	0	0	502	377	
7	0	0	0	0	510	354	
8	0	0	0	0	513	415	
9	0	0	0	0	509	450	
10	0	0	0	0	505	449	
11	0	0	0	0	497	444	
12	0	0	0	0	494	468	
13	0	0	0	0	500	469	
14	0	0	0	0	517	419	
15	0	0	0	0	527	412	
0	0	0	0	0	527	437	
1	0	0	0	0	524	475	
2	0	0	0	0	520	496	
3	0	0	0	0	519	522	
4	0	0	0	0	508	564	
5	0	0	0	0	481	569	
6	0	0	0	0	447	564	
7	0	0	0	0	411	567	
8	0	0	0	0	384	531	
9	0	0	0	0	370	519	
10	0	0	0	0	359	511	
11	0	0	0	0	358	527	
12	0	0	0	0	367	568	
13	0	0	0	0	390	589	
14	0	0	0	0	424	605	
15	0	0	0	0	460	594	
0	0	0	0	0	496	589	
1	0	0	0	0	527	560	
2	0	0	0	0	562	551	
3	0	0	0	0	613	534	
4	0	0	0	0	676	539	
5	0	0	0	0	732	539	
6	0	0	0	0	768	550	
7	0	0	0	0	777	511	
8	0	0	0	0	768	483	
9	0	0	0	0	736	451	
10	0	0	0	0	690	461	
11	0	0	0	0	636	472	
12	0	0	0	0	577	445	
13	0	0	0	0	521	435	
14	0	0	0	0	478	432	
15	0	0	0	0	448	448	
0	0	0	0	0	428	481	
1	0	0	0	0	414	508	
2	0	0	0	0	409	544	
3	0	0	0	0	413	531	
4	0	0	0	0	425	479	
5	0	0	0	0	440	473	
6	0	0	0	0	458	500	
7	0	0	0	0	480	521	
8	0	0	0	0	502	567	
9	0	0	0	0	518	567	
10	0	0	0	0	526	563	
11	0	0	0	0	526	563	
12	0	0	0	0	527	560	
13	0	0	0	0	528	567	
14	0	0	0	0	526	614	
15	0	0	0	0	524	636	
0	0	0	0	0	529	659	
1	0	0	0	0	532	611	
2	0	0	0	0	531	548	
3	0	0	0	0	538	508	
4	0	0	0	0	553	529	
5	0	0	0	0	573	529	
6	0	0	0	0	591	526	
7	0	0	0	0	604	551	
8	0	0	0	0	609	594	
9	0	0	0	0	607	585	
10	0	0	0	0	599	572	
11	0	0	0	0	581	534	
12	0	0	0	0	560	536	
13	0	0	0	0	543	522	
14	0	0	0	0	530	524	
15	0	0	0	0	522	504	
0	0	0	0	0	521	483	
1	0	0	0	0	529	496	
2	0	0	0	0	539	533	
3	0	0	0	0	543	546	
4	0	0	0	0	548	572	
5	0	0	0	0	550	558	
6	0	0	0	0	551	508	
7	0	0	0	0	549	490	
8	0	0	0	0	549	502	
9	0	0	0	0	550	562	
10	0	0	0	0	547	578	
11	0	0	0	0	550	550	
12	0	0	0	0	556	521	
13	0	0	0	0	562	483	
14	0	0	0	0	566	459	
15	0	0	0	0	559	413	
0	0	0	0	0	544	409	
1	0	0	0	0	531	430	
2	0	0	0	0	517	444	
3	0	0	0	0	510	463	
4	0	0	0	0	516	489	
5	0	0	0	0	529	530	
6	0	0	0	0	535	543	
7	0	0	0	0	529	535	
8	0	0	0	0	515	535	
9	0	0	0	0	497	574	
10	0	0	0	0	479	568	
11	0	0	0	0	460	573	
12	0	0	0	0	440	563	
13	0	0	0	0	425	552	
14	0	0	0	0	415	558	
15	0	0	0	0	411	564	
0	0	0	0	0	414	585	
1	0	0	0	0	425	601	
2	0	0	0	0	439	528	
3	0	0	0	0	450	472	
4	0	0	0	0	464	439	
5	0	0	0	0	486	443	
6	0	0	0	0	507	459	
7	0	0	0	0	524	505	
8	0	0	0	0	538	484	
9	0	0	0	0	550	459	
10	0	0	0	0	561	424	
11	0	0	0	0	574	371	
12	0	0	0	0	591	377	
13	0	0	0	0	601	401	
14	0	0	0	0	598	404	
15	0	0	0	0	591	431	
0	0	0	0	0	578	446	
1	0	0	0	0	556	418	
2	0	0	0	0	526	401	
3	0	0	0	0	498	415	
4	0	0	0	0	471	411	
5	0	0	0	0	443	435	
6	0	0	0	0	423	470	
7	0	0	0	0	413	465	
8	0	0	0	0	406	493	
9	0	0	0	0	403	527	
10	0	0	0	0	403	542	
11	0	0	0	0	407	579	
12	0	0	0	0	411	595	
13	0	0	0	0	418	555	
14	0	0	0	0	430	547	
15	0	0	0	0	447	573	
0	0	0	0	0	473	578	
1	0	0	0	0	497	590	
2	0	0	0	0	522	581	
3	0	0	0	0	536	571	
4	0	0	0	0	532	561	
5	0	0	0	0	512	601	
6	0	0	0	0	483	641	
7	0	0	0	0	451	641	
8	0	0	0	0	423	639	
9	0	0	0	0	400	618	
10	0	0	0	0	400	581	
11	0	0	0	0	410	584	
12	0	0	0	0	415	588	
13	0	0	0	0	414	608	
14	0	0	0	0	410	641	
15	0	0	0	0	406	655	
0	0	0	0	0	400	659	
1	0	0	0	0	395	640	
2	0	0	0	0	397	667	
3	0	0	0	0	403	632	
4	0	0	0	0	417	629	
5	0	0	0	0	434	637	
6	0	0	0	0	454	609	
7	0	0	0	0	477	604	
8	0	0	0	0	494	591	
9	0	0	0	0	505	557	
10	0	0	0	0	505	537	
11	0	0	0	0	497	520	
12	0	0	0	0	481	531	
13	0	0	0	0	461	553	
14	0	0	0	0	445	566	
15	0	0	0	0	436	612	
0	0	0	0	0	432	621	
1	0	0	0	0	437	593	
2	0	0	0	0	443	571	
3	0	0	0	0	443	575	
4	0	0	0	0	439	584	
5	0	0	0	0	439	565	
6	0	0	0	0	443	555	
7	0	0	0	0	445	563	
8	0	0	0	0	451	556	
9	0	0	0	0	469	519	
10	0	0	0	0	492	524	
11	0	0	0	0	512	526	
12	0	0	0	0	526	504	
13	0	0	0	0	542	482	
14	0	0	0	0	554	478	
15	0	0	0	0	563	479	
0	0	0	0	0	575	468	
1	0	0	0	0	589	469	
2	0	0	0	0	597	439	
3	0	0	0	0	595	432	
4	0	0	0	0	578	446	
5	0	0	0	0	545	487	
6	0	0	0	0	504	519	
7	0	0	0	0	466	532	
8	0	0	0	0	431	532	
9	0	0	0	0	401	538	
10	0	0	0	0	383	525	
11	0	0	0	0	376	507	
12	0	0	0	0	378	474	
13	0	0	0	0	390	483	
14	0	0	0	0	410	491	
15	0	0	0	0	435	499	
0	0	0	0	0	461	503	
1	0	0	0	0	484	503	
2	0	0	0	0	503	496	
3	0	0	0	0	513	459	
4	0	0	0	0	518	402	
5	0	0	0	0	514	373	
6	0	0	0	0	513	375	
7	0	0	0	0	521	377	
8	0	0	0	0	539	396	
9	0	0	0	0	559	404	
10	0	0	0	0	572	434	
11	0	0	0	0	579	472	
12	0	0	0	0	573	487	
13	0	0	0	0	559	492	
14	0	0	0	0	538	480	
15	0	0	0	0	519	483	
0	0	0	0	0	505	471	
1	0	0	0	0	494	450	
2	0	0	0	0	485	435	
3	0	0	0	0	479	467	
4	0	0	0	0	477	521	
5	0	0	0	0	474	581	
6	0	0	0	0	471	598	
7	0	0	0	0	476	587	
8	0	0	0	0	492	566	
9	0	0	0	0	506	519	
10	0	0	0	0	515	507	
11	0	0	0	0	515	494	
12	0	0	0	0	508	503	
13	0	0	0	0	503	527	
14	0	0	0	0	493	551	
15	0	0	0	0	477	556	
0	0	0	0	0	456	580	
1	0	0	0	0	435	575	
2	0	0	0	0	422	543	
3	0	0	0	0	413	515	
4	0	0	0	0	406	500	
5	0	0	0	0	398	469	
6	0	0	0	0	392	443	
7	0	0	0	0	391	471	
8	0	0	0	0	387	519	
9	0	0	0	0	379	558	
10	0	0	0	0	364	587	
11	0	0	0	0	349	609	
12	0	0	0	0	337	605	
13	0	0	0	0	324	639	
14	0	0	0	0	309	677	
15	0	0	0	0	302	695	
0	0	0	0	0	307	690	
1	0	0	0	0	317	666	
2	0	0	0	0	335	624	
3	0	0	0	0	372	575	
4	0	0	0	0	419	557	
5	0	0	0	0	466	535	
6	0	0	0	0	507	481	
7	0	0	0	0	542	441	
8	0	0	0	0	571	430	
9	0	0	0	0	587	404	
10	0	0	0	0	589	375	
11	0	0	0	0	583	371	
12	0	0	0	0	568	357	
13	0	0	0	0	546	361	
14	0	0	0	0	521	376	
15	0	0	0	0	499	396	
0	0	0	0	0	487	423	
1	0	0	0	0	480	424	
2	0	0	0	0	478	418	
3	0	0	0	0	470	428	
4	0	0	0	0	461	451	
5	0	0	0	0	455	469	
6	0	0	0	0	445	487	
7	0	0	0	0	433	496	
8	0	0	0	0	417	524	
9	0	0	0	0	398	538	
10	0	0	0	0	390	582	
11	0	0	0	0	395	583	
12	0	0	0	0	409	593	
13	0	0	0	0	435	617	
14	0	0	0	0	472	627	
15	0	0	0	0	511	621	
0	0	0	0	0	553	609	
1	0	0	0	0	589	582	
2	0	0	0	0	606	579	
3	0	0	0	0	606	552	
4	0	0	0	0	599	556	
5	0	0	0	0	590	552	
6	0	0	0	0	581	547	
7	0	0	0	0	575	528	
8	0	0	0	0	564	539	
9	0	0	0	0	544	532	
10	0	0	0	0	511	488	
11	0	0	0	0	476	484	
12	0	0	0	0	436	480	
13	0	0	0	0	392	501	
14	0	0	0	0	353	536	
15	0	0	0	0	328	560	
0	0	0	0	0	316	583	
1	0	0	0	0	311	603	
2	0	0	0	0	318	610	
3	0	0	0	0	339	620	
4	0	0	0	0	369	621	
5	0	0	0	0	406	590	
6	0	0	0	0	440	561	
7	0	0	0	0	465	525	
8	0	0	0	0	480	457	
9	0	0	0	0	483	463	
10	0	0	0	0	478	473	
11	0	0	0	0	471	476	
12	0	0	0	0	466	483	
13	0	0	0	0	470	499	
14	0	0	0	0	478	503	
15	0	0	0	0	486	515	
0	0	0	0	0	494	521	
1	0	0	0	0	501	522	
2	0	0	0	0	510	562	
3	0	0	0	0	526	596	
4	0	0	0	0	551	555	
5	0	0	0	0	574	490	
6	0	0	0	0	596	422	
7	0	0	0	0	618	375	
8	0	0	0	0	625	346	
9	0	0	0	0	622	361	
10	0	0	0	0	615	379	
11	0	0	0	0	603	400	
12	0	0	0	0	583	431	
13	0	0	0	0	559	467	
14	0	0	0	0	530	502	
15	0	0	0	0	500	535	
0	0	0	0	0	479	545	
1	0	0	0	0	464	537	
2	0	0	0	0	451	534	
3	0	0	0	0	436	521	
4	0	0	0	0	419	536	
5	0	0	0	0	405	572	
6	0	0	0	0	391	609	
7	0	0	0	0	382	647	
8	0	0	0	0	384	681	
9	0	0	0	0	397	702	
10	0	0	0	0	418	670	
11	0	0	0	0	445	632	
12	0	0	0	0	472	544	
13	0	0	0	0	495	493	
14	0	0	0	0	509	518	
15	0	0	0	0	515	558	
0	0	0	0	0	520	547	
1	0	0	0	0	524	487	
2	0	0	0	0	531	444	
3	0	0	0	0	536	432	
4	0	0	0	0	542	440	
5	0	0	0	0	544	435	
6	0	0	0	0	538	446	
7	0	0	0	0	535	474	
8	0	0	0	0	531	520	
9	0	0	0	0	526	522	
10	0	0	0	0	515	497	
11	0	0	0	0	508	502	
12	0	0	0	0	500	492	
13	0	0	0	0	489	493	
14	0	0	0	0	476	481	
15	0	0	0	0	468	492	
0	0	0	0	0	470	475	
1	0	0	0	0	475	433	
2	0	0	0	0	483	446	
3	0	0	0	0	503	450	
4	0	0	0	0	536	469	
5	0	0	0	0	567	517	
6	0	0	0	0	585	521	
7	0	0	0	0	587	527	
8	0	0	0	0	573	470	
9	0	0	0	0	549	449	
10	0	0	0	0	523	481	
11	0	0	0	0	502	501	
12	0	0	0	0	484	519	
13	0	0	0	0	476	556	
14	0	0	0	0	466	579	
15	0	0	0	0	450	572	
0	0	0	0	0	436	540	
1	0	0	0	0	427	529	
2	0	0	0	0	426	496	
3	0	0	0	0	431	513	
4	0	0	0	0	440	550	
5	0	0	0	0	449	572	
6	0	0	0	0	460	560	
7	0	0	0	0	473	563	
8	0	0	0	0	490	537	
9	0	0	0	0	505	523	
10	0	0	0	0	516	507	
11	0	0	0	0	526	504	
12	0	0	0	0	534	505	
13	0	0	0	0	538	485	
14	0	0	0	0	537	508	
15	0	0	0	0	531	496	
0	0	0	0	0	526	508	
1	0	0	0	0	523	487	
2	0	0	0	0	532	470	
3	0	0	0	0	544	418	
4	0	0	0	0	556	411	
5	0	0	0	0	569	432	
6	0	0	0	0	578	449	
7	0	0	0	0	586	463	
8	0	0	0	0	601	492	
9	0	0	0	0	615	517	
10	0	0	0	0	626	514	
11	0	0	0	0	635	500	
12	0	0	0	0	637	459	
13	0	0	0	0	622	419	
14	0	0	0	0	595	441	
15	0	0	0	0	572	467	
0	0	0	0	0	556	487	
1	0	0	0	0	540	485	
2	0	0	0	0	526	458	
3	0	0	0	0	518	497	
4	0	0	0	0	519	506	
5	0	0	0	0	523	485	
6	0	0	0	0	526	481	
7	0	0	0	0	530	459	
8	0	0	0	0	538	420	
9	0	0	0	0	547	402	
10	0	0	0	0	569	420	
11	0	0	0	0	594	460	
12	0	0	0	0	606	458	
13	0	0	0	0	603	455	
14	0	0	0	0	593	480	
15	0	0	0	0	573	497	
0	0	0	0	0	556	497	
1	0	0	0	0	546	505	
2	0	0	0	0	538	527	
3	0	0	0	0	535	548	
4	0	0	0	0	530	577	
5	0	0	0	0	516	577	
6	0	0	0	0	504	574	
7	0	0	0	0	493	557	
8	0	0	0	0	475	532	
9	0	0	0	0	451	514	
10	0	0	0	0	428	532	
11	0	0	0	0	416	552	
12	0	0	0	0	414	568	
13	0	0	0	0	420	598	
14	0	0	0	0	438	575	
15	0	0	0	0	473	546	
0	0	0	0	0	512	528	
1	0	0	0	0	543	523	
2	0	0	0	0	563	545	
3	0	0	0	0	571	569	
4	0	0	0	0	579	572	
5	0	0	0	0	581	566	
6	0	0	0	0	575	559	
7	0	0	0	0	563	525	
8	0	0	0	0	547	534	
9	0	0	0	0	527	559	
10	0	0	0	0	514	574	
11	0	0	0	0	509	574	
12	0	0	0	0	508	547	
13	0	0	0	0	510	509	
14	0	0	0	0	515	510	
15	0	0	0	0	528	495	
0	0	0	0	0	543	477	
1	0	0	0	0	553	479	
2	0	0	0	0	560	496	
3	0	0	0	0	561	499	
4	0	0	0	0	555	535	
5	0	0	0	0	546	550	
6	0	0	0	0	539	515	
7	0	0	0	0	534	498	
8	0	0	0	0	536	496	
9	0	0	0	0	538	508	
10	0	0	0	0	543	525	
11	0	0	0	0	551	499	
12	0	0	0	0	559	473	
13	0	0	0	0	563	496	
14	0	0	0	0	563	493	
15	0	0	0	0	559	502	
0	0	0	0	0	555	466	
1	0	0	0	0	547	441	
2	0	0	0	0	548	437	
3	0	0	0	0	560	443	
4	0	0	0	0	579	429	
5	0	0	0	0	601	421	
6	0	0	0	0	620	447	
7	0	0	0	0	629	445	
8	0	0	0	0	627	429	
9	0	0	0	0	629	415	
10	0	0	0	0	625	417	
11	0	0	0	0	612	415	
12	0	0	0	0	596	459	
13	0	0	0	0	582	495	
14	0	0	0	0	572	535	
15	0	0	0	0	568	499	
0	0	0	0	0	559	488	
1	0	0	0	0	547	486	
2	0	0	0	0	534	506	
3	0	0	0	0	517	503	
4	0	0	0	0	500	523	
5	0	0	0	0	486	530	
6	0	0	0	0	476	555	
7	0	0	0	0	474	555	
8	0	0	0	0	476	567	
9	0	0	0	0	480	602	
10	0	0	0	0	492	625	
11	0	0	0	0	512	598	
12	0	0	0	0	531	573	
13	0	0	0	0	549	551	
14	0	0	0	0	568	513	
15	0	0	0	0	587	498	
0	0	0	0	0	599	496	
1	0	0	0	0	604	502	
2	0	0	0	0	603	494	
3	0	0	0	0	597	492	
4	0	0	0	0	589	455	
5	0	0	0	0	582	427	
6	0	0	0	0	574	419	
7	0	0	0	0	560	407	
8	0	0	0	0	544	472	
9	0	0	0	0	530	506	
10	0	0	0	0	519	531	
11	0	0	0	0	508	578	
12	0	0	0	0	503	576	
13	0	0	0	0	503	571	
14	0	0	0	0	506	561	
15	0	0	0	0	509	543	
0	0	0	0	0	512	523	
1	0	0	0	0	519	502	
2	0	0	0	0	525	500	
3	0	0	0	0	531	499	
4	0	0	0	0	539	483	
5	0	0	0	0	545	467	
6	0	0	0	0	552	455	
7	0	0	0	0	561	443	
8	0	0	0	0	575	455	
9	0	0	0	0	591	422	
10	0	0	0	0	603	417	
11	0	0	0	0	596	427	
12	0	0	0	0	569	425	
13	0	0	0	0	535	397	
14	0	0	0	0	513	416	
15	0	0	0	0	504	457	
0	0	0	0	0	506	489	
1	0	0	0	0	508	506	
2	0	0	0	0	509	515	
3	0	0	0	0	505	477	
4	0	0	0	0	494	460	
5	0	0	0	0	478	454	
6	0	0	0	0	463	488	
7	0	0	0	0	460	474	
8	0	0	0	0	464	484	
9	0	0	0	0	479	476	
10	0	0	0	0	499	494	
11	0	0	0	0	519	514	
12	0	0	0	0	523	519	
13	0	0	0	0	509	529	
14	0	0	0	0	489	524	
15	0	0	0	0	466	545	
0	0	0	0	0	439	532	
1	0	0	0	0	412	541	
2	0	0	0	0	389	518	
3	0	0	0	0	376	519	
4	0	0	0	0	373	547	
5	0	0	0	0	381	561	
6	0	0	0	0	393	580	
7	0	0	0	0	411	608	
8	0	0	0	0	429	608	
9	0	0	0	0	446	617	
10	0	0	0	0	457	596	
11	0	0	0	0	457	584	
12	0	0	0	0	440	595	
13	0	0	0	0	422	577	
14	0	0	0	0	402	586	
15	0	0	0	0	384	605	
0	0	0	0	0	372	573	
1	0	0	0	0	366	541	
2	0	0	0	0	356	575	
3	0	0	0	0	348	579	
4	0	0	0	0	344	592	
5	0	0	0	0	348	578	
6	0	0	0	0	361	598	
7	0	0	0	0	380	593	
8	0	0	0	0	403	594	
9	0	0	0	0	432	576	
10	0	0	0	0	466	595	
11	0	0	0	0	502	610	
12	0	0	0	0	530	587	
13	0	0	0	0	547	547	
14	0	0	0	0	552	506	
15	0	0	0	0	548	486	
0	0	0	0	0	535	514	
1	0	0	0	0	516	534	
2	0	0	0	0	506	518	
3	0	0	0	0	503	527	
4	0	0	0	0	500	556	
5	0	0	0	0	495	572	
6	0	0	0	0	489	569	
7	0	0	0	0	485	531	
8	0	0	0	0	482	520	
9	0	0	0	0	479	499	
10	0	0	0	0	471	508	
11	0	0	0	0	458	505	
12	0	0	0	0	446	503	
13	0	0	0	0	442	501	
14	0	0	0	0	446	519	
15	0	0	0	0	453	528	
0	0	0	0	0	464	514	
1	0	0	0	0	470	535	
2	0	0	0	0	477	553	
3	0	0	0	0	480	597	
4	0	0	0	0	478	600	
5	0	0	0	0	470	583	
6	0	0	0	0	462	588	
7	0	0	0	0	452	609	
8	0	0	0	0	441	621	
9	0	0	0	0	434	606	
10	0	0	0	0	432	567	
11	0	0	0	0	438	538	
12	0	0	0	0	448	499	
13	0	0	0	0	459	491	
14	0	0	0	0	475	497	
15	0	0	0	0	493	527	
0	0	0	0	0	510	556	
1	0	0	0	0	527	536	
2	0	0	0	0	538	531	
3	0	0	0	0	543	521	
4	0	0	0	0	539	502	
5	0	0	0	0	527	532	
6	0	0	0	0	519	529	
7	0	0	0	0	523	565	
8	0	0	0	0	529	546	
9	0	0	0	0	532	495	
10	0	0	0	0	526	449	
11	0	0	0	0	508	422	
12	0	0	0	0	486	381	
13	0	0	0	0	472	379	
14	0	0	0	0	465	410	
15	0	0	0	0	462	412	
0	0	0	0	0	457	448	
1	0	0	0	0	445	489	
2	0	0	0	0	425	477	
3	0	0	0	0	396	477	
4	0	0	0	0	363	490	
5	0	0	0	0	333	523	
6	0	0	0	0	317	535	
7	0	0	0	0	309	561	
8	0	0	0	0	312	581	
9	0	0	0	0	327	617	
10	0	0	0	0	344	620	
11	0	0	0	0	363	620	
12	0	0	0	0	384	612	
13	0	0	0	0	409	570	
14	0	0	0	0	438	530	
15	0	0	0	0	462	485	
0	0	0	0	0	485	441	
1	0	0	0	0	504	428	
2	0	0	0	0	506	421	
3	0	0	0	0	493	443	
4	0	0	0	0	471	486	
5	0	0	0	0	446	450	
6	0	0	0	0	418	431	
7	0	0	0	0	392	456	
8	0	0	0	0	371	462	
9	0	0	0	0	355	449	
10	0	0	0	0	348	483	
11	0	0	0	0	356	548	
12	0	0	0	0	370	565	
13	0	0	0	0	386	561	
14	0	0	0	0	399	539	
15	0	0	0	0	408	536	
0	0	0	0	0	419	556	
1	0	0	0	0	435	551	
2	0	0	0	0	462	519	
3	0	0	0	0	502	478	
4	0	0	0	0	540	453	
5	0	0	0	0	568	395	
6	0	0	0	0	585	388	
7	0	0	0	0	592	397	
8	0	0	0	0	591	457	
9	0	0	0	0	583	464	
10	0	0	0	0	570	471	
11	0	0	0	0	552	469	
12	0	0	0	0	531	491	
13	0	0	0	0	503	504	
14	0	0	0	0	475	494	
15	0	0	0	0	455	478	
0	0	0	0	0	444	504	
1	0	0	0	0	438	517	
2	0	0	0	0	435	531	
3	0	0	0	0	438	551	
4	0	0	0	0	444	568	
5	0	0	0	0	451	607	
6	0	0	0	0	454	620	
7	0	0	0	0	454	572	
8	0	0	0	0	457	552	
9	0	0	0	0	470	531	
10	0	0	0	0	487	504	
11	0	0	0	0	503	518	
12	0	0	0	0	521	542	
13	0	0	0	0	531	543	
14	0	0	0	0	538	534	
15	0	0	0	0	536	504	
0	0	0	0	0	531	501	
1	0	0	0	0	527	506	
2	0	0	0	0	521	516	
3	0	0	0	0	508	517	
4	0	0	0	0	498	540	
5	0	0	0	0	491	551	
6	0	0	0	0	489	558	
7	0	0	0	0	489	534	
8	0	0	0	0	488	526	
9	0	0	0	0	485	505	
10	0	0	0	0	487	457	
11	0	0	0	0	482	461	
12	0	0	0	0	472	460	
13	0	0	0	0	457	441	
14	0	0	0	0	439	411	
15	0	0	0	0	416	416	
0	0	0	0	0	395	395	
1	0	0	0	0	385	383	
2	0	0	0	0	391	355	
3	0	0	0	0	410	374	
4	0	0	0	0	436	414	
5	0	0	0	0	455	432	
6	0	0	0	0	458	438	
7	0	0	0	0	443	460	
8	0	0	0	0	415	467	
9	0	0	0	0	391	483	
10	0	0	0	0	376	498	
11	0	0	0	0	374	512	
12	0	0	0	0	380	536	
13	0	0	0	0	395	521	
14	0	0	0	0	411	528	
15	0	0	0	0	428	551	
0	0	0	0	0	438	563	
1	0	0	0	0	456	546	
2	0	0	0	0	475	567	
3	0	0	0	0	495	591	
4	0	0	0	0	513	592	
5	0	0	0	0	523	590	
6	0	0	0	0	526	591	
7	0	0	0	0	541	588	
8	0	0	0	0	566	588	
9	0	0	0	0	591	598	
10	0	0	0	0	611	579	
11	0	0	0	0	625	529	
12	0	0	0	0	633	496	
13	0	0	0	0	632	489	
14	0	0	0	0	619	449	
15	0	0	0	0	598	401	
0	0	0	0	0	573	409	
1	0	0	0	0	545	435	
2	0	0	0	0	520	433	
3	0	0	0	0	492	456	
4	0	0	0	0	464	496	
5	0	0	0	0	443	539	
6	0	0	0	0	423	561	
7	0	0	0	0	409	560	
8	0	0	0	0	410	568	
9	0	0	0	0	425	550	
10	0	0	0	0	443	547	
11	0	0	0	0	454	522	
12	0	0	0	0	464	501	
13	0	0	0	0	474	477	
14	0	0	0	0	483	460	
15	0	0	0	0	493	475	
0	0	0	0	0	510	509	
1	0	0	0	0	528	533	
2	0	0	0	0	551	510	
3	0	0	0	0	572	454	
4	0	0	0	0	584	422	
5	0	0	0	0	583	401	
6	0	0	0	0	569	411	
7	0	0	0	0	548	438	
8	0	0	0	0	527	467	
9	0	0	0	0	511	490	
10	0	0	0	0	500	505	
11	0	0	0	0	486	497	
12	0	0	0	0	466	473	
13	0	0	0	0	444	472	
14	0	0	0	0	426	494	
15	0	0	0	0	415	500	
0	0	0	0	0	411	512	
1	0	0	0	0	416	509	
2	0	0	0	0	421	490	
3	0	0	0	0	423	493	
4	0	0	0	0	411	497	
5	0	0	0	0	396	531	
6	0	0	0	0	382	572	
7	0	0	0	0	370	599	
8	0	0	0	0	365	602	
9	0	0	0	0	365	570	
10	0	0	0	0	374	560	
11	0	0	0	0	389	572	
12	0	0	0	0	410	587	
13	0	0	0	0	429	562	
14	0	0	0	0	444	521	
15	0	0	0	0	459	519	
0	0	0	0	0	476	475	
1	0	0	0	0	496	416	
2	0	0	0	0	517	391	
3	0	0	0	0	543	435	
4	0	0	0	0	572	462	
5	0	0	0	0	597	469	
6	0	0	0	0	613	416	
7	0	0	0	0	613	380	
8	0	0	0	0	600	379	
9	0	0	0	0	585	439	
10	0	0	0	0	569	506	
11	0	0	0	0	561	539	
12	0	0	0	0	568	534	
13	0	0	0	0	581	537	
14	0	0	0	0	593	545	
15	0	0	0	0	600	530	
0	0	0	0	0	597	519	
1	0	0	0	0	589	461	
2	0	0	0	0	576	415	
3	0	0	0	0	564	411	
4	0	0	0	0	550	425	
5	0	0	0	0	537	423	
6	0	0	0	0	526	447	
7	0	0	0	0	513	464	
8	0	0	0	0	492	494	
9	0	0	0	0	467	502	
10	0	0	0	0	450	493	
11	0	0	0	0	449	476	
12	0	0	0	0	467	464	
13	0	0	0	0	499	479	
14	0	0	0	0	539	499	
15	0	0	0	0	578	521	
0	0	0	0	0	611	526	
1	0	0	0	0	631	526	
2	0	0	0	0	640	495	
3	0	0	0	0	640	426	
4	0	0	0	0	635	374	
5	0	0	0	0	621	356	
6	0	0	0	0	609	359	
7	0	0	0	0	603	397	
8	0	0	0	0	599	399	
9	0	0	0	0	594	380	
10	0	0	0	0	587	389	
11	0	0	0	0	575	417	
12	0	0	0	0	555	430	
13	0	0	0	0	535	444	
14	0	0	0	0	515	440	
15	0	0	0	0	498	401	
0	0	0	0	0	494	366	
1	0	0	0	0	503	407	
2	0	0	0	0	516	460	
3	0	0	0	0	526	517	
4	0	0	0	0	530	549	
5	0	0	0	0	531	590	
6	0	0	0	0	525	594	
7	0	0	0	0	509	603	
8	0	0	0	0	484	585	
9	0	0	0	0	457	574	
10	0	0	0	0	434	554	
11	0	0	0	0	424	536	
12	0	0	0	0	429	539	
13	0	0	0	0	444	523	
14	0	0	0	0	460	532	
15	0	0	0	0	471	519	
0	0	0	0	0	480	511	
1	0	0	0	0	489	500	
2	0	0	0	0	503	498	
3	0	0	0	0	523	496	
4	0	0	0	0	540	548	
5	0	0	0	0	562	554	
6	0	0	0	0	585	543	
7	0	0	0	0	614	519	
8	0	0	0	0	648	513	
9	0	0	0	0	679	518	
10	0	0	0	0	703	526	
11	0	0	0	0	715	491	
12	0	0	0	0	716	469	
13	0	0	0	0	707	454	
14	0	0	0	0	689	426	
15	0	0	0	0	654	420	
0	0	0	0	0	610	423	
1	0	0	0	0	568	452	
2	0	0	0	0	527	492	
3	0	0	0	0	496	500	
4	0	0	0	0	480	513	
5	0	0	0	0	477	513	
6	0	0	0	0	484	508	
7	0	0	0	0	504	526	
8	0	0	0	0	528	502	
9	0	0	0	0	548	491	
10	0	0	0	0	560	487	
11	0	0	0	0	566	473	
12	0	0	0	0	570	504	
13	0	0	0	0	567	538	
14	0	0	0	0	564	542	
15	0	0	0	0	568	543	
0	0	0	0	0	571	564	
1	0	0	0	0	570	609	
2	0	0	0	0	560	614	
3	0	0	0	0	540	588	
4	0	0	0	0	516	575	
5	0	0	0	0	499	569	
6	0	0	0	0	494	576	
7	0	0	0	0	499	583	
8	0	0	0	0	508	572	
9	0	0	0	0	517	524	
10	0	0	0	0	522	464	
11	0	0	0	0	526	444	
12	0	0	0	0	526	453	
13	0	0	0	0	528	481	
14	0	0	0	0	531	499	
15	0	0	0	0	537	525	
0	0	0	0	0	547	516	
1	0	0	0	0	555	486	
2	0	0	0	0	561	463	
3	0	0	0	0	568	479	
4	0	0	0	0	574	471	
5	0	0	0	0	577	469	
6	0	0	0	0	576	431	
7	0	0	0	0	572	409	
8	0	0	0	0	562	441	
9	0	0	0	0	543	475	
10	0	0	0	0	515	480	
11	0	0	0	0	486	485	
12	0	0	0	0	456	462	
13	0	0	0	0	428	467	
14	0	0	0	0	400	475	
15	0	0	0	0	375	480	
0	0	0	0	0	361	516	
1	0	0	0	0	355	538	
2	0	0	0	0	363	575	
3	0	0	0	0	384	584	
4	0	0	0	0	411	595	
5	0	0	0	0	440	615	
6	0	0	0	0	474	630	
7	0	0	0	0	519	648	
8	0	0	0	0	562	610	
9	0	0	0	0	593	611	
10	0	0	0	0	611	601	
11	0	0	0	0	617	613	
12	0	0	0	0	615	618	
13	0	0	0	0	615	622	
14	0	0	0	0	619	595	
15	0	0	0	0	621	548	
0	0	0	0	0	618	498	
1	0	0	0	0	614	467	
2	0	0	0	0	613	471	
3	0	0	0	0	619	451	
4	0	0	0	0	626	461	
5	0	0	0	0	624	497	
6	0	0	0	0	606	526	
7	0	0	0	0	575	512	
8	0	0	0	0	535	488	
9	0	0	0	0	496	489	
10	0	0	0	0	462	511	
11	0	0	0	0	432	516	
12	0	0	0	0	412	523	
13	0	0	0	0	399	542	
14	0	0	0	0	397	579	
15	0	0	0	0	413	593	
0	0	0	0	0	438	631	
1	0	0	0	0	464	636	
2	0	0	0	0	484	611	
3	0	0	0	0	492	619	
4	0	0	0	0	492	636	
5	0	0	0	0	497	639	
6	0	0	0	0	516	638	
7	0	0	0	0	544	588	
8	0	0	0	0	572	569	
9	0	0	0	0	593	547	
10	0	0	0	0	615	527	
11	0	0	0	0	635	539	
12	0	0	0	0	642	511	
13	0	0	0	0	636	529	
14	0	0	0	0	627	570	
15	0	0	0	0	625	543	
0	0	0	0	0	632	496	
1	0	0	0	0	645	471	
2	0	0	0	0	652	487	
3	0	0	0	0	649	480	
4	0	0	0	0	639	452	
5	0	0	0	0	625	481	
6	0	0	0	0	607	495	
7	0	0	0	0	584	479	
8	0	0	0	0	563	472	
9	0	0	0	0	541	458	
10	0	0	0	0	517	466	
11	0	0	0	0	494	482	
12	0	0	0	0	471	504	
13	0	0	0	0	454	523	
14	0	0	0	0	447	535	
15	0	0	0	0	443	537	
0	0	0	0	0	438	520	
1	0	0	0	0	437	492	
2	0	0	0	0	439	464	
3	0	0	0	0	455	470	
4	0	0	0	0	486	454	
5	0	0	0	0	514	415	
6	0	0	0	0	539	414	
7	0	0	0	0	558	407	
8	0	0	0	0	575	401	
9	0	0	0	0	593	439	
10	0	0	0	0	603	445	
11	0	0	0	0	607	367	
12	0	0	0	0	605	360	
13	0	0	0	0	594	387	
14	0	0	0	0	580	406	
15	0	0	0	0	562	439	
0	0	0	0	0	546	446	
1	0	0	0	0	537	460	
2	0	0	0	0	531	471	
3	0	0	0	0	522	476	
4	0	0	0	0	512	481	
5	0	0	0	0	498	501	
6	0	0	0	0	488	482	
7	0	0	0	0	486	476	
8	0	0	0	0	488	489	
9	0	0	0	0	497	489	
10	0	0	0	0	511	448	
11	0	0	0	0	523	431	
12	0	0	0	0	532	428	
13	0	0	0	0	532	436	
14	0	0	0	0	524	506	
15	0	0	0	0	526	541	
0	0	0	0	0	536	560	
1	0	0	0	0	551	579	
2	0	0	0	0	576	612	
3	0	0	0	0	603	577	
4	0	0	0	0	624	528	
5	0	0	0	0	636	493	
6	0	0	0	0	633	500	
7	0	0	0	0	620	507	
8	0	0	0	0	601	527	
9	0	0	0	0	573	548	
10	0	0	0	0	541	536	
11	0	0	0	0	510	487	
12	0	0	0	0	480	466	
13	0	0	0	0	457	487	
14	0	0	0	0	440	479	
15	0	0	0	0	431	483	
0	0	0	0	0	429	516	
1	0	0	0	0	425	536	
2	0	0	0	0	429	494	
3	0	0	0	0	443	478	
4	0	0	0	0	466	504	
5	0	0	0	0	491	505	
6	0	0	0	0	516	503	
7	0	0	0	0	536	499	
8	0	0	0	0	547	500	
9	0	0	0	0	556	473	
10	0	0	0	0	560	467	
11	0	0	0	0	557	477	
12	0	0	0	0	551	486	
13	0	0	0	0	543	484	
14	0	0	0	0	535	436	
15	0	0	0	0	529	448	
0	0	0	0	0	534	480	
1	0	0	0	0	540	496	
2	0	0	0	0	545	483	
3	0	0	0	0	547	464	
4	0	0	0	0	548	455	
5	0	0	0	0	540	380	
6	0	0	0	0	528	359	
7	0	0	0	0	514	390	
8	0	0	0	0	509	412	
9	0	0	0	0	513	451	
10	0	0	0	0	523	473	
11	0	0	0	0	539	506	
12	0	0	0	0	556	507	
13	0	0	0	0	571	460	
14	0	0	0	0	596	431	
15	0	0	0	0	630	393	
0	0	0	0	0	669	394	
1	0	0	0	0	700	384	
2	0	0	0	0	715	388	
3	0	0	0	0	713	403	
4	0	0	0	0	702	408	
5	0	0	0	0	687	418	
6	0	0	0	0	668	443	
7	0	0	0	0	647	472	
8	0	0	0	0	627	469	
9	0	0	0	0	612	464	
10	0	0	0	0	603	454	
11	0	0	0	0	592	459	
12	0	0	0	0	578	493	
13	0	0	0	0	561	493	
14	0	0	0	0	543	536	
15	0	0	0	0	527	570	
0	0	0	0	0	511	598	
1	0	0	0	0	496	598	
2	0	0	0	0	484	580	
3	0	0	0	0	483	562	
4	0	0	0	0	491	573	
5	0	0	0	0	502	579	
6	0	0	0	0	513	580	
7	0	0	0	0	524	591	
8	0	0	0	0	531	609	
9	0	0	0	0	546	568	
10	0	0	0	0	563	507	
11	0	0	0	0	588	443	
12	0	0	0	0	623	422	
13	0	0	0	0	655	393	
14	0	0	0	0	676	375	
15	0	0	0	0	681	358	
0	0	0	0	0	673	383	
1	0	0	0	0	658	439	
2	0	0	0	0	643	480	
3	0	0	0	0	632	524	
4	0	0	0	0	630	536	
5	0	0	0	0	626	515	
6	0	0	0	0	611	484	
7	0	0	0	0	597	509	
8	0	0	0	0	583	533	
9	0	0	0	0	577	550	
10	0	0	0	0	575	559	
11	0	0	0	0	574	532	
12	0	0	0	0	573	541	
13	0	0	0	0	569	513	
14	0	0	0	0	563	487	
15	0	0	0	0	560	487	
0	0	0	0	0	561	501	
1	0	0	0	0	563	467	
2	0	0	0	0	561	488	
3	0	0	0	0	554	511	
4	0	0	0	0	543	535	
5	0	0	0	0	529	592	
6	0	0	0	0	514	626	
7	0	0	0	0	512	635	
8	0	0	0	0	528	588	
9	0	0	0	0	555	560	
10	0	0	0	0	580	535	
11	0	0	0	0	596	555	
12	0	0	0	0	608	568	
13	0	0	0	0	617	579	
14	0	0	0	0	627	550	
15	0	0	0	0	641	454	
0	0	0	0	0	655	433	
1	0	0	0	0	669	455	
2	0	0	0	0	671	455	
3	0	0	0	0	662	480	
4	0	0	0	0	643	509	
5	0	0	0	0	616	497	
6	0	0	0	0	587	503	
7	0	0	0	0	556	485	
8	0	0	0	0	518	498	
9	0	0	0	0	480	502	
10	0	0	0	0	451	515	
11	0	0	0	0	433	513	
12	0	0	0	0	431	496	
13	0	0	0	0	434	522	
14	0	0	0	0	440	526	
15	0	0	0	0	443	555	
0	0	0	0	0	441	581	
1	0	0	0	0	435	607	
2	0	0	0	0	435	625	
3	0	0	0	0	446	627	
4	0	0	0	0	461	619	
5	0	0	0	0	479	591	
6	0	0	0	0	498	535	
7	0	0	0	0	516	525	
8	0	0	0	0	531	491	
9	0	0	0	0	542	471	
10	0	0	0	0	544	487	
11	0	0	0	0	542	503	
12	0	0	0	0	543	505	
13	0	0	0	0	544	521	
14	0	0	0	0	545	522	
15	0	0	0	0	544	559	
0	0	0	0	0	542	569	
1	0	0	0	0	540	575	
2	0	0	0	0	551	564	
3	0	0	0	0	565	574	
4	0	0	0	0	576	564	
5	0	0	0	0	582	521	
6	0	0	0	0	585	489	
7	0	0	0	0	587	437	
8	0	0	0	0	583	448	
9	0	0	0	0	576	454	
10	0	0	0	0	572	484	
11	0	0	0	0	575	498	
12	0	0	0	0	584	478	
13	0	0	0	0	594	475	
14	0	0	0	0	603	523	
15	0	0	0	0	612	556	
0	0	0	0	0	612	548	
1	0	0	0	0	599	485	
2	0	0	0	0	579	464	
3	0	0	0	0	555	493	
4	0	0	0	0	525	507	
5	0	0	0	0	492	486	
6	0	0	0	0	463	484	
7	0	0	0	0	437	517	
8	0	0	0	0	424	545	
9	0	0	0	0	421	559	
10	0	0	0	0	423	581	
11	0	0	0	0	434	611	
12	0	0	0	0	449	624	
13	0	0	0	0	468	655	
14	0	0	0	0	492	668	
15	0	0	0	0	513	594	
0	0	0	0	0	533	538	
1	0	0	0	0	559	511	
2	0	0	0	0	592	486	
3	0	0	0	0	620	482	
4	0	0	0	0	639	519	
5	0	0	0	0	646	500	
6	0	0	0	0	645	497	
7	0	0	0	0	650	484	
8	0	0	0	0	662	450	
9	0	0	0	0	664	440	
10	0	0	0	0	652	429	
11	0	0	0	0	629	408	
12	0	0	0	0	612	414	
13	0	0	0	0	595	438	
14	0	0	0	0	579	456	
15	0	0	0	0	564	444	
0	0	0	0	0	554	467	
1	0	0	0	0	542	482	
2	0	0	0	0	525	477	
3	0	0	0	0	510	491	
4	0	0	0	0	497	541	
5	0	0	0	0	484	552	
6	0	0	0	0	472	595	
7	0	0	0	0	467	625	
8	0	0	0	0	465	631	
9	0	0	0	0	464	638	
10	0	0	0	0	453	635	
11	0	0	0	0	440	623	
12	0	0	0	0	430	593	
13	0	0	0	0	425	590	
14	0	0	0	0	424	583	
15	0	0	0	0	436	582	
0	0	0	0	0	459	607	
1	0	0	0	0	483	632	
2	0	0	0	0	504	627	
3	0	0	0	0	521	618	
4	0	0	0	0	529	583	
5	0	0	0	0	534	529	
6	0	0	0	0	542	513	
7	0	0	0	0	543	472	
8	0	0	0	0	544	412	
9	0	0	0	0	535	383	
10	0	0	0	0	509	415	
11	0	0	0	0	472	443	
12	0	0	0	0	440	426	
13	0	0	0	0	418	464	
14	0	0	0	0	407	536	
15	0	0	0	0	405	626	
0	0	0	0	0	411	671	
1	0	0	0	0	429	645	
2	0	0	0	0	448	601	
3	0	0	0	0	456	572	
4	0	0	0	0	461	544	
5	0	0	0	0	462	547	
6	0	0	0	0	464	600	
7	0	0	0	0	462	634	
8	0	0	0	0	460	652	
9	0	0	0	0	460	614	
10	0	0	0	0	462	568	
11	0	0	0	0	477	564	
12	0	0	0	0	497	530	
13	0	0	0	0	516	483	
14	0	0	0	0	529	419	
15	0	0	0	0	531	399	
0	0	0	0	0	528	405	
1	0	0	0	0	521	443	
2	0	0	0	0	511	486	
3	0	0	0	0	496	515	
4	0	0	0	0	482	541	
5	0	0	0	0	475	558	
6	0	0	0	0	477	536	
7	0	0	0	0	489	519	
8	0	0	0	0	505	517	
9	0	0	0	0	525	520	
10	0	0	0	0	535	515	
11	0	0	0	0	530	515	
12	0	0	0	0	518	534	
13	0	0	0	0	505	505	
14	0	0	0	0	496	517	
15	0	0	0	0	487	560	
0	0	0	0	0	485	584	
1	0	0	0	0	491	588	
2	0	0	0	0	501	594	
3	0	0	0	0	511	600	
4	0	0	0	0	515	609	
5	0	0	0	0	517	568	
6	0	0	0	0	514	535	
7	0	0	0	0	526	541	
8	0	0	0	0	547	545	
9	0	0	0	0	579	522	
10	0	0	0	0	623	474	
11	0	0	0	0	663	463	
12	0	0	0	0	688	427	
13	0	0	0	0	691	428	
14	0	0	0	0	671	449	
15	0	0	0	0	632	480	
0	0	0	0	0	584	534	
1	0	0	0	0	532	565	
2	0	0	0	0	486	637	
3	0	0	0	0	453	654	
4	0	0	0	0	439	680	
5	0	0	0	0	428	678	
6	0	0	0	0	417	645	
7	0	0	0	0	407	637	
8	0	0	0	0	409	643	
9	0	0	0	0	419	649	
10	0	0	0	0	431	576	
11	0	0	0	0	445	546	
12	0	0	0	0	455	553	
13	0	0	0	0	465	546	
14	0	0	0	0	480	514	
15	0	0	0	0	499	455	
0	0	0	0	0	518	420	
1	0	0	0	0	532	408	
2	0	0	0	0	539	457	
3	0	0	0	0	545	476	
4	0	0	0	0	552	519	
5	0	0	0	0	552	518	
6	0	0	0	0	545	492	
7	0	0	0	0	530	458	
8	0	0	0	0	513	458	
9	0	0	0	0	493	466	
10	0	0	0	0	466	478	
11	0	0	0	0	441	505	
12	0	0	0	0	421	522	
13	0	0	0	0	416	525	
14	0	0	0	0	421	489	
15	0	0	0	0	427	448	
0	0	0	0	0	436	447	
1	0	0	0	0	451	462	
2	0	0	0	0	469	496	
3	0	0	0	0	487	499	
4	0	0	0	0	504	515	
5	0	0	0	0	514	540	
6	0	0	0	0	524	547	
7	0	0	0	0	533	555	
8	0	0	0	0	544	617	
9	0	0	0	0	553	626	
10	0	0	0	0	557	599	
11	0	0	0	0	556	583	
12	0	0	0	0	542	556	
13	0	0	0	0	528	543	
14	0	0	0	0	521	544	
15	0	0	0	0	516	526	
0	0	0	0	0	513	523	
1	0	0	0	0	510	515	
2	0	0	0	0	499	529	
3	0	0	0	0	491	563	
4	0	0	0	0	483	594	
5	0	0	0	0	478	622	
6	0	0	0	0	473	648	
7	0	0	0	0	468	650	
8	0	0	0	0	470	659	
9	0	0	0	0	472	670	
10	0	0	0	0	470	644	
11	0	0	0	0	467	582	
12	0	0	0	0	461	536	
13	0	0	0	0	457	504	
14	0	0	0	0	458	496	
15	0	0	0	0	462	524	
0	0	0	0	0	466	499	
1	0	0	0	0	476	484	
2	0	0	0	0	500	484	
3	0	0	0	0	531	462	
4	0	0	0	0	564	449	
5	0	0	0	0	596	472	
6	0	0	0	0	616	504	
7	0	0	0	0	627	546	
8	0	0	0	0	618	538	
9	0	0	0	0	604	566	
10	0	0	0	0	594	568	
11	0	0	0	0	582	503	
12	0	0	0	0	566	467	
13	0	0	0	0	548	476	
14	0	0	0	0	530	523	
15	0	0	0	0	510	530	
0	0	0	0	0	484	549	
1	0	0	0	0	456	524	
2	0	0	0	0	437	530	
3	0	0	0	0	430	557	
4	0	0	0	0	432	620	
5	0	0	0	0	437	633	
6	0	0	0	0	444	614	
7	0	0	0	0	453	568	
8	0	0	0	0	462	568	
9	0	0	0	0	476	572	
10	0	0	0	0	496	595	
11	0	0	0	0	520	617	
12	0	0	0	0	544	592	
13	0	0	0	0	569	542	
14	0	0	0	0	587	496	
15	0	0	0	0	603	488	
0	0	0	0	0	620	424	
1	0	0	0	0	629	373	
2	0	0	0	0	620	381	
3	0	0	0	0	597	438	
4	0	0	0	0	568	460	
5	0	0	0	0	542	496	
6	0	0	0	0	521	546	
7	0	0	0	0	507	580	
8	0	0	0	0	491	594	
9	0	0	0	0	475	615	
10	0	0	0	0	463	602	
11	0	0	0	0	450	621	
12	0	0	0	0	447	607	
13	0	0	0	0	453	572	
14	0	0	0	0	463	535	
15	0	0	0	0	471	527	
0	0	0	0	0	480	516	
1	0	0	0	0	491	537	
2	0	0	0	0	505	540	
3	0	0	0	0	521	542	
4	0	0	0	0	543	558	
5	0	0	0	0	564	551	
6	0	0	0	0	580	525	
7	0	0	0	0	591	493	
8	0	0	0	0	590	471	
9	0	0	0	0	583	486	
10	0	0	0	0	571	516	
11	0	0	0	0	560	535	
12	0	0	0	0	550	521	
13	0	0	0	0	537	481	
14	0	0	0	0	524	428	
15	0	0	0	0	505	418	
0	0	0	0	0	489	479	
1	0	0	0	0	480	558	
2	0	0	0	0	472	569	
3	0	0	0	0	466	564	
4	0	0	0	0	465	541	
5	0	0	0	0	471	527	
6	0	0	0	0	481	500	
7	0	0	0	0	497	499	
8	0	0	0	0	508	502	
9	0	0	0	0	510	533	
10	0	0	0	0	511	568	
11	0	0	0	0	510	529	
12	0	0	0	0	514	511	
13	0	0	0	0	522	510	
14	0	0	0	0	535	470	
15	0	0	0	0	556	470	
0	0	0	0	0	579	443	
1	0	0	0	0	606	422	
2	0	0	0	0	628	421	
3	0	0	0	0	643	459	
4	0	0	0	0	655	467	
5	0	0	0	0	661	492	
6	0	0	0	0	656	472	
7	0	0	0	0	642	428	
8	0	0	0	0	617	432	
9	0	0	0	0	595	494	
10	0	0	0	0	588	506	
11	0	0	0	0	612	495	
12	0	0	0	0	655	490	
13	0	0	0	0	700	489	
14	0	0	0	0	732	493	
15	0	0	0	0	743	496	
0	0	0	0	0	730	471	
1	0	0	0	0	702	439	
2	0	0	0	0	660	476	
3	0	0	0	0	608	470	
4	0	0	0	0	553	456	
5	0	0	0	0	506	494	
6	0	0	0	0	474	542	
7	0	0	0	0	448	583	
8	0	0	0	0	428	593	
9	0	0	0	0	405	636	
10	0	0	0	0	379	655	
11	0	0	0	0	357	619	
12	0	0	0	0	343	575	
13	0	0	0	0	337	553	
14	0	0	0	0	340	526	
15	0	0	0	0	348	520	
0	0	0	0	0	367	481	
1	0	0	0	0	392	462	
2	0	0	0	0	413	444	
3	0	0	0	0	433	447	
4	0	0	0	0	444	454	
5	0	0	0	0	449	479	
6	0	0	0	0	462	489	
7	0	0	0	0	485	514	
8	0	0	0	0	517	561	
9	0	0	0	0	554	571	
10	0	0	0	0	588	566	
11	0	0	0	0	605	547	
12	0	0	0	0	607	525	
13	0	0	0	0	600	525	
14	0	0	0	0	596	542	
15	0	0	0	0	597	532	
0	0	0	0	0	602	521	
1	0	0	0	0	604	479	
2	0	0	0	0	598	423	
3	0	0	0	0	595	392	
4	0	0	0	0	599	401	
5	0	0	0	0	604	415	
6	0	0	0	0	606	428	
7	0	0	0	0	600	424	
8	0	0	0	0	583	438	
9	0	0	0	0	553	471	
10	0	0	0	0	523	517	
11	0	0	0	0	489	568	
12	0	0	0	0	454	583	
13	0	0	0	0	419	589	
14	0	0	0	0	399	589	
15	0	0	0	0	390	578	
0	0	0	0	0	390	588	
1	0	0	0	0	392	611	
2	0	0	0	0	400	592	
3	0	0	0	0	411	570	
4	0	0	0	0	421	568	
5	0	0	0	0	425	550	
6	0	0	0	0	422	544	
7	0	0	0	0	421	581	
8	0	0	0	0	427	598	
9	0	0	0	0	436	580	
10	0	0	0	0	447	558	
11	0	0	0	0	456	537	
12	0	0	0	0	467	517	
13	0	0	0	0	478	508	
14	0	0	0	0	493	501	
15	0	0	0	0	507	507	
0	0	0	0	0	517	480	
1	0	0	0	0	523	471	
2	0	0	0	0	524	488	
3	0	0	0	0	521	523	
4	0	0	0	0	514	551	
5	0	0	0	0	503	532	
6	0	0	0	0	487	513	
7	0	0	0	0	467	526	
8	0	0	0	0	449	554	
9	0	0	0	0	444	539	
10	0	0	0	0	452	546	
11	0	0	0	0	464	532	
12	0	0	0	0	477	511	
13	0	0	0	0	483	496	
14	0	0	0	0	481	532	
15	0	0	0	0	472	594	
0	0	0	0	0	463	617	
1	0	0	0	0	465	588	
2	0	0	0	0	473	545	
3	0	0	0	0	486	515	
4	0	0	0	0	493	470	
5	0	0	0	0	494	460	
6	0	0	0	0	491	474	
7	0	0	0	0	489	506	
8	0	0	0	0	485	539	
9	0	0	0	0	473	537	
10	0	0	0	0	455	455	
11	0	0	0	0	433	421	
12	0	0	0	0	412	462	
13	0	0	0	0	397	537	
14	0	0	0	0	395	577	
15	0	0	0	0	401	580	
0	0	0	0	0	403	555	
1	0	0	0	0	400	536	
2	0	0	0	0	387	532	
3	0	0	0	0	368	538	
4	0	0	0	0	356	570	
5	0	0	0	0	352	574	
6	0	0	0	0	355	602	
7	0	0	0	0	365	657	
8	0	0	0	0	372	672	
9	0	0	0	0	376	665	
10	0	0	0	0	385	611	
11	0	0	0	0	401	564	
12	0	0	0	0	425	513	
13	0	0	0	0	457	456	
14	0	0	0	0	501	493	
15	0	0	0	0	547	476	
0	0	0	0	0	591	437	
1	0	0	0	0	632	392	
2	0	0	0	0	665	368	
3	0	0	0	0	696	375	
4	0	0	0	0	719	412	
5	0	0	0	0	727	468	
6	0	0	0	0	719	490	
7	0	0	0	0	703	450	
8	0	0	0	0	681	416	
9	0	0	0	0	660	437	
10	0	0	0	0	633	425	
11	0	0	0	0	607	439	
12	0	0	0	0	585	432	
13	0	0	0	0	560	483	
14	0	0	0	0	531	524	
15	0	0	0	0	504	540	
0	0	0	0	0	484	577	
1	0	0	0	0	473	587	
2	0	0	0	0	468	608	
3	0	0	0	0	468	624	
4	0	0	0	0	467	644	
5	0	0	0	0	462	660	
6	0	0	0	0	453	634	
7	0	0	0	0	445	608	
8	0	0	0	0	440	595	
9	0	0	0	0	440	587	
10	0	0	0	0	445	591	
11	0	0	0	0	463	596	
12	0	0	0	0	484	615	
13	0	0	0	0	501	615	
14	0	0	0	0	520	597	
15	0	0	0	0	540	569	
0	0	0	0	0	550	530	
1	0	0	0	0	547	504	
2	0	0	0	0	537	532	
3	0	0	0	0	527	521	
4	0	0	0	0	522	515	
5	0	0	0	0	522	511	
6	0	0	0	0	516	537	
7	0	0	0	0	507	553	
8	0	0	0	0	499	558	
9	0	0	0	0	490	595	
10	0	0	0	0	482	594	
11	0	0	0	0	475	559	
12	0	0	0	0	474	455	
13	0	0	0	0	479	406	
14	0	0	0	0	487	432	
15	0	0	0	0	496	461	
0	0	0	0	0	509	501	
1	0	0	0	0	514	511	
2	0	0	0	0	514	499	
3	0	0	0	0	519	492	
4	0	0	0	0	523	522	
5	0	0	0	0	511	535	
6	0	0	0	0	491	539	
7	0	0	0	0	460	539	
8	0	0	0	0	430	549	
9	0	0	0	0	403	540	
10	0	0	0	0	380	547	
11	0	0	0	0	367	545	
12	0	0	0	0	361	528	
13	0	0	0	0	361	557	
14	0	0	0	0	364	590	
15	0	0	0	0	370	611	
0	0	0	0	0	375	639	
1	0	0	0	0	370	674	
2	0	0	0	0	361	668	
3	0	0	0	0	352	646	
4	0	0	0	0	352	617	
5	0	0	0	0	368	594	
6	0	0	0	0	393	578	
7	0	0	0	0	419	575	
8	0	0	0	0	442	595	
9	0	0	0	0	459	553	
10	0	0	0	0	472	512	
11	0	0	0	0	485	502	
12	0	0	0	0	501	519	
13	0	0	0	0	509	498	
14	0	0	0	0	502	508	
15	0	0	0	0	486	507	
0	0	0	0	0	467	478	
1	0	0	0	0	443	494	
2	0	0	0	0	420	529	
3	0	0	0	0	401	545	
4	0	0	0	0	388	521	
5	0	0	0	0	390	521	
6	0	0	0	0	411	545	
7	0	0	0	0	444	574	
8	0	0	0	0	483	583	
9	0	0	0	0	516	540	
10	0	0	0	0	544	525	
11	0	0	0	0	563	500	
12	0	0	0	0	576	515	
13	0	0	0	0	585	498	
14	0	0	0	0	588	485	
15	0	0	0	0	577	490	
0	0	0	0	0	552	503	
1	0	0	0	0	528	519	
2	0	0	0	0	508	526	
3	0	0	0	0	491	507	
4	0	0	0	0	480	504	
5	0	0	0	0	473	508	
6	0	0	0	0	469	520	
7	0	0	0	0	462	508	
8	0	0	0	0	455	514	
9	0	0	0	0	447	541	
10	0	0	0	0	443	560	
11	0	0	0	0	448	582	
12	0	0	0	0	464	578	
13	0	0	0	0	492	577	
14	0	0	0	0	523	556	
15	0	0	0	0	554	575	
0	0	0	0	0	589	569	
1	0	0	0	0	616	544	
2	0	0	0	0	636	490	
3	0	0	0	0	648	443	
4	0	0	0	0	651	435	
5	0	0	0	0	640	387	
6	0	0	0	0	626	375	
7	0	0	0	0	612	417	
8	0	0	0	0	600	441	
9	0	0	0	0	595	403	
10	0	0	0	0	599	376	
11	0	0	0	0	604	396	
12	0	0	0	0	604	409	
13	0	0	0	0	593	427	
14	0	0	0	0	575	436	
15	0	0	0	0	550	475	
0	0	0	0	0	523	542	
1	0	0	0	0	499	582	
2	0	0	0	0	483	592	
3	0	0	0	0	469	592	
4	0	0	0	0	455	572	
5	0	0	0	0	442	519	
6	0	0	0	0	427	470	
7	0	0	0	0	414	465	
8	0	0	0	0	407	497	
9	0	0	0	0	395	520	
10	0	0	0	0	386	564	
11	0	0	0	0	389	639	
12	0	0	0	0	403	669	
13	0	0	0	0	430	661	
14	0	0	0	0	464	617	
15	0	0	0	0	497	579	
0	0	0	0	0	524	548	
1	0	0	0	0	541	524	
2	0	0	0	0	550	473	
3	0	0	0	0	552	458	
4	0	0	0	0	547	477	
5	0	0	0	0	540	488	
6	0	0	0	0	534	490	
7	0	0	0	0	533	541	
8	0	0	0	0	541	541	
9	0	0	0	0	556	516	
10	0	0	0	0	574	527	
11	0	0	0	0	591	556	
12	0	0	0	0	603	514	
13	0	0	0	0	604	479	
14	0	0	0	0	592	393	
15	0	0	0	0	573	366	
0	0	0	0	0	553	391	
1	0	0	0	0	536	411	
2	0	0	0	0	525	501	
3	0	0	0	0	520	541	
4	0	0	0	0	523	559	
5	0	0	0	0	530	588	
6	0	0	0	0	539	601	
7	0	0	0	0	545	596	
8	0	0	0	0	551	550	
9	0	0	0	0	564	498	
10	0	0	0	0	601	481	
11	0	0	0	0	646	486	
12	0	0	0	0	687	495	
13	0	0	0	0	711	500	
14	0	0	0	0	717	470	
15	0	0	0	0	705	385	
0	0	0	0	0	683	294	
1	0	0	0	0	647	268	
2	0	0	0	0	606	286	
3	0	0	0	0	574	321	
4	0	0	0	0	544	364	
5	0	0	0	0	513	420	
6	0	0	0	0	478	457	
7	0	0	0	0	443	500	
8	0	0	0	0	415	536	
9	0	0	0	0	395	575	
10	0	0	0	0	389	635	
11	0	0	0	0	390	632	
12	0	0	0	0	389	653	
13	0	0	0	0	390	633	
14	0	0	0	0	398	603	
15	0	0	0	0	418	622	
0	0	0	0	0	448	657	
1	0	0	0	0	481	664	
2	0	0	0	0	512	606	
3	0	0	0	0	537	577	
4	0	0	0	0	556	563	
5	0	0	0	0	568	544	
6	0	0	0	0	574	527	
7	0	0	0	0	577	496	
8	0	0	0	0	575	483	
9	0	0	0	0	565	503	
10	0	0	0	0	541	486	
11	0	0	0	0	515	495	
12	0	0	0	0	492	520	
13	0	0	0	0	477	514	
14	0	0	0	0	473	527	
15	0	0	0	0	483	539	
0	0	0	0	0	498	579	
1	0	0	0	0	510	579	
2	0	0	0	0	513	537	
3	0	0	0	0	512	534	
4	0	0	0	0	519	552	
5	0	0	0	0	531	523	
6	0	0	0	0	542	462	
7	0	0	0	0	550	357	
8	0	0	0	0	566	323	
9	0	0	0	0	591	322	
10	0	0	0	0	610	319	
11	0	0	0	0	611	312	
12	0	0	0	0	595	354	
13	0	0	0	0	571	406	
14	0	0	0	0	540	419	
15	0	0	0	0	508	412	
0	0	0	0	0	473	391	
1	0	0	0	0	429	393	
2	0	0	0	0	387	443	
3	0	0	0	0	346	500	
4	0	0	0	0	315	546	
5	0	0	0	0	292	609	
6	0	0	0	0	277	657	
7	0	0	0	0	271	683	
8	0	0	0	0	271	703	
9	0	0	0	0	286	689	
10	0	0	0	0	310	633	
11	0	0	0	0	337	601	
12	0	0	0	0	366	568	
13	0	0	0	0	392	572	
14	0	0	0	0	415	576	
15	0	0	0	0	439	621	
0	0	0	0	0	464	666	
1	0	0	0	0	486	659	
2	0	0	0	0	510	628	
3	0	0	0	0	532	606	
4	0	0	0	0	549	583	
5	0	0	0	0	556	592	
6	0	0	0	0	554	569	
7	0	0	0	0	543	512	
8	0	0	0	0	528	505	
9	0	0	0	0	514	523	
10	0	0	0	0	501	521	
11	0	0	0	0	496	511	
12	0	0	0	0	499	503	
13	0	0	0	0	506	496	
14	0	0	0	0	513	491	
15	0	0	0	0	519	499	
0	0	0	0	0	529	519	
1	0	0	0	0	548	516	
2	0	0	0	0	572	517	
3	0	0	0	0	595	493	
4	0	0	0	0	604	491	
5	0	0	0	0	591	443	
6	0	0	0	0	560	411	
7	0	0	0	0	523	422	
8	0	0	0	0	481	433	
9	0	0	0	0	439	455	
10	0	0	0	0	399	516	
11	0	0	0	0	367	571	
12	0	0	0	0	346	595	
13	0	0	0	0	334	620	
14	0	0	0	0	327	644	
15	0	0	0	0	334	630	
0	0	0	0	0	355	611	
1	0	0	0	0	379	613	
2	0	0	0	0	401	629	
3	0	0	0	0	423	639	
4	0	0	0	0	444	646	
5	0	0	0	0	460	649	
6	0	0	0	0	472	605	
7	0	0	0	0	476	568	
8	0	0	0	0	479	525	
9	0	0	0	0	486	425	
10	0	0	0	0	494	368	
11	0	0	0	0	498	361	
12	0	0	0	0	497	380	
13	0	0	0	0	485	376	
14	0	0	0	0	462	425	
15	0	0	0	0	433	499	
0	0	0	0	0	415	549	
1	0	0	0	0	409	608	
2	0	0	0	0	414	652	
3	0	0	0	0	435	732	
4	0	0	0	0	467	782	
5	0	0	0	0	502	765	
6	0	0	0	0	529	701	
7	0	0	0	0	541	617	
8	0	0	0	0	538	559	
9	0	0	0	0	528	529	
10	0	0	0	0	515	549	
11	0	0	0	0	507	583	
12	0	0	0	0	500	598	
13	0	0	0	0	488	589	
14	0	0	0	0	477	566	
15	0	0	0	0	470	550	
0	0	0	0	0	469	532	
1	0	0	0	0	467	553	
2	0	0	0	0	460	543	
3	0	0	0	0	445	506	
4	0	0	0	0	422	508	
5	0	0	0	0	392	519	
6	0	0	0	0	369	527	
7	0	0	0	0	359	517	
8	0	0	0	0	358	513	
9	0	0	0	0	361	528	
10	0	0	0	0	370	555	
11	0	0	0	0	379	558	
12	0	0	0	0	391	585	
13	0	0	0	0	410	572	
14	0	0	0	0	428	597	
15	0	0	0	0	449	597	
0	0	0	0	0	476	593	
1	0	0	0	0	502	558	
2	0	0	0	0	530	532	
3	0	0	0	0	559	516	
4	0	0	0	0	587	497	
5	0	0	0	0	601	511	
6	0	0	0	0	607	500	
7	0	0	0	0	611	469	
8	0	0	0	0	606	465	
9	0	0	0	0	596	469	
10	0	0	0	0	579	433	
11	0	0	0	0	564	372	
12	0	0	0	0	551	371	
13	0	0	0	0	536	406	
14	0	0	0	0	517	463	
15	0	0	0	0	496	512	
0	0	0	0	0	480	551	
1	0	0	0	0	470	613	
2	0	0	0	0	469	629	
3	0	0	0	0	481	636	
4	0	0	0	0	496	624	
5	0	0	0	0	511	547	
6	0	0	0	0	527	471	
7	0	0	0	0	540	418	
8	0	0	0	0	552	418	
9	0	0	0	0	568	448	
10	0	0	0	0	590	513	
11	0	0	0	0	612	527	
12	0	0	0	0	630	524	
13	0	0	0	0	639	528	
14	0	0	0	0	639	518	
15	0	0	0	0	642	480	
0	0	0	0	0	636	432	
1	0	0	0	0	621	385	
2	0	0	0	0	595	361	
3	0	0	0	0	571	354	
4	0	0	0	0	547	364	
5	0	0	0	0	521	344	
6	0	0	0	0	497	346	
7	0	0	0	0	478	387	
8	0	0	0	0	459	429	
9	0	0	0	0	438	477	
10	0	0	0	0	416	519	
11	0	0	0	0	402	553	
12	0	0	0	0	388	544	
13	0	0	0	0	383	536	
14	0	0	0	0	382	538	
15	0	0	0	0	377	543	
0	0	0	0	0	373	565	
1	0	0	0	0	370	561	
2	0	0	0	0	370	555	
3	0	0	0	0	371	519	
4	0	0	0	0	373	528	
5	0	0	0	0	371	519	
6	0	0	0	0	367	510	
7	0	0	0	0	367	518	
8	0	0	0	0	373	543	
9	0	0	0	0	386	551	
10	0	0	0	0	405	552	
11	0	0	0	0	425	538	
12	0	0	0	0	438	494	
13	0	0	0	0	445	454	
14	0	0	0	0	451	467	
15	0	0	0	0	451	480	
0	0	0	0	0	453	502	
1	0	0	0	0	457	491	
2	0	0	0	0	462	496	
3	0	0	0	0	465	524	
4	0	0	0	0	473	572	
5	0	0	0	0	490	579	
6	0	0	0	0	515	531	
7	0	0	0	0	546	507	
8	0	0	0	0	575	446	
9	0	0	0	0	606	443	
10	0	0	0	0	632	455	
11	0	0	0	0	648	447	
12	0	0	0	0	649	445	
13	0	0	0	0	639	438	
14	0	0	0	0	619	423	
15	0	0	0	0	591	467	
0	0	0	0	0	554	469	
1	0	0	0	0	510	491	
2	0	0	0	0	464	534	
3	0	0	0	0	419	553	
4	0	0	0	0	385	564	
5	0	0	0	0	367	579	
6	0	0	0	0	376	568	
7	0	0	0	0	412	557	
8	0	0	0	0	457	573	
9	0	0	0	0	495	569	
10	0	0	0	0	524	569	
11	0	0	0	0	548	572	
12	0	0	0	0	561	597	
13	0	0	0	0	568	617	
14	0	0	0	0	570	590	
15	0	0	0	0	567	577	
0	0	0	0	0	551	513	
1	0	0	0	0	527	486	
2	0	0	0	0	503	487	
3	0	0	0	0	486	495	
4	0	0	0	0	482	483	
5	0	0	0	0	492	462	
6	0	0	0	0	518	446	
7	0	0	0	0	547	443	
8	0	0	0	0	568	441	
9	0	0	0	0	583	448	
10	0	0	0	0	605	466	
11	0	0	0	0	626	491	
12	0	0	0	0	641	511	
13	0	0	0	0	646	496	
14	0	0	0	0	639	519	
15	0	0	0	0	620	548	
0	0	0	0	0	599	583	
1	0	0	0	0	574	547	
2	0	0	0	0	547	512	
3	0	0	0	0	526	480	
4	0	0	0	0	511	490	
5	0	0	0	0	508	483	
6	0	0	0	0	519	502	
7	0	0	0	0	534	517	
8	0	0	0	0	539	516	
9	0	0	0	0	540	484	
10	0	0	0	0	535	468	
11	0	0	0	0	528	462	
12	0	0	0	0	520	452	
13	0	0	0	0	507	455	
14	0	0	0	0	496	474	
15	0	0	0	0	489	486	
0	0	0	0	0	483	505	
1	0	0	0	0	477	490	
2	0	0	0	0	470	451	
3	0	0	0	0	467	472	
4	0	0	0	0	475	487	
5	0	0	0	0	495	508	
6	0	0	0	0	523	520	
7	0	0	0	0	555	535	
8	0	0	0	0	579	554	
9	0	0	0	0	589	588	
10	0	0	0	0	577	561	
11	0	0	0	0	550	517	
12	0	0	0	0	516	481	
13	0	0	0	0	482	488	
14	0	0	0	0	452	506	
15	0	0	0	0	432	530	
0	0	0	0	0	419	556	
1	0	0	0	0	415	574	
2	0	0	0	0	417	588	
3	0	0	0	0	428	601	
4	0	0	0	0	449	627	
5	0	0	0	0	473	624	
6	0	0	0	0	495	611	
7	0	0	0	0	519	589	
8	0	0	0	0	544	573	
9	0	0	0	0	574	558	
10	0	0	0	0	600	566	
11	0	0	0	0	615	549	
12	0	0	0	0	624	541	
13	0	0	0	0	622	527	
14	0	0	0	0	617	509	
15	0	0	0	0	610	519	
0	0	0	0	0	601	516	
1	0	0	0	0	586	506	
2	0	0	0	0	571	509	
3	0	0	0	0	556	498	
4	0	0	0	0	547	511	
5	0	0	0	0	542	560	
6	0	0	0	0	530	575	
7	0	0	0	0	512	595	
8	0	0	0	0	495	615	
9	0	0	0	0	479	607	
10	0	0	0	0	466	587	
11	0	0	0	0	450	595	
12	0	0	0	0	445	619	
13	0	0	0	0	448	614	
14	0	0	0	0	459	594	
15	0	0	0	0	475	544	
0	0	0	0	0	496	488	
1	0	0	0	0	516	472	
2	0	0	0	0	531	455	
3	0	0	0	0	547	412	
4	0	0	0	0	562	415	
5	0	0	0	0	579	442	
6	0	0	0	0	590	442	
7	0	0	0	0	595	467	
8	0	0	0	0	605	436	
9	0	0	0	0	623	397	
10	0	0	0	0	636	391	
11	0	0	0	0	634	356	
12	0	0	0	0	624	348	
13	0	0	0	0	605	353	
14	0	0	0	0	585	408	
15	0	0	0	0	569	442	
0	0	0	0	0	558	504	
1	0	0	0	0	549	482	
2	0	0	0	0	543	446	
3	0	0	0	0	543	439	
4	0	0	0	0	551	402	
5	0	0	0	0	551	399	
6	0	0	0	0	541	402	
7	0	0	0	0	527	428	
8	0	0	0	0	515	443	
9	0	0	0	0	507	469	
10	0	0	0	0	504	480	
11	0	0	0	0	502	501	
12	0	0	0	0	501	520	
13	0	0	0	0	502	536	
14	0	0	0	0	499	551	
15	0	0	0	0	497	556	
0	0	0	0	0	499	537	
1	0	0	0	0	503	533	
2	0	0	0	0	504	525	
3	0	0	0	0	504	506	
4	0	0	0	0	499	508	
5	0	0	0	0	489	543	
6	0	0	0	0	479	580	
7	0	0	0	0	473	595	
8	0	0	0	0	471	581	
9	0	0	0	0	470	540	
10	0	0	0	0	472	493	
11	0	0	0	0	476	456	
12	0	0	0	0	480	440	
13	0	0	0	0	483	443	
14	0	0	0	0	483	448	
15	0	0	0	0	484	454	
0	0	0	0	0	488	468	
1	0	0	0	0	494	477	
2	0	0	0	0	501	492	
3	0	0	0	0	503	484	
4	0	0	0	0	502	481	
5	0	0	0	0	495	431	
6	0	0	0	0	480	403	
7	0	0	0	0	463	431	
8	0	0	0	0	451	472	
9	0	0	0	0	442	469	
10	0	0	0	0	436	465	
11	0	0	0	0	432	486	
12	0	0	0	0	427	454	
13	0	0	0	0	423	440	
14	0	0	0	0	418	444	
15	0	0	0	0	417	516	
0	0	0	0	0	415	537	
1	0	0	0	0	414	522	
2	0	0	0	0	415	488	
3	0	0	0	0	422	456	
4	0	0	0	0	429	444	
5	0	0	0	0	435	511	
6	0	0	0	0	444	521	
7	0	0	0	0	467	525	
8	0	0	0	0	486	542	
9	0	0	0	0	503	577	
10	0	0	0	0	524	597	
11	0	0	0	0	544	611	
12	0	0	0	0	559	598	
13	0	0	0	0	565	585	
14	0	0	0	0	562	555	
15	0	0	0	0	547	545	
0	0	0	0	0	527	540	
1	0	0	0	0	508	537	
2	0	0	0	0	492	519	
3	0	0	0	0	479	516	
4	0	0	0	0	467	509	
5	0	0	0	0	462	492	
6	0	0	0	0	465	511	
7	0	0	0	0	469	472	
8	0	0	0	0	470	457	
9	0	0	0	0	472	490	
10	0	0	0	0	467	517	
11	0	0	0	0	454	600	
12	0	0	0	0	442	614	
13	0	0	0	0	438	592	
14	0	0	0	0	444	565	
15	0	0	0	0	459	577	
0	0	0	0	0	477	602	
1	0	0	0	0	489	570	
2	0	0	0	0	499	543	
3	0	0	0	0	511	523	
4	0	0	0	0	524	504	
5	0	0	0	0	534	478	
6	0	0	0	0	531	480	
7	0	0	0	0	523	462	
8	0	0	0	0	512	457	
9	0	0	0	0	507	449	
10	0	0	0	0	506	498	
11	0	0	0	0	500	516	
12	0	0	0	0	484	495	
13	0	0	0	0	465	499	
14	0	0	0	0	447	523	
15	0	0	0	0	423	551	
0	0	0	0	0	410	557	
1	0	0	0	0	403	583	
2	0	0	0	0	392	577	
3	0	0	0	0	382	564	
4	0	0	0	0	376	550	
5	0	0	0	0	372	479	
6	0	0	0	0	375	471	
7	0	0	0	0	378	492	
8	0	0	0	0	386	499	
9	0	0	0	0	396	540	
10	0	0	0	0	405	544	
11	0	0	0	0	416	517	
12	0	0	0	0	431	502	
13	0	0	0	0	450	515	
14	0	0	0	0	465	556	
15	0	0	0	0	479	558	
0	0	0	0	0	492	507	
1	0	0	0	0	500	454	
2	0	0	0	0	509	432	
3	0	0	0	0	511	468	
4	0	0	0	0	505	509	
5	0	0	0	0	495	503	
6	0	0	0	0	491	470	
7	0	0	0	0	492	443	
8	0	0	0	0	496	455	
9	0	0	0	0	498	475	
10	0	0	0	0	494	496	
11	0	0	0	0	484	492	
12	0	0	0	0	470	504	
13	0	0	0	0	457	519	
14	0	0	0	0	452	556	
15	0	0	0	0	447	572	
0	0	0	0	0	440	540	
1	0	0	0	0	434	570	
2	0	0	0	0	433	563	
3	0	0	0	0	433	559	
4	0	0	0	0	433	533	
5	0	0	0	0	432	505	
6	0	0	0	0	434	472	
7	0	0	0	0	438	470	
8	0	0	0	0	445	461	
9	0	0	0	0	453	476	
10	0	0	0	0	462	496	
11	0	0	0	0	473	521	
12	0	0	0	0	480	519	
13	0	0	0	0	480	487	
14	0	0	0	0	475	487	
15	0	0	0	0	463	502	
0	0	0	0	0	454	529	
1	0	0	0	0	454	561	
2	0	0	0	0	459	596	
3	0	0	0	0	475	609	
4	0	0	0	0	491	648	
5	0	0	0	0	504	667	
6	0	0	0	0	510	648	
7	0	0	0	0	510	597	
8	0	0	0	0	499	563	
9	0	0	0	0	483	522	
10	0	0	0	0	462	515	
11	0	0	0	0	442	521	
12	0	0	0	0	423	559	
13	0	0	0	0	410	584	
14	0	0	0	0	398	588	
15	0	0	0	0	393	595	
0	0	0	0	0	396	598	
1	0	0	0	0	406	563	
2	0	0	0	0	422	523	
3	0	0	0	0	448	494	
4	0	0	0	0	475	497	
5	0	0	0	0	496	503	
6	0	0	0	0	508	516	
7	0	0	0	0	517	538	
8	0	0	0	0	528	550	
9	0	0	0	0	547	547	
10	0	0	0	0	558	502	
11	0	0	0	0	561	451	
12	0	0	0	0	561	445	
13	0	0	0	0	558	431	
14	0	0	0	0	546	401	
15	0	0	0	0	531	422	
0	0	0	0	0	514	477	
1	0	0	0	0	499	538	
2	0	0	0	0	485	559	
3	0	0	0	0	472	591	
4	0	0	0	0	457	591	
5	0	0	0	0	444	571	
6	0	0	0	0	430	560	
7	0	0	0	0	418	558	
8	0	0	0	0	417	572	
9	0	0	0	0	425	553	
10	0	0	0	0	439	532	
11	0	0	0	0	447	535	
12	0	0	0	0	457	566	
13	0	0	0	0	472	533	
14	0	0	0	0	492	496	
15	0	0	0	0	512	504	
0	0	0	0	0	531	510	
1	0	0	0	0	550	502	
2	0	0	0	0	563	478	
3	0	0	0	0	566	450	
4	0	0	0	0	564	458	
5	0	0	0	0	563	491	
6	0	0	0	0	554	489	
7	0	0	0	0	537	503	
8	0	0	0	0	514	531	
9	0	0	0	0	487	515	
10	0	0	0	0	467	514	
11	0	0	0	0	451	551	
12	0	0	0	0	440	591	
13	0	0	0	0	429	572	
14	0	0	0	0	420	552	
15	0	0	0	0	412	562	
0	0	0	0	0	399	575	
1	0	0	0	0	390	572	
2	0	0	0	0	384	558	
3	0	0	0	0	386	556	
4	0	0	0	0	396	587	
5	0	0	0	0	414	601	
6	0	0	0	0	435	556	
7	0	0	0	0	456	560	
8	0	0	0	0	474	543	
9	0	0	0	0	478	487	
10	0	0	0	0	469	459	
11	0	0	0	0	463	437	
12	0	0	0	0	464	441	
13	0	0	0	0	471	460	
14	0	0	0	0	475	460	
15	0	0	0	0	475	438	
0	0	0	0	0	470	401	
1	0	0	0	0	462	407	
2	0	0	0	0	452	431	
3	0	0	0	0	449	447	
4	0	0	0	0	459	433	
5	0	0	0	0	473	437	
6	0	0	0	0	487	453	
7	0	0	0	0	501	469	
8	0	0	0	0	509	485	
9	0	0	0	0	517	527	
10	0	0	0	0	523	547	
11	0	0	0	0	524	529	
12	0	0	0	0	525	539	
13	0	0	0	0	526	538	
14	0	0	0	0	529	502	
15	0	0	0	0	536	509	
0	0	0	0	0	542	518	
1	0	0	0	0	543	512	
2	0	0	0	0	539	520	
3	0	0	0	0	527	531	
4	0	0	0	0	516	552	
5	0	0	0	0	507	542	
6	0	0	0	0	498	543	
7	0	0	0	0	491	530	
8	0	0	0	0	484	503	
9	0	0	0	0	479	503	
10	0	0	0	0	476	504	
11	0	0	0	0	473	490	
12	0	0	0	0	469	434	
13	0	0	0	0	469	407	
14	0	0	0	0	471	421	
15	0	0	0	0	473	416	
0	0	0	0	0	477	424	
1	0	0	0	0	482	441	
2	0	0	0	0	485	477	
3	0	0	0	0	493	488	
4	0	0	0	0	500	480	
5	0	0	0	0	508	508	
6	0	0	0	0	519	536	
7	0	0	0	0	532	563	
8	0	0	0	0	548	606	
9	0	0	0	0	560	599	
10	0	0	0	0	568	595	
11	0	0	0	0	568	593	
12	0	0	0	0	565	537	
13	0	0	0	0	565	497	
14	0	0	0	0	567	492	
15	0	0	0	0	567	502	
0	0	0	0	0	568	451	
1	0	0	0	0	572	451	
2	0	0	0	0	579	484	
3	0	0	0	0	584	500	
4	0	0	0	0	595	512	
5	0	0	0	0	609	524	
6	0	0	0	0	629	550	
7	0	0	0	0	648	549	
8	0	0	0	0	668	555	
9	0	0	0	0	680	555	
10	0	0	0	0	688	551	
11	0	0	0	0	690	539	
12	0	0	0	0	686	497	
13	0	0	0	0	678	458	
14	0	0	0	0	667	404	
15	0	0	0	0	655	390	
0	0	0	0	0	652	405	
1	0	0	0	0	657	388	
2	0	0	0	0	669	375	
3	0	0	0	0	693	363	
4	0	0	0	0	723	360	
5	0	0	0	0	750	364	
6	0	0	0	0	770	363	
7	0	0	0	0	776	359	
8	0	0	0	0	769	343	
9	0	0	0	0	750	314	
10	0	0	0	0	723	336	
11	0	0	0	0	696	337	
12	0	0	0	0	667	346	
13	0	0	0	0	644	360	
14	0	0	0	0	624	403	
15	0	0	0	0	608	425	
0	0	0	0	0	596	437	
1	0	0	0	0	592	464	
2	0	0	0	0	593	486	
3	0	0	0	0	600	494	
4	0	0	0	0	615	475	
5	0	0	0	0	637	449	
6	0	0	0	0	662	452	
7	0	0	0	0	687	465	
8	0	0	0	0	711	446	
9	0	0	0	0	735	449	
10	0	0	0	0	754	395	
11	0	0	0	0	767	362	
12	0	0	0	0	771	370	
13	0	0	0	0	768	330	
14	0	0	0	0	761	361	
15	0	0	0	0	753	381	
0	0	0	0	0	744	388	
1	0	0	0	0	737	392	
2	0	0	0	0	734	435	
3	0	0	0	0	729	448	
4	0	0	0	0	719	435	
5	0	0	0	0	702	430	
6	0	0	0	0	690	427	
7	0	0	0	0	679	423	
8	0	0	0	0	670	436	
9	0	0	0	0	664	433	
10	0	0	0	0	658	427	
11	0	0	0	0	657	463	
12	0	0	0	0	660	455	
13	0	0	0	0	665	467	
14	0	0	0	0	671	464	
15	0	0	0	0	673	476	
0	0	0	0	0	676	452	
1	0	0	0	0	682	431	
2	0	0	0	0	689	416	
3	0	0	0	0	702	436	
4	0	0	0	0	720	425	
5	0	0	0	0	740	432	
6	0	0	0	0	761	461	
7	0	0	0	0	778	475	
8	0	0	0	0	792	490	
9	0	0	0	0	798	464	
10	0	0	0	0	795	474	
11	0	0	0	0	791	483	
12	0	0	0	0	788	453	
13	0	0	0	0	783	454	
14	0	0	0	0	778	435	
15	0	0	0	0	772	425	
0	0	0	0	0	763	429	
1	0	0	0	0	755	435	
2	0	0	0	0	745	422	
3	0	0	0	0	740	417	
4	0	0	0	0	731	409	
5	0	0	0	0	723	422	
6	0	0	0	0	712	432	
7	0	0	0	0	698	448	
8	0	0	0	0	685	478	
9	0	0	0	0	676	510	
10	0	0	0	0	665	478	
11	0	0	0	0	661	428	
12	0	0	0	0	660	372	
13	0	0	0	0	659	351	
14	0	0	0	0	664	387	
15	0	0	0	0	678	463	
0	0	0	0	0	694	482	
1	0	0	0	0	710	445	
2	0	0	0	0	723	431	
3	0	0	0	0	734	451	
4	0	0	0	0	748	457	
5	0	0	0	0	760	456	
6	0	0	0	0	767	429	
7	0	0	0	0	767	453	
8	0	0	0	0	766	505	
9	0	0	0	0	763	537	
10	0	0	0	0	758	533	
11	0	0	0	0	746	520	
12	0	0	0	0	732	475	
13	0	0	0	0	711	438	
14	0	0	0	0	692	459	
15	0	0	0	0	678	491	
0	0	0	0	0	668	505	
1	0	0	0	0	661	528	
2	0	0	0	0	654	519	
3	0	0	0	0	646	494	
4	0	0	0	0	633	479	
5	0	0	0	0	620	481	
6	0	0	0	0	610	481	
7	0	0	0	0	603	510	
8	0	0	0	0	606	536	
9	0	0	0	0	612	550	
10	0	0	0	0	616	551	
11	0	0	0	0	621	526	
12	0	0	0	0	632	470	
13	0	0	0	0	652	440	
14	0	0	0	0	675	408	
15	0	0	0	0	692	407	
0	0	0	0	0	700	425	
1	0	0	0	0	698	436	
2	0	0	0	0	695	441	
3	0	0	0	0	688	450	
4	0	0	0	0	675	486	
5	0	0	0	0	659	502	
6	0	0	0	0	647	468	
7	0	0	0	0	643	453	
8	0	0	0	0	642	419	
9	0	0	0	0	644	367	
10	0	0	0	0	646	340	
11	0	0	0	0	647	331	
12	0	0	0	0	647	339	
13	0	0	0	0	649	374	
14	0	0	0	0	651	435	
15	0	0	0	0	647	443	
0	0	0	0	0	640	447	
1	0	0	0	0	632	465	
2	0	0	0	0	624	433	
3	0	0	0	0	616	441	
4	0	0	0	0	608	486	
5	0	0	0	0	599	510	
6	0	0	0	0	588	541	
7	0	0	0	0	577	545	
8	0	0	0	0	564	536	
9	0	0	0	0	547	512	
10	0	0	0	0	534	482	
11	0	0	0	0	524	453	
12	0	0	0	0	519	419	
13	0	0	0	0	517	418	
14	0	0	0	0	515	415	
15	0	0	0	0	518	392	
0	0	0	0	0	524	329	
1	0	0	0	0	531	323	
2	0	0	0	0	541	342	
3	0	0	0	0	551	384	
4	0	0	0	0	559	435	
5	0	0	0	0	560	500	
6	0	0	0	0	556	534	
7	0	0	0	0	550	545	
8	0	0	0	0	545	566	
9	0	0	0	0	542	535	
10	0	0	0	0	540	453	
11	0	0	0	0	540	447	
12	0	0	0	0	541	475	
13	0	0	0	0	542	499	
14	0	0	0	0	543	531	
15	0	0	0	0	550	526	
0	0	0	0	0	560	460	
1	0	0	0	0	576	400	
2	0	0	0	0	585	370	
3	0	0	0	0	590	348	
4	0	0	0	0	591	368	
5	0	0	0	0	587	412	
6	0	0	0	0	579	449	
7	0	0	0	0	568	440	
8	0	0	0	0	555	463	
9	0	0	0	0	544	496	
10	0	0	0	0	539	520	
11	0	0	0	0	532	556	
12	0	0	0	0	521	560	
13	0	0	0	0	510	565	
14	0	0	0	0	497	603	
15	0	0	0	0	492	611	
0	0	0	0	0	493	580	
1	0	0	0	0	500	565	
2	0	0	0	0	513	514	
3	0	0	0	0	528	497	
4	0	0	0	0	545	513	
5	0	0	0	0	561	515	
6	0	0	0	0	575	499	
7	0	0	0	0	587	487	
8	0	0	0	0	596	446	
9	0	0	0	0	596	429	
10	0	0	0	0	594	445	
11	0	0	0	0	586	464	
12	0	0	0	0	575	515	
13	0	0	0	0	563	565	
14	0	0	0	0	547	572	
15	0	0	0	0	529	543	
0	0	0	0	0	515	508	
1	0	0	0	0	504	482	
2	0	0	0	0	497	463	
3	0	0	0	0	497	429	
4	0	0	0	0	497	451	
5	0	0	0	0	493	507	
6	0	0	0	0	484	533	
7	0	0	0	0	478	541	
8	0	0	0	0	479	554	
9	0	0	0	0	482	572	
10	0	0	0	0	485	571	
11	0	0	0	0	492	571	
12	0	0	0	0	501	559	
13	0	0	0	0	514	564	
14	0	0	0	0	531	560	
15	0	0	0	0	549	527	
0	0	0	0	0	564	514	
1	0	0	0	0	574	495	
2	0	0	0	0	579	471	
3	0	0	0	0	575	494	
4	0	0	0	0	567	507	
5	0	0	0	0	558	499	
6	0	0	0	0	549	530	
7	0	0	0	0	540	566	
8	0	0	0	0	533	613	
9	0	0	0	0	524	646	
10	0	0	0	0	515	681	
11	0	0	0	0	510	657	
12	0	0	0	0	506	593	
13	0	0	0	0	508	574	
14	0	0	0	0	514	573	
15	0	0	0	0	528	566	
0	0	0	0	0	546	540	
1	0	0	0	0	563	524	
2	0	0	0	0	572	537	
3	0	0	0	0	579	529	
4	0	0	0	0	583	617	
5	0	0	0	0	578	693	
6	0	0	0	0	572	733	
7	0	0	0	0	577	755	
8	0	0	0	0	591	721	
9	0	0	0	0	612	616	
10	0	0	0	0	631	508	
11	0	0	0	0	639	474	
12	0	0	0	0	634	457	
13	0	0	0	0	617	425	
14	0	0	0	0	590	465	
15	0	0	0	0	562	506	
0	0	0	0	0	543	557	
1	0	0	0	0	527	591	
2	0	0	0	0	512	599	
3	0	0	0	0	495	564	
4	0	0	0	0	482	548	
5	0	0	0	0	472	571	
6	0	0	0	0	445	582	
7	0	0	0	0	431	617	
8	0	0	0	0	457	647	
9	0	0	0	0	531	627	
10	0	0	0	0	640	570	
11	0	0	0	0	732	556	
12	0	0	0	0	790	546	
13	0	0	0	0	812	522	
14	0	0	0	0	803	465	
15	0	0	0	0	765	431	
0	0	0	0	0	716	421	
1	0	0	0	0	652	449	
2	0	0	0	0	580	471	
3	0	0	0	0	524	486	
4	0	0	0	0	486	507	
5	0	0	0	0	455	537	
6	0	0	0	0	433	577	
7	0	0	0	0	419	604	
8	0	0	0	0	403	633	
9	0	0	0	0	391	648	
10	0	0	0	0	387	683	
11	0	0	0	0	388	740	
12	0	0	0	0	390	743	
13	0	0	0	0	391	707	
14	0	0	0	0	392	674	
15	0	0	0	0	398	643	
0	0	0	0	0	411	612	
1	0	0	0	0	428	599	
2	0	0	0	0	445	609	
3	0	0	0	0	465	610	
4	0	0	0	0	487	616	
5	0	0	0	0	505	650	
6	0	0	0	0	521	618	
7	0	0	0	0	536	630	
8	0	0	0	0	551	656	
9	0	0	0	0	561	684	
10	0	0	0	0	564	696	
11	0	0	0	0	562	660	
12	0	0	0	0	559	596	
13	0	0	0	0	558	555	
14	0	0	0	0	552	557	
15	0	0	0	0	540	606	
0	0	0	0	0	527	636	
1	0	0	0	0	516	647	
2	0	0	0	0	511	638	
3	0	0	0	0	513	632	
4	0	0	0	0	517	627	
5	0	0	0	0	516	635	
6	0	0	0	0	512	601	
7	0	0	0	0	512	577	
8	0	0	0	0	515	574	
9	0	0	0	0	518	577	
10	0	0	0	0	518	577	
11	0	0	0	0	517	545	
12	0	0	0	0	515	523	
13	0	0	0	0	515	500	
14	0	0	0	0	520	491	
15	0	0	0	0	532	457	
0	0	0	0	0	546	452	
1	0	0	0	0	551	472	
2	0	0	0	0	550	483	
3	0	0	0	0	546	508	
4	0	0	0	0	541	512	
5	0	0	0	0	534	500	
6	0	0	0	0	524	473	
7	0	0	0	0	516	461	
8	0	0	0	0	506	461	
9	0	0	0	0	492	507	
10	0	0	0	0	473	540	
11	0	0	0	0	452	550	
12	0	0	0	0	435	567	
13	0	0	0	0	424	575	
14	0	0	0	0	424	631	
15	0	0	0	0	431	653	
0	0	0	0	0	446	672	
1	0	0	0	0	463	670	
2	0	0	0	0	479	654	
3	0	0	0	0	493	649	
4	0	0	0	0	508	655	
5	0	0	0	0	518	641	
6	0	0	0	0	523	600	
7	0	0	0	0	517	598	
8	0	0	0	0	503	547	
9	0	0	0	0	483	536	
10	0	0	0	0	461	525	
11	0	0	0	0	440	524	
12	0	0	0	0	422	538	
13	0	0	0	0	407	555	
14	0	0	0	0	393	579	
15	0	0	0	0	386	574	
0	0	0	0	0	381	593	
1	0	0	0	0	382	583	
2	0	0	0	0	387	579	
3	0	0	0	0	396	595	
4	0	0	0	0	407	587	
5	0	0	0	0	423	579	
6	0	0	0	0	443	570	
7	0	0	0	0	463	582	
8	0	0	0	0	479	584	
9	0	0	0	0	489	578	
10	0	0	0	0	497	564	
11	0	0	0	0	500	621	
12	0	0	0	0	498	620	
13	0	0	0	0	494	600	
14	0	0	0	0	496	571	
15	0	0	0	0	500	553	
0	0	0	0	0	505	559	
1	0	0	0	0	507	588	
2	0	0	0	0	505	622	
3	0	0	0	0	510	622	
4	0	0	0	0	518	585	
5	0	0	0	0	529	595	
6	0	0	0	0	540	595	
7	0	0	0	0	546	608	
8	0	0	0	0	549	590	
9	0	0	0	0	550	564	
10	0	0	0	0	548	556	
11	0	0	0	0	542	562	
12	0	0	0	0	534	576	
13	0	0	0	0	530	559	
14	0	0	0	0	531	513	
15	0	0	0	0	532	510	
0	0	0	0	0	534	534	
1	0	0	0	0	536	543	
2	0	0	0	0	544	546	
3	0	0	0	0	558	531	
4	0	0	0	0	570	513	
5	0	0	0	0	583	515	
6	0	0	0	0	595	528	
7	0	0	0	0	603	531	
8	0	0	0	0	613	532	
9	0	0	0	0	621	516	
10	0	0	0	0	626	515	
11	0	0	0	0	631	508	
12	0	0	0	0	631	503	
13	0	0	0	0	622	475	
14	0	0	0	0	607	459	
15	0	0	0	0	587	462	
0	0	0	0	0	566	468	
1	0	0	0	0	543	460	
2	0	0	0	0	523	465	
3	0	0	0	0	508	513	
4	0	0	0	0	492	547	
5	0	0	0	0	477	588	
6	0	0	0	0	463	601	
7	0	0	0	0	456	595	
8	0	0	0	0	448	536	
9	0	0	0	0	441	540	
10	0	0	0	0	437	554	
11	0	0	0	0	435	584	
12	0	0	0	0	443	594	
13	0	0	0	0	455	603	
14	0	0	0	0	463	654	
15	0	0	0	0	467	690	
0	0	0	0	0	469	711	
1	0	0	0	0	468	698	
2	0	0	0	0	463	671	
3	0	0	0	0	462	619	
4	0	0	0	0	461	545	
5	0	0	0	0	461	447	
6	0	0	0	0	460	428	
7	0	0	0	0	465	409	
8	0	0	0	0	476	470	
9	0	0	0	0	485	531	
10	0	0	0	0	492	556	
11	0	0	0	0	496	552	
12	0	0	0	0	500	556	
13	0	0	0	0	500	550	
14	0	0	0	0	502	536	
15	0	0	0	0	503	520	
0	0	0	0	0	499	501	
1	0	0	0	0	493	509	
2	0	0	0	0	487	519	
3	0	0	0	0	485	524	
4	0	0	0	0	484	556	
5	0	0	0	0	488	579	
6	0	0	0	0	503	591	
7	0	0	0	0	528	607	
8	0	0	0	0	551	608	
9	0	0	0	0	566	601	
10	0	0	0	0	575	595	
11	0	0	0	0	576	629	
12	0	0	0	0	569	641	
13	0	0	0	0	556	636	
14	0	0	0	0	536	640	
15	0	0	0	0	516	573	
0	0	0	0	0	500	494	
1	0	0	0	0	489	443	
2	0	0	0	0	483	443	
3	0	0	0	0	482	473	
4	0	0	0	0	485	510	
5	0	0	0	0	493	531	
6	0	0	0	0	508	557	
7	0	0	0	0	526	561	
8	0	0	0	0	551	599	
9	0	0	0	0	577	610	
10	0	0	0	0	604	598	
11	0	0	0	0	623	521	
12	0	0	0	0	632	496	
13	0	0	0	0	632	478	
14	0	0	0	0	615	438	
15	0	0	0	0	589	415	
0	0	0	0	0	558	381	
1	0	0	0	0	526	367	
2	0	0	0	0	496	395	
3	0	0	0	0	473	443	
4	0	0	0	0	457	453	
5	0	0	0	0	447	485	
6	0	0	0	0	441	528	
7	0	0	0	0	436	590	
8	0	0	0	0	431	585	
9	0	0	0	0	428	554	
10	0	0	0	0	428	548	
11	0	0	0	0	429	551	
12	0	0	0	0	431	542	
13	0	0	0	0	435	520	
14	0	0	0	0	446	499	
15	0	0	0	0	463	483	
0	0	0	0	0	472	464	
1	0	0	0	0	472	474	
2	0	0	0	0	465	491	
3	0	0	0	0	455	527	
4	0	0	0	0	440	555	
5	0	0	0	0	424	574	
6	0	0	0	0	412	578	
7	0	0	0	0	404	578	
8	0	0	0	0	406	580	
9	0	0	0	0	408	575	
10	0	0	0	0	414	579	
11	0	0	0	0	425	583	
12	0	0	0	0	433	563	
13	0	0	0	0	444	531	
14	0	0	0	0	456	505	
15	0	0	0	0	467	472	
0	0	0	0	0	476	479	
1	0	0	0	0	480	551	
2	0	0	0	0	483	600	
3	0	0	0	0	488	642	
4	0	0	0	0	494	630	
5	0	0	0	0	501	638	
6	0	0	0	0	508	691	
7	0	0	0	0	514	669	
8	0	0	0	0	519	647	
9	0	0	0	0	524	613	
10	0	0	0	0	536	560	
11	0	0	0	0	551	562	
12	0	0	0	0	561	543	
13	0	0	0	0	569	536	
14	0	0	0	0	574	551	
15	0	0	0	0	571	572	
0	0	0	0	0	563	584	
1	0	0	0	0	558	636	
2	0	0	0	0	556	687	
3	0	0	0	0	547	701	
4	0	0	0	0	538	693	
5	0	0	0	0	531	653	
6	0	0	0	0	527	638	
7	0	0	0	0	527	614	
8	0	0	0	0	526	605	
9	0	0	0	0	520	594	
10	0	0	0	0	514	577	
11	0	0	0	0	507	526	
12	0	0	0	0	502	494	
13	0	0	0	0	496	480	
14	0	0	0	0	492	502	
15	0	0	0	0	488	542	
0	0	0	0	0	478	562	
1	0	0	0	0	467	558	
2	0	0	0	0	456	564	
3	0	0	0	0	445	574	
4	0	0	0	0	435	582	
5	0	0	0	0	431	568	
6	0	0	0	0	434	539	
7	0	0	0	0	443	536	
8	0	0	0	0	456	512	
9	0	0	0	0	471	505	
10	0	0	0	0	485	484	
11	0	0	0	0	499	492	
12	0	0	0	0	510	474	
13	0	0	0	0	516	457	
14	0	0	0	0	523	465	
15	0	0	0	0	524	487	
0	0	0	0	0	522	522	
1	0	0	0	0	517	512	
2	0	0	0	0	512	481	
3	0	0	0	0	508	487	
4	0	0	0	0	501	537	
5	0	0	0	0	496	551	
6	0	0	0	0	497	535	
7	0	0	0	0	495	526	
8	0	0	0	0	489	504	
9	0	0	0	0	486	475	
10	0	0	0	0	479	458	
11	0	0	0	0	468	468	
12	0	0	0	0	452	519	
13	0	0	0	0	439	568	
14	0	0	0	0	428	569	
15	0	0	0	0	419	587	
0	0	0	0	0	416	603	
1	0	0	0	0	410	595	
2	0	0	0	0	404	608	
3	0	0	0	0	401	627	
4	0	0	0	0	400	654	
5	0	0	0	0	403	668	
6	0	0	0	0	409	648	
7	0	0	0	0	422	628	
8	0	0	0	0	433	569	
9	0	0	0	0	442	507	
10	0	0	0	0	447	490	
11	0	0	0	0	444	482	
12	0	0	0	0	440	499	
13	0	0	0	0	440	526	
14	0	0	0	0	448	559	
15	0	0	0	0	454	532	
0	0	0	0	0	452	525	
1	0	0	0	0	445	519	
2	0	0	0	0	435	518	
3	0	0	0	0	427	534	
4	0	0	0	0	425	564	
5	0	0	0	0	431	592	
6	0	0	0	0	441	574	
7	0	0	0	0	455	555	
8	0	0	0	0	469	555	
9	0	0	0	0	484	568	
10	0	0	0	0	500	585	
11	0	0	0	0	512	577	
12	0	0	0	0	521	538	
13	0	0	0	0	527	508	
14	0	0	0	0	535	514	
15	0	0	0	0	538	513	
0	0	0	0	0	532	488	
1	0	0	0	0	522	500	
2	0	0	0	0	506	529	
3	0	0	0	0	487	551	
4	0	0	0	0	473	571	
5	0	0	0	0	466	606	
6	0	0	0	0	463	590	
7	0	0	0	0	462	583	
8	0	0	0	0	464	540	
9	0	0	0	0	469	496	
10	0	0	0	0	468	487	
11	0	0	0	0	464	508	
12	0	0	0	0	460	528	
13	0	0	0	0	449	540	
14	0	0	0	0	435	552	
15	0	0	0	0	422	560	
0	0	0	0	0	411	575	
1	0	0	0	0	403	560	
2	0	0	0	0	398	559	
3	0	0	0	0	388	610	
4	0	0	0	0	380	609	
5	0	0	0	0	377	574	
6	0	0	0	0	377	541	
7	0	0	0	0	382	514	
8	0	0	0	0	391	503	
9	0	0	0	0	398	511	
10	0	0	0	0	400	532	
11	0	0	0	0	400	519	
12	0	0	0	0	397	519	
13	0	0	0	0	396	521	
14	0	0	0	0	396	538	
15	0	0	0	0	401	551	
0	0	0	0	0	410	537	
1	0	0	0	0	415	525	
2	0	0	0	0	419	497	
3	0	0	0	0	428	463	
4	0	0	0	0	436	467	
5	0	0	0	0	446	471	
6	0	0	0	0	456	475	
7	0	0	0	0	467	521	
8	0	0	0	0	476	588	
9	0	0	0	0	482	601	
10	0	0	0	0	486	601	
11	0	0	0	0	489	576	
12	0	0	0	0	492	565	
13	0	0	0	0	493	569	
14	0	0	0	0	489	573	
15	0	0	0	0	484	578	
0	0	0	0	0	479	583	
1	0	0	0	0	475	568	
2	0	0	0	0	467	529	
3	0	0	0	0	462	476	
4	0	0	0	0	462	482	
5	0	0	0	0	466	472	
6	0	0	0	0	474	448	
7	0	0	0	0	482	419	
8	0	0	0	0	480	418	
9	0	0	0	0	476	423	
10	0	0	0	0	473	441	
11	0	0	0	0	473	461	
12	0	0	0	0	478	460	
13	0	0	0	0	484	469	
14	0	0	0	0	496	486	
15	0	0	0	0	508	479	
0	0	0	0	0	518	484	
1	0	0	0	0	526	489	
2	0	0	0	0	534	472	
3	0	0	0	0	540	434	
4	0	0	0	0	540	413	
5	0	0	0	0	540	423	
6	0	0	0	0	539	439	
7	0	0	0	0	534	436	
8	0	0	0	0	527	443	
9	0	0	0	0	518	400	
10	0	0	0	0	508	384	
11	0	0	0	0	502	387	
12	0	0	0	0	500	425	
13	0	0	0	0	505	454	
14	0	0	0	0	510	476	
15	0	0	0	0	518	518	
0	0	0	0	0	525	555	
1	0	0	0	0	529	524	
2	0	0	0	0	539	498	
3	0	0	0	0	545	455	
4	0	0	0	0	558	451	
5	0	0	0	0	574	427	
6	0	0	0	0	583	422	
7	0	0	0	0	577	438	
8	0	0	0	0	562	463	
9	0	0	0	0	547	468	
10	0	0	0	0	535	472	
11	0	0	0	0	528	454	
12	0	0	0	0	520	445	
13	0	0	0	0	512	481	
14	0	0	0	0	506	505	
15	0	0	0	0	497	499	
0	0	0	0	0	492	508	
1	0	0	0	0	492	519	
2	0	0	0	0	488	507	
3	0	0	0	0	475	480	
4	0	0	0	0	460	504	
5	0	0	0	0	448	524	
6	0	0	0	0	441	521	
7	0	0	0	0	438	535	
8	0	0	0	0	435	533	
9	0	0	0	0	438	555	
10	0	0	0	0	444	511	
11	0	0	0	0	452	492	
12	0	0	0	0	461	503	
13	0	0	0	0	472	508	
14	0	0	0	0	485	479	
15	0	0	0	0	493	465	
0	0	0	0	0	497	465	
1	0	0	0	0	502	465	
2	0	0	0	0	504	455	
3	0	0	0	0	499	461	
4	0	0	0	0	490	461	
5	0	0	0	0	480	495	
6	0	0	0	0	474	523	
7	0	0	0	0	473	491	
8	0	0	0	0	476	447	
9	0	0	0	0	480	450	
10	0	0	0	0	483	464	
11	0	0	0	0	489	492	
12	0	0	0	0	493	500	
13	0	0	0	0	495	520	
14	0	0	0	0	494	515	
15	0	0	0	0	486	519	
0	0	0	0	0	476	530	
1	0	0	0	0	471	531	
2	0	0	0	0	466	502	
3	0	0	0	0	463	503	
4	0	0	0	0	460	491	
5	0	0	0	0	454	457	
6	0	0	0	0	451	463	
7	0	0	0	0	451	492	
8	0	0	0	0	454	503	
9	0	0	0	0	456	527	
10	0	0	0	0	460	558	
11	0	0	0	0	460	564	
12	0	0	0	0	461	574	
13	0	0	0	0	460	587	
14	0	0	0	0	459	591	
15	0	0	0	0	460	604	
0	0	0	0	0	462	601	
1	0	0	0	0	459	610	
2	0	0	0	0	452	600	
3	0	0	0	0	451	586	
4	0	0	0	0	457	610	
5	0	0	0	0	459	609	
6	0	0	0	0	459	604	
7	0	0	0	0	455	561	
8	0	0	0	0	446	507	
9	0	0	0	0	434	501	
10	0	0	0	0	428	498	
11	0	0	0	0	425	514	
12	0	0	0	0	424	576	
13	0	0	0	0	425	606	
14	0	0	0	0	430	571	
15	0	0	0	0	433	536	
0	0	0	0	0	433	521	
1	0	0	0	0	431	524	
2	0	0	0	0	433	551	
3	0	0	0	0	443	539	
4	0	0	0	0	451	518	
5	0	0	0	0	458	528	
6	0	0	0	0	465	513	
7	0	0	0	0	471	484	
8	0	0	0	0	472	489	
9	0	0	0	0	471	486	
10	0	0	0	0	473	484	
11	0	0	0	0	469	463	
12	0	0	0	0	456	481	
13	0	0	0	0	441	519	
14	0	0	0	0	423	546	
15	0	0	0	0	405	576	
0	0	0	0	0	390	563	
1	0	0	0	0	381	566	
2	0	0	0	0	379	566	
3	0	0	0	0	383	541	
4	0	0	0	0	391	496	
5	0	0	0	0	403	436	
6	0	0	0	0	419	394	
7	0	0	0	0	438	413	
8	0	0	0	0	459	470	
9	0	0	0	0	479	513	
10	0	0	0	0	498	521	
11	0	0	0	0	512	491	
12	0	0	0	0	525	453	
13	0	0	0	0	538	421	
14	0	0	0	0	547	445	
15	0	0	0	0	550	456	
0	0	0	0	0	551	465	
1	0	0	0	0	554	490	
2	0	0	0	0	556	513	
3	0	0	0	0	559	553	
4	0	0	0	0	564	586	
5	0	0	0	0	564	588	
6	0	0	0	0	561	550	
7	0	0	0	0	562	526	
8	0	0	0	0	560	523	
9	0	0	0	0	552	515	
10	0	0	0	0	538	556	
11	0	0	0	0	524	548	
12	0	0	0	0	511	529	
13	0	0	0	0	499	520	
14	0	0	0	0	484	494	
15	0	0	0	0	477	482	
0	0	0	0	0	474	486	
1	0	0	0	0	475	501	
2	0	0	0	0	482	515	
3	0	0	0	0	487	453	
4	0	0	0	0	490	415	
5	0	0	0	0	497	429	
6	0	0	0	0	502	430	
7	0	0	0	0	505	435	
8	0	0	0	0	503	417	
9	0	0	0	0	497	443	
10	0	0	0	0	490	480	
11	0	0	0	0	483	520	
12	0	0	0	0	478	543	
13	0	0	0	0	474	523	
14	0	0	0	0	468	526	
15	0	0	0	0	466	524	
0	0	0	0	0	467	515	
1	0	0	0	0	474	509	
2	0	0	0	0	480	521	
3	0	0	0	0	486	514	
4	0	0	0	0	496	493	
5	0	0	0	0	508	476	
6	0	0	0	0	523	506	
7	0	0	0	0	540	472	
8	0	0	0	0	558	452	
9	0	0	0	0	575	457	
10	0	0	0	0	594	480	
11	0	0	0	0	609	507	
12	0	0	0	0	615	519	
13	0	0	0	0	612	539	
14	0	0	0	0	602	560	
15	0	0	0	0	595	562	
0	0	0	0	0	592	533	
1	0	0	0	0	589	532	
2	0	0	0	0	583	513	
3	0	0	0	0	579	510	
4	0	0	0	0	575	492	
5	0	0	0	0	569	485	
6	0	0	0	0	562	486	
7	0	0	0	0	556	498	
8	0	0	0	0	552	519	
9	0	0	0	0	548	517	
10	0	0	0	0	541	512	
11	0	0	0	0	533	498	
12	0	0	0	0	528	483	
13	0	0	0	0	521	497	
14	0	0	0	0	512	496	
15	0	0	0	0	504	491	
0	0	0	0	0	496	501	
1	0	0	0	0	484	516	
2	0	0	0	0	475	481	
3	0	0	0	0	467	455	
4	0	0	0	0	460	479	
5	0	0	0	0	456	471	
6	0	0	0	0	456	496	
7	0	0	0	0	461	484	
8	0	0	0	0	471	473	
9	0	0	0	0	481	449	
10	0	0	0	0	487	448	
11	0	0	0	0	489	501	
12	0	0	0	0	489	512	
13	0	0	0	0	486	524	
14	0	0	0	0	480	523	
15	0	0	0	0	472	526	
0	0	0	0	0	468	522	
1	0	0	0	0	463	540	
2	0	0	0	0	460	546	
3	0	0	0	0	463	532	
4	0	0	0	0	465	540	
5	0	0	0	0	466	537	
6	0	0	0	0	465	510	
7	0	0	0	0	467	518	
8	0	0	0	0	469	549	
9	0	0	0	0	474	551	
10	0	0	0	0	476	539	
11	0	0	0	0	476	496	
12	0	0	0	0	476	451	
13	0	0	0	0	480	437	
14	0	0	0	0	487	416	
15	0	0	0	0	495	406	
0	0	0	0	0	498	419	
1	0	0	0	0	497	455	
2	0	0	0	0	496	483	
3	0	0	0	0	497	487	
4	0	0	0	0	499	482	
5	0	0	0	0	501	481	
6	0	0	0	0	506	485	
7	0	0	0	0	510	498	
8	0	0	0	0	512	527	
9	0	0	0	0	514	585	
10	0	0	0	0	515	594	
11	0	0	0	0	511	579	
12	0	0	0	0	509	631	
13	0	0	0	0	503	654	
14	0	0	0	0	499	620	
15	0	0	0	0	495	588	
0	0	0	0	0	492	581	
1	0	0	0	0	488	538	
2	0	0	0	0	483	487	
3	0	0	0	0	477	463	
4	0	0	0	0	476	449	
5	0	0	0	0	474	464	
6	0	0	0	0	474	490	
7	0	0	0	0	472	521	
8	0	0	0	0	472	563	
9	0	0	0	0	472	600	
10	0	0	0	0	475	589	
11	0	0	0	0	480	586	
12	0	0	0	0	483	595	
13	0	0	0	0	486	592	
14	0	0	0	0	490	603	
15	0	0	0	0	497	595	
0	0	0	0	0	505	618	
1	0	0	0	0	515	608	
2	0	0	0	0	522	623	
3	0	0	0	0	530	613	
4	0	0	0	0	540	598	
5	0	0	0	0	550	555	
6	0	0	0	0	555	504	
7	0	0	0	0	560	460	
8	0	0	0	0	566	400	
9	0	0	0	0	574	368	
10	0	0	0	0	583	377	
11	0	0	0	0	591	383	
12	0	0	0	0	594	388	
13	0	0	0	0	596	435	
14	0	0	0	0	597	496	
15	0	0	0	0	595	484	
0	0	0	0	0	590	464	
1	0	0	0	0	586	470	
2	0	0	0	0	581	443	
3	0	0	0	0	578	412	
4	0	0	0	0	579	418	
5	0	0	0	0	582	439	
6	0	0	0	0	583	465	
7	0	0	0	0	588	465	
8	0	0	0	0	590	448	
9	0	0	0	0	586	454	
10	0	0	0	0	580	472	
11	0	0	0	0	573	458	
12	0	0	0	0	568	470	
13	0	0	0	0	568	488	
14	0	0	0	0	573	508	
15	0	0	0	0	578	534	
0	0	0	0	0	578	480	
1	0	0	0	0	573	471	
2	0	0	0	0	569	487	
3	0	0	0	0	562	473	
4	0	0	0	0	553	510	
5	0	0	0	0	545	532	
6	0	0	0	0	539	548	
7	0	0	0	0	533	553	
8	0	0	0	0	527	556	
9	0	0	0	0	518	549	
10	0	0	0	0	511	538	
11	0	0	0	0	502	542	
12	0	0	0	0	494	519	
13	0	0	0	0	484	503	
14	0	0	0	0	472	509	
15	0	0	0	0	463	536	
0	0	0	0	0	455	560	
1	0	0	0	0	446	606	
2	0	0	0	0	442	618	
3	0	0	0	0	446	577	
4	0	0	0	0	449	528	
5	0	0	0	0	455	502	
6	0	0	0	0	465	488	
7	0	0	0	0	478	491	
8	0	0	0	0	487	534	
9	0	0	0	0	495	536	
10	0	0	0	0	500	525	
11	0	0	0	0	503	503	
12	0	0	0	0	505	487	
13	0	0	0	0	509	493	
14	0	0	0	0	518	484	
15	0	0	0	0	527	529	
0	0	0	0	0	534	525	
1	0	0	0	0	542	499	
2	0	0	0	0	549	474	
3	0	0	0	0	553	454	
4	0	0	0	0	555	417	
5	0	0	0	0	557	398	
6	0	0	0	0	560	407	
7	0	0	0	0	560	412	
8	0	0	0	0	560	395	
9	0	0	0	0	562	406	
10	0	0	0	0	568	415	
11	0	0	0	0	572	424	
12	0	0	0	0	577	422	
13	0	0	0	0	580	425	
14	0	0	0	0	584	391	
15	0	0	0	0	588	357	
0	0	0	0	0	589	364	
1	0	0	0	0	588	392	
2	0	0	0	0	582	466	
3	0	0	0	0	573	510	
4	0	0	0	0	562	540	
5	0	0	0	0	553	578	
6	0	0	0	0	546	570	
7	0	0	0	0	538	553	
8	0	0	0	0	526	529	
9	0	0	0	0	511	541	
10	0	0	0	0	499	609	
11	0	0	0	0	490	627	
12	0	0	0	0	481	601	
13	0	0	0	0	475	586	
14	0	0	0	0	472	572	
15	0	0	0	0	468	556	
0	0	0	0	0	467	545	
1	0	0	0	0	462	592	
2	0	0	0	0	456	604	
3	0	0	0	0	455	599	
4	0	0	0	0	462	609	
5	0	0	0	0	470	615	
6	0	0	0	0	473	628	
7	0	0	0	0	473	649	
8	0	0	0	0	473	660	
9	0	0	0	0	475	667	
10	0	0	0	0	479	630	
11	0	0	0	0	485	609	
12	0	0	0	0	486	604	
13	0	0	0	0	480	545	
14	0	0	0	0	468	448	
15	0	0	0	0	455	376	
0	0	0	0	0	445	318	
1	0	0	0	0	436	337	
2	0	0	0	0	428	332	
3	0	0	0	0	420	429	
4	0	0	0	0	415	488	
5	0	0	0	0	416	487	
6	0	0	0	0	419	516	
7	0	0	0	0	422	509	
8	0	0	0	0	422	495	
9	0	0	0	0	420	495	
10	0	0	0	0	418	478	
11	0	0	0	0	410	481	
12	0	0	0	0	400	487	
13	0	0	0	0	395	462	
14	0	0	0	0	397	455	
15	0	0	0	0	404	493	
0	0	0	0	0	416	513	
1	0	0	0	0	438	477	
2	0	0	0	0	460	485	
3	0	0	0	0	482	496	
4	0	0	0	0	494	542	
5	0	0	0	0	492	584	
6	0	0	0	0	487	590	
7	0	0	0	0	480	581	
8	0	0	0	0	467	568	
9	0	0	0	0	452	551	
10	0	0	0	0	438	538	
11	0	0	0	0	419	572	
12	0	0	0	0	395	560	
13	0	0	0	0	368	511	
14	0	0	0	0	344	495	
15	0	0	0	0	327	540	
0	0	0	0	0	324	615	
1	0	0	0	0	333	671	
2	0	0	0	0	348	703	
3	0	0	0	0	370	706	
4	0	0	0	0	392	665	
5	0	0	0	0	412	628	
6	0	0	0	0	435	544	
7	0	0	0	0	459	492	
8	0	0	0	0	485	454	
9	0	0	0	0	513	422	
10	0	0	0	0	531	419	
11	0	0	0	0	533	441	
12	0	0	0	0	515	468	
13	0	0	0	0	485	500	
14	0	0	0	0	452	506	
15	0	0	0	0	427	527	
0	0	0	0	0	412	558	
1	0	0	0	0	399	550	
2	0	0	0	0	387	512	
3	0	0	0	0	385	492	
4	0	0	0	0	393	489	
5	0	0	0	0	413	508	
6	0	0	0	0	441	512	
7	0	0	0	0	457	531	
8	0	0	0	0	453	564	
9	0	0	0	0	444	574	
10	0	0	0	0	441	568	
11	0	0	0	0	438	576	
12	0	0	0	0	440	563	
13	0	0	0	0	443	539	
14	0	0	0	0	437	516	
15	0	0	0	0	421	505	
0	0	0	0	0	403	503	
1	0	0	0	0	395	485	
2	0	0	0	0	398	514	
3	0	0	0	0	416	539	
4	0	0	0	0	444	525	
5	0	0	0	0	472	472	
6	0	0	0	0	505	467	
7	0	0	0	0	543	480	
8	0	0	0	0	579	481	
9	0	0	0	0	599	502	
10	0	0	0	0	595	522	
11	0	0	0	0	570	539	
12	0	0	0	0	538	515	
13	0	0	0	0	502	500	
14	0	0	0	0	474	495	
15	0	0	0	0	472	456	
0	0	0	0	0	473	442	
1	0	0	0	0	458	449	
2	0	0	0	0	426	481	
3	0	0	0	0	399	527	
4	0	0	0	0	389	571	
5	0	0	0	0	387	601	
6	0	0	0	0	386	626	
7	0	0	0	0	390	637	
8	0	0	0	0	412	642	
9	0	0	0	0	457	602	
10	0	0	0	0	521	556	
11	0	0	0	0	588	526	
12	0	0	0	0	624	476	
13	0	0	0	0	649	438	
14	0	0	0	0	678	379	
15	0	0	0	0	683	393	
0	0	0	0	0	658	443	
1	0	0	0	0	608	497	
2	0	0	0	0	532	515	
3	0	0	0	0	462	504	
4	0	0	0	0	452	519	
5	0	0	0	0	494	543	
6	0	0	0	0	575	528	
7	0	0	0	0	659	479	
8	0	0	0	0	720	451	
9	0	0	0	0	738	419	
10	0	0	0	0	708	368	
11	0	0	0	0	643	371	
12	0	0	0	0	560	389	
13	0	0	0	0	478	406	
14	0	0	0	0	416	462	
15	0	0	0	0	386	481	
0	0	0	0	0	367	491	
1	0	0	0	0	380	520	
2	0	0	0	0	435	546	
3	0	0	0	0	539	510	
4	0	0	0	0	656	448	
5	0	0	0	0	751	407	
6	0	0	0	0	782	404	
7	0	0	0	0	760	404	
8	0	0	0	0	699	411	
9	0	0	0	0	610	431	
10	0	0	0	0	507	440	
11	0	0	0	0	407	453	
12	0	0	0	0	335	472	
13	0	0	0	0	294	534	
14	0	0	0	0	285	599	
15	0	0	0	0	297	618	
0	0	0	0	0	329	607	
1	0	0	0	0	379	598	
2	0	0	0	0	433	510	
3	0	0	0	0	508	448	
4	0	0	0	0	601	382	
5	0	0	0	0	687	382	
6	0	0	0	0	739	370	
7	0	0	0	0	768	369	
8	0	0	0	0	791	382	
9	0	0	0	0	826	373	
10	0	0	0	0	864	401	
11	0	0	0	0	897	430	
12	0	0	0	0	910	422	
13	0	0	0	0	888	412	
14	0	0	0	0	821	431	
15	0	0	0	0	728	421	
0	0	0	0	0	626	429	
1	0	0	0	0	536	415	
2	0	0	0	0	467	396	
3	0	0	0	0	430	446	
4	0	0	0	0	429	503	
5	0	0	0	0	455	524	
6	0	0	0	0	490	532	
7	0	0	0	0	513	545	
8	0	0	0	0	523	574	
9	0	0	0	0	515	591	
10	0	0	0	0	474	616	
11	0	0	0	0	415	578	
12	0	0	0	0	377	529	
13	0	0	0	0	380	521	
14	0	0	0	0	411	520	
15	0	0	0	0	435	535	
0	0	0	0	0	448	546	
1	0	0	0	0	468	553	
2	0	0	0	0	522	559	
3	0	0	0	0	602	566	
4	0	0	0	0	673	550	
5	0	0	0	0	719	522	
6	0	0	0	0	739	501	
7	0	0	0	0	739	508	
8	0	0	0	0	752	538	
9	0	0	0	0	780	524	
10	0	0	0	0	822	494	
11	0	0	0	0	851	426	
12	0	0	0	0	860	307	
13	0	0	0	0	852	227	
14	0	0	0	0	846	250	
15	0	0	0	0	860	291	
0	0	0	0	0	897	337	
1	0	0	0	0	944	314	
2	0	0	0	0	988	267	
3	0	0	0	0	1010	256	
4	0	0	0	0	1007	278	
5	0	0	0	0	971	315	
6	0	0	0	0	914	367	
7	0	0	0	0	839	412	
8	0	0	0	0	775	459	
9	0	0	0	0	744	458	
10	0	0	0	0	769	460	
11	0	0	0	0	829	454	
12	0	0	0	0	903	443	
13	0	0	0	0	953	436	
14	0	0	0	0	952	447	
15	0	0	0	0	914	422	
0	0	0	0	0	865	374	
1	0	0	0	0	828	367	
2	0	0	0	0	828	376	
3	0	0	0	0	865	396	
4	0	0	0	0	932	417	
5	0	0	0	0	1005	435	
6	0	0	0	0	1018	431	
7	0	0	0	0	1018	348	
8	0	0	0	0	1018	306	
9	0	0	0	0	1018	257	
10	0	0	0	0	1018	248	
11	0	0	0	0	1018	241	
12	0	0	0	0	1018	250	
13	0	0	0	0	1018	287	
14	0	0	0	0	1018	312	
15	0	0	0	0	1018	330	
0	0	0	0	0	1018	326	
1	0	0	0	0	1018	344	
2	0	0	0	0	1018	332	
3	0	0	0	0	1018	339	
4	0	0	0	0	1018	366	
5	0	0	0	0	1018	321	
6	0	0	0	0	1018	271	
7	0	0	0	0	1018	268	
8	0	0	0	0	1018	299	
9	0	0	0	0	1018	321	
10	0	0	0	0	1018	348	
11	0	0	0	0	1018	352	
12	0	0	0	0	1018	350	
13	0	0	0	0	1018	344	
14	0	0	0	0	1018	394	
15	0	0	0	0	1018	443	
0	0	0	0	0	1018	459	
1	0	0	0	0	1018	449	
2	0	0	0	0	1018	407	
3	0	0	0	0	1018	326	
4	0	0	0	0	1018	297	
5	0	0	0	0	1018	294	
6	0	0	0	0	1018	291	
7	0	0	0	0	1018	315	
8	0	0	0	0	1018	311	
9	0	0	0	0	1018	319	
10	0	0	0	0	1018	332	
11	0	0	0	0	1018	332	
12	0	0	0	0	1018	319	
13	0	0	0	0	1018	345	
14	0	0	0	0	1018	399	
15	0	0	0	0	1018	408	
0	0	0	0	0	1018	367	
1	0	0	0	0	1018	350	
2	0	0	0	0	1018	377	
3	0	0	0	0	1018	355	
4	0	0	0	0	1018	362	
5	0	0	0	0	1018	380	
6	0	0	0	0	1018	391	
7	0	0	0	0	1018	394	
8	0	0	0	0	1018	412	
9	0	0	0	0	1018	435	
10	0	0	0	0	1018	422	
11	0	0	0	0	1018	424	
12	0	0	0	0	1018	405	
13	0	0	0	0	1018	385	
14	0	0	0	0	1018	416	
15	0	0	0	0	1018	416	
0	0	0	0	0	1018	359	
1	0	0	0	0	1018	350	
2	0	0	0	0	1018	350	
3	0	0	0	0	1018	374	
4	0	0	0	0	1018	393	
5	0	0	0	0	1018	400	
6	0	0	0	0	1018	377	
7	0	0	0	0	1018	343	
8	0	0	0	0	1018	357	
9	0	0	0	0	1018	358	
10	0	0	0	0	1018	349	
11	0	0	0	0	1018	290	
12	0	0	0	0	1018	255	
13	0	0	0	0	1018	254	
14	0	0	0	0	1018	285	
15	0	0	0	0	1018	303	
0	0	0	0	0	1018	279	
1	0	0	0	0	1018	348	
2	0	0	0	0	1018	323	
3	0	0	0	0	1018	255	
4	0	0	0	0	1018	191	
5	0	0	0	0	1018	171	
6	0	0	0	0	1018	191	
7	0	0	0	0	1018	208	
8	0	0	0	0	1018	293	
9	0	0	0	0	1018	319	
10	0	0	0	0	1018	368	
11	0	0	0	0	1018	444	
12	0	0	0	0	1018	495	
13	0	0	0	0	1018	530	
14	0	0	0	0	1018	530	
15	0	0	0	0	1018	503	
0	0	0	0	0	1018	493	
1	0	0	0	0	1018	471	
2	0	0	0	0	1018	433	
3	0	0	0	0	1018	399	
4	0	0	0	0	1018	362	
5	0	0	0	0	1018	350	
6	0	0	0	0	1018	357	
7	0	0	0	0	1018	367	
8	0	0	0	0	1018	423	
9	0	0	0	0	1018	469	
10	0	0	0	0	1018	445	
11	0	0	0	0	1018	413	
12	0	0	0	0	1018	391	
13	0	0	0	0	1018	410	
14	0	0	0	0	1018	425	
15	0	0	0	0	1018	452	
0	0	0	0	0	1018	480	
1	0	0	0	0	1018	483	
2	0	0	0	0	1018	457	
3	0	0	0	0	1018	405	
4	0	0	0	0	1018	390	
5	0	0	0	0	1018	380	
6	0	0	0	0	1018	343	
7	0	0	0	0	1018	331	
8	0	0	0	0	1018	355	
9	0	0	0	0	1018	332	
10	0	0	0	0	1018	337	
11	0	0	0	0	1018	344	
12	0	0	0	0	1018	334	
13	0	0	0	0	1018	319	
14	0	0	0	0	1018	323	
15	0	0	0	0	1018	326	
0	0	0	0	0	1018	325	
1	0	0	0	0	1018	339	
2	0	0	0	0	1018	354	
3	0	0	0	0	1018	377	
4	0	0	0	0	1018	398	
5	0	0	0	0	1018	382	
6	0	0	0	0	1018	391	
7	0	0	0	0	1018	422	
8	0	0	0	0	1018	473	
9	0	0	0	0	1018	475	
10	0	0	0	0	1018	483	
11	0	0	0	0	1018	525	
12	0	0	0	0	1018	476	
13	0	0	0	0	1018	454	
14	0	0	0	0	1018	410	
15	0	0	0	0	1018	374	
0	0	0	0	0	1018	384	
1	0	0	0	0	1018	414	
2	0	0	0	0	1018	408	
3	0	0	0	0	1018	370	
4	0	0	0	0	1018	351	
5	0	0	0	0	1018	386	
6	0	0	0	0	1018	384	
7	0	0	0	0	1018	375	
8	0	0	0	0	1018	381	
9	0	0	0	0	1018	399	
10	0	0	0	0	1018	418	
11	0	0	0	0	1018	417	
12	0	0	0	0	1018	427	
13	0	0	0	0	1018	457	
14	0	0	0	0	1018	498	
15	0	0	0	0	1018	539	
0	0	0	0	0	1018	522	
1	0	0	0	0	1018	495	
2	0	0	0	0	1018	465	
3	0	0	0	0	1018	437	
4	0	0	0	0	1018	448	
5	0	0	0	0	1018	508	
6	0	0	0	0	1018	487	
7	0	0	0	0	1018	484	
8	0	0	0	0	1018	470	
9	0	0	0	0	1018	412	
10	0	0	0	0	1018	395	
11	0	0	0	0	1018	429	
12	0	0	0	0	1018	447	
13	0	0	0	0	1018	441	
14	0	0	0	0	1018	451	
15	0	0	0	0	1018	509	
0	0	0	0	0	1018	539	
1	0	0	0	0	1018	573	
2	0	0	0	0	1018	561	
3	0	0	0	0	1018	510	
4	0	0	0	0	1018	437	
5	0	0	0	0	1018	385	
6	0	0	0	0	1018	387	
7	0	0	0	0	1018	404	
8	0	0	0	0	1018	430	
9	0	0	0	0	1018	467	
10	0	0	0	0	1018	464	
11	0	0	0	0	1018	491	
12	0	0	0	0	1018	507	
13	0	0	0	0	1018	491	
14	0	0	0	0	1018	483	
15	0	0	0	0	1018	469	
0	0	0	0	0	1018	448	
1	0	0	0	0	1018	414	
2	0	0	0	0	1018	396	
3	0	0	0	0	1018	428	
4	0	0	0	0	1018	442	
5	0	0	0	0	1018	455	
6	0	0	0	0	1018	482	
7	0	0	0	0	1018	529	
8	0	0	0	0	1018	539	
9	0	0	0	0	1018	539	
10	0	0	0	0	1018	532	
11	0	0	0	0	1018	523	
12	0	0	0	0	1018	535	
13	0	0	0	0	1018	519	
14	0	0	0	0	1018	487	
15	0	0	0	0	1018	494	
0	0	0	0	0	1018	510	
1	0	0	0	0	1018	499	
2	0	0	0	0	1018	497	
3	0	0	0	0	1018	527	
4	0	0	0	0	1018	571	
5	0	0	0	0	1018	605	
6	0	0	0	0	1018	624	
7	0	0	0	0	1018	619	
8	0	0	0	0	1018	609	
9	0	0	0	0	1018	589	
10	0	0	0	0	1018	535	
11	0	0	0	0	1018	515	
12	0	0	0	0	1018	497	
13	0	0	0	0	1018	479	
14	0	0	0	0	1018	501	
15	0	0	0	0	1018	495	
0	0	0	0	0	1018	495	
1	0	0	0	0	1018	464	
2	0	0	0	0	950	460	
3	0	0	0	0	937	446	
4	0	0	0	0	935	508	
5	0	0	0	0	935	555	
6	0	0	0	0	930	551	
7	0	0	0	0	921	515	
8	0	0	0	0	913	477	
9	0	0	0	0	909	457	
10	0	0	0	0	885	463	
11	0	0	0	0	835	508	
12	0	0	0	0	745	537	
13	0	0	0	0	656	556	
14	0	0	0	0	590	612	
15	0	0	0	0	540	622	
0	0	0	0	0	489	649	
1	0	0	0	0	476	686	
2	0	0	0	0	527	712	
3	0	0	0	0	606	695	
4	0	0	0	0	674	670	
5	0	0	0	0	712	637	
6	0	0	0	0	711	604	
7	0	0	0	0	688	608	
8	0	0	0	0	665	630	
9	0	0	0	0	660	642	
10	0	0	0	0	675	609	
11	0	0	0	0	701	580	
12	0	0	0	0	716	615	
13	0	0	0	0	713	638	
14	0	0	0	0	702	660	
15	0	0	0	0	693	655	
0	0	0	0	0	684	679	
1	0	0	0	0	653	714	
2	0	0	0	0	605	751	
3	0	0	0	0	548	775	
4	0	0	0	0	492	757	
5	0	0	0	0	435	737	
6	0	0	0	0	378	747	
7	0	0	0	0	333	748	
8	0	0	0	0	307	735	
9	0	0	0	0	300	748	
10	0	0	0	0	300	780	
11	0	0	0	0	312	798	
12	0	0	0	0	324	803	
13	0	0	0	0	338	760	
14	0	0	0	0	363	712	
15	0	0	0	0	391	702	
0	0	0	0	0	426	696	
1	0	0	0	0	465	718	
2	0	0	0	0	498	738	
3	0	0	0	0	529	758	
4	0	0	0	0	558	765	
5	0	0	0	0	574	747	
6	0	0	0	0	573	731	
7	0	0	0	0	564	710	
8	0	0	0	0	549	720	
9	0	0	0	0	528	753	
10	0	0	0	0	500	791	
11	0	0	0	0	478	760	
12	0	0	0	0	456	718	
13	0	0	0	0	431	688	
14	0	0	0	0	408	702	
15	0	0	0	0	384	715	
0	0	0	0	0	355	732	
1	0	0	0	0	327	744	
2	0	0	0	0	309	771	
3	0	0	0	0	299	795	
4	0	0	0	0	285	808	
5	0	0	0	0	263	834	
6	0	0	0	0	236	850	
7	0	0	0	0	206	841	
8	0	0	0	0	169	790	
9	0	0	0	0	148	783	
10	0	0	0	0	146	790	
11	0	0	0	0	163	801	
12	0	0	0	0	190	825	
13	0	0	0	0	219	858	
14	0	0	0	0	248	871	
15	0	0	0	0	270	839	
0	0	0	0	0	274	796	
1	0	0	0	0	263	803	
2	0	0	0	0	250	768	
3	0	0	0	0	240	763	
4	0	0	0	0	225	780	
5	0	0	0	0	191	790	
6	0	0	0	0	140	817	
7	0	0	0	0	86	844	
8	0	0	0	0	32	848	
9	0	0	0	0	0	884	
10	0	0	0	0	0	918	
11	0	0	0	0	0	914	
12	0	0	0	0	0	928	
13	0	0	0	0	113	896	
14	0	0	0	0	181	844	
15	0	0	0	0	216	828	
0	0	0	0	0	219	810	
1	0	0	0	0	200	780	
2	0	0	0	0	161	754	
3	0	0	0	0	133	768	
4	0	0	0	0	120	768	
5	0	0	0	0	101	751	
6	0	0	0	0	71	748	
7	0	0	0	0	29	789	
8	0	0	0	0	0	884	
9	0	0	0	0	0	943	
10	0	0	0	0	0	918	
11	0	0	0	0	0	858	
12	0	0	0	0	0	815	
13	0	0	0	0	0	787	
14	0	0	0	0	0	807	
15	0	0	0	0	39	816	
0	0	0	0	0	51	839	
1	0	0	0	0	54	822	
2	0	0	0	0	49	835	
3	0	0	0	0	41	851	
4	0	0	0	0	32	839	
5	0	0	0	0	24	826	
6	0	0	0	0	14	817	
7	0	0	0	0	5	812	
8	0	0	0	0	0	816	
9	0	0	0	0	0	828	
10	0	0	0	0	0	807	
11	0	0	0	0	0	816	
12	0	0	0	0	0	824	
13	0	0	0	0	0	828	
14	0	0	0	0	0	808	
15	0	0	0	0	0	768	
0	0	0	0	0	0	788	
1	0	0	0	0	0	812	
2	0	0	0	0	0	821	
3	0	0	0	0	0	794	
4	0	0	0	0	0	822	
5	0	0	0	0	0	828	
6	0	0	0	0	0	799	
7	0	0	0	0	0	781	
8	0	0	0	0	0	774	
9	0	0	0	0	0	800	
10	0	0	0	0	41	787	
11	0	0	0	0	60	791	
12	0	0	0	0	75	806	
13	0	0	0	0	77	812	
14	0	0	0	0	71	788	
15	0	0	0	0	54	788	
0	0	0	0	0	20	835	
1	0	0	0	0	0	853	
2	0	0	0	0	0	856	
3	0	0	0	0	0	838	
4	0	0	0	0	0	851	
5	0	0	0	0	0	831	
6	0	0	0	0	0	831	
7	0	0	0	0	33	798	
8	0	0	0	0	37	817	
9	0	0	0	0	42	836	
10	0	0	0	0	46	824	
11	0	0	0	0	40	829	
12	0	0	0	0	33	847	
13	0	0	0	0	30	825	
14	0	0	0	0	29	799	
15	0	0	0	0	0	785	
0	0	0	0	0	0	794	
1	0	0	0	0	0	836	
2	0	0	0	0	0	848	
3	0	0	0	0	0	834	
4	0	0	0	0	0	819	
5	0	0	0	0	0	785	
6	0	0	0	0	0	776	
7	0	0	0	0	67	740	
8	0	0	0	0	72	724	
9	0	0	0	0	56	694	
10	0	0	0	0	29	740	
11	0	0	0	0	3	774	
12	0	0	0	0	0	802	
13	0	0	0	0	0	798	
14	0	0	0	0	0	796	
15	0	0	0	0	0	786	
0	0	0	0	0	0	792	
1	0	0	0	0	0	778	
2	0	0	0	0	0	778	
3	0	0	0	0	0	742	
4	0	0	0	0	0	715	
5	0	0	0	0	0	669	
6	0	0	0	0	0	634	
7	0	0	0	0	0	629	
8	0	0	0	0	0	641	
9	0	0	0	0	0	671	
10	0	0	0	0	0	716	
11	0	0	0	0	0	796	
12	0	0	0	0	0	841	
13	0	0	0	0	0	856	
14	0	0	0	0	0	820	
15	0	0	0	0	0	787	
0	0	0	0	0	0	748	
1	0	0	0	0	0	690	
2	0	0	0	0	0	679	
3	0	0	0	0	0	675	
4	0	0	0	0	0	661	
5	0	0	0	0	0	692	
6	0	0	0	0	0	698	
7	0	0	0	0	0	718	
8	0	0	0	0	0	746	
9	0	0	0	0	0	744	
10	0	0	0	0	0	753	
11	0	0	0	0	0	745	
12	0	0	0	0	0	779	
13	0	0	0	0	0	802	
14	0	0	0	0	0	797	
15	0	0	0	0	0	785	
0	0	0	0	0	0	821	
1	0	0	0	0	0	803	
2	0	0	0	0	0	774	
3	0	0	0	0	0	751	
4	0	0	0	0	0	738	
5	0	0	0	0	0	746	
6	0	0	0	0	0	749	
7	0	0	0	0	0	710	
8	0	0	0	0	0	687	
9	0	0	0	0	0	711	
10	0	0	0	0	0	714	
11	0	0	0	0	0	759	
12	0	0	0	0	0	788	
13	0	0	0	0	0	749	
14	0	0	0	0	0	685	
15	0	0	0	0	0	654	
0	0	0	0	0	0	650	
1	0	0	0	0	0	688	
2	0	0	0	0	0	673	
3	0	0	0	0	0	652	
4	0	0	0	0	0	670	
5	0	0	0	0	0	648	
6	0	0	0	0	0	670	
7	0	0	0	0	0	644	
8	0	0	0	0	0	627	
9	0	0	0	0	0	645	
10	0	0	0	0	0	678	
11	0	0	0	0	0	722	
12	0	0	0	0	0	742	
13	0	0	0	0	0	758	
14	0	0	0	0	0	743	
15	0	0	0	0	0	706	
0	0	0	0	0	0	679	
1	0	0	0	0	0	647	
2	0	0	0	0	0	649	
3	0	0	0	0	0	691	
4	0	0	0	0	0	719	
5	0	0	0	0	0	719	
6	0	0	0	0	0	698	
7	0	0	0	0	0	715	
8	0	0	0	0	0	700	
9	0	0	0	0	0	710	
10	0	0	0	0	0	724	
11	0	0	0	0	0	721	
12	0	0	0	0	0	738	
13	0	0	0	0	0	731	
14	0	0	0	0	0	664	
15	0	0	0	0	0	591	
0	0	0	0	0	0	513	
1	0	0	0	0	0	508	
2	0	0	0	0	0	532	
3	0	0	0	0	0	559	
4	0	0	0	0	0	568	
5	0	0	0	0	0	588	
6	0	0	0	0	0	659	
7	0	0	0	0	0	697	
8	0	0	0	0	0	707	
9	0	0	0	0	0	687	
10	0	0	0	0	0	700	
11	0	0	0	0	0	723	
12	0	0	0	0	0	711	
13	0	0	0	0	0	684	
14	0	0	0	0	0	644	
15	0	0	0	0	0	619	
0	0	0	0	0	0	656	
1	0	0	0	0	0	688	
2	0	0	0	0	0	708	
3	0	0	0	0	0	700	
4	0	0	0	0	0	716	
5	0	0	0	0	0	729	
6	0	0	0	0	0	723	
7	0	0	0	0	0	667	
8	0	0	0	0	0	634	
9	0	0	0	0	0	602	
10	0	0	0	0	0	547	
11	0	0	0	0	0	524	
12	0	0	0	0	0	521	
13	0	0	0	0	0	545	
14	0	0	0	0	0	567	
15	0	0	0	0	0	561	
0	0	0	0	0	0	577	
1	0	0	0	0	0	573	
2	0	0	0	0	0	572	
3	0	0	0	0	0	569	
4	0	0	0	0	0	584	
5	0	0	0	0	0	606	
6	0	0	0	0	0	606	
7	0	0	0	0	0	600	
8	0	0	0	0	0	628	
9	0	0	0	0	0	619	
10	0	0	0	0	0	658	
11	0	0	0	0	0	619	
12	0	0	0	0	0	591	
13	0	0	0	0	0	578	
14	0	0	0	0	0	575	
15	0	0	0	0	0	600	
0	0	0	0	0	0	609	
1	0	0	0	0	0	616	
2	0	0	0	0	0	617	
3	0	0	0	0	0	609	
4	0	0	0	0	0	589	
5	0	0	0	0	0	563	
6	0	0	0	0	0	560	
7	0	0	0	0	0	574	
8	0	0	0	0	0	540	
9	0	0	0	0	0	518	
10	0	0	0	0	0	558	
11	0	0	0	0	0	611	
12	0	0	0	0	0	657	
13	0	0	0	0	0	703	
14	0	0	0	0	0	716	
15	0	0	0	0	0	674	
0	0	0	0	0	0	611	
1	0	0	0	0	0	542	
2	0	0	0	0	0	481	
3	0	0	0	0	0	461	
4	0	0	0	0	66	455	
5	0	0	0	0	116	444	
6	0	0	0	0	170	465	
7	0	0	0	0	199	476	
8	0	0	0	0	197	483	
9	0	0	0	0	173	505	
10	0	0	0	0	137	527	
11	0	0	0	0	102	564	
12	0	0	0	0	67	594	
13	0	0	0	0	25	613	
14	0	0	0	0	0	684	
15	0	0	0	0	0	688	
0	0	0	0	0	0	686	
1	0	0	0	0	0	679	
2	0	0	0	0	0	695	
3	0	0	0	0	0	664	
4	0	0	0	0	0	636	
5	0	0	0	0	0	612	
6	0	0	0	0	0	594	
7	0	0	0	0	0	595	
8	0	0	0	0	47	600	
9	0	0	0	0	81	569	
10	0	0	0	0	99	509	
11	0	0	0	0	108	483	
12	0	0	0	0	103	488	
13	0	0	0	0	86	508	
14	0	0	0	0	63	513	
15	0	0	0	0	39	515	
0	0	0	0	0	14	527	
1	0	0	0	0	0	547	
2	0	0	0	0	0	571	
3	0	0	0	0	0	564	
4	0	0	0	0	0	587	
5	0	0	0	0	0	573	
6	0	0	0	0	0	566	
7	0	0	0	0	0	539	
8	0	0	0	0	0	503	
9	0	0	0	0	0	484	
10	0	0	0	0	0	511	
11	0	0	0	0	0	529	
12	0	0	0	0	0	551	
13	0	0	0	0	0	577	
14	0	0	0	0	0	583	
15	0	0	0	0	0	593	
0	0	0	0	0	0	573	
1	0	0	0	0	0	559	
2	0	0	0	0	0	536	
3	0	0	0	0	0	499	
4	0	0	0	0	58	515	
5	0	0	0	0	115	483	
6	0	0	0	0	178	501	
7	0	0	0	0	224	490	
8	0	0	0	0	257	471	
9	0	0	0	0	276	508	
10	0	0	0	0	273	516	
11	0	0	0	0	251	496	
12	0	0	0	0	202	492	
13	0	0	0	0	135	463	
14	0	0	0	0	72	467	
15	0	0	0	0	21	476	
0	0	0	0	0	0	512	
1	0	0	0	0	0	557	
2	0	0	0	0	0	593	
3	0	0	0	0	0	585	
4	0	0	0	0	0	571	
5	0	0	0	0	0	571	
6	0	0	0	0	0	576	
7	0	0	0	0	0	590	
8	0	0	0	0	0	567	
9	0	0	0	0	0	529	
10	0	0	0	0	0	530	
11	0	0	0	0	0	508	
12	0	0	0	0	0	484	
13	0	0	0	0	0	504	
14	0	0	0	0	0	484	
15	0	0	0	0	0	497	
0	0	0	0	0	0	501	
1	0	0	0	0	0	539	
2	0	0	0	0	0	582	
3	0	0	0	0	0	578	
4	0	0	0	0	29	585	
5	0	0	0	0	41	571	
6	0	0	0	0	48	486	
7	0	0	0	0	54	459	
8	0	0	0	0	56	475	
9	0	0	0	0	51	457	
10	0	0	0	0	46	447	
11	0	0	0	0	40	458	
12	0	0	0	0	37	513	
13	0	0	0	0	41	524	
14	0	0	0	0	51	538	
15	0	0	0	0	60	557	
0	0	0	0	0	63	564	
1	0	0	0	0	59	553	
2	0	0	0	0	57	542	
3	0	0	0	0	63	559	
4	0	0	0	0	70	636	
5	0	0	0	0	75	685	
6	0	0	0	0	79	654	
7	0	0	0	0	74	638	
8	0	0	0	0	57	598	
9	0	0	0	0	40	556	
10	0	0	0	0	29	456	
11	0	0	0	0	33	415	
12	0	0	0	0	46	430	
13	0	0	0	0	68	461	
14	0	0	0	0	91	487	
15	0	0	0	0	115	481	
0	0	0	0	0	129	463	
1	0	0	0	0	138	411	
2	0	0	0	0	148	365	
3	0	0	0	0	155	360	
4	0	0	0	0	159	396	
5	0	0	0	0	164	407	
6	0	0	0	0	163	371	
7	0	0	0	0	158	394	
8	0	0	0	0	152	396	
9	0	0	0	0	145	409	
10	0	0	0	0	139	441	
11	0	0	0	0	138	423	
12	0	0	0	0	142	385	
13	0	0	0	0	143	364	
14	0	0	0	0	139	351	
15	0	0	0	0	133	317	
0	0	0	0	0	131	356	
1	0	0	0	0	125	394	
2	0	0	0	0	123	419	
3	0	0	0	0	124	444	
4	0	0	0	0	129	485	
5	0	0	0	0	132	497	
6	0	0	0	0	139	470	
7	0	0	0	0	159	462	
8	0	0	0	0	184	487	
9	0	0	0	0	208	518	
10	0	0	0	0	226	518	
11	0	0	0	0	240	481	
12	0	0	0	0	250	467	
13	0	0	0	0	250	448	
14	0	0	0	0	239	427	
15	0	0	0	0	227	429	
0	0	0	0	0	216	414	
1	0	0	0	0	205	412	
2	0	0	0	0	190	423	
3	0	0	0	0	173	442	
4	0	0	0	0	141	501	
5	0	0	0	0	96	551	
6	0	0	0	0	53	620	
7	0	0	0	0	21	673	
8	0	0	0	0	1	689	
9	0	0	0	0	0	632	
10	0	0	0	0	18	611	
11	0	0	0	0	49	594	
12	0	0	0	0	88	558	
13	0	0	0	0	125	568	
14	0	0	0	0	158	529	
15	0	0	0	0	184	488	
0	0	0	0	0	203	474	
1	0	0	0	0	219	449	
2	0	0	0	0	227	433	
3	0	0	0	0	230	398	
4	0	0	0	0	230	362	
5	0	0	0	0	229	372	
6	0	0	0	0	227	401	
7	0	0	0	0	224	389	
8	0	0	0	0	218	407	
9	0	0	0	0	205	409	
10	0	0	0	0	187	440	
11	0	0	0	0	171	469	
12	0	0	0	0	159	466	
13	0	0	0	0	148	466	
14	0	0	0	0	145	483	
15	0	0	0	0	147	479	
0	0	0	0	0	148	453	
1	0	0	0	0	154	415	
2	0	0	0	0	159	380	
3	0	0	0	0	160	407	
4	0	0	0	0	163	439	
5	0	0	0	0	166	464	
6	0	0	0	0	172	421	
7	0	0	0	0	179	350	
8	0	0	0	0	186	300	
9	0	0	0	0	195	284	
10	0	0	0	0	205	310	
11	0	0	0	0	213	327	
12	0	0	0	0	222	331	
13	0	0	0	0	230	353	
14	0	0	0	0	235	383	
15	0	0	0	0	235	396	
0	0	0	0	0	237	397	
1	0	0	0	0	236	385	
2	0	0	0	0	231	400	
3	0	0	0	0	228	392	
4	0	0	0	0	231	387	
5	0	0	0	0	238	430	
6	0	0	0	0	252	431	
7	0	0	0	0	263	425	
8	0	0	0	0	272	420	
9	0	0	0	0	270	403	
10	0	0	0	0	263	376	
11	0	0	0	0	264	328	
12	0	0	0	0	279	298	
13	0	0	0	0	298	299	
14	0	0	0	0	321	324	
15	0	0	0	0	340	347	
0	0	0	0	0	353	351	
1	0	0	0	0	359	370	
2	0	0	0	0	363	360	
3	0	0	0	0	363	311	
4	0	0	0	0	360	312	
5	0	0	0	0	353	295	
6	0	0	0	0	339	300	
7	0	0	0	0	315	323	
8	0	0	0	0	291	352	
9	0	0	0	0	270	375	
10	0	0	0	0	254	401	
11	0	0	0	0	249	431	
12	0	0	0	0	252	459	
13	0	0	0	0	254	445	
14	0	0	0	0	252	435	
15	0	0	0	0	248	419	
0	0	0	0	0	249	409	
1	0	0	0	0	254	410	
2	0	0	0	0	258	397	
3	0	0	0	0	255	388	
4	0	0	0	0	246	411	
5	0	0	0	0	246	429	
6	0	0	0	0	251	416	
7	0	0	0	0	267	402	
8	0	0	0	0	285	401	
9	0	0	0	0	301	380	
10	0	0	0	0	316	346	
11	0	0	0	0	321	307	
12	0	0	0	0	315	290	
13	0	0	0	0	302	294	
14	0	0	0	0	291	283	
15	0	0	0	0	279	313	
0	0	0	0	0	268	349	
1	0	0	0	0	261	412	
2	0	0	0	0	252	436	
3	0	0	0	0	245	449	
4	0	0	0	0	241	448	
5	0	0	0	0	242	431	
6	0	0	0	0	238	409	
7	0	0	0	0	228	399	
8	0	0	0	0	222	411	
9	0	0	0	0	221	374	
10	0	0	0	0	225	334	
11	0	0	0	0	233	322	
12	0	0	0	0	240	295	
13	0	0	0	0	241	268	
14	0	0	0	0	242	275	
15	0	0	0	0	247	304	
0	0	0	0	0	250	311	
1	0	0	0	0	253	335	
2	0	0	0	0	254	367	
3	0	0	0	0	260	383	
4	0	0	0	0	266	385	
5	0	0	0	0	262	391	
6	0	0	0	0	253	365	
7	0	0	0	0	244	386	
8	0	0	0	0	237	436	
9	0	0	0	0	231	460	
10	0	0	0	0	228	432	
11	0	0	0	0	239	434	
12	0	0	0	0	255	398	
13	0	0	0	0	263	401	
14	0	0	0	0	263	416	
15	0	0	0	0	252	423	
0	0	0	0	0	242	419	
1	0	0	0	0	237	380	
2	0	0	0	0	240	347	
3	0	0	0	0	244	323	
4	0	0	0	0	246	315	
5	0	0	0	0	244	371	
6	0	0	0	0	243	414	
7	0	0	0	0	251	430	
8	0	0	0	0	262	396	
9	0	0	0	0	275	376	
10	0	0	0	0	295	364	
11	0	0	0	0	318	376	
12	0	0	0	0	349	375	
13	0	0	0	0	378	399	
14	0	0	0	0	397	408	
15	0	0	0	0	408	423	
0	0	0	0	0	425	420	
1	0	0	0	0	449	424	
2	0	0	0	0	477	419	
3	0	0	0	0	511	372	
4	0	0	0	0	543	334	
5	0	0	0	0	561	312	
6	0	0	0	0	561	273	
7	0	0	0	0	545	296	
8	0	0	0	0	513	305	
9	0	0	0	0	482	303	
10	0	0	0	0	451	286	
11	0	0	0	0	424	307	
12	0	0	0	0	391	308	
13	0	0	0	0	357	298	
14	0	0	0	0	323	320	
15	0	0	0	0	289	365	
0	0	0	0	0	255	400	
1	0	0	0	0	225	427	
2	0	0	0	0	200	470	
3	0	0	0	0	183	512	
4	0	0	0	0	177	535	
5	0	0	0	0	179	569	
6	0	0	0	0	192	581	
7	0	0	0	0	211	592	
8	0	0	0	0	237	554	
9	0	0	0	0	264	494	
10	0	0	0	0	294	468	
11	0	0	0	0	320	445	
12	0	0	0	0	344	409	
13	0	0	0	0	367	408	
14	0	0	0	0	387	398	
15	0	0	0	0	404	347	
0	0	0	0	0	412	297	
1	0	0	0	0	413	280	
2	0	0	0	0	409	284	
3	0	0	0	0	407	291	
4	0	0	0	0	407	320	
5	0	0	0	0	410	364	
6	0	0	0	0	416	363	
7	0	0	0	0	426	357	
8	0	0	0	0	442	381	
9	0	0	0	0	457	409	
10	0	0	0	0	469	436	
11	0	0	0	0	475	448	
12	0	0	0	0	480	448	
13	0	0	0	0	482	460	
14	0	0	0	0	479	442	
15	0	0	0	0	476	370	
0	0	0	0	0	471	316	
1	0	0	0	0	458	271	
2	0	0	0	0	436	269	
3	0	0	0	0	409	301	
4	0	0	0	0	380	350	
5	0	0	0	0	362	361	
6	0	0	0	0	353	383	
7	0	0	0	0	357	381	
8	0	0	0	0	371	389	
9	0	0	0	0	393	426	
10	0	0	0	0	419	399	
11	0	0	0	0	449	380	
12	0	0	0	0	471	381	
13	0	0	0	0	484	384	
14	0	0	0	0	493	396	
15	0	0	0	0	492	377	
0	0	0	0	0	480	319	
1	0	0	0	0	453	303	
2	0	0	0	0	423	302	
3	0	0	0	0	395	291	
4	0	0	0	0	371	257	
5	0	0	0	0	358	301	
6	0	0	0	0	348	328	
7	0	0	0	0	341	355	
8	0	0	0	0	339	379	
9	0	0	0	0	337	447	
10	0	0	0	0	332	478	
11	0	0	0	0	327	457	
12	0	0	0	0	324	429	
13	0	0	0	0	322	444	
14	0	0	0	0	324	452	
15	0	0	0	0	335	454	
0	0	0	0	0	346	439	
1	0	0	0	0	354	430	
2	0	0	0	0	358	423	
3	0	0	0	0	359	434	
4	0	0	0	0	360	438	
5	0	0	0	0	364	428	
6	0	0	0	0	374	427	
7	0	0	0	0	379	434	
8	0	0	0	0	384	450	
9	0	0	0	0	389	455	
10	0	0	0	0	395	425	
11	0	0	0	0	403	374	
12	0	0	0	0	412	375	
13	0	0	0	0	415	370	
14	0	0	0	0	419	370	
15	0	0	0	0	425	384	
0	0	0	0	0	438	399	
1	0	0	0	0	449	401	
2	0	0	0	0	452	421	
3	0	0	0	0	450	431	
4	0	0	0	0	444	419	
5	0	0	0	0	432	443	
6	0	0	0	0	423	454	
7	0	0	0	0	417	430	
8	0	0	0	0	412	451	
9	0	0	0	0	406	459	
10	0	0	0	0	398	466	
11	0	0	0	0	391	465	
12	0	0	0	0	382	507	
13	0	0	0	0	376	505	
14	0	0	0	0	376	509	
15	0	0	0	0	377	448	
0	0	0	0	0	372	425	
1	0	0	0	0	375	428	
2	0	0	0	0	384	459	
3	0	0	0	0	400	443	
4	0	0	0	0	417	407	
5	0	0	0	0	430	417	
6	0	0	0	0	444	455	
7	0	0	0	0	470	446	
8	0	0	0	0	498	400	
9	0	0	0	0	516	371	
10	0	0	0	0	529	368	
11	0	0	0	0	534	358	
12	0	0	0	0	538	364	
13	0	0	0	0	536	341	
14	0	0	0	0	534	335	
15	0	0	0	0	527	350	
0	0	0	0	0	513	347	
1	0	0	0	0	495	355	
2	0	0	0	0	479	380	
3	0	0	0	0	465	380	
4	0	0	0	0	455	390	
5	0	0	0	0	439	406	
6	0	0	0	0	423	409	
7	0	0	0	0	408	409	
8	0	0	0	0	399	435	
9	0	0	0	0	391	459	
10	0	0	0	0	383	474	
11	0	0	0	0	379	458	
12	0	0	0	0	380	456	
13	0	0	0	0	383	416	
14	0	0	0	0	393	392	
15	0	0	0	0	407	404	
0	0	0	0	0	429	397	
1	0	0	0	0	455	401	
2	0	0	0	0	482	405	
3	0	0	0	0	505	420	
4	0	0	0	0	521	409	
5	0	0	0	0	532	392	
6	0	0	0	0	540	371	
7	0	0	0	0	540	363	
8	0	0	0	0	536	377	
9	0	0	0	0	531	394	
10	0	0	0	0	530	414	
11	0	0	0	0	523	396	
12	0	0	0	0	514	359	
13	0	0	0	0	505	328	
14	0	0	0	0	492	313	
15	0	0	0	0	480	302	
0	0	0	0	0	471	324	
1	0	0	0	0	466	327	
2	0	0	0	0	462	305	
3	0	0	0	0	463	311	
4	0	0	0	0	468	359	
5	0	0	0	0	473	369	
6	0	0	0	0	476	395	
7	0	0	0	0	480	395	
8	0	0	0	0	485	387	
9	0	0	0	0	487	410	
10	0	0	0	0	492	407	
11	0	0	0	0	497	419	
12	0	0	0	0	497	414	
13	0	0	0	0	491	406	
14	0	0	0	0	482	396	
15	0	0	0	0	475	412	
0	0	0	0	0	474	448	
1	0	0	0	0	475	464	
2	0	0	0	0	485	466	
3	0	0	0	0	497	429	
4	0	0	0	0	506	399	
5	0	0	0	0	511	374	
6	0	0	0	0	514	363	
7	0	0	0	0	517	355	
8	0	0	0	0	517	386	
9	0	0	0	0	521	412	
10	0	0	0	0	526	403	
11	0	0	0	0	537	366	
12	0	0	0	0	543	371	
13	0	0	0	0	541	329	
14	0	0	0	0	534	287	
15	0	0	0	0	529	290	
0	0	0	0	0	522	285	
1	0	0	0	0	516	289	
2	0	0	0	0	515	302	
3	0	0	0	0	520	322	
4	0	0	0	0	526	336	
5	0	0	0	0	523	372	
6	0	0	0	0	507	415	
7	0	0	0	0	485	461	
8	0	0	0	0	469	488	
9	0	0	0	0	460	499	
10	0	0	0	0	450	489	
11	0	0	0	0	443	504	
12	0	0	0	0	438	457	
13	0	0	0	0	437	411	
14	0	0	0	0	447	393	
15	0	0	0	0	463	405	
0	0	0	0	0	483	406	
1	0	0	0	0	502	403	
2	0	0	0	0	511	412	
3	0	0	0	0	516	397	
4	0	0	0	0	510	374	
5	0	0	0	0	500	363	
6	0	0	0	0	499	367	
7	0	0	0	0	504	411	
8	0	0	0	0	513	463	
9	0	0	0	0	523	443	
10	0	0	0	0	537	448	
11	0	0	0	0	554	475	
12	0	0	0	0	568	474	
13	0	0	0	0	577	432	
14	0	0	0	0	587	441	
15	0	0	0	0	592	475	
0	0	0	0	0	598	414	
1	0	0	0	0	595	365	
2	0	0	0	0	586	371	
3	0	0	0	0	572	408	
4	0	0	0	0	556	404	
5	0	0	0	0	540	431	
6	0	0	0	0	523	426	
7	0	0	0	0	504	389	
8	0	0	0	0	487	334	
9	0	0	0	0	474	342	
10	0	0	0	0	469	403	
11	0	0	0	0	467	462	
12	0	0	0	0	465	481	
13	0	0	0	0	464	479	
14	0	0	0	0	464	505	
15	0	0	0	0	461	519	
0	0	0	0	0	458	535	
1	0	0	0	0	456	520	
2	0	0	0	0	458	484	
3	0	0	0	0	464	476	
4	0	0	0	0	470	448	
5	0	0	0	0	476	445	
6	0	0	0	0	485	437	
7	0	0	0	0	496	446	
8	0	0	0	0	502	478	
9	0	0	0	0	503	504	
10	0	0	0	0	503	506	
11	0	0	0	0	508	507	
12	0	0	0	0	515	504	
13	0	0	0	0	521	489	
14	0	0	0	0	525	489	
15	0	0	0	0	527	483	
0	0	0	0	0	526	481	
1	0	0	0	0	523	444	
2	0	0	0	0	524	430	
3	0	0	0	0	529	422	
4	0	0	0	0	535	428	
5	0	0	0	0	534	390	
6	0	0	0	0	531	388	
7	0	0	0	0	526	408	
8	0	0	0	0	524	426	
9	0	0	0	0	515	432	
10	0	0	0	0	512	448	
11	0	0	0	0	515	483	
12	0	0	0	0	522	466	
13	0	0	0	0	528	479	
14	0	0	0	0	533	491	
15	0	0	0	0	542	517	
0	0	0	0	0	551	529	
1	0	0	0	0	559	526	
2	0	0	0	0	564	529	
3	0	0	0	0	564	537	
4	0	0	0	0	565	550	
5	0	0	0	0	564	505	
6	0	0	0	0	561	462	
7	0	0	0	0	558	429	
8	0	0	0	0	551	423	
9	0	0	0	0	535	403	
10	0	0	0	0	528	387	
11	0	0	0	0	531	391	
12	0	0	0	0	536	427	
13	0	0	0	0	531	438	
14	0	0	0	0	524	455	
15	0	0	0	0	522	457	
0	0	0	0	0	525	467	
1	0	0	0	0	531	496	
2	0	0	0	0	538	503	
3	0	0	0	0	545	497	
4	0	0	0	0	551	504	
5	0	0	0	0	557	512	
6	0	0	0	0	564	532	
7	0	0	0	0	577	516	
8	0	0	0	0	593	480	
9	0	0	0	0	607	411	
10	0	0	0	0	624	398	
11	0	0	0	0	641	414	
12	0	0	0	0	646	428	
13	0	0	0	0	643	423	
14	0	0	0	0	630	380	
15	0	0	0	0	615	349	
0	0	0	0	0	605	322	
1	0	0	0	0	597	309	
2	0	0	0	0	588	323	
3	0	0	0	0	578	331	
4	0	0	0	0	568	361	
5	0	0	0	0	554	372	
6	0	0	0	0	526	407	
7	0	0	0	0	487	398	
8	0	0	0	0	455	366	
9	0	0	0	0	436	369	
10	0	0	0	0	435	363	
11	0	0	0	0	446	320	
12	0	0	0	0	464	320	
13	0	0	0	0	480	367	
14	0	0	0	0	502	420	
15	0	0	0	0	526	433	
0	0	0	0	0	550	397	
1	0	0	0	0	568	402	
2	0	0	0	0	584	393	
3	0	0	0	0	598	371	
4	0	0	0	0	608	388	
5	0	0	0	0	612	395	
6	0	0	0	0	611	422	
7	0	0	0	0	610	458	
8	0	0	0	0	604	456	
9	0	0	0	0	601	446	
10	0	0	0	0	599	436	
11	0	0	0	0	595	449	
12	0	0	0	0	590	470	
13	0	0	0	0	584	466	
14	0	0	0	0	577	505	
15	0	0	0	0	571	509	
0	0	0	0	0	567	535	
1	0	0	0	0	568	543	
2	0	0	0	0	576	500	
3	0	0	0	0	591	471	
4	0	0	0	0	608	471	
5	0	0	0	0	621	481	
6	0	0	0	0	633	484	
7	0	0	0	0	637	455	
8	0	0	0	0	632	477	
9	0	0	0	0	617	448	
10	0	0	0	0	591	426	
11	0	0	0	0	561	425	
12	0	0	0	0	524	433	
13	0	0	0	0	486	449	
14	0	0	0	0	463	448	
15	0	0	0	0	460	440	
0	0	0	0	0	470	461	
1	0	0	0	0	480	501	
2	0	0	0	0	487	513	
3	0	0	0	0	496	500	
4	0	0	0	0	509	506	
5	0	0	0	0	524	478	
6	0	0	0	0	540	464	
7	0	0	0	0	575	444	
8	0	0	0	0	634	451	
9	0	0	0	0	702	407	
10	0	0	0	0	758	350	
11	0	0	0	0	796	346	
12	0	0	0	0	805	339	
13	0	0	0	0	768	347	
14	0	0	0	0	702	343	
15	0	0	0	0	632	383	
0	0	0	0	0	572	439	
1	0	0	0	0	530	481	
2	0	0	0	0	493	511	
3	0	0	0	0	457	509	
4	0	0	0	0	414	480	
5	0	0	0	0	379	456	
6	0	0	0	0	357	455	
7	0	0	0	0	355	471	
8	0	0	0	0	370	493	
9	0	0	0	0	407	445	
10	0	0	0	0	454	449	
11	0	0	0	0	502	465	
12	0	0	0	0	535	464	
13	0	0	0	0	560	457	
14	0	0	0	0	576	441	
15	0	0	0	0	589	452	
0	0	0	0	0	604	455	
1	0	0	0	0	608	410	
2	0	0	0	0	604	412	
3	0	0	0	0	590	468	
4	0	0	0	0	579	527	
5	0	0	0	0	568	555	
6	0	0	0	0	559	546	
7	0	0	0	0	552	544	
8	0	0	0	0	548	526	
9	0	0	0	0	545	487	
10	0	0	0	0	541	495	
11	0	0	0	0	536	513	
12	0	0	0	0	531	550	
13	0	0	0	0	523	559	
14	0	0	0	0	515	563	
15	0	0	0	0	512	580	
0	0	0	0	0	514	586	
1	0	0	0	0	515	590	
2	0	0	0	0	522	576	
3	0	0	0	0	532	609	
4	0	0	0	0	545	611	
5	0	0	0	0	557	571	
6	0	0	0	0	577	515	
7	0	0	0	0	598	491	
8	0	0	0	0	608	481	
9	0	0	0	0	607	450	
10	0	0	0	0	597	437	
11	0	0	0	0	585	443	
12	0	0	0	0	578	429	
13	0	0	0	0	571	439	
14	0	0	0	0	570	507	
15	0	0	0	0	572	547	
0	0	0	0	0	575	558	
1	0	0	0	0	579	545	
2	0	0	0	0	580	545	
3	0	0	0	0	577	571	
4	0	0	0	0	572	543	
5	0	0	0	0	570	522	
6	0	0	0	0	564	493	
7	0	0	0	0	556	471	
8	0	0	0	0	548	491	
9	0	0	0	0	541	528	
10	0	0	0	0	533	531	
11	0	0	0	0	533	512	
12	0	0	0	0	537	468	
13	0	0	0	0	547	460	
14	0	0	0	0	550	452	
15	0	0	0	0	545	432	
0	0	0	0	0	537	427	
1	0	0	0	0	527	418	
2	0	0	0	0	522	412	
3	0	0	0	0	523	428	
4	0	0	0	0	530	431	
5	0	0	0	0	538	415	
6	0	0	0	0	548	417	
7	0	0	0	0	563	442	
8	0	0	0	0	580	508	
9	0	0	0	0	596	531	
10	0	0	0	0	614	542	
11	0	0	0	0	623	590	
12	0	0	0	0	622	584	
13	0	0	0	0	615	572	
14	0	0	0	0	611	523	
15	0	0	0	0	610	466	
0	0	0	0	0	607	422	
1	0	0	0	0	599	397	
2	0	0	0	0	589	408	
3	0	0	0	0	578	471	
4	0	0	0	0	561	488	
5	0	0	0	0	546	466	
6	0	0	0	0	541	451	
7	0	0	0	0	544	409	
8	0	0	0	0	556	403	
9	0	0	0	0	574	430	
10	0	0	0	0	597	455	
11	0	0	0	0	620	492	
12	0	0	0	0	637	519	
13	0	0	0	0	637	505	
14	0	0	0	0	619	466	
15	0	0	0	0	593	455	
0	0	0	0	0	574	474	
1	0	0	0	0	564	479	
2	0	0	0	0	562	477	
3	0	0	0	0	566	474	
4	0	0	0	0	572	503	
5	0	0	0	0	576	514	
6	0	0	0	0	577	516	
7	0	0	0	0	581	499	
8	0	0	0	0	587	496	
9	0	0	0	0	596	493	
10	0	0	0	0	611	508	
11	0	0	0	0	620	515	
12	0	0	0	0	625	509	
13	0	0	0	0	632	471	
14	0	0	0	0	640	440	
15	0	0	0	0	649	450	
0	0	0	0	0	653	460	
1	0	0	0	0	654	457	
2	0	0	0	0	652	467	
3	0	0	0	0	646	463	
4	0	0	0	0	639	484	
5	0	0	0	0	628	509	
6	0	0	0	0	617	543	
7	0	0	0	0	604	528	
8	0	0	0	0	589	488	
9	0	0	0	0	575	531	
10	0	0	0	0	563	523	
11	0	0	0	0	555	504	
12	0	0	0	0	547	526	
13	0	0	0	0	542	526	
14	0	0	0	0	544	529	
15	0	0	0	0	552	553	
0	0	0	0	0	562	555	
1	0	0	0	0	572	547	
2	0	0	0	0	582	553	
3	0	0	0	0	590	555	
4	0	0	0	0	598	564	
5	0	0	0	0	604	571	
6	0	0	0	0	604	575	
7	0	0	0	0	600	577	
8	0	0	0	0	586	608	
9	0	0	0	0	570	621	
10	0	0	0	0	556	615	
11	0	0	0	0	547	613	
12	0	0	0	0	542	602	
13	0	0	0	0	543	587	
14	0	0	0	0	546	557	
15	0	0	0	0	549	594	
0	0	0	0	0	552	632	
1	0	0	0	0	561	616	
2	0	0	0	0	570	633	
3	0	0	0	0	577	599	
4	0	0	0	0	585	526	
5	0	0	0	0	599	495	
6	0	0	0	0	606	531	
7	0	0	0	0	609	554	
8	0	0	0	0	611	607	
9	0	0	0	0	609	597	
10	0	0	0	0	607	627	
11	0	0	0	0	608	646	
12	0	0	0	0	613	655	
13	0	0	0	0	623	637	
14	0	0	0	0	630	627	
15	0	0	0	0	636	600	
0	0	0	0	0	636	534	
1	0	0	0	0	636	484	
2	0	0	0	0	637	453	
3	0	0	0	0	632	441	
4	0	0	0	0	624	462	
5	0	0	0	0	612	436	
6	0	0	0	0	606	456	
7	0	0	0	0	603	436	
8	0	0	0	0	597	480	
9	0	0	0	0	588	551	
10	0	0	0	0	584	582	
11	0	0	0	0	585	608	
12	0	0	0	0	590	630	
13	0	0	0	0	595	630	
14	0	0	0	0	600	645	
15	0	0	0	0	603	644	
0	0	0	0	0	608	647	
1	0	0	0	0	612	598	
2	0	0	0	0	615	559	
3	0	0	0	0	620	523	
4	0	0	0	0	625	499	
5	0	0	0	0	625	488	
6	0	0	0	0	622	500	
7	0	0	0	0	620	509	
8	0	0	0	0	624	488	
9	0	0	0	0	633	439	
10	0	0	0	0	649	426	
11	0	0	0	0	668	396	
12	0	0	0	0	688	400	
13	0	0	0	0	707	431	
14	0	0	0	0	723	470	
15	0	0	0	0	731	508	
0	0	0	0	0	736	496	
1	0	0	0	0	742	482	
2	0	0	0	0	750	471	
3	0	0	0	0	760	456	
4	0	0	0	0	765	450	
5	0	0	0	0	758	423	
6	0	0	0	0	743	404	
7	0	0	0	0	729	425	
8	0	0	0	0	707	454	
9	0	0	0	0	679	442	
10	0	0	0	0	648	462	
11	0	0	0	0	627	476	
12	0	0	0	0	608	503	
13	0	0	0	0	590	524	
14	0	0	0	0	579	569	
15	0	0	0	0	573	587	
0	0	0	0	0	575	585	
1	0	0	0	0	577	528	
2	0	0	0	0	582	472	
3	0	0	0	0	585	458	
4	0	0	0	0	582	458	
5	0	0	0	0	575	462	
6	0	0	0	0	568	463	
7	0	0	0	0	566	507	
8	0	0	0	0	576	541	
9	0	0	0	0	595	524	
10	0	0	0	0	618	488	
11	0	0	0	0	649	473	
12	0	0	0	0	688	448	
13	0	0	0	0	723	422	
14	0	0	0	0	748	418	
15	0	0	0	0	754	415	
0	0	0	0	0	742	436	
1	0	0	0	0	711	459	
2	0	0	0	0	674	444	
3	0	0	0	0	635	442	
4	0	0	0	0	597	445	
5	0	0	0	0	563	439	
6	0	0	0	0	539	423	
7	0	0	0	0	517	430	
8	0	0	0	0	504	472	
9	0	0	0	0	503	485	
10	0	0	0	0	505	497	
11	0	0	0	0	508	515	
12	0	0	0	0	510	546	
13	0	0	0	0	515	583	
14	0	0	0	0	523	633	
15	0	0	0	0	536	632	
0	0	0	0	0	551	595	
1	0	0	0	0	571	571	
2	0	0	0	0	593	583	
3	0	0	0	0	611	604	
4	0	0	0	0	620	589	
5	0	0	0	0	621	568	
6	0	0	0	0	618	521	
7	0	0	0	0	611	523	
8	0	0	0	0	608	543	
9	0	0	0	0	603	508	
10	0	0	0	0	597	516	
11	0	0	0	0	591	521	
12	0	0	0	0	586	543	
13	0	0	0	0	580	592	
14	0	0	0	0	582	635	
15	0	0	0	0	590	647	
0	0	0	0	0	598	671	
1	0	0	0	0	600	639	
2	0	0	0	0	598	554	
3	0	0	0	0	598	508	
4	0	0	0	0	600	519	
5	0	0	0	0	600	519	
6	0	0	0	0	602	514	
7	0	0	0	0	604	517	
8	0	0	0	0	598	545	
9	0	0	0	0	591	495	
10	0	0	0	0	586	495	
11	0	0	0	0	580	499	
12	0	0	0	0	567	509	
13	0	0	0	0	543	518	
14	0	0	0	0	516	534	
15	0	0	0	0	498	579	
0	0	0	0	0	494	635	
1	0	0	0	0	504	649	
2	0	0	0	0	520	635	
3	0	0	0	0	543	629	
4	0	0	0	0	571	668	
5	0	0	0	0	597	680	
6	0	0	0	0	621	684	
7	0	0	0	0	639	652	
8	0	0	0	0	651	603	
9	0	0	0	0	647	553	
10	0	0	0	0	632	519	
11	0	0	0	0	619	499	
12	0	0	0	0	604	502	
13	0	0	0	0	579	494	
14	0	0	0	0	548	483	
15	0	0	0	0	524	509	
0	0	0	0	0	511	519	
1	0	0	0	0	508	529	
2	0	0	0	0	515	551	
3	0	0	0	0	532	592	
4	0	0	0	0	563	649	
5	0	0	0	0	600	654	
6	0	0	0	0	633	615	
7	0	0	0	0	659	582	
8	0	0	0	0	670	573	
9	0	0	0	0	665	565	
10	0	0	0	0	656	570	
11	0	0	0	0	647	569	
12	0	0	0	0	638	556	
13	0	0	0	0	630	575	
14	0	0	0	0	628	560	
15	0	0	0	0	630	542	
0	0	0	0	0	640	546	
1	0	0	0	0	652	536	
2	0	0	0	0	663	525	
3	0	0	0	0	665	505	
4	0	0	0	0	657	495	
5	0	0	0	0	639	514	
6	0	0	0	0	620	503	
7	0	0	0	0	604	486	
8	0	0	0	0	588	504	
9	0	0	0	0	566	516	
10	0	0	0	0	538	547	
11	0	0	0	0	513	587	
12	0	0	0	0	492	617	
13	0	0	0	0	471	633	
14	0	0	0	0	458	625	
15	0	0	0	0	449	610	
0	0	0	0	0	442	607	
1	0	0	0	0	443	624	
2	0	0	0	0	448	600	
3	0	0	0	0	458	579	
4	0	0	0	0	471	597	
5	0	0	0	0	481	556	
6	0	0	0	0	492	535	
7	0	0	0	0	505	534	
8	0	0	0	0	519	551	
9	0	0	0	0	531	551	
10	0	0	0	0	543	522	
11	0	0	0	0	551	532	
12	0	0	0	0	553	546	
13	0	0	0	0	560	585	
14	0	0	0	0	565	605	
15	0	0	0	0	568	591	
0	0	0	0	0	567	573	
1	0	0	0	0	566	562	
2	0	0	0	0	565	555	
3	0	0	0	0	563	577	
4	0	0	0	0	559	619	
5	0	0	0	0	551	643	
6	0	0	0	0	540	606	
7	0	0	0	0	535	572	
8	0	0	0	0	536	575	
9	0	0	0	0	532	518	
10	0	0	0	0	527	524	
11	0	0	0	0	526	507	
12	0	0	0	0	529	496	
13	0	0	0	0	537	502	
14	0	0	0	0	547	473	
15	0	0	0	0	558	471	
0	0	0	0	0	569	475	
1	0	0	0	0	582	474	
2	0	0	0	0	590	482	
3	0	0	0	0	595	515	
4	0	0	0	0	599	544	
5	0	0	0	0	600	632	
6	0	0	0	0	600	657	
7	0	0	0	0	597	672	
8	0	0	0	0	590	654	
9	0	0	0	0	583	613	
10	0	0	0	0	574	593	
11	0	0	0	0	571	558	
12	0	0	0	0	574	561	
13	0	0	0	0	579	581	
14	0	0	0	0	584	544	
15	0	0	0	0	580	511	
0	0	0	0	0	565	520	
1	0	0	0	0	545	523	
2	0	0	0	0	521	549	
3	0	0	0	0	498	572	
4	0	0	0	0	484	612	
5	0	0	0	0	487	629	
6	0	0	0	0	503	602	
7	0	0	0	0	529	585	
8	0	0	0	0	547	564	
9	0	0	0	0	558	587	
10	0	0	0	0	564	636	
11	0	0	0	0	567	605	
12	0	0	0	0	568	561	
13	0	0	0	0	570	580	
14	0	0	0	0	575	589	
15	0	0	0	0	583	600	
0	0	0	0	0	587	582	
1	0	0	0	0	590	583	
2	0	0	0	0	598	592	
3	0	0	0	0	608	601	
4	0	0	0	0	622	575	
5	0	0	0	0	634	544	
6	0	0	0	0	645	585	
7	0	0	0	0	656	596	
8	0	0	0	0	666	613	
9	0	0	0	0	672	615	
10	0	0	0	0	681	627	
11	0	0	0	0	688	619	
12	0	0	0	0	694	584	
13	0	0	0	0	695	530	
14	0	0	0	0	693	491	
15	0	0	0	0	686	476	
0	0	0	0	0	667	472	
1	0	0	0	0	650	451	
2	0	0	0	0	641	441	
3	0	0	0	0	640	456	
4	0	0	0	0	647	484	
5	0	0	0	0	656	540	
6	0	0	0	0	665	553	
7	0	0	0	0	671	566	
8	0	0	0	0	675	561	
9	0	0	0	0	679	521	
10	0	0	0	0	680	493	
11	0	0	0	0	684	504	
12	0	0	0	0	689	504	
13	0	0	0	0	697	522	
14	0	0	0	0	702	494	
15	0	0	0	0	696	443	
0	0	0	0	0	680	423	
1	0	0	0	0	663	412	
2	0	0	0	0	652	440	
3	0	0	0	0	651	471	
4	0	0	0	0	655	499	
5	0	0	0	0	664	535	
6	0	0	0	0	670	577	
7	0	0	0	0	676	586	
8	0	0	0	0	683	608	
9	0	0	0	0	692	627	
10	0	0	0	0	705	621	
11	0	0	0	0	721	566	
12	0	0	0	0	736	493	
13	0	0	0	0	749	452	
14	0	0	0	0	758	420	
15	0	0	0	0	762	385	
0	0	0	0	0	756	368	
1	0	0	0	0	743	399	
2	0	0	0	0	726	409	
3	0	0	0	0	713	458	
4	0	0	0	0	703	472	
5	0	0	0	0	693	478	
6	0	0	0	0	690	486	
7	0	0	0	0	689	510	
8	0	0	0	0	689	521	
9	0	0	0	0	691	513	
10	0	0	0	0	688	489	
11	0	0	0	0	681	498	
12	0	0	0	0	673	522	
13	0	0	0	0	664	507	
14	0	0	0	0	657	512	
15	0	0	0	0	655	519	
0	0	0	0	0	655	500	
1	0	0	0	0	651	475	
2	0	0	0	0	649	481	
3	0	0	0	0	650	522	
4	0	0	0	0	657	565	
5	0	0	0	0	663	601	
6	0	0	0	0	672	612	
7	0	0	0	0	679	579	
8	0	0	0	0	682	537	
9	0	0	0	0	682	501	
10	0	0	0	0	683	494	
11	0	0	0	0	680	464	
12	0	0	0	0	679	454	
13	0	0	0	0	679	440	
14	0	0	0	0	674	439	
15	0	0	0	0	671	461	
0	0	0	0	0	660	496	
1	0	0	0	0	649	507	
2	0	0	0	0	640	539	
3	0	0	0	0	634	557	
4	0	0	0	0	625	550	
5	0	0	0	0	614	565	
6	0	0	0	0	605	559	
7	0	0	0	0	600	554	
8	0	0	0	0	599	563	
9	0	0	0	0	603	547	
10	0	0	0	0	607	516	
11	0	0	0	0	610	496	
12	0	0	0	0	618	411	
13	0	0	0	0	628	368	
14	0	0	0	0	640	404	
15	0	0	0	0	648	487	
0	0	0	0	0	648	536	
1	0	0	0	0	640	568	
2	0	0	0	0	628	580	
3	0	0	0	0	614	584	
4	0	0	0	0	603	581	
5	0	0	0	0	592	550	
6	0	0	0	0	583	542	
7	0	0	0	0	576	550	
8	0	0	0	0	570	574	
9	0	0	0	0	571	622	
10	0	0	0	0	573	639	
11	0	0	0	0	579	673	
12	0	0	0	0	590	665	
13	0	0	0	0	604	612	
14	0	0	0	0	619	563	
15	0	0	0	0	631	555	
0	0	0	0	0	643	536	
1	0	0	0	0	656	514	
2	0	0	0	0	668	525	
3	0	0	0	0	678	515	
4	0	0	0	0	685	473	
5	0	0	0	0	696	414	
6	0	0	0	0	705	369	
7	0	0	0	0	707	373	
8	0	0	0	0	699	385	
9	0	0	0	0	688	431	
10	0	0	0	0	673	472	
11	0	0	0	0	664	475	
12	0	0	0	0	662	473	
13	0	0	0	0	664	472	
14	0	0	0	0	668	453	
15	0	0	0	0	674	427	
0	0	0	0	0	683	427	
1	0	0	0	0	692	452	
2	0	0	0	0	696	460	
3	0	0	0	0	695	492	
4	0	0	0	0	691	576	
5	0	0	0	0	685	615	
6	0	0	0	0	676	628	
7	0	0	0	0	665	615	
8	0	0	0	0	653	614	
9	0	0	0	0	635	654	
10	0	0	0	0	615	658	
11	0	0	0	0	596	633	
12	0	0	0	0	581	600	
13	0	0	0	0	573	552	
14	0	0	0	0	574	529	
15	0	0	0	0	582	515	
0	0	0	0	0	595	518	
1	0	0	0	0	610	562	
2	0	0	0	0	623	584	
3	0	0	0	0	632	592	
4	0	0	0	0	639	573	
5	0	0	0	0	645	543	
6	0	0	0	0	649	512	
7	0	0	0	0	650	497	
8	0	0	0	0	647	536	
9	0	0	0	0	646	537	
10	0	0	0	0	642	547	
11	0	0	0	0	639	574	
12	0	0	0	0	637	600	
13	0	0	0	0	629	584	
14	0	0	0	0	615	565	
15	0	0	0	0	595	575	
0	0	0	0	0	579	598	
1	0	0	0	0	563	622	
2	0	0	0	0	552	640	
3	0	0	0	0	545	632	
4	0	0	0	0	541	644	
5	0	0	0	0	537	660	
6	0	0	0	0	531	668	
7	0	0	0	0	527	667	
8	0	0	0	0	525	635	
9	0	0	0	0	522	661	
10	0	0	0	0	518	652	
11	0	0	0	0	515	624	
12	0	0	0	0	518	623	
13	0	0	0	0	526	620	
14	0	0	0	0	533	619	
15	0	0	0	0	541	648	
0	0	0	0	0	547	676	
1	0	0	0	0	552	657	
2	0	0	0	0	556	694	
3	0	0	0	0	560	709	
4	0	0	0	0	564	707	
5	0	0	0	0	566	691	
6	0	0	0	0	567	622	
7	0	0	0	0	568	599	
8	0	0	0	0	562	587	
9	0	0	0	0	555	576	
10	0	0	0	0	546	593	
11	0	0	0	0	534	588	
12	0	0	0	0	523	553	
13	0	0	0	0	512	519	
14	0	0	0	0	511	463	
15	0	0	0	0	515	449	
0	0	0	0	0	519	477	
1	0	0	0	0	521	500	
2	0	0	0	0	521	548	
3	0	0	0	0	526	581	
4	0	0	0	0	531	569	
5	0	0	0	0	530	564	
6	0	0	0	0	530	575	
7	0	0	0	0	528	591	
8	0	0	0	0	528	615	
9	0	0	0	0	525	629	
10	0	0	0	0	523	659	
11	0	0	0	0	519	712	
12	0	0	0	0	513	719	
13	0	0	0	0	502	665	
14	0	0	0	0	492	621	
15	0	0	0	0	492	590	
0	0	0	0	0	491	626	
1	0	0	0	0	493	684	
2	0	0	0	0	500	699	
3	0	0	0	0	511	675	
4	0	0	0	0	527	642	
5	0	0	0	0	546	609	
6	0	0	0	0	565	577	
7	0	0	0	0	583	593	
8	0	0	0	0	601	600	
9	0	0	0	0	615	568	
10	0	0	0	0	624	564	
11	0	0	0	0	631	559	
12	0	0	0	0	633	506	
13	0	0	0	0	633	497	
14	0	0	0	0	627	494	
15	0	0	0	0	615	513	
0	0	0	0	0	603	539	
1	0	0	0	0	595	504	
2	0	0	0	0	590	432	
3	0	0	0	0	589	459	
4	0	0	0	0	590	483	
5	0	0	0	0	595	504	
6	0	0	0	0	604	516	
7	0	0	0	0	611	553	
8	0	0	0	0	618	578	
9	0	0	0	0	622	561	
10	0	0	0	0	627	559	
11	0	0	0	0	637	513	
12	0	0	0	0	646	445	
13	0	0	0	0	654	422	
14	0	0	0	0	657	419	
15	0	0	0	0	656	454	
0	0	0	0	0	651	492	
1	0	0	0	0	640	539	
2	0	0	0	0	632	572	
3	0	0	0	0	628	558	
4	0	0	0	0	617	562	
5	0	0	0	0	602	566	
6	0	0	0	0	587	607	
7	0	0	0	0	577	606	
8	0	0	0	0	565	587	
9	0	0	0	0	555	589	
10	0	0	0	0	553	613	
11	0	0	0	0	556	615	
12	0	0	0	0	557	613	
13	0	0	0	0	554	564	
14	0	0	0	0	547	522	
15	0	0	0	0	535	516	
0	0	0	0	0	523	559	
1	0	0	0	0	515	609	
2	0	0	0	0	510	604	
3	0	0	0	0	511	575	
4	0	0	0	0	511	524	
5	0	0	0	0	513	510	
6	0	0	0	0	519	498	
7	0	0	0	0	535	453	
8	0	0	0	0	559	424	
9	0	0	0	0	583	429	
10	0	0	0	0	600	473	
11	0	0	0	0	608	499	
12	0	0	0	0	611	510	
13	0	0	0	0	609	502	
14	0	0	0	0	602	486	
15	0	0	0	0	590	461	
0	0	0	0	0	574	427	
1	0	0	0	0	557	417	
2	0	0	0	0	540	411	
3	0	0	0	0	526	442	
4	0	0	0	0	519	492	
5	0	0	0	0	509	525	
6	0	0	0	0	505	550	
7	0	0	0	0	502	539	
8	0	0	0	0	499	577	
9	0	0	0	0	498	612	
10	0	0	0	0	497	659	
11	0	0	0	0	490	639	
12	0	0	0	0	480	614	
13	0	0	0	0	467	617	
14	0	0	0	0	457	615	
15	0	0	0	0	453	611	
0	0	0	0	0	452	614	
1	0	0	0	0	450	629	
2	0	0	0	0	451	665	
3	0	0	0	0	456	693	
4	0	0	0	0	459	703	
5	0	0	0	0	457	693	
6	0	0	0	0	455	655	
7	0	0	0	0	460	619	
8	0	0	0	0	463	607	
9	0	0	0	0	467	610	
10	0	0	0	0	476	598	
11	0	0	0	0	485	589	
12	0	0	0	0	489	564	
13	0	0	0	0	487	554	
14	0	0	0	0	480	550	
15	0	0	0	0	478	531	
0	0	0	0	0	477	557	
1	0	0	0	0	477	551	
2	0	0	0	0	475	537	
3	0	0	0	0	479	531	
4	0	0	0	0	487	523	
5	0	0	0	0	498	535	
6	0	0	0	0	509	512	
7	0	0	0	0	524	491	
8	0	0	0	0	545	510	
9	0	0	0	0	565	456	
10	0	0	0	0	580	413	
11	0	0	0	0	593	399	
12	0	0	0	0	607	428	
13	0	0	0	0	616	488	
14	0	0	0	0	619	521	
15	0	0	0	0	619	527	
0	0	0	0	0	618	523	
1	0	0	0	0	614	526	
2	0	0	0	0	611	535	
3	0	0	0	0	609	531	
4	0	0	0	0	604	528	
5	0	0	0	0	592	545	
6	0	0	0	0	582	579	
7	0	0	0	0	575	535	
8	0	0	0	0	568	522	
9	0	0	0	0	556	544	
10	0	0	0	0	541	561	
11	0	0	0	0	523	571	
12	0	0	0	0	504	521	
13	0	0	0	0	485	464	
14	0	0	0	0	469	446	
15	0	0	0	0	457	455	
0	0	0	0	0	451	494	
1	0	0	0	0	448	563	
2	0	0	0	0	444	638	
3	0	0	0	0	437	694	
4	0	0	0	0	428	703	
5	0	0	0	0	419	689	
6	0	0	0	0	413	675	
7	0	0	0	0	412	638	
8	0	0	0	0	417	621	
9	0	0	0	0	430	583	
10	0	0	0	0	449	563	
11	0	0	0	0	471	569	
12	0	0	0	0	491	590	
13	0	0	0	0	519	591	
14	0	0	0	0	551	580	
15	0	0	0	0	582	580	
0	0	0	0	0	609	568	
1	0	0	0	0	627	542	
2	0	0	0	0	639	528	
3	0	0	0	0	651	529	
4	0	0	0	0	664	483	
5	0	0	0	0	683	448	
6	0	0	0	0	695	436	
7	0	0	0	0	696	445	
8	0	0	0	0	686	476	
9	0	0	0	0	667	482	
10	0	0	0	0	641	482	
11	0	0	0	0	610	461	
12	0	0	0	0	582	474	
13	0	0	0	0	564	540	
14	0	0	0	0	553	564	
15	0	0	0	0	543	596	
0	0	0	0	0	535	620	
1	0	0	0	0	534	567	
2	0	0	0	0	535	514	
3	0	0	0	0	538	510	
4	0	0	0	0	542	557	
5	0	0	0	0	547	573	
6	0	0	0	0	555	596	
7	0	0	0	0	563	528	
8	0	0	0	0	568	460	
9	0	0	0	0	571	440	
10	0	0	0	0	565	455	
11	0	0	0	0	563	518	
12	0	0	0	0	569	572	
13	0	0	0	0	579	603	
14	0	0	0	0	584	624	
15	0	0	0	0	591	632	
0	0	0	0	0	599	659	
1	0	0	0	0	604	681	
2	0	0	0	0	597	663	
3	0	0	0	0	577	657	
4	0	0	0	0	550	595	
5	0	0	0	0	523	536	
6	0	0	0	0	505	518	
7	0	0	0	0	494	522	
8	0	0	0	0	492	550	
9	0	0	0	0	496	593	
10	0	0	0	0	501	644	
11	0	0	0	0	510	691	
12	0	0	0	0	518	639	
13	0	0	0	0	531	617	
14	0	0	0	0	539	560	
15	0	0	0	0	543	532	
0	0	0	0	0	545	561	
1	0	0	0	0	543	578	
2	0	0	0	0	542	608	
3	0	0	0	0	537	576	
4	0	0	0	0	540	535	
5	0	0	0	0	543	457	
6	0	0	0	0	549	435	
7	0	0	0	0	557	447	
8	0	0	0	0	561	454	
9	0	0	0	0	563	479	
10	0	0	0	0	566	521	
11	0	0	0	0	571	544	
12	0	0	0	0	576	574	
13	0	0	0	0	579	531	
14	0	0	0	0	576	489	
15	0	0	0	0	570	481	
0	0	0	0	0	558	494	
1	0	0	0	0	543	546	
2	0	0	0	0	529	577	
3	0	0	0	0	512	614	
4	0	0	0	0	494	631	
5	0	0	0	0	475	675	
6	0	0	0	0	460	699	
7	0	0	0	0	448	671	
8	0	0	0	0	441	646	
9	0	0	0	0	434	612	
10	0	0	0	0	427	569	
11	0	0	0	0	423	530	
12	0	0	0	0	418	539	
13	0	0	0	0	415	566	
14	0	0	0	0	416	583	
15	0	0	0	0	423	590	
0	0	0	0	0	430	583	
1	0	0	0	0	437	583	
2	0	0	0	0	445	594	
3	0	0	0	0	458	588	
4	0	0	0	0	468	577	
5	0	0	0	0	475	591	
6	0	0	0	0	485	568	
7	0	0	0	0	497	568	
8	0	0	0	0	511	561	
9	0	0	0	0	526	578	
10	0	0	0	0	533	618	
11	0	0	0	0	538	599	
12	0	0	0	0	546	568	
13	0	0	0	0	556	523	
14	0	0	0	0	560	510	
15	0	0	0	0	559	503	
0	0	0	0	0	555	528	
1	0	0	0	0	549	539	
2	0	0	0	0	537	509	
3	0	0	0	0	522	500	
4	0	0	0	0	510	526	
5	0	0	0	0	507	537	
6	0	0	0	0	507	568	
7	0	0	0	0	508	590	
8	0	0	0	0	504	589	
9	0	0	0	0	499	553	
10	0	0	0	0	492	529	
11	0	0	0	0	480	544	
12	0	0	0	0	472	549	
13	0	0	0	0	462	538	
14	0	0	0	0	449	524	
15	0	0	0	0	436	513	
0	0	0	0	0	427	471	
1	0	0	0	0	424	481	
2	0	0	0	0	428	508	
3	0	0	0	0	437	519	
4	0	0	0	0	445	530	
5	0	0	0	0	452	446	
6	0	0	0	0	455	393	
7	0	0	0	0	458	364	
8	0	0	0	0	463	391	
9	0	0	0	0	473	399	
10	0	0	0	0	486	414	
11	0	0	0	0	501	485	
12	0	0	0	0	521	536	
13	0	0	0	0	541	579	
14	0	0	0	0	563	581	
15	0	0	0	0	587	560	
0	0	0	0	0	606	529	
1	0	0	0	0	620	520	
2	0	0	0	0	629	527	
3	0	0	0	0	635	535	
4	0	0	0	0	636	530	
5	0	0	0	0	632	538	
6	0	0	0	0	623	569	
7	0	0	0	0	607	577	
8	0	0	0	0	583	560	
9	0	0	0	0	560	576	
10	0	0	0	0	534	605	
11	0	0	0	0	509	603	
12	0	0	0	0	486	598	
13	0	0	0	0	466	588	
14	0	0	0	0	453	569	
15	0	0	0	0	445	587	
0	0	0	0	0	440	572	
1	0	0	0	0	434	544	
2	0	0	0	0	433	494	
3	0	0	0	0	433	442	
4	0	0	0	0	436	446	
5	0	0	0	0	440	438	
6	0	0	0	0	448	438	
7	0	0	0	0	458	455	
8	0	0	0	0	469	479	
9	0	0	0	0	480	493	
10	0	0	0	0	492	515	
11	0	0	0	0	502	518	
12	0	0	0	0	515	497	
13	0	0	0	0	529	486	
14	0	0	0	0	539	501	
15	0	0	0	0	545	516	
0	0	0	0	0	548	483	
1	0	0	0	0	544	470	
2	0	0	0	0	532	480	
3	0	0	0	0	516	509	
4	0	0	0	0	494	572	
5	0	0	0	0	468	586	
6	0	0	0	0	447	601	
7	0	0	0	0	435	633	
8	0	0	0	0	430	648	
9	0	0	0	0	430	665	
10	0	0	0	0	436	682	
11	0	0	0	0	445	672	
12	0	0	0	0	450	665	
13	0	0	0	0	460	641	
14	0	0	0	0	476	622	
15	0	0	0	0	491	610	
0	0	0	0	0	494	604	
1	0	0	0	0	496	608	
2	0	0	0	0	497	623	
3	0	0	0	0	494	588	
4	0	0	0	0	493	516	
5	0	0	0	0	488	460	
6	0	0	0	0	482	436	
7	0	0	0	0	475	459	
8	0	0	0	0	460	531	
9	0	0	0	0	443	541	
10	0	0	0	0	430	512	
11	0	0	0	0	425	516	
12	0	0	0	0	428	513	
13	0	0	0	0	434	519	
14	0	0	0	0	441	510	
15	0	0	0	0	450	526	
0	0	0	0	0	465	554	
1	0	0	0	0	479	530	
2	0	0	0	0	491	521	
3	0	0	0	0	503	472	
4	0	0	0	0	511	411	
5	0	0	0	0	521	384	
6	0	0	0	0	527	410	
7	0	0	0	0	531	433	
8	0	0	0	0	534	454	
9	0	0	0	0	531	485	
10	0	0	0	0	524	553	
11	0	0	0	0	515	604	
12	0	0	0	0	505	608	
13	0	0	0	0	498	610	
14	0	0	0	0	491	614	
15	0	0	0	0	491	599	
0	0	0	0	0	496	614	
1	0	0	0	0	503	643	
2	0	0	0	0	508	660	
3	0	0	0	0	509	652	
4	0	0	0	0	503	648	
5	0	0	0	0	499	626	
6	0	0	0	0	505	593	
7	0	0	0	0	517	574	
8	0	0	0	0	526	570	
9	0	0	0	0	527	536	
10	0	0	0	0	521	511	
11	0	0	0	0	519	506	
12	0	0	0	0	519	529	
13	0	0	0	0	522	519	
14	0	0	0	0	530	492	
15	0	0	0	0	536	497	
0	0	0	0	0	536	474	
1	0	0	0	0	536	446	
2	0	0	0	0	536	432	
3	0	0	0	0	535	446	
4	0	0	0	0	533	460	
5	0	0	0	0	534	521	
6	0	0	0	0	535	555	
7	0	0	0	0	535	564	
8	0	0	0	0	536	562	
9	0	0	0	0	536	577	
10	0	0	0	0	535	551	
11	0	0	0	0	540	510	
12	0	0	0	0	550	476	
13	0	0	0	0	564	462	
14	0	0	0	0	579	440	
15	0	0	0	0	588	425	
0	0	0	0	0	595	447	
1	0	0	0	0	598	447	
2	0	0	0	0	595	463	
3	0	0	0	0	589	493	
4	0	0	0	0	587	535	
5	0	0	0	0	594	542	
6	0	0	0	0	608	560	
7	0	0	0	0	627	571	
8	0	0	0	0	648	554	
9	0	0	0	0	665	539	
10	0	0	0	0	672	530	
11	0	0	0	0	673	483	
12	0	0	0	0	678	441	
13	0	0	0	0	687	453	
14	0	0	0	0	686	478	
15	0	0	0	0	680	487	
0	0	0	0	0	675	411	
1	0	0	0	0	671	357	
2	0	0	0	0	673	349	
3	0	0	0	0	673	355	
4	0	0	0	0	667	397	
5	0	0	0	0	652	443	
6	0	0	0	0	627	473	
7	0	0	0	0	598	463	
8	0	0	0	0	576	483	
9	0	0	0	0	559	500	
10	0	0	0	0	547	490	
11	0	0	0	0	540	473	
12	0	0	0	0	533	433	
13	0	0	0	0	527	438	
14	0	0	0	0	521	455	
15	0	0	0	0	519	516	
0	0	0	0	0	514	549	
1	0	0	0	0	515	536	
2	0	0	0	0	529	505	
3	0	0	0	0	567	473	
4	0	0	0	0	611	491	
5	0	0	0	0	648	536	
6	0	0	0	0	676	555	
7	0	0	0	0	702	538	
8	0	0	0	0	716	504	
9	0	0	0	0	701	467	
10	0	0	0	0	665	480	
11	0	0	0	0	628	499	
12	0	0	0	0	595	545	
13	0	0	0	0	561	547	
14	0	0	0	0	523	531	
15	0	0	0	0	487	539	
0	0	0	0	0	455	556	
1	0	0	0	0	432	608	
2	0	0	0	0	415	636	
3	0	0	0	0	403	620	
4	0	0	0	0	399	602	
5	0	0	0	0	404	567	
6	0	0	0	0	414	560	
7	0	0	0	0	426	560	
8	0	0	0	0	447	588	
9	0	0	0	0	471	548	
10	0	0	0	0	499	531	
11	0	0	0	0	534	520	
12	0	0	0	0	568	533	
13	0	0	0	0	593	548	
14	0	0	0	0	609	545	
15	0	0	0	0	622	503	
0	0	0	0	0	636	481	
1	0	0	0	0	645	441	
2	0	0	0	0	647	405	
3	0	0	0	0	647	352	
4	0	0	0	0	652	325	
5	0	0	0	0	663	348	
6	0	0	0	0	668	363	
7	0	0	0	0	661	372	
8	0	0	0	0	649	388	
9	0	0	0	0	636	393	
10	0	0	0	0	624	394	
11	0	0	0	0	615	409	
12	0	0	0	0	608	439	
13	0	0	0	0	606	441	
14	0	0	0	0	615	448	
15	0	0	0	0	629	471	
0	0	0	0	0	641	494	
1	0	0	0	0	649	480	
2	0	0	0	0	664	472	
3	0	0	0	0	683	492	
4	0	0	0	0	697	492	
5	0	0	0	0	711	510	
6	0	0	0	0	726	479	
7	0	0	0	0	743	478	
8	0	0	0	0	755	482	
9	0	0	0	0	760	475	
10	0	0	0	0	760	464	
11	0	0	0	0	757	499	
12	0	0	0	0	744	490	
13	0	0	0	0	724	467	
14	0	0	0	0	704	427	
15	0	0	0	0	685	405	
0	0	0	0	0	669	404	
1	0	0	0	0	654	409	
2	0	0	0	0	641	414	
3	0	0	0	0	630	412	
4	0	0	0	0	621	450	
5	0	0	0	0	615	429	
6	0	0	0	0	617	420	
7	0	0	0	0	625	421	
8	0	0	0	0	633	450	
9	0	0	0	0	641	454	
10	0	0	0	0	646	487	
11	0	0	0	0	647	489	
12	0	0	0	0	639	536	
13	0	0	0	0	632	547	
14	0	0	0	0	626	501	
15	0	0	0	0	623	472	
0	0	0	0	0	626	498	
1	0	0	0	0	632	538	
2	0	0	0	0	641	572	
3	0	0	0	0	655	540	
4	0	0	0	0	670	492	
5	0	0	0	0	685	435	
6	0	0	0	0	699	411	
7	0	0	0	0	708	386	
8	0	0	0	0	718	391	
9	0	0	0	0	724	393	
10	0	0	0	0	730	366	
11	0	0	0	0	729	328	
12	0	0	0	0	719	295	
13	0	0	0	0	701	283	
14	0	0	0	0	684	283	
15	0	0	0	0	668	307	
0	0	0	0	0	653	329	
1	0	0	0	0	645	364	
2	0	0	0	0	643	399	
3	0	0	0	0	647	392	
4	0	0	0	0	654	423	
5	0	0	0	0	664	464	
6	0	0	0	0	676	470	
7	0	0	0	0	688	451	
8	0	0	0	0	703	436	
9	0	0	0	0	719	416	
10	0	0	0	0	728	428	
11	0	0	0	0	735	472	
12	0	0	0	0	735	446	
13	0	0	0	0	729	371	
14	0	0	0	0	720	297	
15	0	0	0	0	708	283	
0	0	0	0	0	693	294	
1	0	0	0	0	681	319	
2	0	0	0	0	673	379	
3	0	0	0	0	664	449	
4	0	0	0	0	654	492	
5	0	0	0	0	647	513	
6	0	0	0	0	643	521	
7	0	0	0	0	638	511	
8	0	0	0	0	635	515	
9	0	0	0	0	638	499	
10	0	0	0	0	647	448	
11	0	0	0	0	658	448	
12	0	0	0	0	670	465	
13	0	0	0	0	673	489	
14	0	0	0	0	670	512	
15	0	0	0	0	664	507	
0	0	0	0	0	655	527	
1	0	0	0	0	649	542	
2	0	0	0	0	643	550	
3	0	0	0	0	636	491	
4	0	0	0	0	633	463	
5	0	0	0	0	624	434	
6	0	0	0	0	609	419	
7	0	0	0	0	588	441	
8	0	0	0	0	571	473	
9	0	0	0	0	565	540	
10	0	0	0	0	568	575	
11	0	0	0	0	572	556	
12	0	0	0	0	568	540	
13	0	0	0	0	561	571	
14	0	0	0	0	553	574	
15	0	0	0	0	545	556	
0	0	0	0	0	532	527	
1	0	0	0	0	518	535	
2	0	0	0	0	505	544	
3	0	0	0	0	494	496	
4	0	0	0	0	486	497	
5	0	0	0	0	467	476	
6	0	0	0	0	452	473	
7	0	0	0	0	452	508	
8	0	0	0	0	458	540	
9	0	0	0	0	463	531	
10	0	0	0	0	466	544	
11	0	0	0	0	470	593	
12	0	0	0	0	476	642	
13	0	0	0	0	485	694	
14	0	0	0	0	490	719	
15	0	0	0	0	494	695	
0	0	0	0	0	497	646	
1	0	0	0	0	497	618	
2	0	0	0	0	495	565	
3	0	0	0	0	495	514	
4	0	0	0	0	494	545	
5	0	0	0	0	487	564	
6	0	0	0	0	478	565	
7	0	0	0	0	463	558	
8	0	0	0	0	441	593	
9	0	0	0	0	417	606	
10	0	0	0	0	391	616	
11	0	0	0	0	370	582	
12	0	0	0	0	354	520	
13	0	0	0	0	344	504	
14	0	0	0	0	339	584	
15	0	0	0	0	334	654	
0	0	0	0	0	327	703	
1	0	0	0	0	318	712	
2	0	0	0	0	312	738	
3	0	0	0	0	307	721	
4	0	0	0	0	302	699	
5	0	0	0	0	292	705	
6	0	0	0	0	285	660	
7	0	0	0	0	275	620	
8	0	0	0	0	268	629	
9	0	0	0	0	262	659	
10	0	0	0	0	256	680	
11	0	0	0	0	252	693	
12	0	0	0	0	250	684	
13	0	0	0	0	248	620	
14	0	0	0	0	243	617	
15	0	0	0	0	236	639	
0	0	0	0	0	228	661	
1	0	0	0	0	224	672	
2	0	0	0	0	219	682	
3	0	0	0	0	208	668	
4	0	0	0	0	195	645	
5	0	0	0	0	177	630	
6	0	0	0	0	156	662	
7	0	0	0	0	137	681	
8	0	0	0	0	127	679	
9	0	0	0	0	123	659	
10	0	0	0	0	124	656	
11	0	0	0	0	134	683	
12	0	0	0	0	149	678	
13	0	0	0	0	164	679	
14	0	0	0	0	179	664	
15	0	0	0	0	192	644	
0	0	0	0	0	206	615	
1	0	0	0	0	219	623	
2	0	0	0	0	228	630	
3	0	0	0	0	232	604	
4	0	0	0	0	239	601	
5	0	0	0	0	241	576	
6	0	0	0	0	245	569	
7	0	0	0	0	245	568	
8	0	0	0	0	246	598	
9	0	0	0	0	242	615	
10	0	0	0	0	240	625	
11	0	0	0	0	240	633	
12	0	0	0	0	241	629	
13	0	0	0	0	242	665	
14	0	0	0	0	247	651	
15	0	0	0	0	263	662	
0	0	0	0	0	282	666	
1	0	0	0	0	299	645	
2	0	0	0	0	307	629	
3	0	0	0	0	308	614	
4	0	0	0	0	307	546	
5	0	0	0	0	301	531	
6	0	0	0	0	294	554	
7	0	0	0	0	290	584	
8	0	0	0	0	282	628	
9	0	0	0	0	272	632	
10	0	0	0	0	266	630	
11	0	0	0	0	262	620	
12	0	0	0	0	256	592	
13	0	0	0	0	250	576	
14	0	0	0	0	247	551	
15	0	0	0	0	248	581	
0	0	0	0	0	246	629	
1	0	0	0	0	238	645	
2	0	0	0	0	227	642	
3	0	0	0	0	215	606	
4	0	0	0	0	202	601	
5	0	0	0	0	189	549	
6	0	0	0	0	180	510	
7	0	0	0	0	175	510	
8	0	0	0	0	174	547	
9	0	0	0	0	172	610	
10	0	0	0	0	169	612	
11	0	0	0	0	167	593	
12	0	0	0	0	164	563	
13	0	0	0	0	164	556	
14	0	0	0	0	165	583	
15	0	0	0	0	174	606	
0	0	0	0	0	186	633	
1	0	0	0	0	195	637	
2	0	0	0	0	203	671	
3	0	0	0	0	212	681	
4	0	0	0	0	221	676	
5	0	0	0	0	229	631	
6	0	0	0	0	228	610	
7	0	0	0	0	227	567	
8	0	0	0	0	221	516	
9	0	0	0	0	215	492	
10	0	0	0	0	205	531	
11	0	0	0	0	196	568	
12	0	0	0	0	190	599	
13	0	0	0	0	182	616	
14	0	0	0	0	173	636	
15	0	0	0	0	166	619	
0	0	0	0	0	156	636	
1	0	0	0	0	149	694	
2	0	0	0	0	137	697	
3	0	0	0	0	120	722	
4	0	0	0	0	100	713	
5	0	0	0	0	80	647	
6	0	0	0	0	68	626	
7	0	0	0	0	60	634	
8	0	0	0	0	58	654	
9	0	0	0	0	56	665	
10	0	0	0	0	60	678	
11	0	0	0	0	63	688	
12	0	0	0	0	69	653	
13	0	0	0	0	78	590	
14	0	0	0	0	91	574	
15	0	0	0	0	106	561	
0	0	0	0	0	119	577	
1	0	0	0	0	127	595	
2	0	0	0	0	135	625	
3	0	0	0	0	142	629	
4	0	0	0	0	151	610	
5	0	0	0	0	160	656	
6	0	0	0	0	167	652	
7	0	0	0	0	162	665	
8	0	0	0	0	169	678	
9	0	0	0	0	192	641	
10	0	0	0	0	215	608	
11	0	0	0	0	227	587	
12	0	0	0	0	232	577	
13	0	0	0	0	233	519	
14	0	0	0	0	227	530	
15	0	0	0	0	214	566	
0	0	0	0	0	195	639	
1	0	0	0	0	179	684	
2	0	0	0	0	173	676	
3	0	0	0	0	175	665	
4	0	0	0	0	181	652	
5	0	0	0	0	191	652	
6	0	0	0	0	196	620	
7	0	0	0	0	199	624	
8	0	0	0	0	206	644	
9	0	0	0	0	211	625	
10	0	0	0	0	220	666	
11	0	0	0	0	227	673	
12	0	0	0	0	242	650	
13	0	0	0	0	262	624	
14	0	0	0	0	288	595	
15	0	0	0	0	313	568	
0	0	0	0	0	338	600	
1	0	0	0	0	359	590	
2	0	0	0	0	379	577	
3	0	0	0	0	389	536	
4	0	0	0	0	391	503	
5	0	0	0	0	391	492	
6	0	0	0	0	389	507	
7	0	0	0	0	388	513	
8	0	0	0	0	387	503	
9	0	0	0	0	387	490	
10	0	0	0	0	388	472	
11	0	0	0	0	392	455	
12	0	0	0	0	399	451	
13	0	0	0	0	403	487	
14	0	0	0	0	410	485	
15	0	0	0	0	410	469	
0	0	0	0	0	403	479	
1	0	0	0	0	392	483	
2	0	0	0	0	376	500	
3	0	0	0	0	351	514	
4	0	0	0	0	319	529	
5	0	0	0	0	288	530	
6	0	0	0	0	258	538	
7	0	0	0	0	227	552	
8	0	0	0	0	196	564	
9	0	0	0	0	177	529	
10	0	0	0	0	173	481	
11	0	0	0	0	184	463	
12	0	0	0	0	203	499	
13	0	0	0	0	225	526	
14	0	0	0	0	248	560	
15	0	0	0	0	268	583	
0	0	0	0	0	288	632	
1	0	0	0	0	299	679	
2	0	0	0	0	298	684	
3	0	0	0	0	293	671	
4	0	0	0	0	289	633	
5	0	0	0	0	291	607	
6	0	0	0	0	295	594	
7	0	0	0	0	299	566	
8	0	0	0	0	303	527	
9	0	0	0	0	313	521	
10	0	0	0	0	323	537	
11	0	0	0	0	337	517	
12	0	0	0	0	356	501	
13	0	0	0	0	376	507	
14	0	0	0	0	397	500	
15	0	0	0	0	416	488	
0	0	0	0	0	436	433	
1	0	0	0	0	454	425	
2	0	0	0	0	468	436	
3	0	0	0	0	483	463	
4	0	0	0	0	499	463	
5	0	0	0	0	520	424	
6	0	0	0	0	545	395	
7	0	0	0	0	564	402	
8	0	0	0	0	575	433	
9	0	0	0	0	580	435	
10	0	0	0	0	577	419	
11	0	0	0	0	564	452	
12	0	0	0	0	544	490	
13	0	0	0	0	519	504	
14	0	0	0	0	493	503	
15	0	0	0	0	464	509	
0	0	0	0	0	436	488	
1	0	0	0	0	408	463	
2	0	0	0	0	376	463	
3	0	0	0	0	351	492	
4	0	0	0	0	339	519	
5	0	0	0	0	338	537	
6	0	0	0	0	339	551	
7	0	0	0	0	341	573	
8	0	0	0	0	339	546	
9	0	0	0	0	343	508	
10	0	0	0	0	353	496	
11	0	0	0	0	365	440	
12	0	0	0	0	381	415	
13	0	0	0	0	400	455	
14	0	0	0	0	423	478	
15	0	0	0	0	445	489	
0	0	0	0	0	464	472	
1	0	0	0	0	477	471	
2	0	0	0	0	489	465	
3	0	0	0	0	498	444	
4	0	0	0	0	506	450	
5	0	0	0	0	506	451	
6	0	0	0	0	504	467	
7	0	0	0	0	504	484	
8	0	0	0	0	503	435	
9	0	0	0	0	500	423	
10	0	0	0	0	501	457	
11	0	0	0	0	499	495	
12	0	0	0	0	499	531	
13	0	0	0	0	503	541	
14	0	0	0	0	506	553	
15	0	0	0	0	508	558	
0	0	0	0	0	511	523	
1	0	0	0	0	519	511	
2	0	0	0	0	525	496	
3	0	0	0	0	529	454	
4	0	0	0	0	531	399	
5	0	0	0	0	539	370	
6	0	0	0	0	548	332	
7	0	0	0	0	558	348	
8	0	0	0	0	557	364	
9	0	0	0	0	549	391	
10	0	0	0	0	536	416	
11	0	0	0	0	529	423	
12	0	0	0	0	525	439	
13	0	0	0	0	521	432	
14	0	0	0	0	521	431	
15	0	0	0	0	524	438	
0	0	0	0	0	527	445	
1	0	0	0	0	528	434	
2	0	0	0	0	529	410	
3	0	0	0	0	531	387	
4	0	0	0	0	533	405	
5	0	0	0	0	530	417	
6	0	0	0	0	521	442	
7	0	0	0	0	510	457	
8	0	0	0	0	495	442	
9	0	0	0	0	476	475	
10	0	0	0	0	462	497	
11	0	0	0	0	458	512	
12	0	0	0	0	459	487	
13	0	0	0	0	461	462	
14	0	0	0	0	465	463	
15	0	0	0	0	470	457	
0	0	0	0	0	470	460	
1	0	0	0	0	465	445	
2	0	0	0	0	455	453	
3	0	0	0	0	448	477	
4	0	0	0	0	444	480	
5	0	0	0	0	447	479	
6	0	0	0	0	454	489	
7	0	0	0	0	467	521	
8	0	0	0	0	492	519	
9	0	0	0	0	520	509	
10	0	0	0	0	537	480	
11	0	0	0	0	536	484	
12	0	0	0	0	521	507	
13	0	0	0	0	495	510	
14	0	0	0	0	463	509	
15	0	0	0	0	432	499	
0	0	0	0	0	401	482	
1	0	0	0	0	380	458	
2	0	0	0	0	361	433	
3	0	0	0	0	351	406	
4	0	0	0	0	358	429	
5	0	0	0	0	371	455	
6	0	0	0	0	383	463	
7	0	0	0	0	396	472	
8	0	0	0	0	411	477	
9	0	0	0	0	420	492	
10	0	0	0	0	428	493	
11	0	0	0	0	442	455	
12	0	0	0	0	463	420	
13	0	0	0	0	487	425	
14	0	0	0	0	513	461	
15	0	0	0	0	537	472	
0	0	0	0	0	556	446	
1	0	0	0	0	569	424	
2	0	0	0	0	578	415	
3	0	0	0	0	586	394	
4	0	0	0	0	592	376	
5	0	0	0	0	597	352	
6	0	0	0	0	608	355	
7	0	0	0	0	624	378	
8	0	0	0	0	646	361	
9	0	0	0	0	670	409	
10	0	0	0	0	692	429	
11	0	0	0	0	704	432	
12	0	0	0	0	709	420	
13	0	0	0	0	706	375	
14	0	0	0	0	690	336	
15	0	0	0	0	676	358	
0	0	0	0	0	664	390	
1	0	0	0	0	652	388	
2	0	0	0	0	639	397	
3	0	0	0	0	622	385	
4	0	0	0	0	603	403	
5	0	0	0	0	583	440	
6	0	0	0	0	566	445	
7	0	0	0	0	545	396	
8	0	0	0	0	527	390	
9	0	0	0	0	520	389	
10	0	0	0	0	517	403	
11	0	0	0	0	511	409	
12	0	0	0	0	502	415	
13	0	0	0	0	486	406	
14	0	0	0	0	472	417	
15	0	0	0	0	462	443	
0	0	0	0	0	455	482	
1	0	0	0	0	449	483	
2	0	0	0	0	447	472	
3	0	0	0	0	450	488	
4	0	0	0	0	457	472	
5	0	0	0	0	464	471	
6	0	0	0	0	480	489	
7	0	0	0	0	503	507	
8	0	0	0	0	532	535	
9	0	0	0	0	562	500	
10	0	0	0	0	591	462	
11	0	0	0	0	623	433	
12	0	0	0	0	640	406	
13	0	0	0	0	639	381	
14	0	0	0	0	625	401	
15	0	0	0	0	598	448	
0	0	0	0	0	567	493	
1	0	0	0	0	531	517	
2	0	0	0	0	499	515	
3	0	0	0	0	471	516	
4	0	0	0	0	450	518	
5	0	0	0	0	438	537	
6	0	0	0	0	432	548	
7	0	0	0	0	430	538	
8	0	0	0	0	431	541	
9	0	0	0	0	441	554	
10	0	0	0	0	454	551	
11	0	0	0	0	466	531	
12	0	0	0	0	477	536	
13	0	0	0	0	486	539	
14	0	0	0	0	494	526	
15	0	0	0	0	505	522	
0	0	0	0	0	515	507	
1	0	0	0	0	523	463	
2	0	0	0	0	528	390	
3	0	0	0	0	533	297	
4	0	0	0	0	538	268	
5	0	0	0	0	537	277	
6	0	0	0	0	537	315	
7	0	0	0	0	534	385	
8	0	0	0	0	524	467	
9	0	0	0	0	510	541	
10	0	0	0	0	504	562	
11	0	0	0	0	505	554	
12	0	0	0	0	513	534	
13	0	0	0	0	525	527	
14	0	0	0	0	539	531	
15	0	0	0	0	547	490	
0	0	0	0	0	552	478	
1	0	0	0	0	558	479	
2	0	0	0	0	565	483	
3	0	0	0	0	575	523	
4	0	0	0	0	587	534	
5	0	0	0	0	603	496	
6	0	0	0	0	617	458	
7	0	0	0	0	632	461	
8	0	0	0	0	649	454	
9	0	0	0	0	661	433	
10	0	0	0	0	671	439	
11	0	0	0	0	681	434	
12	0	0	0	0	694	419	
13	0	0	0	0	707	374	
14	0	0	0	0	716	376	
15	0	0	0	0	720	393	
0	0	0	0	0	718	396	
1	0	0	0	0	710	428	
2	0	0	0	0	703	467	
3	0	0	0	0	700	423	
4	0	0	0	0	694	400	
5	0	0	0	0	688	412	
6	0	0	0	0	676	419	
7	0	0	0	0	659	386	
8	0	0	0	0	648	359	
9	0	0	0	0	640	376	
10	0	0	0	0	633	400	
11	0	0	0	0	631	398	
12	0	0	0	0	633	423	
13	0	0	0	0	643	430	
14	0	0	0	0	653	446	
15	0	0	0	0	655	467	
0	0	0	0	0	651	446	
1	0	0	0	0	640	434	
2	0	0	0	0	627	431	
3	0	0	0	0	609	414	
4	0	0	0	0	586	407	
5	0	0	0	0	559	399	
6	0	0	0	0	535	376	
7	0	0	0	0	514	348	
8	0	0	0	0	495	360	
9	0	0	0	0	480	406	
10	0	0	0	0	472	437	
11	0	0	0	0	466	453	
12	0	0	0	0	464	457	
13	0	0	0	0	471	459	
14	0	0	0	0	483	444	
15	0	0	0	0	503	428	
0	0	0	0	0	527	418	
1	0	0	0	0	548	440	
2	0	0	0	0	569	504	
3	0	0	0	0	584	550	
4	0	0	0	0	595	543	
5	0	0	0	0	605	504	
6	0	0	0	0	614	472	
7	0	0	0	0	622	463	
8	0	0	0	0	630	464	
9	0	0	0	0	639	480	
10	0	0	0	0	649	472	
11	0	0	0	0	656	424	
12	0	0	0	0	656	399	
13	0	0	0	0	649	405	
14	0	0	0	0	636	425	
15	0	0	0	0	620	388	
0	0	0	0	0	603	374	
1	0	0	0	0	587	401	
2	0	0	0	0	573	420	
3	0	0	0	0	563	433	
4	0	0	0	0	561	465	
5	0	0	0	0	566	474	
6	0	0	0	0	573	518	
7	0	0	0	0	580	540	
8	0	0	0	0	583	515	
9	0	0	0	0	587	477	
10	0	0	0	0	591	425	
11	0	0	0	0	600	420	
12	0	0	0	0	610	436	
13	0	0	0	0	621	469	
14	0	0	0	0	633	499	
15	0	0	0	0	641	534	
0	0	0	0	0	648	537	
1	0	0	0	0	652	530	
2	0	0	0	0	654	509	
3	0	0	0	0	650	519	
4	0	0	0	0	639	521	
5	0	0	0	0	618	489	
6	0	0	0	0	594	485	
7	0	0	0	0	571	506	
8	0	0	0	0	553	527	
9	0	0	0	0	541	504	
10	0	0	0	0	539	509	
11	0	0	0	0	543	488	
12	0	0	0	0	550	478	
13	0	0	0	0	558	448	
14	0	0	0	0	566	415	
15	0	0	0	0	572	422	
0	0	0	0	0	577	396	
1	0	0	0	0	592	380	
2	0	0	0	0	611	377	
3	0	0	0	0	627	387	
4	0	0	0	0	639	404	
5	0	0	0	0	641	427	
6	0	0	0	0	633	464	
7	0	0	0	0	619	461	
8	0	0	0	0	611	462	
9	0	0	0	0	604	434	
10	0	0	0	0	596	448	
11	0	0	0	0	593	463	
12	0	0	0	0	599	443	
13	0	0	0	0	608	443	
14	0	0	0	0	626	484	
15	0	0	0	0	643	539	
0	0	0	0	0	650	548	
1	0	0	0	0	654	464	
2	0	0	0	0	655	410	
3	0	0	0	0	654	372	
4	0	0	0	0	645	341	
5	0	0	0	0	632	348	
6	0	0	0	0	617	376	
7	0	0	0	0	601	406	
8	0	0	0	0	591	437	
9	0	0	0	0	587	457	
10	0	0	0	0	582	461	
11	0	0	0	0	575	483	
12	0	0	0	0	563	528	
13	0	0	0	0	555	567	
14	0	0	0	0	552	579	
15	0	0	0	0	555	589	
0	0	0	0	0	553	588	
1	0	0	0	0	557	574	
2	0	0	0	0	568	539	
3	0	0	0	0	585	483	
4	0	0	0	0	601	432	
5	0	0	0	0	615	392	
6	0	0	0	0	629	351	
7	0	0	0	0	644	327	
8	0	0	0	0	658	344	
9	0	0	0	0	665	398	
10	0	0	0	0	669	433	
11	0	0	0	0	664	460	
12	0	0	0	0	659	455	
13	0	0	0	0	650	426	
14	0	0	0	0	638	428	
15	0	0	0	0	627	424	
0	0	0	0	0	614	408	
1	0	0	0	0	600	407	
2	0	0	0	0	585	423	
3	0	0	0	0	572	433	
4	0	0	0	0	563	455	
5	0	0	0	0	560	503	
6	0	0	0	0	561	497	
7	0	0	0	0	566	501	
8	0	0	0	0	565	464	
9	0	0	0	0	558	492	
10	0	0	0	0	550	525	
11	0	0	0	0	552	543	
12	0	0	0	0	568	569	
13	0	0	0	0	589	586	
14	0	0	0	0	610	584	
15	0	0	0	0	613	606	
0	0	0	0	0	612	618	
1	0	0	0	0	612	625	
2	0	0	0	0	615	582	
3	0	0	0	0	623	554	
4	0	0	0	0	629	498	
5	0	0	0	0	632	487	
6	0	0	0	0	638	479	
7	0	0	0	0	637	452	
8	0	0	0	0	631	438	
9	0	0	0	0	624	428	
10	0	0	0	0	624	425	
11	0	0	0	0	627	388	
12	0	0	0	0	625	349	
13	0	0	0	0	617	371	
14	0	0	0	0	607	407	
15	0	0	0	0	603	423	
0	0	0	0	0	603	411	
1	0	0	0	0	597	423	
2	0	0	0	0	584	476	
3	0	0	0	0	572	472	
4	0	0	0	0	556	448	
5	0	0	0	0	534	462	
6	0	0	0	0	511	502	
7	0	0	0	0	496	515	
8	0	0	0	0	487	538	
9	0	0	0	0	492	573	
10	0	0	0	0	501	555	
11	0	0	0	0	510	526	
12	0	0	0	0	515	497	
13	0	0	0	0	515	456	
14	0	0	0	0	513	439	
15	0	0	0	0	518	447	
0	0	0	0	0	533	435	
1	0	0	0	0	556	385	
2	0	0	0	0	582	397	
3	0	0	0	0	604	400	
4	0	0	0	0	622	420	
5	0	0	0	0	640	501	
6	0	0	0	0	657	527	
7	0	0	0	0	674	513	
8	0	0	0	0	683	511	
9	0	0	0	0	682	537	
10	0	0	0	0	672	522	
11	0	0	0	0	653	478	
12	0	0	0	0	635	487	
13	0	0	0	0	620	528	
14	0	0	0	0	613	545	
15	0	0	0	0	609	548	
0	0	0	0	0	609	509	
1	0	0	0	0	610	500	
2	0	0	0	0	614	510	
3	0	0	0	0	621	497	
4	0	0	0	0	626	516	
5	0	0	0	0	633	525	
6	0	0	0	0	640	481	
7	0	0	0	0	649	478	
8	0	0	0	0	652	451	
9	0	0	0	0	653	476	
10	0	0	0	0	652	497	
11	0	0	0	0	642	503	
12	0	0	0	0	627	494	
13	0	0	0	0	612	475	
14	0	0	0	0	598	482	
15	0	0	0	0	591	479	
0	0	0	0	0	585	471	
1	0	0	0	0	583	456	
2	0	0	0	0	579	504	
3	0	0	0	0	578	540	
4	0	0	0	0	571	576	
5	0	0	0	0	557	560	
6	0	0	0	0	539	554	
7	0	0	0	0	521	553	
8	0	0	0	0	516	544	
9	0	0	0	0	511	527	
10	0	0	0	0	510	485	
11	0	0	0	0	521	474	
12	0	0	0	0	538	493	
13	0	0	0	0	556	514	
14	0	0	0	0	572	531	
15	0	0	0	0	585	563	
0	0	0	0	0	597	588	
1	0	0	0	0	600	561	
2	0	0	0	0	592	538	
3	0	0	0	0	582	537	
4	0	0	0	0	572	550	
5	0	0	0	0	564	530	
6	0	0	0	0	559	521	
7	0	0	0	0	555	528	
8	0	0	0	0	550	525	
9	0	0	0	0	544	500	
10	0	0	0	0	531	525	
11	0	0	0	0	519	531	
12	0	0	0	0	505	525	
13	0	0	0	0	489	542	
14	0	0	0	0	473	580	
15	0	0	0	0	459	610	
0	0	0	0	0	453	667	
1	0	0	0	0	454	678	
2	0	0	0	0	459	667	
3	0	0	0	0	465	633	
4	0	0	0	0	478	614	
5	0	0	0	0	495	632	
6	0	0	0	0	515	607	
7	0	0	0	0	538	558	
8	0	0	0	0	566	558	
9	0	0	0	0	598	537	
10	0	0	0	0	628	534	
11	0	0	0	0	653	562	
12	0	0	0	0	670	563	
13	0	0	0	0	682	528	
14	0	0	0	0	686	523	
15	0	0	0	0	686	492	
0	0	0	0	0	684	470	
1	0	0	0	0	682	464	
2	0	0	0	0	679	457	
3	0	0	0	0	680	459	
4	0	0	0	0	682	473	
5	0	0	0	0	683	496	
6	0	0	0	0	684	440	
7	0	0	0	0	682	393	
8	0	0	0	0	679	378	
9	0	0	0	0	672	408	
10	0	0	0	0	667	422	
11	0	0	0	0	659	469	
12	0	0	0	0	649	505	
13	0	0	0	0	639	515	
14	0	0	0	0	627	495	
15	0	0	0	0	617	459	
0	0	0	0	0	608	447	
1	0	0	0	0	596	440	
2	0	0	0	0	583	472	
3	0	0	0	0	568	510	
4	0	0	0	0	555	540	
5	0	0	0	0	545	533	
6	0	0	0	0	540	510	
7	0	0	0	0	538	502	
8	0	0	0	0	536	470	
9	0	0	0	0	532	447	
10	0	0	0	0	529	448	
11	0	0	0	0	534	448	
12	0	0	0	0	537	418	
13	0	0	0	0	542	439	
14	0	0	0	0	550	456	
15	0	0	0	0	557	500	
0	0	0	0	0	560	503	
1	0	0	0	0	561	522	
2	0	0	0	0	571	531	
3	0	0	0	0	591	524	
4	0	0	0	0	611	544	
5	0	0	0	0	623	537	
6	0	0	0	0	631	562	
7	0	0	0	0	635	593	
8	0	0	0	0	640	598	
9	0	0	0	0	641	611	
10	0	0	0	0	637	624	
11	0	0	0	0	625	591	
12	0	0	0	0	612	548	
13	0	0	0	0	606	499	
14	0	0	0	0	597	502	
15	0	0	0	0	587	506	
0	0	0	0	0	578	486	
1	0	0	0	0	570	473	
2	0	0	0	0	561	473	
3	0	0	0	0	554	511	
4	0	0	0	0	548	545	
5	0	0	0	0	542	527	
6	0	0	0	0	536	500	
7	0	0	0	0	535	476	
8	0	0	0	0	535	523	
9	0	0	0	0	535	548	
10	0	0	0	0	537	585	
11	0	0	0	0	538	629	
12	0	0	0	0	536	647	
13	0	0	0	0	537	600	
14	0	0	0	0	541	579	
15	0	0	0	0	542	576	
0	0	0	0	0	547	550	
1	0	0	0	0	552	489	
2	0	0	0	0	554	440	
3	0	0	0	0	551	437	
4	0	0	0	0	550	454	
5	0	0	0	0	551	464	
6	0	0	0	0	550	441	
7	0	0	0	0	549	478	
8	0	0	0	0	548	526	
9	0	0	0	0	548	548	
10	0	0	0	0	550	573	
11	0	0	0	0	553	565	
12	0	0	0	0	557	588	
13	0	0	0	0	563	578	
14	0	0	0	0	574	572	
15	0	0	0	0	578	574	
0	0	0	0	0	583	567	
1	0	0	0	0	587	567	
2	0	0	0	0	582	545	
3	0	0	0	0	576	547	
4	0	0	0	0	573	531	
5	0	0	0	0	567	515	
6	0	0	0	0	563	496	
7	0	0	0	0	559	478	
8	0	0	0	0	556	475	
9	0	0	0	0	551	490	
10	0	0	0	0	547	563	
11	0	0	0	0	543	571	
12	0	0	0	0	541	587	
13	0	0	0	0	536	576	
14	0	0	0	0	527	575	
15	0	0	0	0	517	572	
0	0	0	0	0	515	560	
1	0	0	0	0	511	556	
2	0	0	0	0	507	557	
3	0	0	0	0	508	576	
4	0	0	0	0	512	583	
5	0	0	0	0	515	585	
6	0	0	0	0	513	558	
7	0	0	0	0	510	556	
8	0	0	0	0	508	578	
9	0	0	0	0	503	595	
10	0	0	0	0	499	633	
11	0	0	0	0	499	666	
12	0	0	0	0	499	672	
13	0	0	0	0	502	679	
14	0	0	0	0	509	639	
15	0	0	0	0	521	579	
0	0	0	0	0	529	545	
1	0	0	0	0	531	527	
2	0	0	0	0	535	494	
3	0	0	0	0	537	485	
4	0	0	0	0	540	493	
5	0	0	0	0	539	524	
6	0	0	0	0	537	539	
7	0	0	0	0	535	540	
8	0	0	0	0	531	505	
9	0	0	0	0	527	511	
10	0	0	0	0	526	497	
11	0	0	0	0	520	512	
12	0	0	0	0	511	540	
13	0	0	0	0	500	549	
14	0	0	0	0	489	520	
15	0	0	0	0	479	499	
0	0	0	0	0	473	495	
1	0	0	0	0	473	522	
2	0	0	0	0	476	591	
3	0	0	0	0	476	627	
4	0	0	0	0	474	689	
5	0	0	0	0	476	723	
6	0	0	0	0	483	706	
7	0	0	0	0	490	638	
8	0	0	0	0	494	547	
9	0	0	0	0	494	496	
10	0	0	0	0	498	483	
11	0	0	0	0	504	476	
12	0	0	0	0	510	529	
13	0	0	0	0	513	531	
14	0	0	0	0	514	534	
15	0	0	0	0	512	544	
0	0	0	0	0	507	539	
1	0	0	0	0	497	537	
2	0	0	0	0	484	563	
3	0	0	0	0	470	579	
4	0	0	0	0	460	633	
5	0	0	0	0	451	657	
6	0	0	0	0	451	633	
7	0	0	0	0	462	617	
8	0	0	0	0	480	599	
9	0	0	0	0	499	569	
10	0	0	0	0	514	525	
11	0	0	0	0	521	509	
12	0	0	0	0	521	520	
13	0	0	0	0	511	492	
14	0	0	0	0	500	469	
15	0	0	0	0	489	459	
0	0	0	0	0	474	483	
1	0	0	0	0	461	531	
2	0	0	0	0	451	568	
3	0	0	0	0	450	557	
4	0	0	0	0	457	533	
5	0	0	0	0	473	539	
6	0	0	0	0	481	539	
7	0	0	0	0	491	524	
8	0	0	0	0	504	536	
9	0	0	0	0	518	523	
10	0	0	0	0	532	524	
11	0	0	0	0	545	538	
12	0	0	0	0	561	485	
13	0	0	0	0	577	467	
14	0	0	0	0	588	456	
15	0	0	0	0	598	462	
0	0	0	0	0	606	496	
1	0	0	0	0	615	501	
2	0	0	0	0	623	509	
3	0	0	0	0	630	536	
4	0	0	0	0	636	568	
5	0	0	0	0	647	548	
6	0	0	0	0	654	497	
7	0	0	0	0	661	487	
8	0	0	0	0	664	511	
9	0	0	0	0	664	532	
10	0	0	0	0	659	495	
11	0	0	0	0	650	467	
12	0	0	0	0	639	467	
13	0	0	0	0	626	480	
14	0	0	0	0	614	479	
15	0	0	0	0	601	495	
0	0	0	0	0	583	495	
1	0	0	0	0	571	524	
2	0	0	0	0	561	523	
3	0	0	0	0	551	514	
4	0	0	0	0	541	536	
5	0	0	0	0	537	545	
6	0	0	0	0	537	594	
7	0	0	0	0	538	592	
8	0	0	0	0	539	580	
9	0	0	0	0	543	573	
10	0	0	0	0	546	550	
11	0	0	0	0	554	543	
12	0	0	0	0	557	542	
13	0	0	0	0	556	560	
14	0	0	0	0	559	566	
15	0	0	0	0	561	554	
0	0	0	0	0	567	539	
1	0	0	0	0	571	515	
2	0	0	0	0	575	492	
3	0	0	0	0	576	495	
4	0	0	0	0	577	512	
5	0	0	0	0	583	535	
6	0	0	0	0	591	533	
7	0	0	0	0	602	542	
8	0	0	0	0	604	531	
9	0	0	0	0	596	505	
10	0	0	0	0	583	505	
11	0	0	0	0	567	520	
12	0	0	0	0	555	534	
13	0	0	0	0	545	532	
14	0	0	0	0	535	507	
15	0	0	0	0	527	478	
0	0	0	0	0	519	485	
1	0	0	0	0	511	495	
2	0	0	0	0	499	480	
3	0	0	0	0	487	490	
4	0	0	0	0	478	531	
5	0	0	0	0	472	577	
6	0	0	0	0	462	610	
7	0	0	0	0	450	615	
8	0	0	0	0	438	619	
9	0	0	0	0	422	585	
10	0	0	0	0	408	587	
11	0	0	0	0	394	603	
12	0	0	0	0	382	619	
13	0	0	0	0	375	623	
14	0	0	0	0	379	613	
15	0	0	0	0	389	624	
0	0	0	0	0	405	629	
1	0	0	0	0	426	636	
2	0	0	0	0	447	620	
3	0	0	0	0	463	572	
4	0	0	0	0	477	534	
5	0	0	0	0	491	513	
6	0	0	0	0	504	499	
7	0	0	0	0	518	527	
8	0	0	0	0	530	533	
9	0	0	0	0	543	532	
10	0	0	0	0	558	519	
11	0	0	0	0	571	509	
12	0	0	0	0	580	507	
13	0	0	0	0	582	519	
14	0	0	0	0	574	513	
15	0	0	0	0	564	527	
0	0	0	0	0	559	559	
1	0	0	0	0	552	611	
2	0	0	0	0	545	632	
3	0	0	0	0	535	600	
4	0	0	0	0	521	561	
5	0	0	0	0	512	518	
6	0	0	0	0	508	503	
7	0	0	0	0	504	531	
8	0	0	0	0	502	572	
9	0	0	0	0	498	599	
10	0	0	0	0	492	610	
11	0	0	0	0	488	586	
12	0	0	0	0	481	567	
13	0	0	0	0	474	577	
14	0	0	0	0	474	599	
15	0	0	0	0	479	617	
0	0	0	0	0	486	623	
1	0	0	0	0	489	642	
2	0	0	0	0	489	652	
3	0	0	0	0	487	615	
4	0	0	0	0	481	577	
5	0	0	0	0	472	521	
6	0	0	0	0	458	487	
7	0	0	0	0	444	492	
8	0	0	0	0	429	510	
9	0	0	0	0	415	504	
10	0	0	0	0	399	512	
11	0	0	0	0	384	522	
12	0	0	0	0	369	545	
13	0	0	0	0	354	553	
14	0	0	0	0	340	551	
15	0	0	0	0	341	527	
0	0	0	0	0	359	487	
1	0	0	0	0	388	496	
2	0	0	0	0	417	512	
3	0	0	0	0	451	560	
4	0	0	0	0	483	572	
5	0	0	0	0	503	544	
6	0	0	0	0	513	523	
7	0	0	0	0	522	533	
8	0	0	0	0	534	500	
9	0	0	0	0	544	492	
10	0	0	0	0	551	484	
11	0	0	0	0	547	467	
12	0	0	0	0	537	446	
13	0	0	0	0	524	410	
14	0	0	0	0	511	390	
15	0	0	0	0	505	391	
0	0	0	0	0	515	388	
1	0	0	0	0	527	365	
2	0	0	0	0	538	376	
3	0	0	0	0	548	391	
4	0	0	0	0	555	400	
5	0	0	0	0	558	417	
6	0	0	0	0	553	401	
7	0	0	0	0	542	428	
8	0	0	0	0	529	460	
9	0	0	0	0	510	479	
10	0	0	0	0	484	508	
11	0	0	0	0	469	499	
12	0	0	0	0	470	536	
13	0	0	0	0	478	546	
14	0	0	0	0	490	547	
15	0	0	0	0	504	591	
0	0	0	0	0	514	566	
1	0	0	0	0	515	562	
2	0	0	0	0	509	550	
3	0	0	0	0	498	565	
4	0	0	0	0	479	584	
5	0	0	0	0	456	614	
6	0	0	0	0	438	633	
7	0	0	0	0	426	651	
8	0	0	0	0	420	636	
9	0	0	0	0	422	611	
10	0	0	0	0	432	579	
11	0	0	0	0	451	562	
12	0	0	0	0	474	545	
13	0	0	0	0	498	535	
14	0	0	0	0	516	491	
15	0	0	0	0	527	451	
0	0	0	0	0	532	389	
1	0	0	0	0	532	408	
2	0	0	0	0	532	434	
3	0	0	0	0	531	454	
4	0	0	0	0	531	510	
5	0	0	0	0	535	563	
6	0	0	0	0	543	556	
7	0	0	0	0	554	512	
8	0	0	0	0	567	475	
9	0	0	0	0	574	446	
10	0	0	0	0	579	442	
11	0	0	0	0	579	471	
12	0	0	0	0	574	505	
13	0	0	0	0	568	527	
14	0	0	0	0	560	553	
15	0	0	0	0	550	560	
0	0	0	0	0	535	561	
1	0	0	0	0	518	550	
2	0	0	0	0	506	547	
3	0	0	0	0	496	530	
4	0	0	0	0	488	551	
5	0	0	0	0	479	535	
6	0	0	0	0	470	543	
7	0	0	0	0	459	553	
8	0	0	0	0	448	564	
9	0	0	0	0	444	533	
10	0	0	0	0	445	515	
11	0	0	0	0	450	487	
12	0	0	0	0	455	465	
13	0	0	0	0	466	438	
14	0	0	0	0	479	457	
15	0	0	0	0	495	464	
0	0	0	0	0	511	464	
1	0	0	0	0	525	456	
2	0	0	0	0	542	432	
3	0	0	0	0	558	436	
4	0	0	0	0	571	472	
5	0	0	0	0	578	490	
6	0	0	0	0	584	507	
7	0	0	0	0	594	524	
8	0	0	0	0	609	551	
9	0	0	0	0	629	529	
10	0	0	0	0	651	528	
11	0	0	0	0	664	516	
12	0	0	0	0	665	479	
13	0	0	0	0	656	492	
14	0	0	0	0	635	491	
15	0	0	0	0	607	505	
0	0	0	0	0	575	460	
1	0	0	0	0	547	430	
2	0	0	0	0	526	447	
3	0	0	0	0	509	481	
4	0	0	0	0	500	499	
5	0	0	0	0	492	504	
6	0	0	0	0	481	486	
7	0	0	0	0	465	522	
8	0	0	0	0	454	531	
9	0	0	0	0	447	564	
10	0	0	0	0	441	577	
11	0	0	0	0	437	599	
12	0	0	0	0	434	627	
13	0	0	0	0	428	663	
14	0	0	0	0	420	673	
15	0	0	0	0	412	671	
0	0	0	0	0	406	654	
1	0	0	0	0	408	643	
2	0	0	0	0	411	608	
3	0	0	0	0	412	593	
4	0	0	0	0	408	579	
5	0	0	0	0	411	593	
6	0	0	0	0	420	632	
7	0	0	0	0	436	642	
8	0	0	0	0	452	617	
9	0	0	0	0	467	589	
10	0	0	0	0	482	608	
11	0	0	0	0	494	601	
12	0	0	0	0	500	616	
13	0	0	0	0	507	588	
14	0	0	0	0	515	595	
15	0	0	0	0	523	602	
0	0	0	0	0	524	605	
1	0	0	0	0	522	605	
2	0	0	0	0	520	604	
3	0	0	0	0	525	593	
4	0	0	0	0	533	568	
5	0	0	0	0	543	555	
6	0	0	0	0	548	488	
7	0	0	0	0	550	439	
8	0	0	0	0	550	418	
9	0	0	0	0	545	465	
10	0	0	0	0	534	488	
11	0	0	0	0	518	468	
12	0	0	0	0	503	481	
13	0	0	0	0	492	481	
14	0	0	0	0	485	485	
15	0	0	0	0	480	501	
0	0	0	0	0	481	575	
1	0	0	0	0	485	622	
2	0	0	0	0	492	637	
3	0	0	0	0	503	647	
4	0	0	0	0	513	653	
5	0	0	0	0	528	664	
6	0	0	0	0	544	645	
7	0	0	0	0	562	643	
8	0	0	0	0	577	608	
9	0	0	0	0	591	518	
10	0	0	0	0	610	420	
11	0	0	0	0	630	432	
12	0	0	0	0	645	451	
13	0	0	0	0	655	467	
14	0	0	0	0	662	462	
15	0	0	0	0	659	450	
0	0	0	0	0	647	456	
1	0	0	0	0	627	469	
2	0	0	0	0	603	494	
3	0	0	0	0	576	537	
4	0	0	0	0	549	598	
5	0	0	0	0	526	636	
6	0	0	0	0	503	643	
7	0	0	0	0	487	627	
8	0	0	0	0	472	592	
9	0	0	0	0	463	590	
10	0	0	0	0	462	551	
11	0	0	0	0	467	521	
12	0	0	0	0	476	499	
13	0	0	0	0	486	499	
14	0	0	0	0	494	488	
15	0	0	0	0	499	459	
0	0	0	0	0	508	468	
1	0	0	0	0	515	476	
2	0	0	0	0	521	527	
3	0	0	0	0	531	583	
4	0	0	0	0	543	653	
5	0	0	0	0	556	705	
6	0	0	0	0	564	688	
7	0	0	0	0	565	664	
8	0	0	0	0	562	660	
9	0	0	0	0	556	577	
10	0	0	0	0	546	525	
11	0	0	0	0	541	494	
12	0	0	0	0	536	513	
13	0	0	0	0	535	545	
14	0	0	0	0	539	588	
15	0	0	0	0	545	639	
0	0	0	0	0	552	661	
1	0	0	0	0	562	648	
2	0	0	0	0	575	563	
3	0	0	0	0	597	487	
4	0	0	0	0	621	467	
5	0	0	0	0	638	461	
6	0	0	0	0	649	484	
7	0	0	0	0	653	496	
8	0	0	0	0	649	481	
9	0	0	0	0	635	470	
10	0	0	0	0	615	483	
11	0	0	0	0	591	494	
12	0	0	0	0	568	511	
13	0	0	0	0	550	497	
14	0	0	0	0	536	478	
15	0	0	0	0	533	512	
0	0	0	0	0	535	555	
1	0	0	0	0	541	556	
2	0	0	0	0	550	529	
3	0	0	0	0	564	503	
4	0	0	0	0	576	482	
5	0	0	0	0	583	424	
6	0	0	0	0	584	381	
7	0	0	0	0	575	366	
8	0	0	0	0	558	412	
9	0	0	0	0	539	433	
10	0	0	0	0	523	468	
11	0	0	0	0	508	504	
12	0	0	0	0	494	524	
13	0	0	0	0	487	521	
14	0	0	0	0	490	506	
15	0	0	0	0	499	524	
0	0	0	0	0	509	543	
1	0	0	0	0	517	575	
2	0	0	0	0	523	606	
3	0	0	0	0	524	618	
4	0	0	0	0	531	659	
5	0	0	0	0	540	667	
6	0	0	0	0	547	633	
7	0	0	0	0	560	580	
8	0	0	0	0	579	534	
9	0	0	0	0	595	487	
10	0	0	0	0	611	471	
11	0	0	0	0	622	451	
12	0	0	0	0	632	448	
13	0	0	0	0	637	455	
14	0	0	0	0	636	457	
15	0	0	0	0	631	493	
0	0	0	0	0	615	502	
1	0	0	0	0	586	510	
2	0	0	0	0	548	532	
3	0	0	0	0	512	531	
4	0	0	0	0	479	543	
5	0	0	0	0	455	536	
6	0	0	0	0	439	531	
7	0	0	0	0	430	519	
8	0	0	0	0	430	537	
9	0	0	0	0	439	527	
10	0	0	0	0	456	516	
11	0	0	0	0	478	494	
12	0	0	0	0	503	471	
13	0	0	0	0	530	457	
14	0	0	0	0	557	439	
15	0	0	0	0	579	449	
0	0	0	0	0	602	422	
1	0	0	0	0	627	411	
2	0	0	0	0	647	443	
3	0	0	0	0	659	442	
4	0	0	0	0	666	471	
5	0	0	0	0	667	467	
6	0	0	0	0	663	442	
7	0	0	0	0	657	396	
8	0	0	0	0	654	364	
9	0	0	0	0	659	398	
10	0	0	0	0	662	447	
11	0	0	0	0	655	463	
12	0	0	0	0	645	484	
13	0	0	0	0	633	515	
14	0	0	0	0	624	527	
15	0	0	0	0	620	505	
0	0	0	0	0	613	481	
1	0	0	0	0	600	472	
2	0	0	0	0	579	456	
3	0	0	0	0	555	463	
4	0	0	0	0	530	468	
5	0	0	0	0	507	485	
6	0	0	0	0	490	462	
7	0	0	0	0	481	431	
8	0	0	0	0	475	447	
9	0	0	0	0	471	494	
10	0	0	0	0	470	508	
11	0	0	0	0	474	504	
12	0	0	0	0	479	490	
13	0	0	0	0	475	484	
14	0	0	0	0	471	483	
15	0	0	0	0	476	501	
0	0	0	0	0	479	528	
1	0	0	0	0	487	578	
2	0	0	0	0	503	551	
3	0	0	0	0	519	531	
4	0	0	0	0	529	499	
5	0	0	0	0	536	467	
6	0	0	0	0	540	446	
7	0	0	0	0	543	465	
8	0	0	0	0	547	444	
9	0	0	0	0	550	449	
10	0	0	0	0	551	403	
11	0	0	0	0	553	403	
12	0	0	0	0	563	396	
13	0	0	0	0	574	421	
14	0	0	0	0	580	460	
15	0	0	0	0	581	492	
0	0	0	0	0	579	517	
1	0	0	0	0	569	523	
2	0	0	0	0	556	542	
3	0	0	0	0	549	534	
4	0	0	0	0	545	537	
5	0	0	0	0	540	548	
6	0	0	0	0	538	556	
7	0	0	0	0	535	597	
8	0	0	0	0	524	635	
9	0	0	0	0	503	612	
10	0	0	0	0	476	628	
11	0	0	0	0	451	572	
12	0	0	0	0	431	552	
13	0	0	0	0	415	560	
14	0	0	0	0	406	568	
15	0	0	0	0	402	579	
0	0	0	0	0	411	629	
1	0	0	0	0	424	658	
2	0	0	0	0	440	689	
3	0	0	0	0	457	676	
4	0	0	0	0	473	647	
5	0	0	0	0	489	609	
6	0	0	0	0	504	548	
7	0	0	0	0	519	531	
8	0	0	0	0	531	505	
9	0	0	0	0	539	500	
10	0	0	0	0	544	496	
11	0	0	0	0	542	506	
12	0	0	0	0	534	512	
13	0	0	0	0	527	510	
14	0	0	0	0	528	508	
15	0	0	0	0	534	530	
0	0	0	0	0	540	545	
1	0	0	0	0	540	528	
2	0	0	0	0	535	552	
3	0	0	0	0	525	539	
4	0	0	0	0	511	528	
5	0	0	0	0	493	531	
6	0	0	0	0	476	542	
7	0	0	0	0	458	509	
8	0	0	0	0	446	508	
9	0	0	0	0	436	513	
10	0	0	0	0	431	509	
11	0	0	0	0	432	544	
12	0	0	0	0	438	620	
13	0	0	0	0	451	647	
14	0	0	0	0	463	671	
15	0	0	0	0	467	690	
0	0	0	0	0	468	662	
1	0	0	0	0	469	630	
2	0	0	0	0	469	670	
3	0	0	0	0	470	671	
4	0	0	0	0	472	663	
5	0	0	0	0	474	639	
6	0	0	0	0	480	633	
7	0	0	0	0	488	607	
8	0	0	0	0	501	586	
9	0	0	0	0	518	582	
10	0	0	0	0	539	588	
11	0	0	0	0	558	598	
12	0	0	0	0	570	600	
13	0	0	0	0	574	585	
14	0	0	0	0	578	568	
15	0	0	0	0	581	529	
0	0	0	0	0	588	531	
1	0	0	0	0	597	552	
2	0	0	0	0	602	543	
3	0	0	0	0	609	513	
4	0	0	0	0	612	502	
5	0	0	0	0	607	512	
6	0	0	0	0	594	528	
7	0	0	0	0	583	555	
8	0	0	0	0	572	565	
9	0	0	0	0	556	551	
10	0	0	0	0	542	516	
11	0	0	0	0	533	479	
12	0	0	0	0	525	493	
13	0	0	0	0	511	510	
14	0	0	0	0	493	517	
15	0	0	0	0	475	508	
0	0	0	0	0	462	542	
1	0	0	0	0	456	548	
2	0	0	0	0	458	555	
3	0	0	0	0	468	566	
4	0	0	0	0	483	553	
5	0	0	0	0	495	559	
6	0	0	0	0	508	543	
7	0	0	0	0	527	487	
8	0	0	0	0	551	456	
9	0	0	0	0	567	446	
10	0	0	0	0	575	449	
11	0	0	0	0	575	457	
12	0	0	0	0	570	481	
13	0	0	0	0	561	495	
14	0	0	0	0	555	518	
15	0	0	0	0	547	519	
0	0	0	0	0	540	519	
1	0	0	0	0	535	505	
2	0	0	0	0	533	502	
3	0	0	0	0	538	485	
4	0	0	0	0	540	475	
5	0	0	0	0	541	475	
6	0	0	0	0	540	441	
7	0	0	0	0	538	444	
8	0	0	0	0	535	453	
9	0	0	0	0	537	452	
10	0	0	0	0	535	416	
11	0	0	0	0	531	410	
12	0	0	0	0	531	452	
13	0	0	0	0	534	482	
14	0	0	0	0	541	496	
15	0	0	0	0	545	462	
0	0	0	0	0	547	428	
1	0	0	0	0	544	434	
2	0	0	0	0	540	460	
3	0	0	0	0	536	464	
4	0	0	0	0	535	471	
5	0	0	0	0	538	458	
6	0	0	0	0	545	450	
7	0	0	0	0	551	475	
8	0	0	0	0	555	486	
9	0	0	0	0	554	486	
10	0	0	0	0	552	475	
11	0	0	0	0	553	508	
12	0	0	0	0	558	512	
13	0	0	0	0	561	449	
14	0	0	0	0	560	419	
15	0	0	0	0	547	422	
0	0	0	0	0	529	451	
1	0	0	0	0	505	457	
2	0	0	0	0	478	450	
3	0	0	0	0	452	451	
4	0	0	0	0	426	471	
5	0	0	0	0	407	486	
6	0	0	0	0	393	497	
7	0	0	0	0	387	513	
8	0	0	0	0	389	543	
9	0	0	0	0	391	560	
10	0	0	0	0	396	563	
11	0	0	0	0	405	587	
12	0	0	0	0	415	577	
13	0	0	0	0	428	567	
14	0	0	0	0	436	540	
15	0	0	0	0	449	536	
0	0	0	0	0	460	538	
1	0	0	0	0	470	508	
2	0	0	0	0	479	505	
3	0	0	0	0	489	508	
4	0	0	0	0	508	497	
5	0	0	0	0	531	504	
6	0	0	0	0	556	507	
7	0	0	0	0	581	511	
8	0	0	0	0	594	477	
9	0	0	0	0	592	477	
10	0	0	0	0	582	463	
11	0	0	0	0	567	449	
12	0	0	0	0	552	458	
13	0	0	0	0	544	514	
14	0	0	0	0	540	556	
15	0	0	0	0	540	570	
0	0	0	0	0	543	543	
1	0	0	0	0	543	510	
2	0	0	0	0	540	496	
3	0	0	0	0	536	491	
4	0	0	0	0	535	505	
5	0	0	0	0	532	488	
6	0	0	0	0	530	483	
7	0	0	0	0	530	476	
8	0	0	0	0	531	490	
9	0	0	0	0	534	503	
10	0	0	0	0	534	484	
11	0	0	0	0	534	498	
12	0	0	0	0	537	512	
13	0	0	0	0	538	488	
14	0	0	0	0	534	469	
15	0	0	0	0	528	463	
0	0	0	0	0	523	466	
1	0	0	0	0	521	462	
2	0	0	0	0	521	466	
3	0	0	0	0	519	503	
4	0	0	0	0	517	539	
5	0	0	0	0	516	539	
6	0	0	0	0	515	536	
7	0	0	0	0	515	540	
8	0	0	0	0	518	535	
9	0	0	0	0	515	482	
10	0	0	0	0	511	455	
11	0	0	0	0	511	483	
12	0	0	0	0	511	477	
13	0	0	0	0	509	474	
14	0	0	0	0	509	485	
15	0	0	0	0	509	502	
0	0	0	0	0	515	520	
1	0	0	0	0	524	545	
2	0	0	0	0	541	545	
3	0	0	0	0	558	527	
4	0	0	0	0	572	467	
5	0	0	0	0	580	469	
6	0	0	0	0	590	470	
7	0	0	0	0	593	498	
8	0	0	0	0	585	512	
9	0	0	0	0	562	504	
10	0	0	0	0	530	508	
11	0	0	0	0	501	511	
12	0	0	0	0	483	516	
13	0	0	0	0	480	572	
14	0	0	0	0	487	558	
15	0	0	0	0	503	581	
0	0	0	0	0	520	618	
1	0	0	0	0	542	613	
2	0	0	0	0	567	611	
3	0	0	0	0	596	590	
4	0	0	0	0	624	577	
5	0	0	0	0	647	566	
6	0	0	0	0	664	504	
7	0	0	0	0	671	468	
8	0	0	0	0	668	426	
9	0	0	0	0	657	383	
10	0	0	0	0	642	403	
11	0	0	0	0	621	431	
12	0	0	0	0	597	479	
13	0	0	0	0	575	492	
14	0	0	0	0	556	487	
15	0	0	0	0	543	494	
0	0	0	0	0	536	519	
1	0	0	0	0	529	525	
2	0	0	0	0	519	550	
3	0	0	0	0	505	553	
4	0	0	0	0	483	523	
5	0	0	0	0	462	494	
6	0	0	0	0	442	433	
7	0	0	0	0	428	440	
8	0	0	0	0	424	480	
9	0	0	0	0	427	479	
10	0	0	0	0	436	502	
11	0	0	0	0	451	551	
12	0	0	0	0	473	577	
13	0	0	0	0	491	581	
14	0	0	0	0	509	502	
15	0	0	0	0	532	448	
0	0	0	0	0	555	424	
1	0	0	0	0	577	430	
2	0	0	0	0	601	464	
3	0	0	0	0	623	425	
4	0	0	0	0	637	399	
5	0	0	0	0	644	405	
6	0	0	0	0	642	416	
7	0	0	0	0	632	426	
8	0	0	0	0	613	423	
9	0	0	0	0	594	435	
10	0	0	0	0	579	479	
11	0	0	0	0	575	476	
12	0	0	0	0	582	470	
13	0	0	0	0	597	499	
14	0	0	0	0	615	488	
15	0	0	0	0	627	467	
0	0	0	0	0	643	493	
1	0	0	0	0	657	529	
2	0	0	0	0	671	551	
3	0	0	0	0	679	540	
4	0	0	0	0	681	487	
5	0	0	0	0	679	468	
6	0	0	0	0	668	476	
7	0	0	0	0	642	502	
8	0	0	0	0	607	533	
9	0	0	0	0	568	590	
10	0	0	0	0	536	622	
11	0	0	0	0	516	643	
12	0	0	0	0	500	594	
13	0	0	0	0	481	550	
14	0	0	0	0	464	539	
15	0	0	0	0	448	547	
0	0	0	0	0	430	564	
1	0	0	0	0	415	580	
2	0	0	0	0	400	613	
3	0	0	0	0	395	636	
4	0	0	0	0	396	635	
5	0	0	0	0	404	647	
6	0	0	0	0	413	607	
7	0	0	0	0	430	590	
8	0	0	0	0	446	573	
9	0	0	0	0	460	584	
10	0	0	0	0	476	587	
11	0	0	0	0	489	572	
12	0	0	0	0	504	590	
13	0	0	0	0	514	592	
14	0	0	0	0	521	577	
15	0	0	0	0	523	540	
0	0	0	0	0	525	532	
1	0	0	0	0	533	503	
2	0	0	0	0	543	492	
3	0	0	0	0	552	506	
4	0	0	0	0	555	518	
5	0	0	0	0	553	535	
6	0	0	0	0	551	481	
7	0	0	0	0	548	485	
8	0	0	0	0	539	510	
9	0	0	0	0	523	543	
10	0	0	0	0	505	554	
11	0	0	0	0	489	564	
12	0	0	0	0	485	544	
13	0	0	0	0	487	503	
14	0	0	0	0	493	483	
15	0	0	0	0	489	526	
0	0	0	0	0	475	560	
1	0	0	0	0	457	566	
2	0	0	0	0	444	560	
3	0	0	0	0	435	576	
4	0	0	0	0	436	590	
5	0	0	0	0	452	600	
6	0	0	0	0	479	563	
7	0	0	0	0	509	496	
8	0	0	0	0	540	444	
9	0	0	0	0	569	397	
10	0	0	0	0	595	361	
11	0	0	0	0	607	324	
12	0	0	0	0	611	352	
13	0	0	0	0	609	386	
14	0	0	0	0	601	433	
15	0	0	0	0	588	484	
0	0	0	0	0	573	513	
1	0	0	0	0	562	472	
2	0	0	0	0	552	483	
3	0	0	0	0	541	506	
4	0	0	0	0	532	517	
5	0	0	0	0	525	524	
6	0	0	0	0	520	535	
7	0	0	0	0	527	532	
8	0	0	0	0	539	529	
9	0	0	0	0	544	570	
10	0	0	0	0	543	572	
11	0	0	0	0	537	536	
12	0	0	0	0	536	509	
13	0	0	0	0	538	463	
14	0	0	0	0	537	454	
15	0	0	0	0	530	439	
0	0	0	0	0	522	462	
1	0	0	0	0	513	468	
2	0	0	0	0	509	451	
3	0	0	0	0	504	430	
4	0	0	0	0	499	452	
5	0	0	0	0	491	452	
6	0	0	0	0	476	467	
7	0	0	0	0	458	491	
8	0	0	0	0	444	527	
9	0	0	0	0	444	557	
10	0	0	0	0	445	576	
11	0	0	0	0	451	568	
12	0	0	0	0	458	543	
13	0	0	0	0	467	512	
14	0	0	0	0	476	515	
15	0	0	0	0	487	522	
0	0	0	0	0	497	524	
1	0	0	0	0	506	515	
2	0	0	0	0	517	532	
3	0	0	0	0	534	528	
4	0	0	0	0	549	560	
5	0	0	0	0	558	561	
6	0	0	0	0	570	547	
7	0	0	0	0	580	548	
8	0	0	0	0	582	558	
9	0	0	0	0	586	547	
10	0	0	0	0	594	526	
11	0	0	0	0	602	484	
12	0	0	0	0	604	445	
13	0	0	0	0	600	399	
14	0	0	0	0	596	411	
15	0	0	0	0	591	403	
0	0	0	0	0	586	408	
1	0	0	0	0	583	421	
2	0	0	0	0	572	444	
3	0	0	0	0	560	477	
4	0	0	0	0	540	510	
5	0	0	0	0	515	542	
6	0	0	0	0	489	551	
7	0	0	0	0	462	516	
8	0	0	0	0	443	507	
9	0	0	0	0	429	511	
10	0	0	0	0	425	523	
11	0	0	0	0	428	546	
12	0	0	0	0	438	550	
13	0	0	0	0	458	554	
14	0	0	0	0	478	549	
15	0	0	0	0	496	515	
0	0	0	0	0	515	491	
1	0	0	0	0	533	469	
2	0	0	0	0	551	454	
3	0	0	0	0	563	420	
4	0	0	0	0	572	396	
5	0	0	0	0	575	403	
6	0	0	0	0	572	421	
7	0	0	0	0	568	463	
8	0	0	0	0	561	483	
9	0	0	0	0	553	478	
10	0	0	0	0	543	476	
11	0	0	0	0	524	414	
12	0	0	0	0	498	407	
13	0	0	0	0	465	416	
14	0	0	0	0	436	404	
15	0	0	0	0	415	433	
0	0	0	0	0	407	492	
1	0	0	0	0	413	527	
2	0	0	0	0	426	537	
3	0	0	0	0	446	559	
4	0	0	0	0	466	612	
5	0	0	0	0	482	640	
6	0	0	0	0	496	655	
7	0	0	0	0	511	609	
8	0	0	0	0	527	600	
9	0	0	0	0	543	604	
10	0	0	0	0	556	637	
11	0	0	0	0	565	629	
12	0	0	0	0	571	581	
13	0	0	0	0	571	512	
14	0	0	0	0	562	470	
15	0	0	0	0	552	460	
0	0	0	0	0	545	449	
1	0	0	0	0	543	455	
2	0	0	0	0	544	420	
3	0	0	0	0	551	430	
4	0	0	0	0	557	442	
5	0	0	0	0	560	391	
6	0	0	0	0	563	322	
7	0	0	0	0	564	331	
8	0	0	0	0	568	367	
9	0	0	0	0	571	391	
10	0	0	0	0	574	393	
11	0	0	0	0	572	376	
12	0	0	0	0	570	361	
13	0	0	0	0	583	430	
14	0	0	0	0	605	471	
15	0	0	0	0	623	509	
0	0	0	0	0	632	472	
1	0	0	0	0	634	467	
2	0	0	0	0	630	462	
3	0	0	0	0	616	470	
4	0	0	0	0	593	502	
5	0	0	0	0	566	534	
6	0	0	0	0	536	584	
7	0	0	0	0	507	595	
8	0	0	0	0	474	582	
9	0	0	0	0	445	556	
10	0	0	0	0	418	506	
11	0	0	0	0	400	478	
12	0	0	0	0	388	506	
13	0	0	0	0	384	560	
14	0	0	0	0	388	591	
15	0	0	0	0	402	588	
0	0	0	0	0	423	574	
1	0	0	0	0	447	524	
2	0	0	0	0	470	520	
3	0	0	0	0	493	563	
4	0	0	0	0	513	568	
5	0	0	0	0	535	591	
6	0	0	0	0	558	594	
7	0	0	0	0	578	588	
8	0	0	0	0	590	610	
9	0	0	0	0	595	627	
10	0	0	0	0	595	611	
11	0	0	0	0	598	606	
12	0	0	0	0	606	587	
13	0	0	0	0	617	579	
14	0	0	0	0	620	538	
15	0	0	0	0	623	506	
0	0	0	0	0	622	482	
1	0	0	0	0	611	507	
2	0	0	0	0	594	517	
3	0	0	0	0	584	499	
4	0	0	0	0	575	492	
5	0	0	0	0	566	492	
6	0	0	0	0	556	474	
7	0	0	0	0	544	506	
8	0	0	0	0	530	486	
9	0	0	0	0	515	479	
10	0	0	0	0	504	500	
11	0	0	0	0	499	526	
12	0	0	0	0	503	550	
13	0	0	0	0	512	546	
14	0	0	0	0	522	510	
15	0	0	0	0	534	504	
0	0	0	0	0	552	499	
1	0	0	0	0	571	527	
2	0	0	0	0	588	543	
3	0	0	0	0	601	544	
4	0	0	0	0	615	557	
5	0	0	0	0	627	536	
6	0	0	0	0	631	532	
7	0	0	0	0	627	511	
8	0	0	0	0	617	486	
9	0	0	0	0	607	484	
10	0	0	0	0	595	476	
11	0	0	0	0	583	468	
12	0	0	0	0	567	480	
13	0	0	0	0	551	480	
14	0	0	0	0	533	498	
15	0	0	0	0	516	504	
0	0	0	0	0	502	500	
1	0	0	0	0	492	521	
2	0	0	0	0	483	526	
3	0	0	0	0	477	513	
4	0	0	0	0	472	543	
5	0	0	0	0	469	578	
6	0	0	0	0	479	582	
7	0	0	0	0	495	568	
8	0	0	0	0	512	531	
9	0	0	0	0	525	498	
10	0	0	0	0	530	515	
11	0	0	0	0	531	526	
12	0	0	0	0	524	502	
13	0	0	0	0	518	507	
14	0	0	0	0	515	510	
15	0	0	0	0	512	512	
0	0	0	0	0	507	504	
1	0	0	0	0	494	494	
2	0	0	0	0	480	483	
3	0	0	0	0	468	495	
4	0	0	0	0	460	548	
5	0	0	0	0	459	582	
6	0	0	0	0	457	575	
7	0	0	0	0	455	569	
8	0	0	0	0	453	591	
9	0	0	0	0	451	597	
10	0	0	0	0	455	589	
11	0	0	0	0	463	580	
12	0	0	0	0	477	578	
13	0	0	0	0	497	575	
14	0	0	0	0	518	568	
15	0	0	0	0	539	603	
0	0	0	0	0	553	619	
1	0	0	0	0	561	566	
2	0	0	0	0	561	519	
3	0	0	0	0	554	483	
4	0	0	0	0	551	461	
5	0	0	0	0	548	448	
6	0	0	0	0	545	466	
7	0	0	0	0	542	485	
8	0	0	0	0	535	463	
9	0	0	0	0	524	434	
10	0	0	0	0	516	433	
11	0	0	0	0	507	420	
12	0	0	0	0	496	439	
13	0	0	0	0	481	467	
14	0	0	0	0	465	487	
15	0	0	0	0	451	510	
0	0	0	0	0	440	539	
1	0	0	0	0	433	533	
2	0	0	0	0	426	529	
3	0	0	0	0	421	528	
4	0	0	0	0	419	525	
5	0	0	0	0	420	511	
6	0	0	0	0	419	528	
7	0	0	0	0	419	549	
8	0	0	0	0	420	556	
9	0	0	0	0	427	532	
10	0	0	0	0	435	510	
11	0	0	0	0	451	518	
12	0	0	0	0	467	537	
13	0	0	0	0	482	551	
14	0	0	0	0	497	541	
15	0	0	0	0	510	541	
0	0	0	0	0	520	564	
1	0	0	0	0	523	586	
2	0	0	0	0	522	572	
3	0	0	0	0	518	559	
4	0	0	0	0	512	557	
5	0	0	0	0	507	550	
6	0	0	0	0	504	542	
7	0	0	0	0	499	551	
8	0	0	0	0	494	546	
9	0	0	0	0	489	548	
10	0	0	0	0	484	545	
11	0	0	0	0	483	523	
12	0	0	0	0	484	459	
13	0	0	0	0	483	406	
14	0	0	0	0	477	438	
15	0	0	0	0	471	465	
0	0	0	0	0	475	492	
1	0	0	0	0	486	522	
2	0	0	0	0	499	577	
3	0	0	0	0	508	624	
4	0	0	0	0	511	667	
5	0	0	0	0	506	631	
6	0	0	0	0	499	597	
7	0	0	0	0	493	573	
8	0	0	0	0	490	592	
9	0	0	0	0	486	585	
10	0	0	0	0	481	568	
11	0	0	0	0	472	588	
12	0	0	0	0	461	598	
13	0	0	0	0	445	586	
14	0	0	0	0	430	563	
15	0	0	0	0	419	568	
0	0	0	0	0	415	538	
1	0	0	0	0	414	512	
2	0	0	0	0	415	511	
3	0	0	0	0	417	544	
4	0	0	0	0	418	574	
5	0	0	0	0	422	565	
6	0	0	0	0	432	552	
7	0	0	0	0	450	585	
8	0	0	0	0	465	564	
9	0	0	0	0	473	572	
10	0	0	0	0	473	522	
11	0	0	0	0	468	486	
12	0	0	0	0	468	486	
13	0	0	0	0	473	451	
14	0	0	0	0	482	458	
15	0	0	0	0	495	487	
0	0	0	0	0	512	544	
1	0	0	0	0	532	547	
2	0	0	0	0	548	518	
3	0	0	0	0	557	511	
4	0	0	0	0	559	504	
5	0	0	0	0	553	516	
6	0	0	0	0	546	508	
7	0	0	0	0	527	484	
8	0	0	0	0	508	472	
9	0	0	0	0	493	482	
10	0	0	0	0	488	502	
11	0	0	0	0	499	544	
12	0	0	0	0	515	563	
13	0	0	0	0	530	547	
14	0	0	0	0	540	542	
15	0	0	0	0	541	507	
0	0	0	0	0	538	488	
1	0	0	0	0	538	479	
2	0	0	0	0	540	475	
3	0	0	0	0	544	469	
4	0	0	0	0	548	480	
5	0	0	0	0	548	535	
6	0	0	0	0	543	529	
7	0	0	0	0	537	508	
8	0	0	0	0	536	503	
9	0	0	0	0	532	508	
10	0	0	0	0	531	473	
11	0	0	0	0	530	481	
12	0	0	0	0	524	495	
13	0	0	0	0	512	516	
14	0	0	0	0	497	577	
15	0	0	0	0	487	605	
0	0	0	0	0	474	572	
1	0	0	0	0	461	550	
2	0	0	0	0	452	555	
3	0	0	0	0	446	563	
4	0	0	0	0	445	575	
5	0	0	0	0	448	564	
6	0	0	0	0	456	574	
7	0	0	0	0	471	589	
8	0	0	0	0	491	605	
9	0	0	0	0	508	606	
10	0	0	0	0	515	607	
11	0	0	0	0	524	616	
12	0	0	0	0	534	605	
13	0	0	0	0	538	605	
14	0	0	0	0	532	606	
15	0	0	0	0	521	595	
0	0	0	0	0	514	577	
1	0	0	0	0	514	515	
2	0	0	0	0	529	496	
3	0	0	0	0	550	493	
4	0	0	0	0	566	495	
5	0	0	0	0	577	498	
6	0	0	0	0	593	480	
7	0	0	0	0	614	480	
8	0	0	0	0	640	463	
9	0	0	0	0	673	476	
10	0	0	0	0	705	431	
11	0	0	0	0	737	419	
12	0	0	0	0	763	402	
13	0	0	0	0	774	350	
14	0	0	0	0	771	296	
15	0	0	0	0	754	288	
0	0	0	0	0	723	312	
1	0	0	0	0	679	333	
2	0	0	0	0	627	366	
3	0	0	0	0	570	386	
4	0	0	0	0	513	422	
5	0	0	0	0	461	451	
6	0	0	0	0	420	504	
7	0	0	0	0	393	533	
8	0	0	0	0	373	539	
9	0	0	0	0	359	565	
10	0	0	0	0	356	561	
11	0	0	0	0	374	516	
12	0	0	0	0	401	485	
13	0	0	0	0	426	505	
14	0	0	0	0	450	499	
15	0	0	0	0	465	473	
0	0	0	0	0	476	482	
1	0	0	0	0	481	474	
2	0	0	0	0	484	480	
3	0	0	0	0	482	499	
4	0	0	0	0	478	525	
5	0	0	0	0	469	558	
6	0	0	0	0	461	527	
7	0	0	0	0	458	522	
8	0	0	0	0	456	515	
9	0	0	0	0	459	523	
10	0	0	0	0	468	519	
11	0	0	0	0	481	515	
12	0	0	0	0	492	531	
13	0	0	0	0	499	495	
14	0	0	0	0	503	463	
15	0	0	0	0	503	455	
0	0	0	0	0	496	438	
1	0	0	0	0	480	457	
2	0	0	0	0	466	491	
3	0	0	0	0	461	518	
4	0	0	0	0	462	537	
5	0	0	0	0	464	601	
6	0	0	0	0	470	612	
7	0	0	0	0	472	600	
8	0	0	0	0	470	584	
9	0	0	0	0	472	568	
10	0	0	0	0	486	547	
11	0	0	0	0	506	529	
12	0	0	0	0	530	524	
13	0	0	0	0	559	487	
14	0	0	0	0	588	487	
15	0	0	0	0	613	486	
0	0	0	0	0	633	479	
1	0	0	0	0	647	466	
2	0	0	0	0	654	458	
3	0	0	0	0	652	424	
4	0	0	0	0	645	440	
5	0	0	0	0	628	460	
6	0	0	0	0	608	496	
7	0	0	0	0	590	515	
8	0	0	0	0	574	541	
9	0	0	0	0	549	559	
10	0	0	0	0	524	520	
11	0	0	0	0	507	457	
12	0	0	0	0	499	449	
13	0	0	0	0	496	470	
14	0	0	0	0	493	499	
15	0	0	0	0	494	526	
0	0	0	0	0	501	509	
1	0	0	0	0	511	503	
2	0	0	0	0	519	486	
3	0	0	0	0	522	465	
4	0	0	0	0	523	463	
5	0	0	0	0	528	474	
6	0	0	0	0	534	489	
7	0	0	0	0	540	515	
8	0	0	0	0	543	531	
9	0	0	0	0	546	592	
10	0	0	0	0	547	636	
11	0	0	0	0	548	616	
12	0	0	0	0	553	560	
13	0	0	0	0	559	524	
14	0	0	0	0	560	514	
15	0	0	0	0	562	558	
0	0	0	0	0	561	556	
1	0	0	0	0	558	541	
2	0	0	0	0	551	502	
3	0	0	0	0	548	484	
4	0	0	0	0	543	482	
5	0	0	0	0	532	513	
6	0	0	0	0	521	537	
7	0	0	0	0	519	572	
8	0	0	0	0	519	536	
9	0	0	0	0	520	488	
10	0	0	0	0	520	473	
11	0	0	0	0	515	472	
12	0	0	0	0	509	471	
13	0	0	0	0	510	489	
14	0	0	0	0	523	529	
15	0	0	0	0	539	549	
0	0	0	0	0	553	547	
1	0	0	0	0	561	536	
2	0	0	0	0	559	475	
3	0	0	0	0	550	458	
4	0	0	0	0	537	452	
5	0	0	0	0	527	513	
6	0	0	0	0	524	510	
7	0	0	0	0	524	483	
8	0	0	0	0	523	506	
9	0	0	0	0	520	536	
10	0	0	0	0	519	562	
11	0	0	0	0	525	544	
12	0	0	0	0	535	527	
13	0	0	0	0	549	515	
14	0	0	0	0	564	475	
15	0	0	0	0	579	438	
0	0	0	0	0	598	409	
1	0	0	0	0	614	394	
2	0	0	0	0	617	392	
3	0	0	0	0	603	411	
4	0	0	0	0	575	456	
5	0	0	0	0	537	508	
6	0	0	0	0	494	515	
7	0	0	0	0	446	510	
8	0	0	0	0	399	546	
9	0	0	0	0	359	600	
10	0	0	0	0	330	672	
11	0	0	0	0	313	706	
12	0	0	0	0	304	705	
13	0	0	0	0	310	693	
14	0	0	0	0	332	665	
15	0	0	0	0	362	649	
0	0	0	0	0	396	576	
1	0	0	0	0	428	509	
2	0	0	0	0	455	492	
3	0	0	0	0	475	510	
4	0	0	0	0	484	541	
5	0	0	0	0	496	533	
6	0	0	0	0	511	562	
7	0	0	0	0	526	587	
8	0	0	0	0	536	597	
9	0	0	0	0	549	574	
10	0	0	0	0	562	519	
11	0	0	0	0	575	503	
12	0	0	0	0	579	484	
13	0	0	0	0	572	482	
14	0	0	0	0	559	496	
15	0	0	0	0	541	489	
0	0	0	0	0	526	492	
1	0	0	0	0	521	485	
2	0	0	0	0	524	460	
3	0	0	0	0	523	448	
4	0	0	0	0	520	464	
5	0	0	0	0	520	505	
6	0	0	0	0	523	518	
7	0	0	0	0	523	485	
8	0	0	0	0	524	457	
9	0	0	0	0	527	435	
10	0	0	0	0	526	451	
11	0	0	0	0	527	485	
12	0	0	0	0	527	465	
13	0	0	0	0	527	438	
14	0	0	0	0	530	423	
15	0	0	0	0	534	459	
0	0	0	0	0	534	501	
1	0	0	0	0	532	531	
2	0	0	0	0	536	541	
3	0	0	0	0	547	541	
4	0	0	0	0	551	569	
5	0	0	0	0	548	582	
6	0	0	0	0	535	525	
7	0	0	0	0	515	497	
8	0	0	0	0	494	507	
9	0	0	0	0	476	510	
10	0	0	0	0	459	497	
11	0	0	0	0	441	492	
12	0	0	0	0	420	509	
13	0	0	0	0	400	542	
14	0	0	0	0	391	535	
15	0	0	0	0	386	465	
0	0	0	0	0	381	462	
1	0	0	0	0	376	477	
2	0	0	0	0	369	500	
3	0	0	0	0	363	525	
4	0	0	0	0	366	551	
5	0	0	0	0	388	568	
6	0	0	0	0	423	547	
7	0	0	0	0	460	545	
8	0	0	0	0	494	532	
9	0	0	0	0	521	485	
10	0	0	0	0	543	454	
11	0	0	0	0	558	422	
12	0	0	0	0	567	380	
13	0	0	0	0	567	367	
14	0	0	0	0	558	393	
15	0	0	0	0	544	432	
0	0	0	0	0	527	444	
1	0	0	0	0	514	459	
2	0	0	0	0	504	469	
3	0	0	0	0	502	479	
4	0	0	0	0	503	522	
5	0	0	0	0	499	516	
6	0	0	0	0	494	517	
7	0	0	0	0	482	527	
8	0	0	0	0	469	529	
9	0	0	0	0	457	548	
10	0	0	0	0	451	547	
11	0	0	0	0	450	527	
12	0	0	0	0	453	510	
13	0	0	0	0	457	515	
14	0	0	0	0	456	541	
15	0	0	0	0	454	556	
0	0	0	0	0	451	590	
1	0	0	0	0	447	623	
2	0	0	0	0	444	622	
3	0	0	0	0	447	606	
4	0	0	0	0	455	609	
5	0	0	0	0	462	585	
6	0	0	0	0	467	540	
7	0	0	0	0	470	520	
8	0	0	0	0	472	524	
9	0	0	0	0	479	502	
10	0	0	0	0	489	520	
11	0	0	0	0	497	523	
12	0	0	0	0	498	551	
13	0	0	0	0	498	568	
14	0	0	0	0	492	535	
15	0	0	0	0	482	518	
0	0	0	0	0	467	532	
1	0	0	0	0	455	569	
2	0	0	0	0	456	561	
3	0	0	0	0	465	593	
4	0	0	0	0	479	663	
5	0	0	0	0	495	680	
6	0	0	0	0	507	646	
7	0	0	0	0	514	629	
8	0	0	0	0	516	620	
9	0	0	0	0	515	593	
10	0	0	0	0	511	564	
11	0	0	0	0	502	564	
12	0	0	0	0	490	511	
13	0	0	0	0	480	474	
14	0	0	0	0	482	486	
15	0	0	0	0	489	504	
0	0	0	0	0	497	511	
1	0	0	0	0	504	536	
2	0	0	0	0	511	579	
3	0	0	0	0	519	617	
4	0	0	0	0	525	629	
5	0	0	0	0	522	635	
6	0	0	0	0	518	599	
7	0	0	0	0	522	542	
8	0	0	0	0	526	521	
9	0	0	0	0	530	475	
10	0	0	0	0	536	441	
11	0	0	0	0	549	439	
12	0	0	0	0	562	463	
13	0	0	0	0	574	479	
14	0	0	0	0	578	493	
15	0	0	0	0	575	496	
0	0	0	0	0	579	492	
1	0	0	0	0	586	490	
2	0	0	0	0	589	484	
3	0	0	0	0	595	492	
4	0	0	0	0	599	510	
5	0	0	0	0	596	536	
6	0	0	0	0	590	543	
7	0	0	0	0	579	559	
8	0	0	0	0	568	562	
9	0	0	0	0	559	579	
10	0	0	0	0	550	544	
11	0	0	0	0	546	535	
12	0	0	0	0	548	504	
13	0	0	0	0	550	491	
14	0	0	0	0	545	454	
15	0	0	0	0	533	421	
0	0	0	0	0	512	431	
1	0	0	0	0	488	464	
2	0	0	0	0	467	493	
3	0	0	0	0	448	488	
4	0	0	0	0	435	523	
5	0	0	0	0	427	563	
6	0	0	0	0	425	538	
7	0	0	0	0	428	534	
8	0	0	0	0	438	540	
9	0	0	0	0	454	538	
10	0	0	0	0	469	555	
11	0	0	0	0	477	544	
12	0	0	0	0	488	525	
13	0	0	0	0	497	497	
14	0	0	0	0	504	471	
15	0	0	0	0	517	462	
0	0	0	0	0	539	483	
1	0	0	0	0	566	548	
2	0	0	0	0	588	595	
3	0	0	0	0	601	577	
4	0	0	0	0	603	557	
5	0	0	0	0	599	556	
6	0	0	0	0	591	561	
7	0	0	0	0	582	557	
8	0	0	0	0	580	522	
9	0	0	0	0	592	485	
10	0	0	0	0	607	442	
11	0	0	0	0	614	447	
12	0	0	0	0	614	452	
13	0	0	0	0	611	467	
14	0	0	0	0	603	463	
15	0	0	0	0	590	495	
0	0	0	0	0	571	488	
1	0	0	0	0	555	510	
2	0	0	0	0	541	531	
3	0	0	0	0	519	523	
4	0	0	0	0	485	502	
5	0	0	0	0	454	496	
6	0	0	0	0	432	508	
7	0	0	0	0	422	527	
8	0	0	0	0	433	514	
9	0	0	0	0	461	494	
10	0	0	0	0	493	477	
11	0	0	0	0	524	480	
12	0	0	0	0	547	493	
13	0	0	0	0	559	507	
14	0	0	0	0	553	508	
15	0	0	0	0	544	510	
0	0	0	0	0	533	506	
1	0	0	0	0	524	517	
2	0	0	0	0	515	509	
3	0	0	0	0	511	479	
4	0	0	0	0	511	482	
5	0	0	0	0	513	496	
6	0	0	0	0	516	512	
7	0	0	0	0	529	534	
8	0	0	0	0	541	528	
9	0	0	0	0	547	531	
10	0	0	0	0	548	526	
11	0	0	0	0	547	504	
12	0	0	0	0	551	503	
13	0	0	0	0	563	510	
14	0	0	0	0	582	519	
15	0	0	0	0	596	508	
0	0	0	0	0	610	496	
1	0	0	0	0	615	480	
2	0	0	0	0	606	429	
3	0	0	0	0	590	409	
4	0	0	0	0	565	426	
5	0	0	0	0	536	474	
6	0	0	0	0	511	497	
7	0	0	0	0	492	511	
8	0	0	0	0	481	504	
9	0	0	0	0	483	537	
10	0	0	0	0	483	556	
11	0	0	0	0	475	579	
12	0	0	0	0	452	595	
13	0	0	0	0	425	608	
14	0	0	0	0	402	590	
15	0	0	0	0	379	545	
0	0	0	0	0	352	515	
1	0	0	0	0	329	518	
2	0	0	0	0	313	539	
3	0	0	0	0	310	521	
4	0	0	0	0	314	537	
5	0	0	0	0	326	576	
6	0	0	0	0	342	617	
7	0	0	0	0	359	640	
8	0	0	0	0	377	643	
9	0	0	0	0	399	641	
10	0	0	0	0	426	638	
11	0	0	0	0	453	580	
12	0	0	0	0	480	526	
13	0	0	0	0	505	485	
14	0	0	0	0	527	449	
15	0	0	0	0	545	411	
0	0	0	0	0	560	397	
1	0	0	0	0	571	400	
2	0	0	0	0	573	401	
3	0	0	0	0	568	420	
4	0	0	0	0	560	415	
5	0	0	0	0	551	426	
6	0	0	0	0	550	419	
7	0	0	0	0	546	408	
8	0	0	0	0	535	393	
9	0	0	0	0	521	428	
10	0	0	0	0	504	429	
11	0	0	0	0	487	396	
12	0	0	0	0	476	367	
13	0	0	0	0	467	373	
14	0	0	0	0	468	361	
15	0	0	0	0	473	339	
0	0	0	0	0	492	383	
1	0	0	0	0	521	430	
2	0	0	0	0	547	451	
3	0	0	0	0	559	440	
4	0	0	0	0	560	459	
5	0	0	0	0	553	477	
6	0	0	0	0	545	478	
7	0	0	0	0	537	449	
8	0	0	0	0	531	423	
9	0	0	0	0	530	436	
10	0	0	0	0	534	435	
11	0	0	0	0	540	443	
12	0	0	0	0	545	431	
13	0	0	0	0	545	428	
14	0	0	0	0	536	411	
15	0	0	0	0	512	453	
0	0	0	0	0	483	486	
1	0	0	0	0	456	503	
2	0	0	0	0	438	519	
3	0	0	0	0	427	544	
4	0	0	0	0	425	551	
5	0	0	0	0	423	560	
6	0	0	0	0	419	583	
7	0	0	0	0	415	629	
8	0	0	0	0	420	677	
9	0	0	0	0	427	639	
10	0	0	0	0	438	561	
11	0	0	0	0	447	525	
12	0	0	0	0	457	499	
13	0	0	0	0	475	472	
14	0	0	0	0	495	463	
15	0	0	0	0	517	489	
0	0	0	0	0	527	491	
1	0	0	0	0	532	474	
2	0	0	0	0	534	518	
3	0	0	0	0	534	561	
4	0	0	0	0	540	572	
5	0	0	0	0	551	558	
6	0	0	0	0	557	558	
7	0	0	0	0	550	543	
8	0	0	0	0	530	554	
9	0	0	0	0	504	565	
10	0	0	0	0	489	533	
11	0	0	0	0	487	511	
12	0	0	0	0	492	488	
13	0	0	0	0	509	499	
14	0	0	0	0	528	529	
15	0	0	0	0	556	549	
0	0	0	0	0	580	506	
1	0	0	0	0	593	452	
2	0	0	0	0	593	429	
3	0	0	0	0	578	441	
4	0	0	0	0	556	477	
5	0	0	0	0	526	509	
6	0	0	0	0	491	498	
7	0	0	0	0	455	502	
8	0	0	0	0	420	528	
9	0	0	0	0	395	542	
10	0	0	0	0	377	590	
11	0	0	0	0	373	618	
12	0	0	0	0	377	640	
13	0	0	0	0	391	660	
14	0	0	0	0	409	648	
15	0	0	0	0	428	612	
0	0	0	0	0	449	573	
1	0	0	0	0	465	574	
2	0	0	0	0	477	591	
3	0	0	0	0	490	606	
4	0	0	0	0	502	612	
5	0	0	0	0	508	590	
6	0	0	0	0	507	603	
7	0	0	0	0	502	606	
8	0	0	0	0	492	595	
9	0	0	0	0	487	576	
10	0	0	0	0	495	559	
11	0	0	0	0	521	556	
12	0	0	0	0	556	548	
13	0	0	0	0	578	523	
14	0	0	0	0	591	527	
15	0	0	0	0	588	525	
0	0	0	0	0	580	536	
1	0	0	0	0	575	542	
2	0	0	0	0	569	522	
3	0	0	0	0	564	520	
4	0	0	0	0	560	534	
5	0	0	0	0	556	533	
6	0	0	0	0	555	538	
7	0	0	0	0	567	581	
8	0	0	0	0	577	572	
9	0	0	0	0	583	543	
10	0	0	0	0	591	532	
11	0	0	0	0	592	520	
12	0	0	0	0	591	538	
13	0	0	0	0	591	579	
14	0	0	0	0	589	576	
15	0	0	0	0	583	569	
0	0	0	0	0	577	515	
1	0	0	0	0	577	452	
2	0	0	0	0	575	447	
3	0	0	0	0	573	433	
4	0	0	0	0	571	420	
5	0	0	0	0	573	399	
6	0	0	0	0	582	349	
7	0	0	0	0	590	352	
8	0	0	0	0	592	357	
9	0	0	0	0	578	355	
10	0	0	0	0	558	375	
11	0	0	0	0	534	401	
12	0	0	0	0	512	449	
13	0	0	0	0	498	458	
14	0	0	0	0	492	444	
15	0	0	0	0	491	438	
0	0	0	0	0	494	398	
1	0	0	0	0	499	360	
2	0	0	0	0	503	354	
3	0	0	0	0	505	399	
4	0	0	0	0	512	415	
5	0	0	0	0	526	431	
6	0	0	0	0	544	477	
7	0	0	0	0	560	492	
8	0	0	0	0	571	493	
9	0	0	0	0	580	506	
10	0	0	0	0	590	494	
11	0	0	0	0	596	497	
12	0	0	0	0	596	507	
13	0	0	0	0	591	501	
14	0	0	0	0	583	480	
15	0	0	0	0	570	508	
0	0	0	0	0	555	525	
1	0	0	0	0	536	493	
2	0	0	0	0	517	476	
3	0	0	0	0	507	455	
4	0	0	0	0	511	402	
5	0	0	0	0	519	375	
6	0	0	0	0	529	402	
7	0	0	0	0	537	461	
8	0	0	0	0	547	476	
9	0	0	0	0	553	463	
10	0	0	0	0	551	462	
11	0	0	0	0	530	464	
12	0	0	0	0	500	473	
13	0	0	0	0	467	476	
14	0	0	0	0	434	499	
15	0	0	0	0	407	537	
0	0	0	0	0	379	538	
1	0	0	0	0	357	523	
2	0	0	0	0	332	512	
3	0	0	0	0	304	513	
4	0	0	0	0	280	504	
5	0	0	0	0	277	466	
6	0	0	0	0	301	423	
7	0	0	0	0	340	427	
8	0	0	0	0	379	457	
9	0	0	0	0	411	498	
10	0	0	0	0	436	515	
11	0	0	0	0	460	510	
12	0	0	0	0	471	503	
13	0	0	0	0	471	524	
14	0	0	0	0	466	527	
15	0	0	0	0	460	503	
0	0	0	0	0	464	457	
1	0	0	0	0	480	428	
2	0	0	0	0	502	451	
3	0	0	0	0	522	470	
4	0	0	0	0	538	475	
5	0	0	0	0	550	482	
6	0	0	0	0	548	461	
7	0	0	0	0	540	450	
8	0	0	0	0	527	428	
9	0	0	0	0	516	433	
10	0	0	0	0	508	435	
11	0	0	0	0	498	446	
12	0	0	0	0	487	475	
13	0	0	0	0	487	491	
14	0	0	0	0	497	474	
15	0	0	0	0	507	475	
0	0	0	0	0	517	477	
1	0	0	0	0	527	462	
2	0	0	0	0	536	474	
3	0	0	0	0	542	480	
4	0	0	0	0	542	469	
5	0	0	0	0	531	488	
6	0	0	0	0	512	539	
7	0	0	0	0	491	575	
8	0	0	0	0	474	553	
9	0	0	0	0	456	514	
10	0	0	0	0	443	523	
11	0	0	0	0	440	516	
12	0	0	0	0	440	523	
13	0	0	0	0	435	570	
14	0	0	0	0	434	604	
15	0	0	0	0	433	604	
0	0	0	0	0	431	605	
1	0	0	0	0	423	616	
2	0	0	0	0	417	625	
3	0	0	0	0	417	600	
4	0	0	0	0	414	584	
5	0	0	0	0	421	584	
6	0	0	0	0	441	574	
7	0	0	0	0	469	622	
8	0	0	0	0	498	699	
9	0	0	0	0	510	699	
10	0	0	0	0	507	670	
11	0	0	0	0	492	655	
12	0	0	0	0	472	620	
13	0	0	0	0	451	610	
14	0	0	0	0	440	571	
15	0	0	0	0	441	565	
0	0	0	0	0	456	577	
1	0	0	0	0	476	597	
2	0	0	0	0	501	585	
3	0	0	0	0	529	548	
4	0	0	0	0	553	514	
5	0	0	0	0	560	516	
6	0	0	0	0	553	507	
7	0	0	0	0	529	519	
8	0	0	0	0	495	539	
9	0	0	0	0	461	545	
10	0	0	0	0	431	535	
11	0	0	0	0	408	550	
12	0	0	0	0	393	601	
13	0	0	0	0	385	621	
14	0	0	0	0	382	639	
15	0	0	0	0	379	658	
0	0	0	0	0	371	658	
1	0	0	0	0	368	668	
2	0	0	0	0	366	681	
3	0	0	0	0	366	678	
4	0	0	0	0	373	654	
5	0	0	0	0	384	640	
6	0	0	0	0	399	618	
7	0	0	0	0	409	577	
8	0	0	0	0	419	549	
9	0	0	0	0	430	555	
10	0	0	0	0	443	521	
11	0	0	0	0	463	508	
12	0	0	0	0	487	514	
13	0	0	0	0	509	519	
14	0	0	0	0	537	536	
15	0	0	0	0	569	512	
0	0	0	0	0	587	496	
1	0	0	0	0	594	496	
2	0	0	0	0	594	486	
3	0	0	0	0	583	454	
4	0	0	0	0	564	456	
5	0	0	0	0	547	472	
6	0	0	0	0	527	544	
7	0	0	0	0	504	574	
8	0	0	0	0	483	567	
9	0	0	0	0	465	576	
10	0	0	0	0	448	569	
11	0	0	0	0	430	533	
12	0	0	0	0	416	515	
13	0	0	0	0	409	508	
14	0	0	0	0	406	511	
15	0	0	0	0	408	521	
0	0	0	0	0	413	518	
1	0	0	0	0	428	472	
2	0	0	0	0	455	443	
3	0	0	0	0	486	447	
4	0	0	0	0	512	472	
5	0	0	0	0	531	517	
6	0	0	0	0	546	549	
7	0	0	0	0	559	598	
8	0	0	0	0	568	608	
9	0	0	0	0	571	594	
10	0	0	0	0	565	553	
11	0	0	0	0	550	489	
12	0	0	0	0	526	455	
13	0	0	0	0	496	443	
14	0	0	0	0	469	429	
15	0	0	0	0	464	436	
0	0	0	0	0	481	459	
1	0	0	0	0	506	514	
2	0	0	0	0	535	532	
3	0	0	0	0	565	515	
4	0	0	0	0	593	452	
5	0	0	0	0	622	390	
6	0	0	0	0	640	348	
7	0	0	0	0	653	359	
8	0	0	0	0	662	372	
9	0	0	0	0	663	406	
10	0	0	0	0	651	461	
11	0	0	0	0	637	515	
12	0	0	0	0	625	517	
13	0	0	0	0	615	529	
14	0	0	0	0	611	492	
15	0	0	0	0	609	482	
0	0	0	0	0	603	472	
1	0	0	0	0	597	461	
2	0	0	0	0	599	452	
3	0	0	0	0	594	436	
4	0	0	0	0	585	454	
5	0	0	0	0	574	500	
6	0	0	0	0	562	526	
7	0	0	0	0	542	527	
8	0	0	0	0	519	513	
9	0	0	0	0	499	529	
10	0	0	0	0	480	520	
11	0	0	0	0	471	508	
12	0	0	0	0	468	508	
13	0	0	0	0	472	511	
14	0	0	0	0	479	543	
15	0	0	0	0	494	552	
0	0	0	0	0	511	599	
1	0	0	0	0	519	618	
2	0	0	0	0	518	607	
3	0	0	0	0	517	597	
4	0	0	0	0	516	587	
5	0	0	0	0	513	566	
6	0	0	0	0	514	545	
7	0	0	0	0	527	542	
8	0	0	0	0	548	527	
9	0	0	0	0	561	483	
10	0	0	0	0	571	538	
11	0	0	0	0	583	547	
12	0	0	0	0	600	529	
13	0	0	0	0	624	495	
14	0	0	0	0	647	473	
15	0	0	0	0	661	489	
0	0	0	0	0	668	491	
1	0	0	0	0	657	467	
2	0	0	0	0	638	481	
3	0	0	0	0	618	501	
4	0	0	0	0	597	515	
5	0	0	0	0	574	519	
6	0	0	0	0	550	543	
7	0	0	0	0	527	532	
8	0	0	0	0	506	505	
9	0	0	0	0	488	477	
10	0	0	0	0	479	456	
11	0	0	0	0	475	442	
12	0	0	0	0	478	444	
13	0	0	0	0	481	475	
14	0	0	0	0	483	502	
15	0	0	0	0	484	571	
0	0	0	0	0	485	672	
1	0	0	0	0	489	709	
2	0	0	0	0	496	701	
3	0	0	0	0	507	681	
4	0	0	0	0	521	639	
5	0	0	0	0	534	618	
6	0	0	0	0	541	583	
7	0	0	0	0	550	517	
8	0	0	0	0	562	476	
9	0	0	0	0	569	475	
10	0	0	0	0	568	486	
11	0	0	0	0	561	455	
12	0	0	0	0	556	455	
13	0	0	0	0	552	449	
14	0	0	0	0	551	474	
15	0	0	0	0	555	509	
0	0	0	0	0	562	541	
1	0	0	0	0	568	563	
2	0	0	0	0	574	575	
3	0	0	0	0	577	567	
4	0	0	0	0	580	524	
5	0	0	0	0	588	502	
6	0	0	0	0	601	522	
7	0	0	0	0	613	510	
8	0	0	0	0	624	467	
9	0	0	0	0	642	430	
10	0	0	0	0	668	398	
11	0	0	0	0	697	397	
12	0	0	0	0	722	374	
13	0	0	0	0	735	382	
14	0	0	0	0	731	407	
15	0	0	0	0	709	401	
0	0	0	0	0	670	396	
1	0	0	0	0	617	417	
2	0	0	0	0	566	415	
3	0	0	0	0	524	428	
4	0	0	0	0	487	467	
5	0	0	0	0	463	485	
6	0	0	0	0	451	520	
7	0	0	0	0	454	565	
8	0	0	0	0	463	596	
9	0	0	0	0	486	568	
10	0	0	0	0	511	540	
11	0	0	0	0	534	558	
12	0	0	0	0	548	570	
13	0	0	0	0	560	556	
14	0	0	0	0	576	511	
15	0	0	0	0	597	486	
0	0	0	0	0	616	499	
1	0	0	0	0	646	520	
2	0	0	0	0	678	548	
3	0	0	0	0	701	545	
4	0	0	0	0	718	494	
5	0	0	0	0	729	463	
6	0	0	0	0	732	409	
7	0	0	0	0	717	385	
8	0	0	0	0	691	412	
9	0	0	0	0	661	438	
10	0	0	0	0	632	527	
11	0	0	0	0	605	527	
12	0	0	0	0	585	513	
13	0	0	0	0	574	516	
14	0	0	0	0	572	478	
15	0	0	0	0	578	441	
0	0	0	0	0	591	391	
1	0	0	0	0	612	399	
2	0	0	0	0	640	412	
3	0	0	0	0	664	398	
4	0	0	0	0	675	398	
5	0	0	0	0	668	428	
6	0	0	0	0	644	458	
7	0	0	0	0	596	445	
8	0	0	0	0	537	460	
9	0	0	0	0	486	491	
10	0	0	0	0	451	510	
11	0	0	0	0	432	536	
12	0	0	0	0	428	547	
13	0	0	0	0	433	578	
14	0	0	0	0	436	607	
15	0	0	0	0	438	587	
0	0	0	0	0	435	610	
1	0	0	0	0	433	631	
2	0	0	0	0	436	632	
3	0	0	0	0	444	590	
4	0	0	0	0	455	594	
5	0	0	0	0	463	562	
6	0	0	0	0	469	487	
7	0	0	0	0	477	471	
8	0	0	0	0	495	514	
9	0	0	0	0	517	509	
10	0	0	0	0	536	438	
11	0	0	0	0	552	410	
12	0	0	0	0	563	424	
13	0	0	0	0	567	441	
14	0	0	0	0	561	478	
15	0	0	0	0	553	535	
0	0	0	0	0	546	555	
1	0	0	0	0	540	568	
2	0	0	0	0	531	564	
3	0	0	0	0	519	535	
4	0	0	0	0	510	494	
5	0	0	0	0	503	472	
6	0	0	0	0	493	477	
7	0	0	0	0	484	492	
8	0	0	0	0	476	531	
9	0	0	0	0	467	539	
10	0	0	0	0	464	560	
11	0	0	0	0	463	585	
12	0	0	0	0	472	556	
13	0	0	0	0	496	545	
14	0	0	0	0	527	520	
15	0	0	0	0	559	507	
0	0	0	0	0	588	466	
1	0	0	0	0	621	426	
2	0	0	0	0	639	440	
3	0	0	0	0	640	446	
4	0	0	0	0	627	492	
5	0	0	0	0	598	528	
6	0	0	0	0	568	514	
7	0	0	0	0	542	529	
8	0	0	0	0	518	567	
9	0	0	0	0	492	587	
10	0	0	0	0	469	568	
11	0	0	0	0	455	543	
12	0	0	0	0	444	536	
13	0	0	0	0	441	527	
14	0	0	0	0	444	492	
15	0	0	0	0	451	487	
0	0	0	0	0	457	471	
1	0	0	0	0	468	482	
2	0	0	0	0	483	493	
3	0	0	0	0	499	507	
4	0	0	0	0	517	500	
5	0	0	0	0	534	475	
6	0	0	0	0	547	471	
7	0	0	0	0	557	480	
8	0	0	0	0	562	496	
9	0	0	0	0	565	506	
10	0	0	0	0	563	478	
11	0	0	0	0	551	459	
12	0	0	0	0	536	453	
13	0	0	0	0	526	448	
14	0	0	0	0	515	414	
15	0	0	0	0	503	415	
0	0	0	0	0	489	463	
1	0	0	0	0	480	516	
2	0	0	0	0	472	548	
3	0	0	0	0	464	580	
4	0	0	0	0	456	620	
5	0	0	0	0	447	560	
6	0	0	0	0	445	546	
7	0	0	0	0	448	570	
8	0	0	0	0	451	613	
9	0	0	0	0	456	635	
10	0	0	0	0	471	651	
11	0	0	0	0	480	652	
12	0	0	0	0	490	624	
13	0	0	0	0	508	595	
14	0	0	0	0	533	566	
15	0	0	0	0	558	555	
0	0	0	0	0	576	533	
1	0	0	0	0	584	522	
2	0	0	0	0	590	548	
3	0	0	0	0	592	553	
4	0	0	0	0	585	575	
5	0	0	0	0	567	591	
6	0	0	0	0	544	582	
7	0	0	0	0	524	580	
8	0	0	0	0	512	574	
9	0	0	0	0	508	578	
10	0	0	0	0	513	561	
11	0	0	0	0	526	531	
12	0	0	0	0	546	515	
13	0	0	0	0	565	497	
14	0	0	0	0	579	470	
15	0	0	0	0	586	463	
0	0	0	0	0	581	453	
1	0	0	0	0	574	456	
2	0	0	0	0	566	457	
3	0	0	0	0	561	435	
4	0	0	0	0	558	442	
5	0	0	0	0	555	470	
6	0	0	0	0	555	455	
7	0	0	0	0	554	423	
8	0	0	0	0	547	440	
9	0	0	0	0	534	446	
10	0	0	0	0	517	479	
11	0	0	0	0	505	489	
12	0	0	0	0	499	499	
13	0	0	0	0	498	534	
14	0	0	0	0	503	555	
15	0	0	0	0	512	571	
0	0	0	0	0	521	563	
1	0	0	0	0	519	578	
2	0	0	0	0	512	572	
3	0	0	0	0	508	558	
4	0	0	0	0	503	600	
5	0	0	0	0	496	627	
6	0	0	0	0	492	638	
7	0	0	0	0	495	631	
8	0	0	0	0	512	640	
9	0	0	0	0	541	667	
10	0	0	0	0	572	674	
11	0	0	0	0	595	623	
12	0	0	0	0	604	562	
13	0	0	0	0	602	516	
14	0	0	0	0	602	463	
15	0	0	0	0	606	428	
0	0	0	0	0	596	410	
1	0	0	0	0	578	432	
2	0	0	0	0	556	458	
3	0	0	0	0	527	474	
4	0	0	0	0	504	532	
5	0	0	0	0	489	529	
6	0	0	0	0	482	508	
7	0	0	0	0	480	493	
8	0	0	0	0	486	475	
9	0	0	0	0	488	494	
10	0	0	0	0	484	500	
11	0	0	0	0	471	512	
12	0	0	0	0	457	561	
13	0	0	0	0	445	578	
14	0	0	0	0	433	560	
15	0	0	0	0	417	566	
0	0	0	0	0	406	589	
1	0	0	0	0	403	611	
2	0	0	0	0	415	624	
3	0	0	0	0	434	636	
4	0	0	0	0	454	689	
5	0	0	0	0	478	750	
6	0	0	0	0	500	755	
7	0	0	0	0	511	689	
8	0	0	0	0	513	620	
9	0	0	0	0	508	580	
10	0	0	0	0	495	576	
11	0	0	0	0	477	579	
12	0	0	0	0	467	583	
13	0	0	0	0	465	601	
14	0	0	0	0	467	590	
15	0	0	0	0	468	561	
0	0	0	0	0	468	548	
1	0	0	0	0	473	524	
2	0	0	0	0	487	515	
3	0	0	0	0	501	476	
4	0	0	0	0	508	494	
5	0	0	0	0	504	511	
6	0	0	0	0	494	528	
7	0	0	0	0	484	528	
8	0	0	0	0	485	557	
9	0	0	0	0	504	585	
10	0	0	0	0	535	634	
11	0	0	0	0	571	677	
12	0	0	0	0	608	671	
13	0	0	0	0	640	624	
14	0	0	0	0	656	565	
15	0	0	0	0	652	538	
0	0	0	0	0	633	510	
1	0	0	0	0	606	496	
2	0	0	0	0	581	480	
3	0	0	0	0	558	502	
4	0	0	0	0	535	515	
5	0	0	0	0	508	519	
6	0	0	0	0	475	501	
7	0	0	0	0	443	479	
8	0	0	0	0	419	528	
9	0	0	0	0	405	571	
10	0	0	0	0	401	584	
11	0	0	0	0	399	577	
12	0	0	0	0	398	519	
13	0	0	0	0	409	498	
14	0	0	0	0	429	499	
15	0	0	0	0	455	499	
0	0	0	0	0	486	441	
1	0	0	0	0	512	388	
2	0	0	0	0	535	401	
3	0	0	0	0	553	425	
4	0	0	0	0	572	484	
5	0	0	0	0	591	521	
6	0	0	0	0	610	522	
7	0	0	0	0	628	566	
8	0	0	0	0	643	589	
9	0	0	0	0	654	559	
10	0	0	0	0	660	548	
11	0	0	0	0	664	566	
12	0	0	0	0	659	547	
13	0	0	0	0	643	492	
14	0	0	0	0	619	457	
15	0	0	0	0	589	422	
0	0	0	0	0	553	423	
1	0	0	0	0	518	463	
2	0	0	0	0	495	486	
3	0	0	0	0	487	463	
4	0	0	0	0	495	436	
5	0	0	0	0	515	423	
6	0	0	0	0	542	408	
7	0	0	0	0	566	440	
8	0	0	0	0	594	467	
9	0	0	0	0	618	489	
10	0	0	0	0	632	433	
11	0	0	0	0	632	394	
12	0	0	0	0	621	404	
13	0	0	0	0	604	428	
14	0	0	0	0	583	432	
15	0	0	0	0	561	433	
0	0	0	0	0	551	435	
1	0	0	0	0	543	449	
2	0	0	0	0	544	438	
3	0	0	0	0	561	435	
4	0	0	0	0	579	441	
5	0	0	0	0	590	431	
6	0	0	0	0	587	406	
7	0	0	0	0	568	404	
8	0	0	0	0	540	414	
9	0	0	0	0	510	421	
10	0	0	0	0	485	442	
11	0	0	0	0	461	497	
12	0	0	0	0	438	547	
13	0	0	0	0	407	612	
14	0	0	0	0	375	676	
15	0	0	0	0	346	701	
0	0	0	0	0	321	654	
1	0	0	0	0	308	633	
2	0	0	0	0	311	637	
3	0	0	0	0	329	644	
4	0	0	0	0	351	650	
5	0	0	0	0	372	625	
6	0	0	0	0	398	566	
7	0	0	0	0	423	520	
8	0	0	0	0	448	515	
9	0	0	0	0	467	511	
10	0	0	0	0	477	508	
11	0	0	0	0	481	487	
12	0	0	0	0	485	467	
13	0	0	0	0	493	425	
14	0	0	0	0	503	419	
15	0	0	0	0	517	414	
0	0	0	0	0	531	431	
1	0	0	0	0	540	417	
2	0	0	0	0	546	417	
3	0	0	0	0	546	417	
4	0	0	0	0	544	409	
5	0	0	0	0	542	455	
6	0	0	0	0	538	486	
7	0	0	0	0	533	484	
8	0	0	0	0	528	480	
9	0	0	0	0	526	451	
10	0	0	0	0	524	442	
11	0	0	0	0	526	452	
12	0	0	0	0	522	435	
13	0	0	0	0	515	443	
14	0	0	0	0	508	474	
15	0	0	0	0	504	432	
0	0	0	0	0	509	412	
1	0	0	0	0	519	406	
2	0	0	0	0	534	415	
3	0	0	0	0	556	394	
4	0	0	0	0	585	363	
5	0	0	0	0	620	366	
6	0	0	0	0	646	413	
7	0	0	0	0	659	460	
8	0	0	0	0	668	481	
9	0	0	0	0	684	477	
10	0	0	0	0	693	470	
11	0	0	0	0	675	410	
12	0	0	0	0	639	398	
13	0	0	0	0	588	415	
14	0	0	0	0	537	442	
15	0	0	0	0	497	472	
0	0	0	0	0	463	470	
1	0	0	0	0	431	471	
2	0	0	0	0	409	471	
3	0	0	0	0	403	470	
4	0	0	0	0	404	510	
5	0	0	0	0	412	501	
6	0	0	0	0	431	515	
7	0	0	0	0	451	517	
8	0	0	0	0	474	507	
9	0	0	0	0	490	504	
10	0	0	0	0	499	521	
11	0	0	0	0	499	532	
12	0	0	0	0	494	555	
13	0	0	0	0	482	524	
14	0	0	0	0	471	497	
15	0	0	0	0	458	447	
0	0	0	0	0	443	408	
1	0	0	0	0	427	395	
2	0	0	0	0	415	389	
3	0	0	0	0	414	429	
4	0	0	0	0	428	475	
5	0	0	0	0	448	497	
6	0	0	0	0	473	477	
7	0	0	0	0	505	466	
8	0	0	0	0	533	452	
9	0	0	0	0	553	463	
10	0	0	0	0	556	463	
11	0	0	0	0	547	467	
12	0	0	0	0	535	476	
13	0	0	0	0	527	508	
14	0	0	0	0	522	537	
15	0	0	0	0	520	582	
0	0	0	0	0	516	579	
1	0	0	0	0	511	579	
2	0	0	0	0	508	552	
3	0	0	0	0	501	547	
4	0	0	0	0	495	538	
5	0	0	0	0	493	540	
6	0	0	0	0	498	537	
7	0	0	0	0	498	519	
8	0	0	0	0	491	497	
9	0	0	0	0	488	480	
10	0	0	0	0	493	487	
11	0	0	0	0	500	534	
12	0	0	0	0	512	579	
13	0	0	0	0	521	624	
14	0	0	0	0	526	662	
15	0	0	0	0	523	655	
0	0	0	0	0	513	628	
1	0	0	0	0	496	601	
2	0	0	0	0	469	573	
3	0	0	0	0	443	556	
4	0	0	0	0	419	562	
5	0	0	0	0	397	538	
6	0	0	0	0	379	551	
7	0	0	0	0	364	590	
8	0	0	0	0	355	618	
9	0	0	0	0	356	628	
10	0	0	0	0	360	639	
11	0	0	0	0	371	629	
12	0	0	0	0	389	613	
13	0	0	0	0	411	609	
14	0	0	0	0	433	641	
15	0	0	0	0	459	630	
0	0	0	0	0	478	569	
1	0	0	0	0	484	542	
2	0	0	0	0	485	529	
3	0	0	0	0	484	540	
4	0	0	0	0	482	555	
5	0	0	0	0	475	555	
6	0	0	0	0	460	561	
7	0	0	0	0	448	581	
8	0	0	0	0	452	607	
9	0	0	0	0	465	603	
10	0	0	0	0	477	613	
11	0	0	0	0	484	619	
12	0	0	0	0	492	635	
13	0	0	0	0	504	614	
14	0	0	0	0	517	608	
15	0	0	0	0	536	615	
0	0	0	0	0	555	640	
1	0	0	0	0	573	620	
2	0	0	0	0	580	581	
3	0	0	0	0	580	552	
4	0	0	0	0	571	564	
5	0	0	0	0	548	614	
6	0	0	0	0	523	661	
7	0	0	0	0	502	675	
8	0	0	0	0	493	665	
9	0	0	0	0	504	644	
10	0	0	0	0	519	617	
11	0	0	0	0	535	586	
12	0	0	0	0	540	587	
13	0	0	0	0	533	592	
14	0	0	0	0	524	601	
15	0	0	0	0	509	549	
0	0	0	0	0	487	450	
1	0	0	0	0	463	396	
2	0	0	0	0	441	436	
3	0	0	0	0	423	454	
4	0	0	0	0	410	535	
5	0	0	0	0	400	579	
6	0	0	0	0	402	569	
7	0	0	0	0	416	588	
8	0	0	0	0	438	563	
9	0	0	0	0	463	554	
10	0	0	0	0	490	541	
11	0	0	0	0	513	515	
12	0	0	0	0	536	497	
13	0	0	0	0	545	523	
14	0	0	0	0	541	555	
15	0	0	0	0	531	583	
0	0	0	0	0	519	600	
1	0	0	0	0	509	582	
2	0	0	0	0	495	550	
3	0	0	0	0	479	559	
4	0	0	0	0	463	589	
5	0	0	0	0	448	595	
6	0	0	0	0	441	575	
7	0	0	0	0	454	551	
8	0	0	0	0	472	537	
9	0	0	0	0	490	533	
10	0	0	0	0	497	518	
11	0	0	0	0	497	529	
12	0	0	0	0	494	534	
13	0	0	0	0	499	543	
14	0	0	0	0	512	550	
15	0	0	0	0	528	536	
0	0	0	0	0	535	499	
1	0	0	0	0	537	486	
2	0	0	0	0	532	480	
3	0	0	0	0	523	478	
4	0	0	0	0	508	489	
5	0	0	0	0	491	508	
6	0	0	0	0	477	523	
7	0	0	0	0	463	542	
8	0	0	0	0	457	595	
9	0	0	0	0	451	611	
10	0	0	0	0	448	573	
11	0	0	0	0	451	608	
12	0	0	0	0	454	615	
13	0	0	0	0	460	574	
14	0	0	0	0	470	525	
15	0	0	0	0	487	486	
0	0	0	0	0	503	429	
1	0	0	0	0	512	367	
2	0	0	0	0	512	351	
3	0	0	0	0	511	358	
4	0	0	0	0	513	364	
5	0	0	0	0	518	396	
6	0	0	0	0	522	402	
7	0	0	0	0	524	422	
8	0	0	0	0	529	440	
9	0	0	0	0	531	450	
10	0	0	0	0	532	498	
11	0	0	0	0	525	512	
12	0	0	0	0	518	519	
13	0	0	0	0	517	527	
14	0	0	0	0	524	472	
15	0	0	0	0	538	428	
0	0	0	0	0	552	419	
1	0	0	0	0	562	450	
2	0	0	0	0	564	500	
3	0	0	0	0	548	527	
4	0	0	0	0	520	571	
5	0	0	0	0	500	571	
6	0	0	0	0	488	572	
7	0	0	0	0	488	587	
8	0	0	0	0	497	575	
9	0	0	0	0	516	559	
10	0	0	0	0	539	534	
11	0	0	0	0	563	515	
12	0	0	0	0	581	524	
13	0	0	0	0	592	512	
14	0	0	0	0	593	531	
15	0	0	0	0	581	528	
0	0	0	0	0	564	527	
1	0	0	0	0	553	497	
2	0	0	0	0	537	488	
3	0	0	0	0	522	560	
4	0	0	0	0	512	589	
5	0	0	0	0	508	582	
6	0	0	0	0	504	552	
7	0	0	0	0	495	554	
8	0	0	0	0	479	525	
9	0	0	0	0	458	480	
10	0	0	0	0	433	464	
11	0	0	0	0	412	489	
12	0	0	0	0	406	527	
13	0	0	0	0	416	539	
14	0	0	0	0	436	496	
15	0	0	0	0	460	496	
0	0	0	0	0	478	506	
1	0	0	0	0	496	502	
2	0	0	0	0	506	480	
3	0	0	0	0	510	468	
4	0	0	0	0	515	483	
5	0	0	0	0	524	478	
6	0	0	0	0	532	519	
7	0	0	0	0	539	540	
8	0	0	0	0	548	525	
9	0	0	0	0	550	555	
10	0	0	0	0	553	552	
11	0	0	0	0	560	552	
12	0	0	0	0	563	521	
13	0	0	0	0	556	465	
14	0	0	0	0	545	438	
15	0	0	0	0	527	428	
0	0	0	0	0	511	458	
1	0	0	0	0	502	457	
2	0	0	0	0	495	415	
3	0	0	0	0	494	409	
4	0	0	0	0	494	451	
5	0	0	0	0	495	497	
6	0	0	0	0	503	521	
7	0	0	0	0	516	555	
8	0	0	0	0	529	544	
9	0	0	0	0	538	515	
10	0	0	0	0	539	517	
11	0	0	0	0	539	513	
12	0	0	0	0	542	513	
13	0	0	0	0	543	484	
14	0	0	0	0	541	468	
15	0	0	0	0	534	468	
0	0	0	0	0	522	455	
1	0	0	0	0	511	467	
2	0	0	0	0	496	490	
3	0	0	0	0	477	521	
4	0	0	0	0	459	530	
5	0	0	0	0	448	561	
6	0	0	0	0	440	600	
7	0	0	0	0	434	664	
8	0	0	0	0	429	684	
9	0	0	0	0	424	678	
10	0	0	0	0	423	668	
11	0	0	0	0	441	616	
12	0	0	0	0	468	551	
13	0	0	0	0	493	505	
14	0	0	0	0	510	505	
15	0	0	0	0	515	494	
0	0	0	0	0	512	477	
1	0	0	0	0	502	452	
2	0	0	0	0	480	440	
3	0	0	0	0	467	440	
4	0	0	0	0	472	486	
5	0	0	0	0	490	515	
6	0	0	0	0	506	536	
7	0	0	0	0	524	518	
8	0	0	0	0	537	525	
9	0	0	0	0	537	547	
10	0	0	0	0	523	570	
11	0	0	0	0	500	565	
12	0	0	0	0	477	580	
13	0	0	0	0	454	597	
14	0	0	0	0	429	587	
15	0	0	0	0	408	579	
0	0	0	0	0	396	613	
1	0	0	0	0	387	655	
2	0	0	0	0	387	689	
3	0	0	0	0	400	713	
4	0	0	0	0	424	695	
5	0	0	0	0	447	644	
6	0	0	0	0	465	609	
7	0	0	0	0	486	614	
8	0	0	0	0	504	589	
9	0	0	0	0	524	566	
10	0	0	0	0	539	550	
11	0	0	0	0	542	511	
12	0	0	0	0	532	499	
13	0	0	0	0	516	496	
14	0	0	0	0	501	525	
15	0	0	0	0	484	572	
0	0	0	0	0	464	579	
1	0	0	0	0	443	575	
2	0	0	0	0	424	586	
3	0	0	0	0	409	600	
4	0	0	0	0	397	611	
5	0	0	0	0	387	609	
6	0	0	0	0	385	635	
7	0	0	0	0	394	638	
8	0	0	0	0	410	628	
9	0	0	0	0	426	648	
10	0	0	0	0	433	603	
11	0	0	0	0	436	548	
12	0	0	0	0	435	516	
13	0	0	0	0	440	506	
14	0	0	0	0	449	484	
15	0	0	0	0	466	495	
0	0	0	0	0	492	544	
1	0	0	0	0	516	566	
2	0	0	0	0	536	551	
3	0	0	0	0	550	512	
4	0	0	0	0	552	489	
5	0	0	0	0	541	456	
6	0	0	0	0	527	426	
7	0	0	0	0	510	423	
8	0	0	0	0	491	452	
9	0	0	0	0	478	477	
10	0	0	0	0	470	505	
11	0	0	0	0	463	544	
12	0	0	0	0	454	591	
13	0	0	0	0	449	603	
14	0	0	0	0	447	588	
15	0	0	0	0	447	589	
0	0	0	0	0	449	587	
1	0	0	0	0	454	594	
2	0	0	0	0	461	577	
3	0	0	0	0	470	569	
4	0	0	0	0	479	540	
5	0	0	0	0	488	516	
6	0	0	0	0	492	460	
7	0	0	0	0	496	452	
8	0	0	0	0	498	462	
9	0	0	0	0	495	445	
10	0	0	0	0	493	478	
11	0	0	0	0	494	455	
12	0	0	0	0	498	476	
13	0	0	0	0	505	483	
14	0	0	0	0	510	514	
15	0	0	0	0	515	556	
0	0	0	0	0	520	582	
1	0	0	0	0	524	579	
2	0	0	0	0	529	563	
3	0	0	0	0	537	555	
4	0	0	0	0	549	507	
5	0	0	0	0	567	446	
6	0	0	0	0	591	439	
7	0	0	0	0	609	433	
8	0	0	0	0	615	453	
9	0	0	0	0	614	428	
10	0	0	0	0	606	422	
11	0	0	0	0	600	423	
12	0	0	0	0	598	428	
13	0	0	0	0	594	441	
14	0	0	0	0	586	454	
15	0	0	0	0	569	464	
0	0	0	0	0	543	491	
1	0	0	0	0	511	548	
2	0	0	0	0	487	585	
3	0	0	0	0	468	578	
4	0	0	0	0	455	560	
5	0	0	0	0	443	566	
6	0	0	0	0	428	553	
7	0	0	0	0	410	569	
8	0	0	0	0	389	602	
9	0	0	0	0	364	586	
10	0	0	0	0	341	549	
11	0	0	0	0	323	505	
12	0	0	0	0	317	461	
13	0	0	0	0	323	469	
14	0	0	0	0	344	490	
15	0	0	0	0	374	508	
0	0	0	0	0	418	527	
1	0	0	0	0	472	530	
2	0	0	0	0	519	512	
3	0	0	0	0	549	524	
4	0	0	0	0	566	561	
5	0	0	0	0	574	558	
6	0	0	0	0	569	559	
7	0	0	0	0	556	567	
8	0	0	0	0	543	502	
9	0	0	0	0	529	478	
10	0	0	0	0	513	486	
11	0	0	0	0	495	516	
12	0	0	0	0	475	540	
13	0	0	0	0	465	504	
14	0	0	0	0	467	480	
15	0	0	0	0	488	459	
0	0	0	0	0	523	456	
1	0	0	0	0	559	484	
2	0	0	0	0	590	493	
3	0	0	0	0	615	528	
4	0	0	0	0	628	496	
5	0	0	0	0	629	504	
6	0	0	0	0	620	519	
7	0	0	0	0	611	515	
8	0	0	0	0	602	507	
9	0	0	0	0	588	482	
10	0	0	0	0	571	427	
11	0	0	0	0	556	421	
12	0	0	0	0	538	435	
13	0	0	0	0	518	467	
14	0	0	0	0	493	469	
15	0	0	0	0	464	456	
0	0	0	0	0	430	464	
1	0	0	0	0	409	492	
2	0	0	0	0	400	502	
3	0	0	0	0	398	502	
4	0	0	0	0	401	538	
5	0	0	0	0	404	574	
6	0	0	0	0	407	562	
7	0	0	0	0	415	554	
8	0	0	0	0	427	557	
9	0	0	0	0	439	569	
10	0	0	0	0	443	583	
11	0	0	0	0	442	550	
12	0	0	0	0	441	506	
13	0	0	0	0	440	487	
14	0	0	0	0	448	523	
15	0	0	0	0	465	546	
0	0	0	0	0	482	567	
1	0	0	0	0	491	588	
2	0	0	0	0	483	546	
3	0	0	0	0	469	522	
4	0	0	0	0	462	536	
5	0	0	0	0	463	528	
6	0	0	0	0	472	524	
7	0	0	0	0	483	543	
8	0	0	0	0	498	577	
9	0	0	0	0	510	565	
10	0	0	0	0	508	563	
11	0	0	0	0	501	574	
12	0	0	0	0	496	504	
13	0	0	0	0	496	489	
14	0	0	0	0	503	515	
15	0	0	0	0	513	539	
0	0	0	0	0	530	563	
1	0	0	0	0	563	588	
2	0	0	0	0	599	601	
3	0	0	0	0	634	580	
4	0	0	0	0	663	538	
5	0	0	0	0	679	503	
6	0	0	0	0	682	474	
7	0	0	0	0	676	452	
8	0	0	0	0	667	436	
9	0	0	0	0	664	428	
10	0	0	0	0	665	451	
11	0	0	0	0	671	435	
12	0	0	0	0	666	404	
13	0	0	0	0	647	390	
14	0	0	0	0	624	400	
15	0	0	0	0	595	379	
0	0	0	0	0	567	385	
1	0	0	0	0	544	440	
2	0	0	0	0	530	491	
3	0	0	0	0	519	527	
4	0	0	0	0	507	536	
5	0	0	0	0	492	537	
6	0	0	0	0	479	553	
7	0	0	0	0	461	582	
8	0	0	0	0	442	606	
9	0	0	0	0	429	604	
10	0	0	0	0	414	614	
11	0	0	0	0	391	586	
12	0	0	0	0	368	575	
13	0	0	0	0	355	570	
14	0	0	0	0	352	583	
15	0	0	0	0	358	588	
0	0	0	0	0	368	575	
1	0	0	0	0	379	588	
2	0	0	0	0	390	618	
3	0	0	0	0	404	627	
4	0	0	0	0	419	639	
5	0	0	0	0	425	649	
6	0	0	0	0	428	605	
7	0	0	0	0	426	555	
8	0	0	0	0	424	507	
9	0	0	0	0	426	479	
10	0	0	0	0	427	483	
11	0	0	0	0	427	498	
12	0	0	0	0	428	545	
13	0	0	0	0	435	579	
14	0	0	0	0	445	579	
15	0	0	0	0	458	551	
0	0	0	0	0	475	523	
1	0	0	0	0	496	536	
2	0	0	0	0	521	570	
3	0	0	0	0	548	557	
4	0	0	0	0	575	559	
5	0	0	0	0	590	554	
6	0	0	0	0	599	485	
7	0	0	0	0	603	419	
8	0	0	0	0	602	391	
9	0	0	0	0	611	400	
10	0	0	0	0	630	361	
11	0	0	0	0	647	332	
12	0	0	0	0	659	349	
13	0	0	0	0	654	311	
14	0	0	0	0	635	275	
15	0	0	0	0	613	287	
0	0	0	0	0	588	282	
1	0	0	0	0	563	295	
2	0	0	0	0	530	301	
3	0	0	0	0	498	328	
4	0	0	0	0	466	371	
5	0	0	0	0	435	415	
6	0	0	0	0	413	445	
7	0	0	0	0	399	468	
8	0	0	0	0	393	519	
9	0	0	0	0	392	561	
10	0	0	0	0	400	586	
11	0	0	0	0	409	635	
12	0	0	0	0	421	682	
13	0	0	0	0	433	697	
14	0	0	0	0	444	701	
15	0	0	0	0	453	664	
0	0	0	0	0	457	640	
1	0	0	0	0	457	621	
2	0	0	0	0	457	635	
3	0	0	0	0	465	623	
4	0	0	0	0	477	648	
5	0	0	0	0	490	651	
6	0	0	0	0	509	654	
7	0	0	0	0	525	671	
8	0	0	0	0	537	684	
9	0	0	0	0	554	656	
10	0	0	0	0	576	635	
11	0	0	0	0	599	595	
12	0	0	0	0	624	584	
13	0	0	0	0	652	574	
14	0	0	0	0	676	575	
15	0	0	0	0	683	546	
0	0	0	0	0	680	519	
1	0	0	0	0	673	526	
2	0	0	0	0	663	558	
3	0	0	0	0	649	574	
4	0	0	0	0	628	551	
5	0	0	0	0	604	506	
6	0	0	0	0	583	491	
7	0	0	0	0	573	503	
8	0	0	0	0	559	500	
9	0	0	0	0	543	490	
10	0	0	0	0	543	484	
11	0	0	0	0	552	467	
12	0	0	0	0	564	472	
13	0	0	0	0	577	520	
14	0	0	0	0	587	550	
15	0	0	0	0	588	542	
0	0	0	0	0	585	517	
1	0	0	0	0	579	497	
2	0	0	0	0	570	470	
3	0	0	0	0	561	476	
4	0	0	0	0	554	468	
5	0	0	0	0	551	487	
6	0	0	0	0	547	482	
7	0	0	0	0	543	504	
8	0	0	0	0	543	510	
9	0	0	0	0	547	515	
10	0	0	0	0	551	502	
11	0	0	0	0	553	473	
12	0	0	0	0	555	482	
13	0	0	0	0	562	489	
14	0	0	0	0	576	505	
15	0	0	0	0	593	519	
0	0	0	0	0	601	545	
1	0	0	0	0	610	564	
2	0	0	0	0	614	572	
3	0	0	0	0	615	531	
4	0	0	0	0	616	505	
5	0	0	0	0	612	504	
6	0	0	0	0	604	463	
7	0	0	0	0	597	430	
8	0	0	0	0	593	438	
9	0	0	0	0	586	441	
10	0	0	0	0	579	421	
11	0	0	0	0	574	407	
12	0	0	0	0	569	396	
13	0	0	0	0	559	393	
14	0	0	0	0	536	382	
15	0	0	0	0	518	355	
0	0	0	0	0	517	342	
1	0	0	0	0	529	360	
2	0	0	0	0	539	402	
3	0	0	0	0	544	451	
4	0	0	0	0	545	480	
5	0	0	0	0	551	548	
6	0	0	0	0	559	560	
7	0	0	0	0	566	565	
8	0	0	0	0	569	573	
9	0	0	0	0	568	539	
10	0	0	0	0	560	504	
11	0	0	0	0	551	481	
12	0	0	0	0	543	460	
13	0	0	0	0	539	447	
14	0	0	0	0	534	446	
15	0	0	0	0	530	481	
0	0	0	0	0	524	494	
1	0	0	0	0	525	495	
2	0	0	0	0	531	482	
3	0	0	0	0	542	515	
4	0	0	0	0	555	510	
5	0	0	0	0	568	523	
6	0	0	0	0	576	512	
7	0	0	0	0	593	462	
8	0	0	0	0	618	411	
9	0	0	0	0	647	403	
10	0	0	0	0	680	390	
11	0	0	0	0	706	380	
12	0	0	0	0	713	432	
13	0	0	0	0	705	476	
14	0	0	0	0	686	520	
15	0	0	0	0	664	526	
0	0	0	0	0	632	515	
1	0	0	0	0	594	495	
2	0	0	0	0	553	486	
3	0	0	0	0	515	469	
4	0	0	0	0	487	455	
5	0	0	0	0	476	439	
6	0	0	0	0	471	441	
7	0	0	0	0	471	499	
8	0	0	0	0	474	579	
9	0	0	0	0	479	599	
10	0	0	0	0	479	563	
11	0	0	0	0	471	551	
12	0	0	0	0	462	587	
13	0	0	0	0	448	620	
14	0	0	0	0	436	649	
15	0	0	0	0	432	665	
0	0	0	0	0	448	652	
1	0	0	0	0	480	607	
2	0	0	0	0	513	552	
3	0	0	0	0	539	493	
4	0	0	0	0	561	467	
5	0	0	0	0	582	426	
6	0	0	0	0	604	430	
7	0	0	0	0	622	436	
8	0	0	0	0	637	478	
9	0	0	0	0	644	492	
10	0	0	0	0	651	498	
11	0	0	0	0	658	507	
12	0	0	0	0	660	500	
13	0	0	0	0	652	513	
14	0	0	0	0	627	498	
15	0	0	0	0	591	496	
0	0	0	0	0	561	499	
1	0	0	0	0	536	519	
2	0	0	0	0	517	519	
3	0	0	0	0	503	478	
4	0	0	0	0	488	463	
5	0	0	0	0	467	475	
6	0	0	0	0	435	476	
7	0	0	0	0	399	516	
8	0	0	0	0	364	573	
9	0	0	0	0	327	568	
10	0	0	0	0	289	570	
11	0	0	0	0	259	570	
12	0	0	0	0	247	598	
13	0	0	0	0	253	600	
14	0	0	0	0	276	579	
15	0	0	0	0	312	568	
0	0	0	0	0	352	558	
1	0	0	0	0	387	556	
2	0	0	0	0	411	557	
3	0	0	0	0	424	539	
4	0	0	0	0	433	547	
5	0	0	0	0	440	552	
6	0	0	0	0	445	530	
7	0	0	0	0	448	553	
8	0	0	0	0	453	601	
9	0	0	0	0	457	630	
10	0	0	0	0	463	591	
11	0	0	0	0	467	573	
12	0	0	0	0	475	556	
13	0	0	0	0	482	583	
14	0	0	0	0	491	561	
15	0	0	0	0	498	560	
0	0	0	0	0	511	564	
1	0	0	0	0	519	577	
2	0	0	0	0	527	606	
3	0	0	0	0	530	611	
4	0	0	0	0	523	614	
5	0	0	0	0	512	599	
6	0	0	0	0	505	571	
7	0	0	0	0	505	543	
8	0	0	0	0	506	527	
9	0	0	0	0	505	547	
10	0	0	0	0	505	580	
11	0	0	0	0	507	619	
12	0	0	0	0	523	624	
13	0	0	0	0	548	611	
14	0	0	0	0	574	558	
15	0	0	0	0	587	511	
0	0	0	0	0	587	452	
1	0	0	0	0	575	408	
2	0	0	0	0	553	434	
3	0	0	0	0	515	481	
4	0	0	0	0	470	488	
5	0	0	0	0	420	508	
6	0	0	0	0	367	539	
7	0	0	0	0	312	555	
8	0	0	0	0	262	576	
9	0	0	0	0	219	567	
10	0	0	0	0	176	631	
11	0	0	0	0	140	667	
12	0	0	0	0	112	704	
13	0	0	0	0	95	725	
14	0	0	0	0	94	737	
15	0	0	0	0	99	734	
0	0	0	0	0	115	716	
1	0	0	0	0	139	685	
2	0	0	0	0	167	660	
3	0	0	0	0	203	661	
4	0	0	0	0	238	669	
5	0	0	0	0	270	673	
6	0	0	0	0	302	670	
7	0	0	0	0	333	696	
8	0	0	0	0	364	688	
9	0	0	0	0	400	663	
10	0	0	0	0	438	623	
11	0	0	0	0	477	577	
12	0	0	0	0	513	512	
13	0	0	0	0	536	494	
14	0	0	0	0	535	472	
15	0	0	0	0	521	439	
0	0	0	0	0	503	394	
1	0	0	0	0	487	383	
2	0	0	0	0	476	395	
3	0	0	0	0	468	419	
4	0	0	0	0	460	395	
5	0	0	0	0	458	381	
6	0	0	0	0	457	368	
7	0	0	0	0	463	381	
8	0	0	0	0	477	433	
9	0	0	0	0	503	510	
10	0	0	0	0	528	551	
11	0	0	0	0	539	516	
12	0	0	0	0	541	488	
13	0	0	0	0	539	479	
14	0	0	0	0	535	484	
15	0	0	0	0	527	518	
0	0	0	0	0	518	531	
1	0	0	0	0	510	523	
2	0	0	0	0	501	534	
3	0	0	0	0	492	512	
4	0	0	0	0	476	512	
5	0	0	0	0	459	486	
6	0	0	0	0	444	505	
7	0	0	0	0	433	534	
8	0	0	0	0	432	549	
9	0	0	0	0	430	568	
10	0	0	0	0	425	580	
11	0	0	0	0	416	530	
12	0	0	0	0	410	491	
13	0	0	0	0	410	460	
14	0	0	0	0	420	429	
15	0	0	0	0	438	422	
0	0	0	0	0	455	413	
1	0	0	0	0	473	406	
2	0	0	0	0	490	435	
3	0	0	0	0	508	448	
4	0	0	0	0	523	486	
5	0	0	0	0	543	519	
6	0	0	0	0	568	572	
7	0	0	0	0	595	528	
8	0	0	0	0	620	519	
9	0	0	0	0	634	522	
10	0	0	0	0	636	514	
11	0	0	0	0	627	506	
12	0	0	0	0	615	483	
13	0	0	0	0	614	457	
14	0	0	0	0	617	439	
15	0	0	0	0	620	436	
0	0	0	0	0	612	449	
1	0	0	0	0	588	471	
2	0	0	0	0	553	452	
3	0	0	0	0	515	456	
4	0	0	0	0	476	500	
5	0	0	0	0	449	518	
6	0	0	0	0	438	524	
7	0	0	0	0	433	558	
8	0	0	0	0	433	594	
9	0	0	0	0	433	575	
10	0	0	0	0	439	543	
11	0	0	0	0	455	511	
12	0	0	0	0	474	476	
13	0	0	0	0	495	476	
14	0	0	0	0	521	485	
15	0	0	0	0	542	484	
0	0	0	0	0	554	479	
1	0	0	0	0	560	461	
2	0	0	0	0	558	450	
3	0	0	0	0	553	455	
4	0	0	0	0	548	415	
5	0	0	0	0	540	394	
6	0	0	0	0	525	374	
7	0	0	0	0	505	359	
8	0	0	0	0	491	396	
9	0	0	0	0	476	441	
10	0	0	0	0	466	468	
11	0	0	0	0	463	487	
12	0	0	0	0	457	501	
13	0	0	0	0	448	525	
14	0	0	0	0	441	547	
15	0	0	0	0	440	588	
0	0	0	0	0	443	528	
1	0	0	0	0	449	516	
2	0	0	0	0	454	489	
3	0	0	0	0	455	456	
4	0	0	0	0	448	448	
5	0	0	0	0	444	481	
6	0	0	0	0	436	490	
7	0	0	0	0	429	486	
8	0	0	0	0	418	509	
9	0	0	0	0	411	510	
10	0	0	0	0	412	530	
11	0	0	0	0	427	557	
12	0	0	0	0	451	584	
13	0	0	0	0	481	590	
14	0	0	0	0	511	533	
15	0	0	0	0	544	534	
0	0	0	0	0	583	520	
1	0	0	0	0	624	514	
2	0	0	0	0	660	486	
3	0	0	0	0	674	422	
4	0	0	0	0	664	422	
5	0	0	0	0	629	428	
6	0	0	0	0	578	418	
7	0	0	0	0	520	436	
8	0	0	0	0	467	431	
9	0	0	0	0	429	454	
10	0	0	0	0	406	525	
11	0	0	0	0	391	578	
12	0	0	0	0	368	599	
13	0	0	0	0	344	600	
14	0	0	0	0	329	590	
15	0	0	0	0	328	568	
0	0	0	0	0	343	547	
1	0	0	0	0	367	534	
2	0	0	0	0	397	569	
3	0	0	0	0	426	563	
4	0	0	0	0	452	494	
5	0	0	0	0	473	471	
6	0	0	0	0	491	449	
7	0	0	0	0	507	445	
8	0	0	0	0	523	486	
9	0	0	0	0	535	499	
10	0	0	0	0	551	480	
11	0	0	0	0	574	454	
12	0	0	0	0	593	428	
13	0	0	0	0	607	405	
14	0	0	0	0	619	384	
15	0	0	0	0	620	360	
0	0	0	0	0	608	342	
1	0	0	0	0	591	332	
2	0	0	0	0	584	316	
3	0	0	0	0	588	299	
4	0	0	0	0	596	317	
5	0	0	0	0	608	353	
6	0	0	0	0	611	373	
7	0	0	0	0	605	398	
8	0	0	0	0	589	409	
9	0	0	0	0	567	400	
10	0	0	0	0	544	390	
11	0	0	0	0	535	390	
12	0	0	0	0	529	398	
13	0	0	0	0	534	401	
14	0	0	0	0	541	378	
15	0	0	0	0	550	400	
0	0	0	0	0	557	420	
1	0	0	0	0	563	432	
2	0	0	0	0	552	441	
3	0	0	0	0	529	474	
4	0	0	0	0	503	508	
5	0	0	0	0	475	527	
6	0	0	0	0	448	530	
7	0	0	0	0	432	530	
8	0	0	0	0	431	526	
9	0	0	0	0	440	536	
10	0	0	0	0	453	583	
11	0	0	0	0	478	621	
12	0	0	0	0	509	642	
13	0	0	0	0	534	635	
14	0	0	0	0	548	585	
15	0	0	0	0	561	504	
0	0	0	0	0	569	474	
1	0	0	0	0	563	486	
2	0	0	0	0	548	497	
3	0	0	0	0	529	511	
4	0	0	0	0	514	536	
5	0	0	0	0	511	589	
6	0	0	0	0	513	593	
7	0	0	0	0	519	599	
8	0	0	0	0	522	568	
9	0	0	0	0	520	506	
10	0	0	0	0	516	485	
11	0	0	0	0	511	485	
12	0	0	0	0	510	516	
13	0	0	0	0	508	541	
14	0	0	0	0	500	523	
15	0	0	0	0	497	516	
0	0	0	0	0	503	468	
1	0	0	0	0	505	439	
2	0	0	0	0	502	444	
3	0	0	0	0	497	448	
4	0	0	0	0	495	479	
5	0	0	0	0	499	503	
6	0	0	0	0	507	551	
7	0	0	0	0	515	556	
8	0	0	0	0	518	584	
9	0	0	0	0	518	603	
10	0	0	0	0	522	620	
11	0	0	0	0	534	632	
12	0	0	0	0	550	614	
13	0	0	0	0	568	569	
14	0	0	0	0	583	551	
15	0	0	0	0	594	550	
0	0	0	0	0	610	558	
1	0	0	0	0	627	555	
2	0	0	0	0	636	537	
3	0	0	0	0	636	482	
4	0	0	0	0	624	451	
5	0	0	0	0	606	458	
6	0	0	0	0	579	484	
7	0	0	0	0	558	515	
8	0	0	0	0	534	552	
9	0	0	0	0	511	572	
10	0	0	0	0	490	581	
11	0	0	0	0	475	580	
12	0	0	0	0	469	563	
13	0	0	0	0	471	543	
14	0	0	0	0	478	513	
15	0	0	0	0	487	520	
0	0	0	0	0	496	511	
1	0	0	0	0	497	520	
2	0	0	0	0	493	556	
3	0	0	0	0	484	588	
4	0	0	0	0	471	588	
5	0	0	0	0	463	603	
6	0	0	0	0	463	608	
7	0	0	0	0	471	610	
8	0	0	0	0	480	613	
9	0	0	0	0	487	568	
10	0	0	0	0	489	531	
11	0	0	0	0	489	521	
12	0	0	0	0	489	491	
13	0	0	0	0	494	451	
14	0	0	0	0	498	455	
15	0	0	0	0	504	484	
0	0	0	0	0	507	531	
1	0	0	0	0	512	535	
2	0	0	0	0	524	508	
3	0	0	0	0	532	489	
4	0	0	0	0	533	481	
5	0	0	0	0	531	477	
6	0	0	0	0	524	463	
7	0	0	0	0	511	494	
8	0	0	0	0	494	521	
9	0	0	0	0	488	547	
10	0	0	0	0	492	547	
11	0	0	0	0	501	551	
12	0	0	0	0	514	550	
13	0	0	0	0	529	571	
14	0	0	0	0	546	591	
15	0	0	0	0	559	596	
0	0	0	0	0	573	579	
1	0	0	0	0	584	593	
2	0	0	0	0	586	558	
3	0	0	0	0	585	542	
4	0	0	0	0	580	547	
5	0	0	0	0	568	540	
6	0	0	0	0	546	530	
7	0	0	0	0	509	563	
8	0	0	0	0	472	614	
9	0	0	0	0	449	688	
10	0	0	0	0	442	690	
11	0	0	0	0	454	607	
12	0	0	0	0	474	575	
13	0	0	0	0	493	584	
14	0	0	0	0	504	535	
15	0	0	0	0	510	487	
0	0	0	0	0	505	448	
1	0	0	0	0	492	429	
2	0	0	0	0	480	446	
3	0	0	0	0	470	449	
4	0	0	0	0	457	496	
5	0	0	0	0	448	519	
6	0	0	0	0	444	531	
7	0	0	0	0	451	527	
8	0	0	0	0	467	536	
9	0	0	0	0	482	490	
10	0	0	0	0	484	497	
11	0	0	0	0	475	509	
12	0	0	0	0	464	493	
13	0	0	0	0	458	487	
14	0	0	0	0	458	521	
15	0	0	0	0	460	526	
0	0	0	0	0	468	525	
1	0	0	0	0	474	531	
2	0	0	0	0	481	524	
3	0	0	0	0	491	501	
4	0	0	0	0	497	486	
5	0	0	0	0	503	496	
6	0	0	0	0	508	529	
7	0	0	0	0	519	536	
8	0	0	0	0	535	554	
9	0	0	0	0	548	530	
10	0	0	0	0	558	532	
11	0	0	0	0	564	526	
12	0	0	0	0	565	503	
13	0	0	0	0	568	505	
14	0	0	0	0	569	463	
15	0	0	0	0	573	404	
0	0	0	0	0	578	400	
1	0	0	0	0	587	382	
2	0	0	0	0	597	381	
3	0	0	0	0	605	358	
4	0	0	0	0	608	374	
5	0	0	0	0	610	376	
6	0	0	0	0	602	355	
7	0	0	0	0	591	354	
8	0	0	0	0	581	371	
9	0	0	0	0	568	408	
10	0	0	0	0	552	460	
11	0	0	0	0	541	493	
12	0	0	0	0	531	511	
13	0	0	0	0	526	506	
14	0	0	0	0	527	539	
15	0	0	0	0	528	552	
0	0	0	0	0	532	543	
1	0	0	0	0	538	547	
2	0	0	0	0	543	531	
3	0	0	0	0	543	521	
4	0	0	0	0	544	531	
5	0	0	0	0	548	559	
6	0	0	0	0	555	540	
7	0	0	0	0	559	543	
8	0	0	0	0	565	559	
9	0	0	0	0	569	558	
10	0	0	0	0	569	542	
11	0	0	0	0	566	524	
12	0	0	0	0	557	487	
13	0	0	0	0	546	480	
14	0	0	0	0	544	468	
15	0	0	0	0	558	433	
0	0	0	0	0	586	428	
1	0	0	0	0	622	435	
2	0	0	0	0	657	485	
3	0	0	0	0	685	483	
4	0	0	0	0	707	471	
5	0	0	0	0	724	454	
6	0	0	0	0	727	412	
7	0	0	0	0	719	404	
8	0	0	0	0	703	430	
9	0	0	0	0	686	455	
10	0	0	0	0	672	480	
11	0	0	0	0	658	500	
12	0	0	0	0	646	520	
13	0	0	0	0	632	545	
14	0	0	0	0	617	542	
15	0	0	0	0	606	541	
0	0	0	0	0	600	543	
1	0	0	0	0	598	522	
2	0	0	0	0	597	521	
3	0	0	0	0	597	508	
4	0	0	0	0	596	478	
5	0	0	0	0	590	452	
6	0	0	0	0	587	460	
7	0	0	0	0	587	516	
8	0	0	0	0	590	568	
9	0	0	0	0	591	532	
10	0	0	0	0	597	473	
11	0	0	0	0	604	421	
12	0	0	0	0	612	384	
13	0	0	0	0	625	359	
14	0	0	0	0	643	368	
15	0	0	0	0	657	401	
0	0	0	0	0	672	416	
1	0	0	0	0	683	435	
2	0	0	0	0	689	428	
3	0	0	0	0	696	390	
4	0	0	0	0	695	387	
5	0	0	0	0	691	403	
6	0	0	0	0	680	445	
7	0	0	0	0	667	512	
8	0	0	0	0	653	596	
9	0	0	0	0	635	639	
10	0	0	0	0	616	655	
11	0	0	0	0	597	636	
12	0	0	0	0	585	583	
13	0	0	0	0	587	543	
14	0	0	0	0	601	499	
15	0	0	0	0	624	478	
0	0	0	0	0	649	477	
1	0	0	0	0	665	452	
2	0	0	0	0	678	423	
3	0	0	0	0	685	408	
4	0	0	0	0	685	430	
5	0	0	0	0	675	428	
6	0	0	0	0	663	426	
7	0	0	0	0	650	409	
8	0	0	0	0	635	412	
9	0	0	0	0	621	439	
10	0	0	0	0	612	433	
11	0	0	0	0	610	416	
12	0	0	0	0	608	444	
13	0	0	0	0	606	457	
14	0	0	0	0	605	466	
15	0	0	0	0	610	469	
0	0	0	0	0	614	484	
1	0	0	0	0	610	509	
2	0	0	0	0	601	488	
3	0	0	0	0	587	473	
4	0	0	0	0	576	482	
5	0	0	0	0	569	480	
6	0	0	0	0	566	487	
7	0	0	0	0	570	529	
8	0	0	0	0	580	564	
9	0	0	0	0	598	569	
10	0	0	0	0	621	557	
11	0	0	0	0	646	515	
12	0	0	0	0	661	472	
13	0	0	0	0	673	436	
14	0	0	0	0	683	418	
15	0	0	0	0	690	432	
0	0	0	0	0	694	461	
1	0	0	0	0	694	511	
2	0	0	0	0	689	519	
3	0	0	0	0	682	489	
4	0	0	0	0	674	490	
5	0	0	0	0	665	475	
6	0	0	0	0	659	460	
7	0	0	0	0	655	476	
8	0	0	0	0	653	502	
9	0	0	0	0	649	457	
10	0	0	0	0	647	423	
11	0	0	0	0	641	387	
12	0	0	0	0	639	369	
13	0	0	0	0	638	377	
14	0	0	0	0	639	419	
15	0	0	0	0	638	450	
0	0	0	0	0	634	490	
1	0	0	0	0	634	500	
2	0	0	0	0	631	508	
3	0	0	0	0	627	518	
4	0	0	0	0	621	524	
5	0	0	0	0	614	553	
6	0	0	0	0	603	534	
7	0	0	0	0	590	504	
8	0	0	0	0	579	467	
9	0	0	0	0	574	472	
10	0	0	0	0	572	489	
11	0	0	0	0	573	495	
12	0	0	0	0	575	486	
13	0	0	0	0	584	467	
14	0	0	0	0	594	459	
15	0	0	0	0	604	446	
0	0	0	0	0	619	435	
1	0	0	0	0	636	387	
2	0	0	0	0	647	367	
3	0	0	0	0	654	380	
4	0	0	0	0	652	429	
5	0	0	0	0	644	435	
6	0	0	0	0	631	459	
7	0	0	0	0	610	507	
8	0	0	0	0	589	579	
9	0	0	0	0	568	653	
10	0	0	0	0	551	669	
11	0	0	0	0	541	647	
12	0	0	0	0	534	639	
13	0	0	0	0	529	641	
14	0	0	0	0	527	642	
15	0	0	0	0	528	643	
0	0	0	0	0	534	626	
1	0	0	0	0	540	579	
2	0	0	0	0	546	526	
3	0	0	0	0	551	489	
4	0	0	0	0	556	457	
5	0	0	0	0	561	469	
6	0	0	0	0	568	451	
7	0	0	0	0	577	469	
8	0	0	0	0	584	480	
9	0	0	0	0	591	511	
10	0	0	0	0	595	548	
11	0	0	0	0	598	523	
12	0	0	0	0	596	459	
13	0	0	0	0	592	444	
14	0	0	0	0	590	462	
15	0	0	0	0	584	513	
0	0	0	0	0	578	515	
1	0	0	0	0	567	542	
2	0	0	0	0	556	591	
3	0	0	0	0	547	610	
4	0	0	0	0	545	654	
5	0	0	0	0	547	672	
6	0	0	0	0	555	658	
7	0	0	0	0	569	609	
8	0	0	0	0	586	599	
9	0	0	0	0	596	599	
10	0	0	0	0	591	583	
11	0	0	0	0	584	541	
12	0	0	0	0	579	529	
13	0	0	0	0	573	516	
14	0	0	0	0	560	498	
15	0	0	0	0	540	477	
0	0	0	0	0	519	491	
1	0	0	0	0	498	497	
2	0	0	0	0	478	544	
3	0	0	0	0	460	593	
4	0	0	0	0	440	640	
5	0	0	0	0	423	674	
6	0	0	0	0	412	690	
7	0	0	0	0	406	684	
8	0	0	0	0	405	669	
9	0	0	0	0	409	663	
10	0	0	0	0	420	638	
11	0	0	0	0	434	577	
12	0	0	0	0	449	497	
13	0	0	0	0	464	471	
14	0	0	0	0	476	453	
15	0	0	0	0	481	430	
0	0	0	0	0	482	452	
1	0	0	0	0	482	487	
2	0	0	0	0	475	505	
3	0	0	0	0	465	517	
4	0	0	0	0	466	527	
5	0	0	0	0	471	536	
6	0	0	0	0	472	567	
7	0	0	0	0	467	578	
8	0	0	0	0	457	547	
9	0	0	0	0	440	531	
10	0	0	0	0	422	551	
11	0	0	0	0	411	564	
12	0	0	0	0	404	588	
13	0	0	0	0	400	597	
14	0	0	0	0	397	595	
15	0	0	0	0	391	579	
0	0	0	0	0	386	567	
1	0	0	0	0	387	575	
2	0	0	0	0	399	578	
3	0	0	0	0	415	569	
4	0	0	0	0	432	557	
5	0	0	0	0	445	557	
6	0	0	0	0	460	562	
7	0	0	0	0	467	535	
8	0	0	0	0	466	518	
9	0	0	0	0	464	492	
10	0	0	0	0	460	506	
11	0	0	0	0	454	530	
12	0	0	0	0	450	567	
13	0	0	0	0	444	572	
14	0	0	0	0	439	592	
15	0	0	0	0	438	639	
0	0	0	0	0	439	643	
1	0	0	0	0	440	623	
2	0	0	0	0	447	592	
3	0	0	0	0	459	586	
4	0	0	0	0	475	587	
5	0	0	0	0	492	576	
6	0	0	0	0	503	564	
7	0	0	0	0	508	531	
8	0	0	0	0	511	545	
9	0	0	0	0	508	500	
10	0	0	0	0	502	401	
11	0	0	0	0	488	395	
12	0	0	0	0	475	423	
13	0	0	0	0	463	446	
14	0	0	0	0	455	493	
15	0	0	0	0	451	529	
0	0	0	0	0	448	525	
1	0	0	0	0	449	553	
2	0	0	0	0	452	591	
3	0	0	0	0	460	575	
4	0	0	0	0	469	527	
5	0	0	0	0	472	502	
6	0	0	0	0	470	466	
7	0	0	0	0	463	461	
8	0	0	0	0	457	514	
9	0	0	0	0	457	508	
10	0	0	0	0	465	497	
11	0	0	0	0	476	491	
12	0	0	0	0	496	500	
13	0	0	0	0	526	540	
14	0	0	0	0	556	525	
15	0	0	0	0	584	536	
0	0	0	0	0	612	584	
1	0	0	0	0	631	603	
2	0	0	0	0	627	588	
3	0	0	0	0	603	560	
4	0	0	0	0	575	561	
5	0	0	0	0	547	558	
6	0	0	0	0	523	564	
7	0	0	0	0	511	551	
8	0	0	0	0	504	539	
9	0	0	0	0	499	550	
10	0	0	0	0	496	547	
11	0	0	0	0	491	513	
12	0	0	0	0	488	490	
13	0	0	0	0	490	494	
14	0	0	0	0	488	512	
15	0	0	0	0	483	522	
0	0	0	0	0	477	518	
1	0	0	0	0	472	507	
2	0	0	0	0	465	491	
3	0	0	0	0	457	497	
4	0	0	0	0	449	476	
5	0	0	0	0	447	443	
6	0	0	0	0	448	436	
7	0	0	0	0	456	440	
8	0	0	0	0	467	447	
9	0	0	0	0	477	486	
10	0	0	0	0	489	495	
11	0	0	0	0	497	508	
12	0	0	0	0	498	524	
13	0	0	0	0	496	526	
14	0	0	0	0	495	579	
15	0	0	0	0	492	579	
0	0	0	0	0	484	540	
1	0	0	0	0	476	498	
2	0	0	0	0	470	481	
3	0	0	0	0	461	488	
4	0	0	0	0	451	448	
5	0	0	0	0	444	423	
6	0	0	0	0	440	444	
7	0	0	0	0	446	416	
8	0	0	0	0	458	425	
9	0	0	0	0	465	475	
10	0	0	0	0	464	508	
11	0	0	0	0	463	518	
12	0	0	0	0	471	536	
13	0	0	0	0	482	525	
14	0	0	0	0	492	466	
15	0	0	0	0	499	472	
0	0	0	0	0	500	514	
1	0	0	0	0	499	529	
2	0	0	0	0	493	517	
3	0	0	0	0	487	509	
4	0	0	0	0	479	513	
5	0	0	0	0	472	551	
6	0	0	0	0	469	568	
7	0	0	0	0	475	573	
8	0	0	0	0	479	575	
9	0	0	0	0	479	589	
10	0	0	0	0	477	583	
11	0	0	0	0	471	564	
12	0	0	0	0	472	570	
13	0	0	0	0	475	545	
14	0	0	0	0	475	529	
15	0	0	0	0	477	506	
0	0	0	0	0	479	502	
1	0	0	0	0	477	496	
2	0	0	0	0	480	459	
3	0	0	0	0	483	443	
4	0	0	0	0	487	406	
5	0	0	0	0	493	381	
6	0	0	0	0	506	425	
7	0	0	0	0	518	472	
8	0	0	0	0	524	507	
9	0	0	0	0	531	527	
10	0	0	0	0	539	543	
11	0	0	0	0	543	534	
12	0	0	0	0	540	484	
13	0	0	0	0	533	492	
14	0	0	0	0	524	478	
15	0	0	0	0	515	464	
0	0	0	0	0	506	445	
1	0	0	0	0	500	477	
2	0	0	0	0	505	510	
3	0	0	0	0	503	504	
4	0	0	0	0	497	540	
5	0	0	0	0	493	559	
6	0	0	0	0	485	570	
7	0	0	0	0	472	561	
8	0	0	0	0	464	536	
9	0	0	0	0	461	561	
10	0	0	0	0	459	533	
11	0	0	0	0	455	513	
12	0	0	0	0	461	541	
13	0	0	0	0	476	584	
14	0	0	0	0	499	616	
15	0	0	0	0	519	627	
0	0	0	0	0	534	611	
1	0	0	0	0	542	568	
2	0	0	0	0	543	558	
3	0	0	0	0	541	548	
4	0	0	0	0	547	532	
5	0	0	0	0	551	517	
6	0	0	0	0	540	487	
7	0	0	0	0	519	479	
8	0	0	0	0	507	486	
9	0	0	0	0	498	544	
10	0	0	0	0	483	519	
11	0	0	0	0	469	520	
12	0	0	0	0	467	545	
13	0	0	0	0	469	557	
14	0	0	0	0	467	570	
15	0	0	0	0	464	575	
0	0	0	0	0	460	585	
1	0	0	0	0	457	610	
2	0	0	0	0	467	588	
3	0	0	0	0	486	557	
4	0	0	0	0	506	544	
5	0	0	0	0	516	527	
6	0	0	0	0	518	533	
7	0	0	0	0	524	543	
8	0	0	0	0	538	521	
9	0	0	0	0	551	529	
10	0	0	0	0	557	545	
11	0	0	0	0	558	519	
12	0	0	0	0	556	439	
13	0	0	0	0	555	440	
14	0	0	0	0	553	475	
15	0	0	0	0	554	481	
0	0	0	0	0	554	499	
1	0	0	0	0	543	498	
2	0	0	0	0	511	511	
3	0	0	0	0	463	554	
4	0	0	0	0	423	590	
5	0	0	0	0	402	633	
6	0	0	0	0	395	632	
7	0	0	0	0	388	610	
8	0	0	0	0	390	614	
9	0	0	0	0	397	600	
10	0	0	0	0	408	554	
11	0	0	0	0	422	539	
12	0	0	0	0	435	562	
13	0	0	0	0	448	585	
14	0	0	0	0	460	642	
15	0	0	0	0	466	683	
0	0	0	0	0	478	674	
1	0	0	0	0	497	681	
2	0	0	0	0	523	613	
3	0	0	0	0	547	519	
4	0	0	0	0	554	454	
5	0	0	0	0	536	393	
6	0	0	0	0	504	417	
7	0	0	0	0	477	452	
8	0	0	0	0	462	523	
9	0	0	0	0	451	568	
10	0	0	0	0	442	597	
11	0	0	0	0	437	625	
12	0	0	0	0	435	621	
13	0	0	0	0	446	606	
14	0	0	0	0	459	606	
15	0	0	0	0	472	613	
0	0	0	0	0	487	597	
1	0	0	0	0	503	560	
2	0	0	0	0	523	509	
3	0	0	0	0	543	485	
4	0	0	0	0	554	483	
5	0	0	0	0	554	485	
6	0	0	0	0	551	499	
7	0	0	0	0	554	511	
8	0	0	0	0	555	516	
9	0	0	0	0	556	515	
10	0	0	0	0	551	507	
11	0	0	0	0	553	476	
12	0	0	0	0	555	463	
13	0	0	0	0	561	468	
14	0	0	0	0	570	502	
15	0	0	0	0	577	515	
0	0	0	0	0	585	543	
1	0	0	0	0	589	560	
2	0	0	0	0	590	567	
3	0	0	0	0	594	557	
4	0	0	0	0	601	565	
5	0	0	0	0	611	500	
6	0	0	0	0	620	454	
7	0	0	0	0	619	412	
8	0	0	0	0	608	410	
9	0	0	0	0	600	426	
10	0	0	0	0	595	438	
11	0	0	0	0	586	462	
12	0	0	0	0	575	459	
13	0	0	0	0	568	451	
14	0	0	0	0	563	469	
15	0	0	0	0	555	510	
0	0	0	0	0	557	499	
1	0	0	0	0	576	495	
2	0	0	0	0	601	505	
3	0	0	0	0	620	500	
4	0	0	0	0	628	465	
5	0	0	0	0	631	436	
6	0	0	0	0	628	383	
7	0	0	0	0	627	342	
8	0	0	0	0	626	346	
9	0	0	0	0	630	386	
10	0	0	0	0	639	407	
11	0	0	0	0	649	435	
12	0	0	0	0	654	477	
13	0	0	0	0	659	479	
14	0	0	0	0	663	480	
15	0	0	0	0	664	461	
0	0	0	0	0	665	383	
1	0	0	0	0	672	354	
2	0	0	0	0	683	353	
3	0	0	0	0	687	390	
4	0	0	0	0	679	444	
5	0	0	0	0	672	498	
6	0	0	0	0	668	495	
7	0	0	0	0	659	478	
8	0	0	0	0	650	452	
9	0	0	0	0	645	428	
10	0	0	0	0	637	423	
11	0	0	0	0	628	438	
12	0	0	0	0	623	465	
13	0	0	0	0	620	506	
14	0	0	0	0	620	514	
15	0	0	0	0	622	521	
0	0	0	0	0	620	529	
1	0	0	0	0	610	524	
2	0	0	0	0	592	519	
3	0	0	0	0	571	554	
4	0	0	0	0	550	581	
5	0	0	0	0	527	600	
6	0	0	0	0	502	578	
7	0	0	0	0	476	551	
8	0	0	0	0	452	530	
9	0	0	0	0	431	517	
10	0	0	0	0	412	504	
11	0	0	0	0	403	524	
12	0	0	0	0	405	582	
13	0	0	0	0	401	634	
14	0	0	0	0	395	619	
15	0	0	0	0	394	608	
0	0	0	0	0	398	593	
1	0	0	0	0	408	582	
2	0	0	0	0	428	575	
3	0	0	0	0	451	555	
4	0	0	0	0	482	506	
5	0	0	0	0	508	500	
6	0	0	0	0	518	502	
7	0	0	0	0	514	516	
8	0	0	0	0	501	554	
9	0	0	0	0	493	561	
10	0	0	0	0	496	574	
11	0	0	0	0	499	608	
12	0	0	0	0	495	604	
13	0	0	0	0	492	560	
14	0	0	0	0	500	522	
15	0	0	0	0	532	501	
0	0	0	0	0	574	483	
1	0	0	0	0	604	501	
2	0	0	0	0	611	523	
3	0	0	0	0	605	523	
4	0	0	0	0	595	469	
5	0	0	0	0	587	454	
6	0	0	0	0	575	445	
7	0	0	0	0	560	429	
8	0	0	0	0	532	488	
9	0	0	0	0	497	507	
10	0	0	0	0	466	525	
11	0	0	0	0	439	504	
12	0	0	0	0	417	465	
13	0	0	0	0	397	487	
14	0	0	0	0	384	514	
15	0	0	0	0	377	549	
0	0	0	0	0	372	500	
1	0	0	0	0	373	496	
2	0	0	0	0	374	483	
3	0	0	0	0	375	505	
4	0	0	0	0	375	517	
5	0	0	0	0	374	512	
6	0	0	0	0	381	521	
7	0	0	0	0	397	566	
8	0	0	0	0	413	579	
9	0	0	0	0	429	617	
10	0	0	0	0	441	661	
11	0	0	0	0	450	685	
12	0	0	0	0	461	688	
13	0	0	0	0	472	684	
14	0	0	0	0	479	638	
15	0	0	0	0	492	572	
0	0	0	0	0	516	567	
1	0	0	0	0	538	580	
2	0	0	0	0	546	578	
3	0	0	0	0	543	551	
4	0	0	0	0	537	513	
5	0	0	0	0	530	506	
6	0	0	0	0	526	471	
7	0	0	0	0	532	425	
8	0	0	0	0	533	409	
9	0	0	0	0	525	431	
10	0	0	0	0	526	463	
11	0	0	0	0	535	469	
12	0	0	0	0	540	484	
13	0	0	0	0	540	519	
14	0	0	0	0	539	536	
15	0	0	0	0	536	533	
0	0	0	0	0	536	480	
1	0	0	0	0	536	434	
2	0	0	0	0	532	424	
3	0	0	0	0	525	440	
4	0	0	0	0	517	476	
5	0	0	0	0	513	514	
6	0	0	0	0	511	507	
7	0	0	0	0	512	510	
8	0	0	0	0	515	472	
9	0	0	0	0	522	478	
10	0	0	0	0	527	486	
11	0	0	0	0	531	497	
12	0	0	0	0	534	495	
13	0	0	0	0	539	499	
14	0	0	0	0	546	511	
15	0	0	0	0	552	538	
0	0	0	0	0	559	583	
1	0	0	0	0	561	581	
2	0	0	0	0	565	580	
3	0	0	0	0	571	581	
4	0	0	0	0	570	558	
5	0	0	0	0	558	550	
6	0	0	0	0	537	575	
7	0	0	0	0	512	556	
8	0	0	0	0	490	551	
9	0	0	0	0	462	555	
10	0	0	0	0	432	552	
11	0	0	0	0	412	544	
12	0	0	0	0	400	523	
13	0	0	0	0	396	487	
14	0	0	0	0	396	520	
15	0	0	0	0	398	521	
0	0	0	0	0	405	532	
1	0	0	0	0	408	574	
2	0	0	0	0	417	626	
3	0	0	0	0	434	615	
4	0	0	0	0	449	579	
5	0	0	0	0	463	572	
6	0	0	0	0	473	577	
7	0	0	0	0	489	591	
8	0	0	0	0	514	596	
9	0	0	0	0	539	608	
10	0	0	0	0	555	586	
11	0	0	0	0	564	562	
12	0	0	0	0	569	541	
13	0	0	0	0	576	490	
14	0	0	0	0	578	460	
15	0	0	0	0	577	480	
0	0	0	0	0	571	518	
1	0	0	0	0	560	563	
2	0	0	0	0	551	565	
3	0	0	0	0	546	577	
4	0	0	0	0	541	607	
5	0	0	0	0	537	601	
6	0	0	0	0	539	563	
7	0	0	0	0	539	531	
8	0	0	0	0	551	495	
9	0	0	0	0	574	515	
10	0	0	0	0	593	508	
11	0	0	0	0	591	479	
12	0	0	0	0	578	423	
13	0	0	0	0	559	372	
14	0	0	0	0	540	338	
15	0	0	0	0	519	357	
0	0	0	0	0	495	445	
1	0	0	0	0	479	484	
2	0	0	0	0	478	504	
3	0	0	0	0	484	530	
4	0	0	0	0	494	545	
5	0	0	0	0	499	541	
6	0	0	0	0	502	564	
7	0	0	0	0	511	565	
8	0	0	0	0	518	539	
9	0	0	0	0	520	539	
10	0	0	0	0	515	539	
11	0	0	0	0	505	537	
12	0	0	0	0	499	549	
13	0	0	0	0	494	556	
14	0	0	0	0	489	546	
15	0	0	0	0	483	551	
0	0	0	0	0	473	549	
1	0	0	0	0	470	558	
2	0	0	0	0	468	554	
3	0	0	0	0	469	562	
4	0	0	0	0	470	569	
5	0	0	0	0	466	552	
6	0	0	0	0	464	529	
7	0	0	0	0	466	465	
8	0	0	0	0	475	430	
9	0	0	0	0	485	431	
10	0	0	0	0	492	439	
11	0	0	0	0	498	439	
12	0	0	0	0	501	401	
13	0	0	0	0	505	362	
14	0	0	0	0	510	356	
15	0	0	0	0	504	380	
0	0	0	0	0	491	416	
1	0	0	0	0	478	455	
2	0	0	0	0	469	486	
3	0	0	0	0	468	483	
4	0	0	0	0	477	486	
5	0	0	0	0	492	463	
6	0	0	0	0	509	460	
7	0	0	0	0	524	466	
8	0	0	0	0	531	463	
9	0	0	0	0	527	473	
10	0	0	0	0	524	458	
11	0	0	0	0	522	465	
12	0	0	0	0	512	492	
13	0	0	0	0	499	521	
14	0	0	0	0	487	529	
15	0	0	0	0	475	530	
0	0	0	0	0	461	550	
1	0	0	0	0	451	624	
2	0	0	0	0	440	683	
3	0	0	0	0	432	696	
4	0	0	0	0	434	724	
5	0	0	0	0	441	680	
6	0	0	0	0	448	620	
7	0	0	0	0	456	580	
8	0	0	0	0	463	575	
9	0	0	0	0	477	564	
10	0	0	0	0	497	545	
11	0	0	0	0	519	505	
12	0	0	0	0	536	508	
13	0	0	0	0	548	504	
14	0	0	0	0	552	499	
15	0	0	0	0	549	507	
0	0	0	0	0	548	538	
1	0	0	0	0	553	547	
2	0	0	0	0	556	544	
3	0	0	0	0	543	507	
4	0	0	0	0	529	504	
5	0	0	0	0	519	531	
6	0	0	0	0	511	527	
7	0	0	0	0	500	515	
8	0	0	0	0	485	510	
9	0	0	0	0	466	457	
10	0	0	0	0	446	447	
11	0	0	0	0	430	488	
12	0	0	0	0	420	478	
13	0	0	0	0	416	492	
14	0	0	0	0	415	488	
15	0	0	0	0	419	496	
0	0	0	0	0	427	541	
1	0	0	0	0	432	551	
2	0	0	0	0	438	540	
3	0	0	0	0	445	526	
4	0	0	0	0	458	546	
5	0	0	0	0	473	569	
6	0	0	0	0	484	580	
7	0	0	0	0	494	549	
8	0	0	0	0	507	518	
9	0	0	0	0	519	501	
10	0	0	0	0	534	506	
11	0	0	0	0	543	471	
12	0	0	0	0	549	425	
13	0	0	0	0	556	397	
14	0	0	0	0	561	339	
15	0	0	0	0	562	316	
0	0	0	0	0	560	352	
1	0	0	0	0	558	399	
2	0	0	0	0	553	430	
3	0	0	0	0	545	425	
4	0	0	0	0	532	404	
5	0	0	0	0	518	434	
6	0	0	0	0	504	485	
7	0	0	0	0	486	471	
8	0	0	0	0	472	445	
9	0	0	0	0	464	401	
10	0	0	0	0	454	387	
11	0	0	0	0	445	394	
12	0	0	0	0	438	395	
13	0	0	0	0	432	426	
14	0	0	0	0	436	476	
15	0	0	0	0	438	495	
0	0	0	0	0	440	546	
1	0	0	0	0	447	570	
2	0	0	0	0	452	563	
3	0	0	0	0	455	548	
4	0	0	0	0	463	520	
5	0	0	0	0	469	460	
6	0	0	0	0	475	465	
7	0	0	0	0	482	464	
8	0	0	0	0	485	467	
9	0	0	0	0	489	481	
10	0	0	0	0	497	516	
11	0	0	0	0	500	508	
12	0	0	0	0	492	522	
13	0	0	0	0	480	524	
14	0	0	0	0	471	534	
15	0	0	0	0	466	519	
0	0	0	0	0	463	484	
1	0	0	0	0	460	507	
2	0	0	0	0	460	545	
3	0	0	0	0	455	568	
4	0	0	0	0	437	587	
5	0	0	0	0	420	593	
6	0	0	0	0	402	579	
7	0	0	0	0	385	586	
8	0	0	0	0	369	583	
9	0	0	0	0	357	617	
10	0	0	0	0	345	614	
11	0	0	0	0	336	627	
12	0	0	0	0	334	637	
13	0	0	0	0	334	626	
14	0	0	0	0	335	627	
15	0	0	0	0	332	636	
0	0	0	0	0	334	635	
1	0	0	0	0	335	642	
2	0	0	0	0	339	594	
3	0	0	0	0	348	569	
4	0	0	0	0	361	589	
5	0	0	0	0	377	592	
6	0	0	0	0	389	576	
7	0	0	0	0	401	587	
8	0	0	0	0	414	619	
9	0	0	0	0	425	615	
10	0	0	0	0	434	611	
11	0	0	0	0	438	589	
12	0	0	0	0	434	547	
13	0	0	0	0	427	492	
14	0	0	0	0	414	427	
15	0	0	0	0	404	391	
0	0	0	0	0	400	402	
1	0	0	0	0	399	464	
2	0	0	0	0	401	528	
3	0	0	0	0	403	571	
4	0	0	0	0	408	581	
5	0	0	0	0	412	572	
6	0	0	0	0	422	543	
7	0	0	0	0	434	534	
8	0	0	0	0	442	575	
9	0	0	0	0	446	588	
10	0	0	0	0	456	567	
11	0	0	0	0	472	554	
12	0	0	0	0	492	550	
13	0	0	0	0	514	543	
14	0	0	0	0	542	557	
15	0	0	0	0	571	559	
0	0	0	0	0	596	530	
1	0	0	0	0	615	514	
2	0	0	0	0	626	505	
3	0	0	0	0	632	496	
4	0	0	0	0	632	483	
5	0	0	0	0	628	505	
6	0	0	0	0	620	496	
7	0	0	0	0	611	467	
8	0	0	0	0	607	457	
9	0	0	0	0	605	449	
10	0	0	0	0	597	461	
11	0	0	0	0	588	488	
12	0	0	0	0	584	494	
13	0	0	0	0	588	481	
14	0	0	0	0	599	499	
15	0	0	0	0	614	511	
0	0	0	0	0	622	528	
1	0	0	0	0	618	544	
2	0	0	0	0	607	545	
3	0	0	0	0	591	512	
4	0	0	0	0	578	476	
5	0	0	0	0	568	486	
6	0	0	0	0	559	498	
7	0	0	0	0	556	490	
8	0	0	0	0	555	491	
9	0	0	0	0	553	480	
10	0	0	0	0	551	483	
11	0	0	0	0	548	470	
12	0	0	0	0	543	470	
13	0	0	0	0	536	462	
14	0	0	0	0	535	444	
15	0	0	0	0	534	439	
0	0	0	0	0	540	405	
1	0	0	0	0	553	408	
2	0	0	0	0	556	419	
3	0	0	0	0	559	409	
4	0	0	0	0	558	427	
5	0	0	0	0	555	475	
6	0	0	0	0	554	480	
7	0	0	0	0	553	500	
8	0	0	0	0	550	518	
9	0	0	0	0	548	548	
10	0	0	0	0	551	516	
11	0	0	0	0	547	517	
12	0	0	0	0	541	538	
13	0	0	0	0	537	546	
14	0	0	0	0	532	534	
15	0	0	0	0	517	539	
0	0	0	0	0	503	549	
1	0	0	0	0	493	548	
2	0	0	0	0	490	484	
3	0	0	0	0	499	422	
4	0	0	0	0	510	383	
5	0	0	0	0	519	400	
6	0	0	0	0	523	387	
7	0	0	0	0	524	415	
8	0	0	0	0	520	469	
9	0	0	0	0	520	458	
10	0	0	0	0	527	452	
11	0	0	0	0	540	441	
12	0	0	0	0	556	472	
13	0	0	0	0	569	491	
14	0	0	0	0	575	497	
15	0	0	0	0	574	508	
0	0	0	0	0	575	519	
1	0	0	0	0	576	505	
2	0	0	0	0	575	476	
3	0	0	0	0	571	443	
4	0	0	0	0	563	415	
5	0	0	0	0	553	443	
6	0	0	0	0	545	471	
7	0	0	0	0	542	483	
8	0	0	0	0	537	483	
9	0	0	0	0	534	493	
10	0	0	0	0	532	496	
11	0	0	0	0	528	485	
12	0	0	0	0	526	455	
13	0	0	0	0	526	479	
14	0	0	0	0	532	497	
15	0	0	0	0	544	486	
0	0	0	0	0	549	475	
1	0	0	0	0	543	512	
2	0	0	0	0	532	509	
3	0	0	0	0	529	525	
4	0	0	0	0	530	556	
5	0	0	0	0	527	561	
6	0	0	0	0	520	546	
7	0	0	0	0	517	558	
8	0	0	0	0	518	553	
9	0	0	0	0	518	533	
10	0	0	0	0	514	529	
11	0	0	0	0	508	563	
12	0	0	0	0	501	564	
13	0	0	0	0	493	549	
14	0	0	0	0	489	527	
15	0	0	0	0	485	526	
0	0	0	0	0	480	499	
1	0	0	0	0	475	489	
2	0	0	0	0	474	465	
3	0	0	0	0	476	425	
4	0	0	0	0	476	448	
5	0	0	0	0	475	483	
6	0	0	0	0	471	461	
7	0	0	0	0	464	441	
8	0	0	0	0	459	451	
9	0	0	0	0	458	486	
10	0	0	0	0	457	493	
11	0	0	0	0	461	501	
12	0	0	0	0	467	484	
13	0	0	0	0	466	472	
14	0	0	0	0	460	491	
15	0	0	0	0	457	495	
0	0	0	0	0	461	490	
1	0	0	0	0	479	482	
2	0	0	0	0	499	456	
3	0	0	0	0	518	462	
4	0	0	0	0	523	462	
5	0	0	0	0	521	445	
6	0	0	0	0	513	439	
7	0	0	0	0	506	454	
8	0	0	0	0	499	483	
9	0	0	0	0	491	491	
10	0	0	0	0	477	482	
11	0	0	0	0	459	496	
12	0	0	0	0	444	503	
13	0	0	0	0	431	484	
14	0	0	0	0	421	507	
15	0	0	0	0	412	545	
0	0	0	0	0	409	587	
1	0	0	0	0	417	609	
2	0	0	0	0	424	599	
3	0	0	0	0	433	598	
4	0	0	0	0	443	564	
5	0	0	0	0	452	602	
6	0	0	0	0	460	590	
7	0	0	0	0	467	579	
8	0	0	0	0	479	580	
9	0	0	0	0	498	580	
10	0	0	0	0	514	558	
11	0	0	0	0	522	581	
12	0	0	0	0	525	584	
13	0	0	0	0	525	573	
14	0	0	0	0	529	529	
15	0	0	0	0	537	512	
0	0	0	0	0	545	515	
1	0	0	0	0	543	501	
2	0	0	0	0	538	482	
3	0	0	0	0	531	471	
4	0	0	0	0	528	481	
5	0	0	0	0	525	469	
6	0	0	0	0	524	482	
7	0	0	0	0	524	465	
8	0	0	0	0	520	444	
9	0	0	0	0	515	449	
10	0	0	0	0	511	479	
11	0	0	0	0	505	523	
12	0	0	0	0	499	563	
13	0	0	0	0	482	543	
14	0	0	0	0	466	534	
15	0	0	0	0	457	502	
0	0	0	0	0	450	476	
1	0	0	0	0	451	455	
2	0	0	0	0	456	476	
3	0	0	0	0	463	526	
4	0	0	0	0	468	563	
5	0	0	0	0	476	624	
6	0	0	0	0	485	616	
7	0	0	0	0	494	619	
8	0	0	0	0	500	615	
9	0	0	0	0	506	591	
10	0	0	0	0	511	592	
11	0	0	0	0	509	557	
12	0	0	0	0	505	538	
13	0	0	0	0	504	525	
14	0	0	0	0	509	518	
15	0	0	0	0	512	527	
0	0	0	0	0	510	526	
1	0	0	0	0	504	535	
2	0	0	0	0	505	508	
3	0	0	0	0	505	530	
4	0	0	0	0	512	545	
5	0	0	0	0	523	554	
6	0	0	0	0	528	551	
7	0	0	0	0	531	566	
8	0	0	0	0	533	566	
9	0	0	0	0	535	571	
10	0	0	0	0	530	558	
11	0	0	0	0	527	547	
12	0	0	0	0	523	516	
13	0	0	0	0	516	507	
14	0	0	0	0	507	543	
15	0	0	0	0	498	573	
0	0	0	0	0	488	594	
1	0	0	0	0	474	628	
2	0	0	0	0	454	651	
3	0	0	0	0	437	647	
4	0	0	0	0	423	652	
5	0	0	0	0	413	627	
6	0	0	0	0	406	572	
7	0	0	0	0	398	575	
8	0	0	0	0	389	564	
9	0	0	0	0	383	551	
10	0	0	0	0	391	555	
11	0	0	0	0	408	543	
12	0	0	0	0	424	486	
13	0	0	0	0	445	453	
14	0	0	0	0	458	440	
15	0	0	0	0	461	510	
0	0	0	0	0	458	566	
1	0	0	0	0	447	589	
2	0	0	0	0	431	579	
3	0	0	0	0	414	564	
4	0	0	0	0	396	579	
5	0	0	0	0	380	579	
6	0	0	0	0	364	593	
7	0	0	0	0	349	639	
8	0	0	0	0	343	639	
9	0	0	0	0	345	641	
10	0	0	0	0	348	660	
11	0	0	0	0	358	671	
12	0	0	0	0	371	645	
13	0	0	0	0	384	614	
14	0	0	0	0	396	599	
15	0	0	0	0	404	555	
0	0	0	0	0	412	577	
1	0	0	0	0	412	601	
2	0	0	0	0	411	623	
3	0	0	0	0	408	623	
4	0	0	0	0	402	598	
5	0	0	0	0	405	570	
6	0	0	0	0	412	574	
7	0	0	0	0	414	575	
8	0	0	0	0	409	569	
9	0	0	0	0	403	563	
10	0	0	0	0	403	567	
11	0	0	0	0	411	574	
12	0	0	0	0	415	616	
13	0	0	0	0	423	609	
14	0	0	0	0	427	588	
15	0	0	0	0	423	592	
0	0	0	0	0	411	600	
1	0	0	0	0	399	569	
2	0	0	0	0	388	566	
3	0	0	0	0	377	569	
4	0	0	0	0	371	561	
5	0	0	0	0	366	496	
6	0	0	0	0	365	504	
7	0	0	0	0	362	546	
8	0	0	0	0	361	602	
9	0	0	0	0	365	594	
10	0	0	0	0	374	575	
11	0	0	0	0	384	548	
12	0	0	0	0	398	525	
13	0	0	0	0	411	526	
14	0	0	0	0	422	537	
15	0	0	0	0	430	531	
0	0	0	0	0	436	542	
1	0	0	0	0	438	540	
2	0	0	0	0	440	549	
3	0	0	0	0	443	591	
4	0	0	0	0	447	595	
5	0	0	0	0	456	589	
6	0	0	0	0	465	546	
7	0	0	0	0	480	524	
8	0	0	0	0	491	531	
9	0	0	0	0	498	547	
10	0	0	0	0	512	562	
11	0	0	0	0	526	524	
12	0	0	0	0	536	520	
13	0	0	0	0	531	514	
14	0	0	0	0	521	495	
15	0	0	0	0	514	503	
0	0	0	0	0	502	480	
1	0	0	0	0	483	479	
2	0	0	0	0	462	462	
3	0	0	0	0	440	454	
4	0	0	0	0	422	437	
5	0	0	0	0	411	438	
6	0	0	0	0	404	493	
7	0	0	0	0	403	524	
8	0	0	0	0	404	556	
9	0	0	0	0	404	546	
10	0	0	0	0	401	542	
11	0	0	0	0	397	550	
12	0	0	0	0	395	525	
13	0	0	0	0	396	476	
14	0	0	0	0	408	464	
15	0	0	0	0	419	481	
0	0	0	0	0	431	511	
1	0	0	0	0	438	541	
2	0	0	0	0	448	571	
3	0	0	0	0	458	539	
4	0	0	0	0	464	491	
5	0	0	0	0	470	466	
6	0	0	0	0	472	493	
7	0	0	0	0	469	516	
8	0	0	0	0	466	555	
9	0	0	0	0	462	535	
10	0	0	0	0	458	503	
11	0	0	0	0	460	473	
12	0	0	0	0	461	441	
13	0	0	0	0	465	467	
14	0	0	0	0	464	472	
15	0	0	0	0	463	463	
0	0	0	0	0	455	439	
1	0	0	0	0	440	448	
2	0	0	0	0	427	494	
3	0	0	0	0	419	508	
4	0	0	0	0	406	526	
5	0	0	0	0	397	542	
6	0	0	0	0	396	551	
7	0	0	0	0	395	560	
8	0	0	0	0	398	571	
9	0	0	0	0	404	559	
10	0	0	0	0	407	552	
11	0	0	0	0	413	541	
12	0	0	0	0	421	536	
13	0	0	0	0	429	467	
14	0	0	0	0	442	452	
15	0	0	0	0	458	455	
0	0	0	0	0	473	464	
1	0	0	0	0	484	465	
2	0	0	0	0	495	473	
3	0	0	0	0	499	466	
4	0	0	0	0	502	432	
5	0	0	0	0	504	383	
6	0	0	0	0	504	358	
7	0	0	0	0	503	368	
8	0	0	0	0	499	412	
9	0	0	0	0	494	434	
10	0	0	0	0	493	460	
11	0	0	0	0	494	505	
12	0	0	0	0	485	525	
13	0	0	0	0	471	516	
14	0	0	0	0	463	503	
15	0	0	0	0	464	506	
0	0	0	0	0	472	501	
1	0	0	0	0	475	506	
2	0	0	0	0	480	518	
3	0	0	0	0	491	540	
4	0	0	0	0	499	515	
5	0	0	0	0	504	513	
6	0	0	0	0	512	495	
7	0	0	0	0	520	496	
8	0	0	0	0	526	465	
9	0	0	0	0	533	418	
10	0	0	0	0	543	423	
11	0	0	0	0	551	446	
12	0	0	0	0	561	477	
13	0	0	0	0	569	512	
14	0	0	0	0	568	553	
15	0	0	0	0	559	545	
0	0	0	0	0	551	548	
1	0	0	0	0	537	510	
2	0	0	0	0	523	499	
3	0	0	0	0	506	489	
4	0	0	0	0	492	465	
5	0	0	0	0	476	480	
6	0	0	0	0	458	516	
7	0	0	0	0	449	551	
8	0	0	0	0	440	546	
9	0	0	0	0	440	530	
10	0	0	0	0	447	545	
11	0	0	0	0	454	532	
12	0	0	0	0	462	509	
13	0	0	0	0	472	476	
14	0	0	0	0	494	454	
15	0	0	0	0	517	449	
0	0	0	0	0	527	455	
1	0	0	0	0	534	476	
2	0	0	0	0	544	490	
3	0	0	0	0	553	456	
4	0	0	0	0	556	426	
5	0	0	0	0	552	412	
6	0	0	0	0	543	414	
7	0	0	0	0	527	424	
8	0	0	0	0	513	459	
9	0	0	0	0	497	460	
10	0	0	0	0	483	472	
11	0	0	0	0	472	495	
12	0	0	0	0	467	519	
13	0	0	0	0	467	535	
14	0	0	0	0	473	566	
15	0	0	0	0	480	582	
0	0	0	0	0	495	566	
1	0	0	0	0	511	522	
2	0	0	0	0	519	475	
3	0	0	0	0	520	463	
4	0	0	0	0	524	450	
5	0	0	0	0	528	487	
6	0	0	0	0	536	508	
7	0	0	0	0	553	521	
8	0	0	0	0	575	567	
9	0	0	0	0	595	598	
10	0	0	0	0	611	574	
11	0	0	0	0	627	544	
12	0	0	0	0	636	543	
13	0	0	0	0	635	488	
14	0	0	0	0	631	434	
15	0	0	0	0	626	421	
0	0	0	0	0	623	426	
1	0	0	0	0	625	425	
2	0	0	0	0	627	419	
3	0	0	0	0	625	421	
4	0	0	0	0	620	446	
5	0	0	0	0	616	462	
6	0	0	0	0	616	481	
7	0	0	0	0	611	518	
8	0	0	0	0	599	506	
9	0	0	0	0	581	518	
10	0	0	0	0	560	536	
11	0	0	0	0	541	533	
12	0	0	0	0	521	515	
13	0	0	0	0	509	510	
14	0	0	0	0	502	492	
15	0	0	0	0	502	447	
0	0	0	0	0	508	424	
1	0	0	0	0	517	380	
2	0	0	0	0	524	364	
3	0	0	0	0	526	398	
4	0	0	0	0	525	465	
5	0	0	0	0	527	525	
6	0	0	0	0	530	534	
7	0	0	0	0	528	513	
8	0	0	0	0	527	522	
9	0	0	0	0	526	509	
10	0	0	0	0	526	473	
11	0	0	0	0	524	465	
12	0	0	0	0	527	500	
13	0	0	0	0	537	515	
14	0	0	0	0	556	535	
15	0	0	0	0	583	543	
0	0	0	0	0	604	532	
1	0	0	0	0	615	486	
2	0	0	0	0	615	429	
3	0	0	0	0	608	435	
4	0	0	0	0	602	442	
5	0	0	0	0	593	479	
6	0	0	0	0	586	451	
7	0	0	0	0	585	422	
8	0	0	0	0	583	462	
9	0	0	0	0	578	448	
10	0	0	0	0	572	464	
11	0	0	0	0	565	457	
12	0	0	0	0	556	436	
13	0	0	0	0	543	460	
14	0	0	0	0	520	482	
15	0	0	0	0	496	508	
0	0	0	0	0	478	499	
1	0	0	0	0	472	492	
2	0	0	0	0	472	522	
3	0	0	0	0	473	553	
4	0	0	0	0	477	565	
5	0	0	0	0	488	572	
6	0	0	0	0	503	566	
7	0	0	0	0	512	543	
8	0	0	0	0	520	485	
9	0	0	0	0	522	458	
10	0	0	0	0	520	470	
11	0	0	0	0	513	509	
12	0	0	0	0	505	573	
13	0	0	0	0	500	580	
14	0	0	0	0	496	564	
15	0	0	0	0	494	528	
0	0	0	0	0	493	512	
1	0	0	0	0	488	496	
2	0	0	0	0	490	507	
3	0	0	0	0	495	548	
4	0	0	0	0	497	559	
5	0	0	0	0	499	556	
6	0	0	0	0	510	565	
7	0	0	0	0	528	575	
8	0	0	0	0	536	529	
9	0	0	0	0	528	497	
10	0	0	0	0	509	501	
11	0	0	0	0	484	465	
12	0	0	0	0	465	419	
13	0	0	0	0	451	442	
14	0	0	0	0	437	508	
15	0	0	0	0	424	505	
0	0	0	0	0	416	512	
1	0	0	0	0	404	541	
2	0	0	0	0	403	532	
3	0	0	0	0	410	513	
4	0	0	0	0	415	511	
5	0	0	0	0	422	524	
6	0	0	0	0	429	528	
7	0	0	0	0	431	540	
8	0	0	0	0	430	583	
9	0	0	0	0	430	613	
10	0	0	0	0	429	621	
11	0	0	0	0	433	635	
12	0	0	0	0	439	627	
13	0	0	0	0	441	648	
14	0	0	0	0	444	656	
15	0	0	0	0	451	611	
0	0	0	0	0	467	551	
1	0	0	0	0	480	507	
2	0	0	0	0	487	519	
3	0	0	0	0	496	533	
4	0	0	0	0	497	510	
5	0	0	0	0	497	470	
6	0	0	0	0	497	486	
7	0	0	0	0	500	507	
8	0	0	0	0	500	524	
9	0	0	0	0	503	549	
10	0	0	0	0	504	566	
11	0	0	0	0	501	559	
12	0	0	0	0	498	556	
13	0	0	0	0	497	554	
14	0	0	0	0	496	525	
15	0	0	0	0	487	526	
0	0	0	0	0	476	510	
1	0	0	0	0	462	481	
2	0	0	0	0	453	453	
3	0	0	0	0	447	428	
4	0	0	0	0	438	420	
5	0	0	0	0	428	452	
6	0	0	0	0	420	487	
7	0	0	0	0	411	499	
8	0	0	0	0	400	497	
9	0	0	0	0	397	522	
10	0	0	0	0	397	508	
11	0	0	0	0	406	486	
12	0	0	0	0	409	464	
13	0	0	0	0	401	475	
14	0	0	0	0	395	511	
15	0	0	0	0	390	537	
0	0	0	0	0	385	542	
1	0	0	0	0	384	513	
2	0	0	0	0	390	473	
3	0	0	0	0	401	426	
4	0	0	0	0	423	440	
5	0	0	0	0	455	473	
6	0	0	0	0	486	483	
7	0	0	0	0	507	495	
8	0	0	0	0	516	524	
9	0	0	0	0	524	541	
10	0	0	0	0	529	551	
11	0	0	0	0	533	536	
12	0	0	0	0	533	516	
13	0	0	0	0	528	512	
14	0	0	0	0	516	447	
15	0	0	0	0	502	440	
0	0	0	0	0	487	468	
1	0	0	0	0	478	508	
2	0	0	0	0	471	553	
3	0	0	0	0	468	583	
4	0	0	0	0	465	600	
5	0	0	0	0	463	553	
6	0	0	0	0	461	505	
7	0	0	0	0	461	484	
8	0	0	0	0	463	491	
9	0	0	0	0	468	516	
10	0	0	0	0	483	550	
11	0	0	0	0	496	552	
12	0	0	0	0	504	536	
13	0	0	0	0	511	521	
14	0	0	0	0	519	472	
15	0	0	0	0	522	461	
0	0	0	0	0	524	460	
1	0	0	0	0	528	448	
2	0	0	0	0	534	435	
3	0	0	0	0	535	425	
4	0	0	0	0	533	454	
5	0	0	0	0	528	467	
6	0	0	0	0	524	519	
7	0	0	0	0	523	534	
8	0	0	0	0	521	564	
9	0	0	0	0	522	554	
10	0	0	0	0	524	531	
11	0	0	0	0	526	520	
12	0	0	0	0	534	511	
13	0	0	0	0	544	528	
14	0	0	0	0	560	533	
15	0	0	0	0	575	529	
0	0	0	0	0	585	504	
1	0	0	0	0	594	520	
2	0	0	0	0	602	567	
3	0	0	0	0	608	575	
4	0	0	0	0	608	568	
5	0	0	0	0	607	562	
6	0	0	0	0	603	571	
7	0	0	0	0	598	549	
8	0	0	0	0	592	507	
9	0	0	0	0	591	491	
10	0	0	0	0	586	461	
11	0	0	0	0	576	469	
12	0	0	0	0	559	483	
13	0	0	0	0	545	511	
14	0	0	0	0	529	487	
15	0	0	0	0	512	486	
0	0	0	0	0	496	539	
1	0	0	0	0	483	603	
2	0	0	0	0	470	622	
3	0	0	0	0	461	620	
4	0	0	0	0	461	627	
5	0	0	0	0	460	622	
6	0	0	0	0	457	603	
7	0	0	0	0	455	596	
8	0	0	0	0	460	579	
9	0	0	0	0	477	572	
10	0	0	0	0	499	558	
11	0	0	0	0	523	549	
12	0	0	0	0	543	535	
13	0	0	0	0	559	537	
14	0	0	0	0	572	556	
15	0	0	0	0	579	551	
0	0	0	0	0	585	545	
1	0	0	0	0	589	540	
2	0	0	0	0	589	522	
3	0	0	0	0	588	481	
4	0	0	0	0	586	479	
5	0	0	0	0	588	470	
6	0	0	0	0	591	468	
7	0	0	0	0	594	433	
8	0	0	0	0	599	418	
9	0	0	0	0	604	416	
10	0	0	0	0	608	404	
11	0	0	0	0	616	409	
12	0	0	0	0	627	421	
13	0	0	0	0	643	428	
14	0	0	0	0	655	443	
15	0	0	0	0	662	408	
0	0	0	0	0	663	363	
1	0	0	0	0	652	349	
2	0	0	0	0	627	334	
3	0	0	0	0	594	321	
4	0	0	0	0	568	329	
5	0	0	0	0	545	394	
6	0	0	0	0	522	419	
7	0	0	0	0	502	462	
8	0	0	0	0	491	517	
9	0	0	0	0	483	510	
10	0	0	0	0	477	524	
11	0	0	0	0	483	564	
12	0	0	0	0	497	591	
13	0	0	0	0	514	601	
14	0	0	0	0	530	594	
15	0	0	0	0	539	588	
0	0	0	0	0	555	566	
1	0	0	0	0	571	545	
2	0	0	0	0	577	516	
3	0	0	0	0	566	495	
4	0	0	0	0	541	519	
5	0	0	0	0	510	541	
6	0	0	0	0	483	528	
7	0	0	0	0	460	497	
8	0	0	0	0	449	486	
9	0	0	0	0	445	485	
10	0	0	0	0	446	514	
11	0	0	0	0	456	492	
12	0	0	0	0	472	442	
13	0	0	0	0	486	443	
14	0	0	0	0	496	463	
15	0	0	0	0	507	492	
0	0	0	0	0	512	537	
1	0	0	0	0	513	528	
2	0	0	0	0	511	526	
3	0	0	0	0	509	495	
4	0	0	0	0	506	504	
5	0	0	0	0	501	496	
6	0	0	0	0	490	505	
7	0	0	0	0	476	476	
8	0	0	0	0	463	484	
9	0	0	0	0	454	522	
10	0	0	0	0	448	519	
11	0	0	0	0	448	510	
12	0	0	0	0	447	504	
13	0	0	0	0	443	521	
14	0	0	0	0	440	556	
15	0	0	0	0	442	588	
0	0	0	0	0	444	567	
1	0	0	0	0	442	557	
2	0	0	0	0	436	556	
3	0	0	0	0	428	534	
4	0	0	0	0	423	499	
5	0	0	0	0	424	451	
6	0	0	0	0	430	440	
7	0	0	0	0	442	488	
8	0	0	0	0	453	535	
9	0	0	0	0	463	535	
10	0	0	0	0	466	532	
11	0	0	0	0	465	489	
12	0	0	0	0	463	468	
13	0	0	0	0	456	466	
14	0	0	0	0	443	504	
15	0	0	0	0	428	504	
0	0	0	0	0	416	522	
1	0	0	0	0	405	574	
2	0	0	0	0	397	627	
3	0	0	0	0	391	653	
4	0	0	0	0	393	666	
5	0	0	0	0	393	689	
6	0	0	0	0	398	689	
7	0	0	0	0	408	687	
8	0	0	0	0	423	664	
9	0	0	0	0	435	650	
10	0	0	0	0	450	665	
11	0	0	0	0	461	644	
12	0	0	0	0	468	613	
13	0	0	0	0	476	563	
14	0	0	0	0	482	501	
15	0	0	0	0	487	489	
0	0	0	0	0	493	457	
1	0	0	0	0	512	412	
2	0	0	0	0	543	392	
3	0	0	0	0	564	384	
4	0	0	0	0	573	444	
5	0	0	0	0	568	459	
6	0	0	0	0	558	461	
7	0	0	0	0	546	454	
8	0	0	0	0	537	454	
9	0	0	0	0	528	448	
10	0	0	0	0	521	476	
11	0	0	0	0	520	519	
12	0	0	0	0	524	536	
13	0	0	0	0	531	483	
14	0	0	0	0	542	454	
15	0	0	0	0	550	445	
0	0	0	0	0	555	479	
1	0	0	0	0	558	501	
2	0	0	0	0	556	481	
3	0	0	0	0	549	468	
4	0	0	0	0	536	473	
5	0	0	0	0	522	487	
6	0	0	0	0	512	454	
7	0	0	0	0	506	451	
8	0	0	0	0	502	458	
9	0	0	0	0	505	459	
10	0	0	0	0	514	495	
11	0	0	0	0	529	521	
12	0	0	0	0	540	515	
13	0	0	0	0	554	516	
14	0	0	0	0	573	550	
15	0	0	0	0	591	584	
0	0	0	0	0	605	571	
1	0	0	0	0	611	515	
2	0	0	0	0	608	461	
3	0	0	0	0	592	447	
4	0	0	0	0	567	433	
5	0	0	0	0	540	435	
6	0	0	0	0	514	482	
7	0	0	0	0	492	514	
8	0	0	0	0	479	533	
9	0	0	0	0	472	560	
10	0	0	0	0	463	588	
11	0	0	0	0	455	608	
12	0	0	0	0	452	536	
13	0	0	0	0	457	500	
14	0	0	0	0	468	511	
15	0	0	0	0	484	523	
0	0	0	0	0	504	488	
1	0	0	0	0	527	451	
2	0	0	0	0	545	377	
3	0	0	0	0	556	339	
4	0	0	0	0	559	358	
5	0	0	0	0	556	394	
6	0	0	0	0	551	463	
7	0	0	0	0	545	515	
8	0	0	0	0	541	563	
9	0	0	0	0	535	551	
10	0	0	0	0	527	560	
11	0	0	0	0	518	571	
12	0	0	0	0	504	564	
13	0	0	0	0	485	568	
14	0	0	0	0	463	540	
15	0	0	0	0	447	525	
0	0	0	0	0	438	528	
1	0	0	0	0	435	538	
2	0	0	0	0	433	526	
3	0	0	0	0	430	505	
4	0	0	0	0	423	459	
5	0	0	0	0	424	450	
6	0	0	0	0	428	460	
7	0	0	0	0	432	487	
8	0	0	0	0	441	487	
9	0	0	0	0	453	495	
10	0	0	0	0	464	463	
11	0	0	0	0	474	454	
12	0	0	0	0	484	420	
13	0	0	0	0	499	416	
14	0	0	0	0	516	436	
15	0	0	0	0	535	457	
0	0	0	0	0	551	504	
1	0	0	0	0	564	518	
2	0	0	0	0	575	522	
3	0	0	0	0	580	532	
4	0	0	0	0	585	508	
5	0	0	0	0	588	485	
6	0	0	0	0	587	481	
7	0	0	0	0	583	509	
8	0	0	0	0	574	537	
9	0	0	0	0	568	559	
10	0	0	0	0	560	542	
11	0	0	0	0	552	528	
12	0	0	0	0	543	527	
13	0	0	0	0	535	518	
14	0	0	0	0	527	545	
15	0	0	0	0	516	544	
0	0	0	0	0	504	544	
1	0	0	0	0	495	507	
2	0	0	0	0	490	470	
3	0	0	0	0	487	460	
4	0	0	0	0	489	423	
5	0	0	0	0	493	448	
6	0	0	0	0	495	455	
7	0	0	0	0	491	467	
8	0	0	0	0	483	475	
9	0	0	0	0	475	470	
10	0	0	0	0	463	495	
11	0	0	0	0	449	550	
12	0	0	0	0	439	572	
13	0	0	0	0	432	598	
14	0	0	0	0	429	608	
15	0	0	0	0	431	633	
0	0	0	0	0	435	640	
1	0	0	0	0	440	671	
2	0	0	0	0	448	655	
3	0	0	0	0	457	612	
4	0	0	0	0	468	608	
5	0	0	0	0	477	580	
6	0	0	0	0	488	550	
7	0	0	0	0	496	556	
8	0	0	0	0	496	566	
9	0	0	0	0	488	549	
10	0	0	0	0	480	556	
11	0	0	0	0	476	568	
12	0	0	0	0	471	618	
13	0	0	0	0	463	634	
14	0	0	0	0	451	561	
15	0	0	0	0	435	508	
0	0	0	0	0	424	477	
1	0	0	0	0	418	481	
2	0	0	0	0	416	433	
3	0	0	0	0	415	412	
4	0	0	0	0	415	463	
5	0	0	0	0	412	505	
6	0	0	0	0	408	518	
7	0	0	0	0	409	521	
8	0	0	0	0	412	538	
9	0	0	0	0	418	572	
10	0	0	0	0	423	622	
11	0	0	0	0	429	655	
12	0	0	0	0	430	672	
13	0	0	0	0	433	658	
14	0	0	0	0	436	630	
15	0	0	0	0	440	607	
0	0	0	0	0	446	619	
1	0	0	0	0	455	615	
2	0	0	0	0	468	615	
3	0	0	0	0	482	604	
4	0	0	0	0	490	582	
5	0	0	0	0	498	564	
6	0	0	0	0	510	526	
7	0	0	0	0	523	464	
8	0	0	0	0	535	459	
9	0	0	0	0	545	460	
10	0	0	0	0	556	461	
11	0	0	0	0	567	469	
12	0	0	0	0	575	474	
13	0	0	0	0	581	465	
14	0	0	0	0	581	467	
15	0	0	0	0	585	449	
0	0	0	0	0	595	459	
1	0	0	0	0	604	486	
2	0	0	0	0	609	497	
3	0	0	0	0	609	518	
4	0	0	0	0	605	528	
5	0	0	0	0	600	482	
6	0	0	0	0	598	438	
7	0	0	0	0	595	413	
8	0	0	0	0	588	406	
9	0	0	0	0	575	401	
10	0	0	0	0	559	399	
11	0	0	0	0	547	399	
12	0	0	0	0	537	414	
13	0	0	0	0	534	424	
14	0	0	0	0	538	435	
15	0	0	0	0	542	463	
0	0	0	0	0	542	477	
1	0	0	0	0	541	475	
2	0	0	0	0	542	475	
3	0	0	0	0	541	489	
4	0	0	0	0	536	514	
5	0	0	0	0	531	535	
6	0	0	0	0	523	580	
7	0	0	0	0	515	542	
8	0	0	0	0	511	544	
9	0	0	0	0	504	540	
10	0	0	0	0	500	538	
11	0	0	0	0	504	523	
12	0	0	0	0	510	507	
13	0	0	0	0	508	536	
14	0	0	0	0	501	566	
15	0	0	0	0	492	582	
0	0	0	0	0	487	608	
1	0	0	0	0	482	602	
2	0	0	0	0	483	586	
3	0	0	0	0	487	545	
4	0	0	0	0	496	544	
5	0	0	0	0	510	541	
6	0	0	0	0	521	544	
7	0	0	0	0	530	546	
8	0	0	0	0	536	545	
9	0	0	0	0	544	515	
10	0	0	0	0	555	473	
11	0	0	0	0	564	419	
12	0	0	0	0	572	405	
13	0	0	0	0	582	404	
14	0	0	0	0	594	425	
15	0	0	0	0	605	416	
0	0	0	0	0	620	407	
1	0	0	0	0	632	423	
2	0	0	0	0	630	487	
3	0	0	0	0	615	529	
4	0	0	0	0	596	559	
5	0	0	0	0	575	577	
6	0	0	0	0	553	566	
7	0	0	0	0	534	531	
8	0	0	0	0	518	452	
9	0	0	0	0	511	455	
10	0	0	0	0	512	471	
11	0	0	0	0	514	469	
12	0	0	0	0	514	537	
13	0	0	0	0	514	556	
14	0	0	0	0	513	530	
15	0	0	0	0	521	546	
0	0	0	0	0	527	527	
1	0	0	0	0	536	493	
2	0	0	0	0	544	475	
3	0	0	0	0	552	440	
4	0	0	0	0	559	423	
5	0	0	0	0	564	439	
6	0	0	0	0	564	455	
7	0	0	0	0	564	462	
8	0	0	0	0	569	475	
9	0	0	0	0	580	515	
10	0	0	0	0	590	560	
11	0	0	0	0	588	540	
12	0	0	0	0	578	505	
13	0	0	0	0	563	472	
14	0	0	0	0	545	466	
15	0	0	0	0	530	472	
0	0	0	0	0	514	455	
1	0	0	0	0	495	440	
2	0	0	0	0	482	455	
3	0	0	0	0	472	508	
4	0	0	0	0	464	564	
5	0	0	0	0	464	589	
6	0	0	0	0	471	571	
7	0	0	0	0	478	600	
8	0	0	0	0	484	588	
9	0	0	0	0	491	586	
10	0	0	0	0	491	573	
11	0	0	0	0	486	572	
12	0	0	0	0	477	564	
13	0	0	0	0	471	573	
14	0	0	0	0	463	606	
15	0	0	0	0	452	620	
0	0	0	0	0	442	606	
1	0	0	0	0	432	587	
2	0	0	0	0	426	586	
3	0	0	0	0	427	624	
4	0	0	0	0	430	617	
5	0	0	0	0	439	653	
6	0	0	0	0	450	655	
7	0	0	0	0	459	647	
8	0	0	0	0	467	643	
9	0	0	0	0	474	631	
10	0	0	0	0	479	609	
11	0	0	0	0	482	629	
12	0	0	0	0	483	628	
13	0	0	0	0	492	590	
14	0	0	0	0	497	540	
15	0	0	0	0	497	537	
0	0	0	0	0	496	508	
1	0	0	0	0	493	481	
2	0	0	0	0	487	477	
3	0	0	0	0	484	486	
4	0	0	0	0	487	540	
5	0	0	0	0	494	550	
6	0	0	0	0	501	557	
7	0	0	0	0	514	572	
8	0	0	0	0	531	565	
9	0	0	0	0	547	514	
10	0	0	0	0	560	454	
11	0	0	0	0	572	447	
12	0	0	0	0	579	473	
13	0	0	0	0	584	463	
14	0	0	0	0	584	452	
15	0	0	0	0	584	419	
0	0	0	0	0	583	422	
1	0	0	0	0	580	435	
2	0	0	0	0	572	413	
3	0	0	0	0	562	413	
4	0	0	0	0	558	427	
5	0	0	0	0	552	411	
6	0	0	0	0	551	397	
7	0	0	0	0	545	415	
8	0	0	0	0	537	419	
9	0	0	0	0	527	424	
10	0	0	0	0	520	444	
11	0	0	0	0	519	449	
12	0	0	0	0	523	449	
13	0	0	0	0	525	451	
14	0	0	0	0	533	497	
15	0	0	0	0	537	526	
0	0	0	0	0	542	525	
1	0	0	0	0	544	492	
2	0	0	0	0	545	479	
3	0	0	0	0	547	470	
4	0	0	0	0	549	457	
5	0	0	0	0	548	462	
6	0	0	0	0	538	463	
7	0	0	0	0	532	482	
8	0	0	0	0	524	490	
9	0	0	0	0	512	517	
10	0	0	0	0	505	553	
11	0	0	0	0	499	555	
12	0	0	0	0	493	523	
13	0	0	0	0	490	508	
14	0	0	0	0	490	476	
15	0	0	0	0	491	463	
0	0	0	0	0	487	463	
1	0	0	0	0	479	447	
2	0	0	0	0	463	432	
3	0	0	0	0	451	455	
4	0	0	0	0	441	516	
5	0	0	0	0	440	520	
6	0	0	0	0	441	502	
7	0	0	0	0	444	504	
8	0	0	0	0	442	507	
9	0	0	0	0	437	515	
10	0	0	0	0	433	484	
11	0	0	0	0	434	486	
12	0	0	0	0	436	496	
13	0	0	0	0	438	497	
14	0	0	0	0	436	503	
15	0	0	0	0	435	510	
0	0	0	0	0	431	521	
1	0	0	0	0	427	534	
2	0	0	0	0	425	547	
3	0	0	0	0	429	540	
4	0	0	0	0	438	551	
5	0	0	0	0	445	568	
6	0	0	0	0	455	589	
7	0	0	0	0	465	605	
8	0	0	0	0	476	624	
9	0	0	0	0	486	635	
10	0	0	0	0	492	626	
11	0	0	0	0	496	593	
12	0	0	0	0	501	577	
13	0	0	0	0	510	523	
14	0	0	0	0	519	525	
15	0	0	0	0	524	548	
0	0	0	0	0	516	567	
1	0	0	0	0	504	612	
2	0	0	0	0	496	621	
3	0	0	0	0	488	582	
4	0	0	0	0	486	553	
5	0	0	0	0	483	542	
6	0	0	0	0	476	496	
7	0	0	0	0	473	423	
8	0	0	0	0	471	388	
9	0	0	0	0	460	382	
10	0	0	0	0	453	399	
11	0	0	0	0	455	429	
12	0	0	0	0	459	480	
13	0	0	0	0	462	505	
14	0	0	0	0	467	516	
15	0	0	0	0	474	510	
0	0	0	0	0	478	547	
1	0	0	0	0	473	558	
2	0	0	0	0	470	531	
3	0	0	0	0	466	559	
4	0	0	0	0	462	539	
5	0	0	0	0	456	503	
6	0	0	0	0	451	475	
7	0	0	0	0	451	515	
8	0	0	0	0	457	568	
9	0	0	0	0	466	558	
10	0	0	0	0	477	558	
11	0	0	0	0	489	529	
12	0	0	0	0	502	499	
13	0	0	0	0	517	520	
14	0	0	0	0	532	524	
15	0	0	0	0	551	474	
0	0	0	0	0	565	481	
1	0	0	0	0	572	467	
2	0	0	0	0	576	478	
3	0	0	0	0	579	472	
4	0	0	0	0	582	492	
5	0	0	0	0	585	487	
6	0	0	0	0	585	487	
7	0	0	0	0	585	527	
8	0	0	0	0	583	530	
9	0	0	0	0	576	502	
10	0	0	0	0	576	525	
11	0	0	0	0	576	559	
12	0	0	0	0	574	561	
13	0	0	0	0	563	556	
14	0	0	0	0	546	555	
15	0	0	0	0	528	558	
0	0	0	0	0	509	550	
1	0	0	0	0	492	569	
2	0	0	0	0	477	579	
3	0	0	0	0	468	582	
4	0	0	0	0	459	571	
5	0	0	0	0	454	573	
6	0	0	0	0	450	560	
7	0	0	0	0	452	593	
8	0	0	0	0	454	605	
9	0	0	0	0	460	601	
10	0	0	0	0	468	574	
11	0	0	0	0	471	531	
12	0	0	0	0	463	489	
13	0	0	0	0	462	473	
14	0	0	0	0	469	487	
15	0	0	0	0	478	511	
0	0	0	0	0	486	528	
1	0	0	0	0	491	542	
2	0	0	0	0	497	521	
3	0	0	0	0	499	489	
4	0	0	0	0	497	416	
5	0	0	0	0	496	393	
6	0	0	0	0	492	409	
7	0	0	0	0	485	455	
8	0	0	0	0	476	508	
9	0	0	0	0	465	550	
10	0	0	0	0	458	583	
11	0	0	0	0	447	609	
12	0	0	0	0	435	614	
13	0	0	0	0	426	620	
14	0	0	0	0	421	652	
15	0	0	0	0	424	667	
0	0	0	0	0	429	649	
1	0	0	0	0	438	627	
2	0	0	0	0	444	633	
3	0	0	0	0	444	617	
4	0	0	0	0	444	634	
5	0	0	0	0	445	621	
6	0	0	0	0	449	607	
7	0	0	0	0	451	595	
8	0	0	0	0	449	597	
9	0	0	0	0	448	599	
10	0	0	0	0	451	600	
11	0	0	0	0	453	612	
12	0	0	0	0	453	593	
13	0	0	0	0	451	551	
14	0	0	0	0	455	526	
15	0	0	0	0	456	511	
0	0	0	0	0	455	501	
1	0	0	0	0	455	457	
2	0	0	0	0	458	452	
3	0	0	0	0	459	463	
4	0	0	0	0	460	488	
5	0	0	0	0	464	533	
6	0	0	0	0	471	565	
7	0	0	0	0	480	604	
8	0	0	0	0	488	620	
9	0	0	0	0	496	647	
10	0	0	0	0	504	639	
11	0	0	0	0	514	622	
12	0	0	0	0	519	556	
13	0	0	0	0	523	506	
14	0	0	0	0	525	505	
15	0	0	0	0	530	529	
0	0	0	0	0	537	535	
1	0	0	0	0	547	510	
2	0	0	0	0	553	467	
3	0	0	0	0	555	471	
4	0	0	0	0	555	493	
5	0	0	0	0	557	476	
6	0	0	0	0	560	463	
7	0	0	0	0	564	438	
8	0	0	0	0	563	416	
9	0	0	0	0	559	368	
10	0	0	0	0	550	352	
11	0	0	0	0	538	367	
12	0	0	0	0	533	414	
13	0	0	0	0	527	451	
14	0	0	0	0	516	467	
15	0	0	0	0	504	503	
0	0	0	0	0	497	536	
1	0	0	0	0	495	556	
2	0	0	0	0	501	554	
3	0	0	0	0	505	534	
4	0	0	0	0	509	536	
5	0	0	0	0	511	544	
6	0	0	0	0	519	555	
7	0	0	0	0	524	519	
8	0	0	0	0	522	477	
9	0	0	0	0	523	461	
10	0	0	0	0	526	481	
11	0	0	0	0	527	480	
12	0	0	0	0	530	476	
13	0	0	0	0	530	475	
14	0	0	0	0	527	471	
15	0	0	0	0	524	460	
0	0	0	0	0	521	472	
1	0	0	0	0	520	475	
2	0	0	0	0	524	485	
3	0	0	0	0	524	456	
4	0	0	0	0	523	440	
5	0	0	0	0	523	435	
6	0	0	0	0	524	465	
7	0	0	0	0	517	505	
8	0	0	0	0	508	541	
9	0	0	0	0	492	580	
10	0	0	0	0	480	567	
11	0	0	0	0	470	556	
12	0	0	0	0	462	584	
13	0	0	0	0	454	588	
14	0	0	0	0	447	559	
15	0	0	0	0	447	564	
0	0	0	0	0	448	574	
1	0	0	0	0	452	620	
2	0	0	0	0	456	638	
3	0	0	0	0	462	647	
4	0	0	0	0	475	683	
5	0	0	0	0	488	687	
6	0	0	0	0	495	627	
7	0	0	0	0	495	590	
8	0	0	0	0	494	553	
9	0	0	0	0	490	541	
10	0	0	0	0	487	531	
11	0	0	0	0	483	496	
12	0	0	0	0	478	472	
13	0	0	0	0	475	443	
14	0	0	0	0	476	427	
15	0	0	0	0	478	426	
0	0	0	0	0	481	402	
1	0	0	0	0	487	364	
2	0	0	0	0	488	360	
3	0	0	0	0	490	369	
4	0	0	0	0	496	409	
5	0	0	0	0	511	408	
6	0	0	0	0	519	377	
7	0	0	0	0	519	415	
8	0	0	0	0	515	477	
9	0	0	0	0	511	508	
10	0	0	0	0	508	551	
11	0	0	0	0	502	573	
12	0	0	0	0	497	601	
13	0	0	0	0	494	570	
14	0	0	0	0	487	516	
15	0	0	0	0	474	498	
0	0	0	0	0	460	487	
1	0	0	0	0	451	519	
2	0	0	0	0	450	557	
3	0	0	0	0	456	571	
4	0	0	0	0	461	575	
5	0	0	0	0	460	572	
6	0	0	0	0	456	537	
7	0	0	0	0	454	508	
8	0	0	0	0	450	477	
9	0	0	0	0	452	449	
10	0	0	0	0	454	461	
11	0	0	0	0	456	490	
12	0	0	0	0	458	524	
13	0	0	0	0	458	531	
14	0	0	0	0	460	520	
15	0	0	0	0	458	521	
0	0	0	0	0	453	533	
1	0	0	0	0	448	532	
2	0	0	0	0	444	508	
3	0	0	0	0	446	475	
4	0	0	0	0	447	486	
5	0	0	0	0	449	487	
6	0	0	0	0	453	532	
7	0	0	0	0	460	542	
8	0	0	0	0	463	535	
9	0	0	0	0	463	556	
10	0	0	0	0	460	543	
11	0	0	0	0	454	543	
12	0	0	0	0	444	565	
13	0	0	0	0	434	590	
14	0	0	0	0	423	601	
15	0	0	0	0	417	561	
0	0	0	0	0	418	529	
1	0	0	0	0	423	494	
2	0	0	0	0	423	457	
3	0	0	0	0	426	420	
4	0	0	0	0	435	451	
5	0	0	0	0	441	469	
6	0	0	0	0	438	420	
7	0	0	0	0	437	433	
8	0	0	0	0	443	474	
9	0	0	0	0	452	497	
10	0	0	0	0	462	525	
11	0	0	0	0	472	517	
12	0	0	0	0	484	537	
13	0	0	0	0	491	541	
14	0	0	0	0	492	555	
15	0	0	0	0	495	584	
0	0	0	0	0	503	620	
1	0	0	0	0	512	600	
2	0	0	0	0	521	553	
3	0	0	0	0	523	525	
4	0	0	0	0	522	522	
5	0	0	0	0	517	535	
6	0	0	0	0	512	554	
7	0	0	0	0	509	572	
8	0	0	0	0	515	595	
9	0	0	0	0	525	595	
10	0	0	0	0	532	590	
11	0	0	0	0	532	524	
12	0	0	0	0	526	465	
13	0	0	0	0	525	399	
14	0	0	0	0	536	375	
15	0	0	0	0	546	363	
0	0	0	0	0	549	359	
1	0	0	0	0	547	369	
2	0	0	0	0	542	398	
3	0	0	0	0	540	419	
4	0	0	0	0	536	445	
5	0	0	0	0	531	480	
6	0	0	0	0	524	513	
7	0	0	0	0	516	519	
8	0	0	0	0	511	509	
9	0	0	0	0	508	506	
10	0	0	0	0	501	498	
11	0	0	0	0	494	507	
12	0	0	0	0	494	521	
13	0	0	0	0	497	564	
14	0	0	0	0	499	568	
15	0	0	0	0	499	540	
0	0	0	0	0	500	516	
1	0	0	0	0	497	523	
2	0	0	0	0	495	504	
3	0	0	0	0	497	506	
4	0	0	0	0	501	530	
5	0	0	0	0	510	566	
6	0	0	0	0	521	555	
7	0	0	0	0	534	532	
8	0	0	0	0	549	487	
9	0	0	0	0	559	443	
10	0	0	0	0	563	419	
11	0	0	0	0	564	441	
12	0	0	0	0	567	476	
13	0	0	0	0	566	490	
14	0	0	0	0	563	507	
15	0	0	0	0	560	557	
0	0	0	0	0	556	608	
1	0	0	0	0	553	617	
2	0	0	0	0	546	644	
3	0	0	0	0	539	657	
4	0	0	0	0	539	632	
5	0	0	0	0	538	615	
6	0	0	0	0	537	613	
7	0	0	0	0	538	573	
8	0	0	0	0	535	563	
9	0	0	0	0	532	496	
10	0	0	0	0	526	465	
11	0	0	0	0	523	473	
12	0	0	0	0	525	466	
13	0	0	0	0	526	502	
14	0	0	0	0	525	484	
15	0	0	0	0	525	477	
0	0	0	0	0	521	496	
1	0	0	0	0	523	510	
2	0	0	0	0	534	538	
3	0	0	0	0	543	558	
4	0	0	0	0	549	576	
5	0	0	0	0	559	547	
6	0	0	0	0	569	505	
7	0	0	0	0	579	517	
8	0	0	0	0	585	506	
9	0	0	0	0	590	512	
10	0	0	0	0	591	529	
11	0	0	0	0	593	543	
12	0	0	0	0	595	563	
13	0	0	0	0	594	574	
14	0	0	0	0	591	538	
15	0	0	0	0	585	483	
0	0	0	0	0	579	433	
1	0	0	0	0	575	428	
2	0	0	0	0	573	451	
3	0	0	0	0	568	444	
4	0	0	0	0	564	471	
5	0	0	0	0	563	486	
6	0	0	0	0	566	461	
7	0	0	0	0	568	440	
8	0	0	0	0	570	438	
9	0	0	0	0	575	443	
10	0	0	0	0	585	461	
11	0	0	0	0	591	427	
12	0	0	0	0	595	427	
13	0	0	0	0	593	471	
14	0	0	0	0	593	543	
15	0	0	0	0	593	574	
0	0	0	0	0	593	571	
1	0	0	0	0	590	529	
2	0	0	0	0	589	502	
3	0	0	0	0	583	471	
4	0	0	0	0	577	507	
5	0	0	0	0	575	534	
6	0	0	0	0	568	561	
7	0	0	0	0	560	551	
8	0	0	0	0	561	510	
9	0	0	0	0	564	459	
10	0	0	0	0	566	446	
11	0	0	0	0	567	485	
12	0	0	0	0	562	536	
13	0	0	0	0	554	550	
14	0	0	0	0	546	534	
15	0	0	0	0	543	519	
0	0	0	0	0	543	467	
1	0	0	0	0	547	424	
2	0	0	0	0	553	368	
3	0	0	0	0	556	341	
4	0	0	0	0	552	347	
5	0	0	0	0	547	320	
6	0	0	0	0	551	306	
7	0	0	0	0	556	308	
8	0	0	0	0	560	361	
9	0	0	0	0	563	458	
10	0	0	0	0	565	531	
11	0	0	0	0	567	563	
12	0	0	0	0	563	558	
13	0	0	0	0	561	558	
14	0	0	0	0	563	537	
15	0	0	0	0	572	522	
0	0	0	0	0	579	519	
1	0	0	0	0	588	492	
2	0	0	0	0	591	450	
3	0	0	0	0	588	440	
4	0	0	0	0	582	415	
5	0	0	0	0	578	400	
6	0	0	0	0	572	423	
7	0	0	0	0	563	470	
8	0	0	0	0	553	462	
9	0	0	0	0	544	415	
10	0	0	0	0	540	406	
11	0	0	0	0	540	408	
12	0	0	0	0	546	446	
13	0	0	0	0	555	496	
14	0	0	0	0	561	504	
15	0	0	0	0	567	499	
0	0	0	0	0	571	512	
1	0	0	0	0	577	533	
2	0	0	0	0	587	543	
3	0	0	0	0	595	557	
4	0	0	0	0	599	579	
5	0	0	0	0	592	569	
6	0	0	0	0	584	551	
7	0	0	0	0	575	549	
8	0	0	0	0	561	558	
9	0	0	0	0	547	557	
10	0	0	0	0	533	560	
11	0	0	0	0	522	544	
12	0	0	0	0	513	518	
13	0	0	0	0	500	475	
14	0	0	0	0	487	467	
15	0	0	0	0	476	443	
0	0	0	0	0	475	422	
1	0	0	0	0	485	444	
2	0	0	0	0	497	478	
3	0	0	0	0	503	473	
4	0	0	0	0	507	464	
5	0	0	0	0	513	452	
6	0	0	0	0	521	462	
7	0	0	0	0	526	508	
8	0	0	0	0	526	527	
9	0	0	0	0	524	502	
10	0	0	0	0	529	500	
11	0	0	0	0	536	491	
12	0	0	0	0	545	480	
13	0	0	0	0	547	478	
14	0	0	0	0	549	483	
15	0	0	0	0	555	493	
0	0	0	0	0	559	472	
1	0	0	0	0	561	487	
2	0	0	0	0	558	482	
3	0	0	0	0	550	491	
4	0	0	0	0	542	519	
5	0	0	0	0	534	503	
6	0	0	0	0	539	486	
7	0	0	0	0	548	463	
8	0	0	0	0	551	498	
9	0	0	0	0	542	530	
10	0	0	0	0	528	589	
11	0	0	0	0	516	614	
12	0	0	0	0	507	568	
13	0	0	0	0	500	508	
14	0	0	0	0	494	457	
15	0	0	0	0	483	455	
0	0	0	0	0	469	483	
1	0	0	0	0	452	491	
2	0	0	0	0	440	512	
3	0	0	0	0	430	524	
4	0	0	0	0	428	539	
5	0	0	0	0	426	513	
6	0	0	0	0	421	522	
7	0	0	0	0	412	563	
8	0	0	0	0	406	616	
9	0	0	0	0	405	664	
10	0	0	0	0	410	665	
11	0	0	0	0	423	664	
12	0	0	0	0	436	672	
13	0	0	0	0	448	697	
14	0	0	0	0	460	715	
15	0	0	0	0	476	704	
0	0	0	0	0	485	700	
1	0	0	0	0	493	658	
2	0	0	0	0	500	620	
3	0	0	0	0	499	561	
4	0	0	0	0	494	536	
5	0	0	0	0	489	521	
6	0	0	0	0	481	525	
7	0	0	0	0	470	547	
8	0	0	0	0	463	578	
9	0	0	0	0	463	553	
10	0	0	0	0	463	540	
11	0	0	0	0	467	536	
12	0	0	0	0	470	524	
13	0	0	0	0	468	529	
14	0	0	0	0	464	547	
15	0	0	0	0	459	591	
0	0	0	0	0	457	583	
1	0	0	0	0	457	591	
2	0	0	0	0	456	607	
3	0	0	0	0	454	620	
4	0	0	0	0	454	606	
5	0	0	0	0	455	607	
6	0	0	0	0	456	575	
7	0	0	0	0	456	590	
8	0	0	0	0	455	568	
9	0	0	0	0	459	547	
10	0	0	0	0	464	562	
11	0	0	0	0	466	577	
12	0	0	0	0	472	588	
13	0	0	0	0	475	560	
14	0	0	0	0	478	539	
15	0	0	0	0	486	547	
0	0	0	0	0	494	524	
1	0	0	0	0	499	481	
2	0	0	0	0	505	471	
3	0	0	0	0	511	458	
4	0	0	0	0	518	490	
5	0	0	0	0	525	519	
6	0	0	0	0	535	518	
7	0	0	0	0	544	495	
8	0	0	0	0	551	504	
9	0	0	0	0	550	492	
10	0	0	0	0	547	515	
11	0	0	0	0	544	527	
12	0	0	0	0	541	517	
13	0	0	0	0	541	530	
14	0	0	0	0	537	506	
15	0	0	0	0	536	516	
0	0	0	0	0	539	487	
1	0	0	0	0	536	493	
2	0	0	0	0	527	477	
3	0	0	0	0	518	467	
4	0	0	0	0	509	473	
5	0	0	0	0	500	483	
6	0	0	0	0	486	504	
7	0	0	0	0	464	511	
8	0	0	0	0	445	502	
9	0	0	0	0	426	500	
10	0	0	0	0	411	500	
11	0	0	0	0	403	546	
12	0	0	0	0	402	532	
13	0	0	0	0	404	501	
14	0	0	0	0	407	490	
15	0	0	0	0	414	495	
0	0	0	0	0	425	508	
1	0	0	0	0	436	532	
2	0	0	0	0	453	536	
3	0	0	0	0	472	481	
4	0	0	0	0	491	457	
5	0	0	0	0	510	443	
6	0	0	0	0	525	446	
7	0	0	0	0	534	473	
8	0	0	0	0	539	502	
9	0	0	0	0	539	514	
10	0	0	0	0	534	500	
11	0	0	0	0	529	498	
12	0	0	0	0	524	501	
13	0	0	0	0	523	498	
14	0	0	0	0	523	523	
15	0	0	0	0	520	553	
0	0	0	0	0	517	551	
1	0	0	0	0	514	529	
2	0	0	0	0	510	485	
3	0	0	0	0	506	462	
4	0	0	0	0	502	460	
5	0	0	0	0	496	492	
6	0	0	0	0	493	504	
7	0	0	0	0	486	530	
8	0	0	0	0	477	556	
9	0	0	0	0	472	550	
10	0	0	0	0	471	519	
11	0	0	0	0	471	496	
12	0	0	0	0	472	512	
13	0	0	0	0	477	552	
14	0	0	0	0	481	568	
15	0	0	0	0	485	555	
0	0	0	0	0	487	532	
1	0	0	0	0	489	518	
2	0	0	0	0	491	506	
3	0	0	0	0	497	493	
4	0	0	0	0	503	480	
5	0	0	0	0	509	494	
6	0	0	0	0	510	504	
7	0	0	0	0	507	504	
8	0	0	0	0	505	522	
9	0	0	0	0	506	504	
10	0	0	0	0	511	494	
11	0	0	0	0	519	468	
12	0	0	0	0	526	468	
13	0	0	0	0	528	466	
14	0	0	0	0	529	465	
15	0	0	0	0	532	464	
0	0	0	0	0	535	446	
1	0	0	0	0	538	424	
2	0	0	0	0	540	428	
3	0	0	0	0	541	449	
4	0	0	0	0	541	459	
5	0	0	0	0	542	449	
6	0	0	0	0	547	480	
7	0	0	0	0	548	510	
8	0	0	0	0	542	545	
9	0	0	0	0	532	560	
10	0	0	0	0	524	559	
11	0	0	0	0	517	560	
12	0	0	0	0	512	544	
13	0	0	0	0	512	512	
14	0	0	0	0	510	499	
15	0	0	0	0	502	456	
0	0	0	0	0	500	476	
1	0	0	0	0	503	479	
2	0	0	0	0	507	454	
3	0	0	0	0	513	494	
4	0	0	0	0	525	534	
5	0	0	0	0	538	552	
6	0	0	0	0	550	540	
7	0	0	0	0	556	540	
8	0	0	0	0	564	524	
9	0	0	0	0	566	487	
10	0	0	0	0	571	504	
11	0	0	0	0	574	523	
12	0	0	0	0	573	542	
13	0	0	0	0	572	567	
14	0	0	0	0	575	581	
15	0	0	0	0	578	552	
0	0	0	0	0	575	520	
1	0	0	0	0	563	497	
2	0	0	0	0	546	508	
3	0	0	0	0	533	520	
4	0	0	0	0	527	554	
5	0	0	0	0	515	590	
6	0	0	0	0	500	608	
7	0	0	0	0	480	615	
8	0	0	0	0	463	583	
9	0	0	0	0	453	580	
10	0	0	0	0	449	574	
11	0	0	0	0	446	524	
12	0	0	0	0	443	493	
13	0	0	0	0	444	485	
14	0	0	0	0	449	495	
15	0	0	0	0	460	487	
0	0	0	0	0	478	473	
1	0	0	0	0	495	486	
2	0	0	0	0	508	504	
3	0	0	0	0	516	511	
4	0	0	0	0	527	542	
5	0	0	0	0	536	568	
6	0	0	0	0	544	589	
7	0	0	0	0	551	589	
8	0	0	0	0	557	585	
9	0	0	0	0	566	558	
10	0	0	0	0	575	523	
11	0	0	0	0	583	526	
12	0	0	0	0	592	535	
13	0	0	0	0	593	515	
14	0	0	0	0	589	506	
15	0	0	0	0	580	519	
0	0	0	0	0	573	492	
1	0	0	0	0	569	475	
2	0	0	0	0	561	458	
3	0	0	0	0	551	455	
4	0	0	0	0	542	444	
5	0	0	0	0	540	449	
6	0	0	0	0	540	473	
7	0	0	0	0	540	504	
8	0	0	0	0	539	559	
9	0	0	0	0	532	596	
10	0	0	0	0	526	576	
11	0	0	0	0	522	532	
12	0	0	0	0	518	508	
13	0	0	0	0	515	526	
14	0	0	0	0	510	504	
15	0	0	0	0	503	467	
0	0	0	0	0	501	435	
1	0	0	0	0	500	424	
2	0	0	0	0	506	424	
3	0	0	0	0	511	441	
4	0	0	0	0	512	473	
5	0	0	0	0	519	487	
6	0	0	0	0	528	530	
7	0	0	0	0	542	563	
8	0	0	0	0	558	575	
9	0	0	0	0	578	582	
10	0	0	0	0	601	545	
11	0	0	0	0	616	491	
12	0	0	0	0	619	415	
13	0	0	0	0	611	391	
14	0	0	0	0	600	423	
15	0	0	0	0	594	496	
0	0	0	0	0	588	586	
1	0	0	0	0	584	658	
2	0	0	0	0	579	652	
3	0	0	0	0	572	606	
4	0	0	0	0	566	580	
5	0	0	0	0	559	540	
6	0	0	0	0	546	479	
7	0	0	0	0	531	434	
8	0	0	0	0	516	476	
9	0	0	0	0	501	528	
10	0	0	0	0	486	539	
11	0	0	0	0	473	547	
12	0	0	0	0	460	551	
13	0	0	0	0	447	561	
14	0	0	0	0	440	556	
15	0	0	0	0	436	556	
0	0	0	0	0	441	576	
1	0	0	0	0	452	576	
2	0	0	0	0	467	541	
3	0	0	0	0	481	508	
4	0	0	0	0	492	529	
5	0	0	0	0	499	535	
6	0	0	0	0	505	551	
7	0	0	0	0	516	539	
8	0	0	0	0	527	595	
9	0	0	0	0	533	591	
10	0	0	0	0	537	585	
11	0	0	0	0	540	593	
12	0	0	0	0	537	591	
13	0	0	0	0	531	567	
14	0	0	0	0	519	556	
15	0	0	0	0	505	543	
0	0	0	0	0	493	533	
1	0	0	0	0	483	542	
2	0	0	0	0	468	562	
3	0	0	0	0	454	565	
4	0	0	0	0	443	576	
5	0	0	0	0	438	613	
6	0	0	0	0	444	647	
7	0	0	0	0	448	633	
8	0	0	0	0	449	602	
9	0	0	0	0	448	578	
10	0	0	0	0	443	601	
11	0	0	0	0	438	635	
12	0	0	0	0	433	649	
13	0	0	0	0	434	634	
14	0	0	0	0	440	614	
15	0	0	0	0	444	585	
0	0	0	0	0	449	575	
1	0	0	0	0	456	583	
2	0	0	0	0	462	591	
3	0	0	0	0	469	587	
4	0	0	0	0	479	568	
5	0	0	0	0	483	528	
6	0	0	0	0	487	490	
7	0	0	0	0	494	492	
8	0	0	0	0	497	487	
9	0	0	0	0	499	492	
10	0	0	0	0	500	470	
11	0	0	0	0	503	448	
12	0	0	0	0	500	421	
13	0	0	0	0	498	440	
14	0	0	0	0	492	463	
15	0	0	0	0	482	476	
0	0	0	0	0	475	502	
1	0	0	0	0	472	516	
2	0	0	0	0	472	524	
3	0	0	0	0	479	503	
4	0	0	0	0	486	498	
5	0	0	0	0	496	478	
6	0	0	0	0	510	455	
7	0	0	0	0	528	463	
8	0	0	0	0	545	489	
9	0	0	0	0	560	518	
10	0	0	0	0	571	536	
11	0	0	0	0	579	551	
12	0	0	0	0	578	567	
13	0	0	0	0	570	545	
14	0	0	0	0	558	516	
15	0	0	0	0	544	532	
0	0	0	0	0	531	548	
1	0	0	0	0	519	572	
2	0	0	0	0	509	591	
3	0	0	0	0	500	612	
4	0	0	0	0	493	571	
5	0	0	0	0	491	547	
6	0	0	0	0	491	491	
7	0	0	0	0	494	456	
8	0	0	0	0	497	438	
9	0	0	0	0	501	457	
10	0	0	0	0	505	500	
11	0	0	0	0	508	518	
12	0	0	0	0	513	533	
13	0	0	0	0	520	565	
14	0	0	0	0	531	579	
15	0	0	0	0	543	591	
0	0	0	0	0	558	544	
1	0	0	0	0	570	519	
2	0	0	0	0	579	478	
3	0	0	0	0	593	449	
4	0	0	0	0	608	465	
5	0	0	0	0	617	481	
6	0	0	0	0	622	488	
7	0	0	0	0	623	454	
8	0	0	0	0	627	396	
9	0	0	0	0	640	387	
10	0	0	0	0	649	409	
11	0	0	0	0	647	414	
12	0	0	0	0	632	435	
13	0	0	0	0	614	428	
14	0	0	0	0	592	428	
15	0	0	0	0	570	449	
0	0	0	0	0	545	465	
1	0	0	0	0	519	478	
2	0	0	0	0	495	500	
3	0	0	0	0	476	510	
4	0	0	0	0	465	520	
5	0	0	0	0	459	506	
6	0	0	0	0	456	481	
7	0	0	0	0	458	497	
8	0	0	0	0	467	520	
9	0	0	0	0	481	527	
10	0	0	0	0	496	531	
11	0	0	0	0	513	555	
12	0	0	0	0	529	531	
13	0	0	0	0	547	511	
14	0	0	0	0	568	504	
15	0	0	0	0	584	461	
0	0	0	0	0	592	440	
1	0	0	0	0	595	426	
2	0	0	0	0	590	427	
3	0	0	0	0	579	432	
4	0	0	0	0	562	458	
5	0	0	0	0	550	449	
6	0	0	0	0	547	438	
7	0	0	0	0	548	449	
8	0	0	0	0	542	441	
9	0	0	0	0	531	448	
10	0	0	0	0	519	436	
11	0	0	0	0	513	450	
12	0	0	0	0	511	481	
13	0	0	0	0	517	517	
14	0	0	0	0	533	546	
15	0	0	0	0	551	551	
0	0	0	0	0	564	572	
1	0	0	0	0	573	555	
2	0	0	0	0	581	522	
3	0	0	0	0	583	467	
4	0	0	0	0	588	459	
5	0	0	0	0	599	419	
6	0	0	0	0	601	384	
7	0	0	0	0	592	391	
8	0	0	0	0	582	423	
9	0	0	0	0	572	481	
10	0	0	0	0	564	496	
11	0	0	0	0	559	478	
12	0	0	0	0	556	489	
13	0	0	0	0	550	484	
14	0	0	0	0	545	491	
15	0	0	0	0	545	524	
0	0	0	0	0	543	535	
1	0	0	0	0	542	547	
2	0	0	0	0	538	548	
3	0	0	0	0	532	537	
4	0	0	0	0	531	550	
5	0	0	0	0	532	523	
6	0	0	0	0	528	531	
7	0	0	0	0	526	577	
8	0	0	0	0	527	633	
9	0	0	0	0	531	643	
10	0	0	0	0	536	620	
11	0	0	0	0	543	515	
12	0	0	0	0	551	448	
13	0	0	0	0	556	423	
14	0	0	0	0	563	441	
15	0	0	0	0	571	473	
0	0	0	0	0	574	496	
1	0	0	0	0	575	492	
2	0	0	0	0	574	462	
3	0	0	0	0	569	408	
4	0	0	0	0	565	391	
5	0	0	0	0	569	401	
6	0	0	0	0	571	399	
7	0	0	0	0	568	402	
8	0	0	0	0	563	431	
9	0	0	0	0	563	480	
10	0	0	0	0	558	506	
11	0	0	0	0	551	505	
12	0	0	0	0	548	519	
13	0	0	0	0	553	527	
14	0	0	0	0	559	504	
15	0	0	0	0	559	483	
0	0	0	0	0	557	456	
1	0	0	0	0	556	456	
2	0	0	0	0	553	463	
3	0	0	0	0	550	485	
4	0	0	0	0	548	484	
5	0	0	0	0	549	490	
6	0	0	0	0	547	473	
7	0	0	0	0	537	445	
8	0	0	0	0	524	456	
9	0	0	0	0	511	479	
10	0	0	0	0	497	481	
11	0	0	0	0	487	520	
12	0	0	0	0	479	552	
13	0	0	0	0	475	597	
14	0	0	0	0	473	645	
15	0	0	0	0	472	673	
0	0	0	0	0	474	659	
1	0	0	0	0	480	658	
2	0	0	0	0	497	610	
3	0	0	0	0	521	562	
4	0	0	0	0	544	542	
5	0	0	0	0	562	510	
6	0	0	0	0	572	457	
7	0	0	0	0	572	447	
8	0	0	0	0	572	465	
9	0	0	0	0	570	453	
10	0	0	0	0	563	460	
11	0	0	0	0	556	467	
12	0	0	0	0	549	471	
13	0	0	0	0	539	437	
14	0	0	0	0	530	412	
15	0	0	0	0	524	411	
0	0	0	0	0	523	454	
1	0	0	0	0	522	475	
2	0	0	0	0	524	487	
3	0	0	0	0	524	502	
4	0	0	0	0	530	516	
5	0	0	0	0	533	490	
6	0	0	0	0	530	467	
7	0	0	0	0	527	484	
8	0	0	0	0	526	514	
9	0	0	0	0	527	568	
10	0	0	0	0	529	585	
11	0	0	0	0	531	515	
12	0	0	0	0	529	461	
13	0	0	0	0	523	452	
14	0	0	0	0	509	483	
15	0	0	0	0	499	509	
0	0	0	0	0	489	532	
1	0	0	0	0	481	555	
2	0	0	0	0	485	538	
3	0	0	0	0	492	559	
4	0	0	0	0	499	555	
5	0	0	0	0	507	562	
6	0	0	0	0	511	585	
7	0	0	0	0	511	606	
8	0	0	0	0	509	622	
9	0	0	0	0	508	662	
10	0	0	0	0	506	646	
11	0	0	0	0	503	582	
12	0	0	0	0	498	526	
13	0	0	0	0	493	501	
14	0	0	0	0	495	539	
15	0	0	0	0	494	561	
0	0	0	0	0	485	539	
1	0	0	0	0	477	540	
2	0	0	0	0	474	530	
3	0	0	0	0	479	565	
4	0	0	0	0	480	569	
5	0	0	0	0	478	588	
6	0	0	0	0	472	625	
7	0	0	0	0	464	644	
8	0	0	0	0	458	647	
9	0	0	0	0	448	653	
10	0	0	0	0	437	646	
11	0	0	0	0	434	645	
12	0	0	0	0	431	647	
13	0	0	0	0	430	675	
14	0	0	0	0	429	695	
15	0	0	0	0	425	660	
0	0	0	0	0	419	621	
1	0	0	0	0	414	553	
2	0	0	0	0	413	511	
3	0	0	0	0	419	519	
4	0	0	0	0	430	531	
5	0	0	0	0	448	536	
6	0	0	0	0	464	632	
7	0	0	0	0	473	680	
8	0	0	0	0	476	674	
9	0	0	0	0	473	654	
10	0	0	0	0	469	616	
11	0	0	0	0	460	585	
12	0	0	0	0	451	597	
13	0	0	0	0	441	584	
14	0	0	0	0	433	590	
15	0	0	0	0	424	544	
0	0	0	0	0	417	512	
1	0	0	0	0	413	521	
2	0	0	0	0	411	566	
3	0	0	0	0	414	598	
4	0	0	0	0	422	633	
5	0	0	0	0	421	654	
6	0	0	0	0	416	642	
7	0	0	0	0	411	641	
8	0	0	0	0	404	604	
9	0	0	0	0	403	543	
10	0	0	0	0	401	550	
11	0	0	0	0	407	540	
12	0	0	0	0	414	533	
13	0	0	0	0	423	537	
14	0	0	0	0	432	572	
15	0	0	0	0	438	577	
0	0	0	0	0	441	558	
1	0	0	0	0	443	529	
2	0	0	0	0	448	496	
3	0	0	0	0	454	492	
4	0	0	0	0	457	474	
5	0	0	0	0	464	484	
6	0	0	0	0	475	483	
7	0	0	0	0	487	500	
8	0	0	0	0	496	524	
9	0	0	0	0	508	545	
10	0	0	0	0	516	512	
11	0	0	0	0	523	474	
12	0	0	0	0	524	485	
13	0	0	0	0	520	481	
14	0	0	0	0	512	430	
15	0	0	0	0	506	420	
0	0	0	0	0	506	460	
1	0	0	0	0	508	518	
2	0	0	0	0	511	545	
3	0	0	0	0	517	565	
4	0	0	0	0	526	594	
5	0	0	0	0	536	583	
6	0	0	0	0	545	567	
7	0	0	0	0	547	552	
8	0	0	0	0	542	531	
9	0	0	0	0	531	521	
10	0	0	0	0	515	495	
11	0	0	0	0	501	490	
12	0	0	0	0	489	492	
13	0	0	0	0	481	499	
14	0	0	0	0	476	517	
15	0	0	0	0	470	536	
0	0	0	0	0	470	543	
1	0	0	0	0	469	568	
2	0	0	0	0	464	612	
3	0	0	0	0	457	604	
4	0	0	0	0	451	601	
5	0	0	0	0	450	561	
6	0	0	0	0	456	500	
7	0	0	0	0	466	479	
8	0	0	0	0	476	479	
9	0	0	0	0	484	491	
10	0	0	0	0	500	515	
11	0	0	0	0	518	511	
12	0	0	0	0	535	484	
13	0	0	0	0	547	458	
14	0	0	0	0	553	420	
15	0	0	0	0	552	415	
0	0	0	0	0	548	422	
1	0	0	0	0	544	407	
2	0	0	0	0	541	422	
3	0	0	0	0	541	446	
4	0	0	0	0	543	461	
5	0	0	0	0	544	476	
6	0	0	0	0	543	482	
7	0	0	0	0	537	477	
8	0	0	0	0	530	462	
9	0	0	0	0	522	476	
10	0	0	0	0	516	529	
11	0	0	0	0	511	540	
12	0	0	0	0	505	547	
13	0	0	0	0	502	529	
14	0	0	0	0	504	517	
15	0	0	0	0	510	524	
0	0	0	0	0	512	517	
1	0	0	0	0	510	512	
2	0	0	0	0	509	522	
3	0	0	0	0	511	503	
4	0	0	0	0	511	468	
5	0	0	0	0	511	455	
6	0	0	0	0	509	448	
7	0	0	0	0	507	458	
8	0	0	0	0	500	468	
9	0	0	0	0	492	480	
10	0	0	0	0	483	506	
11	0	0	0	0	476	480	
12	0	0	0	0	471	440	
13	0	0	0	0	464	412	
14	0	0	0	0	459	410	
15	0	0	0	0	451	415	
0	0	0	0	0	446	415	
1	0	0	0	0	441	406	
2	0	0	0	0	435	418	
3	0	0	0	0	428	435	
4	0	0	0	0	415	431	
5	0	0	0	0	405	408	
6	0	0	0	0	398	451	
7	0	0	0	0	397	480	
8	0	0	0	0	402	523	
9	0	0	0	0	406	535	
10	0	0	0	0	413	513	
11	0	0	0	0	420	485	
12	0	0	0	0	428	480	
13	0	0	0	0	433	466	
14	0	0	0	0	436	447	
15	0	0	0	0	439	457	
0	0	0	0	0	440	492	
1	0	0	0	0	440	511	
2	0	0	0	0	446	542	
3	0	0	0	0	452	560	
4	0	0	0	0	460	579	
5	0	0	0	0	462	573	
6	0	0	0	0	462	567	
7	0	0	0	0	460	572	
8	0	0	0	0	457	591	
9	0	0	0	0	456	591	
10	0	0	0	0	457	582	
11	0	0	0	0	458	547	
12	0	0	0	0	457	536	
13	0	0	0	0	453	547	
14	0	0	0	0	448	549	
15	0	0	0	0	446	576	
0	0	0	0	0	449	585	
1	0	0	0	0	453	585	
2	0	0	0	0	457	537	
3	0	0	0	0	458	486	
4	0	0	0	0	461	508	
5	0	0	0	0	464	536	
6	0	0	0	0	467	528	
7	0	0	0	0	467	486	
8	0	0	0	0	465	473	
9	0	0	0	0	462	476	
10	0	0	0	0	460	513	
11	0	0	0	0	463	540	
12	0	0	0	0	463	586	
13	0	0	0	0	460	583	
14	0	0	0	0	462	587	
15	0	0	0	0	472	587	
0	0	0	0	0	492	587	
1	0	0	0	0	519	559	
2	0	0	0	0	535	553	
3	0	0	0	0	533	521	
4	0	0	0	0	521	505	
5	0	0	0	0	508	508	
6	0	0	0	0	497	518	
7	0	0	0	0	490	521	
8	0	0	0	0	485	531	
9	0	0	0	0	482	526	
10	0	0	0	0	483	537	
11	0	0	0	0	484	564	
12	0	0	0	0	489	580	
13	0	0	0	0	493	554	
14	0	0	0	0	500	531	
15	0	0	0	0	513	516	
0	0	0	0	0	527	496	
1	0	0	0	0	539	507	
2	0	0	0	0	546	542	
3	0	0	0	0	552	561	
4	0	0	0	0	559	547	
5	0	0	0	0	563	528	
6	0	0	0	0	567	495	
7	0	0	0	0	570	510	
8	0	0	0	0	574	505	
9	0	0	0	0	577	492	
10	0	0	0	0	583	488	
11	0	0	0	0	587	465	
12	0	0	0	0	587	471	
13	0	0	0	0	583	467	
14	0	0	0	0	579	433	
15	0	0	0	0	575	399	
0	0	0	0	0	572	423	
1	0	0	0	0	565	468	
2	0	0	0	0	558	524	
3	0	0	0	0	549	515	
4	0	0	0	0	541	485	
5	0	0	0	0	533	458	
6	0	0	0	0	520	448	
7	0	0	0	0	510	436	
8	0	0	0	0	495	463	
9	0	0	0	0	491	517	
10	0	0	0	0	492	518	
11	0	0	0	0	495	521	
12	0	0	0	0	499	519	
13	0	0	0	0	504	504	
14	0	0	0	0	505	495	
15	0	0	0	0	504	508	
0	0	0	0	0	499	505	
1	0	0	0	0	487	500	
2	0	0	0	0	484	494	
3	0	0	0	0	481	517	
4	0	0	0	0	481	568	
5	0	0	0	0	484	576	
6	0	0	0	0	491	553	
7	0	0	0	0	497	579	
8	0	0	0	0	505	596	
9	0	0	0	0	513	594	
10	0	0	0	0	515	608	
11	0	0	0	0	511	632	
12	0	0	0	0	504	614	
13	0	0	0	0	501	606	
14	0	0	0	0	515	605	
15	0	0	0	0	528	610	
0	0	0	0	0	535	637	
1	0	0	0	0	534	628	
2	0	0	0	0	529	611	
3	0	0	0	0	526	604	
4	0	0	0	0	525	614	
5	0	0	0	0	518	602	
6	0	0	0	0	507	548	
7	0	0	0	0	498	492	
8	0	0	0	0	493	472	
9	0	0	0	0	500	483	
10	0	0	0	0	516	460	
11	0	0	0	0	530	472	
12	0	0	0	0	538	436	
13	0	0	0	0	541	459	
14	0	0	0	0	537	468	
15	0	0	0	0	528	469	
0	0	0	0	0	521	502	
1	0	0	0	0	525	546	
2	0	0	0	0	529	498	
3	0	0	0	0	531	478	
4	0	0	0	0	532	475	
5	0	0	0	0	531	475	
6	0	0	0	0	528	469	
7	0	0	0	0	527	515	
8	0	0	0	0	527	515	
9	0	0	0	0	529	521	
10	0	0	0	0	531	530	
11	0	0	0	0	535	466	
12	0	0	0	0	542	409	
13	0	0	0	0	551	401	
14	0	0	0	0	560	409	
15	0	0	0	0	568	415	
0	0	0	0	0	575	389	
1	0	0	0	0	577	408	
2	0	0	0	0	585	444	
3	0	0	0	0	590	470	
4	0	0	0	0	588	486	
5	0	0	0	0	588	516	
6	0	0	0	0	585	499	
7	0	0	0	0	578	478	
8	0	0	0	0	564	469	
9	0	0	0	0	545	462	
10	0	0	0	0	532	451	
11	0	0	0	0	520	459	
12	0	0	0	0	505	471	
13	0	0	0	0	492	503	
14	0	0	0	0	477	537	
15	0	0	0	0	462	534	
0	0	0	0	0	449	524	
1	0	0	0	0	436	531	
2	0	0	0	0	418	537	
3	0	0	0	0	403	553	
4	0	0	0	0	390	563	
5	0	0	0	0	383	589	
6	0	0	0	0	376	591	
7	0	0	0	0	371	579	
8	0	0	0	0	377	579	
9	0	0	0	0	391	573	
10	0	0	0	0	416	539	
11	0	0	0	0	440	505	
12	0	0	0	0	458	532	
13	0	0	0	0	468	510	
14	0	0	0	0	469	492	
15	0	0	0	0	463	499	
0	0	0	0	0	455	488	
1	0	0	0	0	448	513	
2	0	0	0	0	441	551	
3	0	0	0	0	429	583	
4	0	0	0	0	413	598	
5	0	0	0	0	402	614	
6	0	0	0	0	399	604	
7	0	0	0	0	397	585	
8	0	0	0	0	399	577	
9	0	0	0	0	405	585	
10	0	0	0	0	411	600	
11	0	0	0	0	415	595	
12	0	0	0	0	419	556	
13	0	0	0	0	423	527	
14	0	0	0	0	423	478	
15	0	0	0	0	424	460	
0	0	0	0	0	430	461	
1	0	0	0	0	437	460	
2	0	0	0	0	444	448	
3	0	0	0	0	453	463	
4	0	0	0	0	464	477	
5	0	0	0	0	473	538	
6	0	0	0	0	476	586	
7	0	0	0	0	478	588	
8	0	0	0	0	480	567	
9	0	0	0	0	486	558	
10	0	0	0	0	494	574	
11	0	0	0	0	499	589	
12	0	0	0	0	506	586	
13	0	0	0	0	514	522	
14	0	0	0	0	519	498	
15	0	0	0	0	523	458	
0	0	0	0	0	521	438	
1	0	0	0	0	518	448	
2	0	0	0	0	513	492	
3	0	0	0	0	508	527	
4	0	0	0	0	503	504	
5	0	0	0	0	504	460	
6	0	0	0	0	507	425	
7	0	0	0	0	513	416	
8	0	0	0	0	520	397	
9	0	0	0	0	527	394	
10	0	0	0	0	536	426	
11	0	0	0	0	543	481	
12	0	0	0	0	546	534	
13	0	0	0	0	546	528	
14	0	0	0	0	544	527	
15	0	0	0	0	540	527	
0	0	0	0	0	539	460	
1	0	0	0	0	545	386	
2	0	0	0	0	547	356	
3	0	0	0	0	541	356	
4	0	0	0	0	531	327	
5	0	0	0	0	520	298	
6	0	0	0	0	516	323	
7	0	0	0	0	518	366	
8	0	0	0	0	524	424	
9	0	0	0	0	527	486	
10	0	0	0	0	523	537	
11	0	0	0	0	516	573	
12	0	0	0	0	510	568	
13	0	0	0	0	502	522	
14	0	0	0	0	496	515	
15	0	0	0	0	484	538	
0	0	0	0	0	479	569	
1	0	0	0	0	473	579	
2	0	0	0	0	475	571	
3	0	0	0	0	477	568	
4	0	0	0	0	482	568	
5	0	0	0	0	487	571	
6	0	0	0	0	489	560	
7	0	0	0	0	487	537	
8	0	0	0	0	486	542	
9	0	0	0	0	483	540	
10	0	0	0	0	481	538	
11	0	0	0	0	480	544	
12	0	0	0	0	480	568	
13	0	0	0	0	482	589	
14	0	0	0	0	484	571	
15	0	0	0	0	484	563	
0	0	0	0	0	487	575	
1	0	0	0	0	490	586	
2	0	0	0	0	491	574	
3	0	0	0	0	491	580	
4	0	0	0	0	488	551	
5	0	0	0	0	484	561	
6	0	0	0	0	481	554	
7	0	0	0	0	481	536	
8	0	0	0	0	481	544	
9	0	0	0	0	480	527	
10	0	0	0	0	476	520	
11	0	0	0	0	479	515	
12	0	0	0	0	490	528	
13	0	0	0	0	505	544	
14	0	0	0	0	522	519	
15	0	0	0	0	541	530	
0	0	0	0	0	566	553	
1	0	0	0	0	584	580	
2	0	0	0	0	591	636	
3	0	0	0	0	591	641	
4	0	0	0	0	585	583	
5	0	0	0	0	577	556	
6	0	0	0	0	568	547	
7	0	0	0	0	560	521	
8	0	0	0	0	554	504	
9	0	0	0	0	549	516	
10	0	0	0	0	540	503	
11	0	0	0	0	528	486	
12	0	0	0	0	515	489	
13	0	0	0	0	497	500	
14	0	0	0	0	480	506	
15	0	0	0	0	467	504	
0	0	0	0	0	456	515	
1	0	0	0	0	449	485	
2	0	0	0	0	447	452	
3	0	0	0	0	446	446	
4	0	0	0	0	448	452	
5	0	0	0	0	451	462	
6	0	0	0	0	455	521	
7	0	0	0	0	455	564	
8	0	0	0	0	453	596	
9	0	0	0	0	454	589	
10	0	0	0	0	455	583	
11	0	0	0	0	457	598	
12	0	0	0	0	454	607	
13	0	0	0	0	452	605	
14	0	0	0	0	453	586	
15	0	0	0	0	455	555	
0	0	0	0	0	463	548	
1	0	0	0	0	471	563	
2	0	0	0	0	478	585	
3	0	0	0	0	487	596	
4	0	0	0	0	491	592	
5	0	0	0	0	486	593	
6	0	0	0	0	479	590	
7	0	0	0	0	471	597	
8	0	0	0	0	465	596	
9	0	0	0	0	462	610	
10	0	0	0	0	455	609	
11	0	0	0	0	451	599	
12	0	0	0	0	446	593	
13	0	0	0	0	444	616	
14	0	0	0	0	445	624	
15	0	0	0	0	443	603	
0	0	0	0	0	441	577	
1	0	0	0	0	445	583	
2	0	0	0	0	456	581	
3	0	0	0	0	464	542	
4	0	0	0	0	468	534	
5	0	0	0	0	467	489	
6	0	0	0	0	463	469	
7	0	0	0	0	457	494	
8	0	0	0	0	453	513	
9	0	0	0	0	455	527	
10	0	0	0	0	457	536	
11	0	0	0	0	455	554	
12	0	0	0	0	454	587	
13	0	0	0	0	458	617	
14	0	0	0	0	462	605	
15	0	0	0	0	462	585	
0	0	0	0	0	464	556	
1	0	0	0	0	471	542	
2	0	0	0	0	481	534	
3	0	0	0	0	490	541	
4	0	0	0	0	497	534	
5	0	0	0	0	500	523	
6	0	0	0	0	505	566	
7	0	0	0	0	504	574	
8	0	0	0	0	500	542	
9	0	0	0	0	499	568	
10	0	0	0	0	499	543	
11	0	0	0	0	503	469	
12	0	0	0	0	499	446	
13	0	0	0	0	493	423	
14	0	0	0	0	492	415	
15	0	0	0	0	492	443	
0	0	0	0	0	494	470	
1	0	0	0	0	494	465	
2	0	0	0	0	489	483	
3	0	0	0	0	486	495	
4	0	0	0	0	485	497	
5	0	0	0	0	484	510	
6	0	0	0	0	477	550	
7	0	0	0	0	468	558	
8	0	0	0	0	462	575	
9	0	0	0	0	462	604	
10	0	0	0	0	467	604	
11	0	0	0	0	475	595	
12	0	0	0	0	486	597	
13	0	0	0	0	492	575	
14	0	0	0	0	492	556	
15	0	0	0	0	487	515	
0	0	0	0	0	483	460	
1	0	0	0	0	478	448	
2	0	0	0	0	476	475	
3	0	0	0	0	475	515	
4	0	0	0	0	476	517	
5	0	0	0	0	477	496	
6	0	0	0	0	483	492	
7	0	0	0	0	493	465	
8	0	0	0	0	506	432	
9	0	0	0	0	523	421	
10	0	0	0	0	537	406	
11	0	0	0	0	544	419	
12	0	0	0	0	541	457	
13	0	0	0	0	527	536	
14	0	0	0	0	515	583	
15	0	0	0	0	508	562	
0	0	0	0	0	502	529	
1	0	0	0	0	496	543	
2	0	0	0	0	493	523	
3	0	0	0	0	496	515	
4	0	0	0	0	501	541	
5	0	0	0	0	508	555	
6	0	0	0	0	517	545	
7	0	0	0	0	531	570	
8	0	0	0	0	547	566	
9	0	0	0	0	559	566	
10	0	0	0	0	565	566	
11	0	0	0	0	567	540	
12	0	0	0	0	564	522	
13	0	0	0	0	560	531	
14	0	0	0	0	560	539	
15	0	0	0	0	559	493	
0	0	0	0	0	556	467	
1	0	0	0	0	553	438	
2	0	0	0	0	552	472	
3	0	0	0	0	552	476	
4	0	0	0	0	551	451	
5	0	0	0	0	550	435	
6	0	0	0	0	551	440	
7	0	0	0	0	553	476	
8	0	0	0	0	544	488	
9	0	0	0	0	537	502	
10	0	0	0	0	536	522	
11	0	0	0	0	537	517	
12	0	0	0	0	537	529	
13	0	0	0	0	531	514	
14	0	0	0	0	521	506	
15	0	0	0	0	513	491	
0	0	0	0	0	508	482	
1	0	0	0	0	509	481	
2	0	0	0	0	519	501	
3	0	0	0	0	534	552	
4	0	0	0	0	543	620	
5	0	0	0	0	551	581	
6	0	0	0	0	557	494	
7	0	0	0	0	559	470	
8	0	0	0	0	564	446	
9	0	0	0	0	572	480	
10	0	0	0	0	576	451	
11	0	0	0	0	584	400	
12	0	0	0	0	593	390	
13	0	0	0	0	600	387	
14	0	0	0	0	604	385	
15	0	0	0	0	607	411	
0	0	0	0	0	611	463	
1	0	0	0	0	614	482	
2	0	0	0	0	617	454	
3	0	0	0	0	618	443	
4	0	0	0	0	620	457	
5	0	0	0	0	619	454	
6	0	0	0	0	615	464	
7	0	0	0	0	611	464	
8	0	0	0	0	612	415	
9	0	0	0	0	611	355	
10	0	0	0	0	616	309	
11	0	0	0	0	622	320	
12	0	0	0	0	623	404	
13	0	0	0	0	617	435	
14	0	0	0	0	607	466	
15	0	0	0	0	593	487	
0	0	0	0	0	576	490	
1	0	0	0	0	564	481	
2	0	0	0	0	557	496	
3	0	0	0	0	556	508	
4	0	0	0	0	561	514	
5	0	0	0	0	571	492	
6	0	0	0	0	582	432	
7	0	0	0	0	594	387	
8	0	0	0	0	602	337	
9	0	0	0	0	611	336	
10	0	0	0	0	621	417	
11	0	0	0	0	629	433	
12	0	0	0	0	635	425	
13	0	0	0	0	634	450	
14	0	0	0	0	630	470	
15	0	0	0	0	625	481	
0	0	0	0	0	621	489	
1	0	0	0	0	616	503	
2	0	0	0	0	611	515	
3	0	0	0	0	611	535	
4	0	0	0	0	614	502	
5	0	0	0	0	614	506	
6	0	0	0	0	608	502	
7	0	0	0	0	595	496	
8	0	0	0	0	584	493	
9	0	0	0	0	574	483	
10	0	0	0	0	560	463	
11	0	0	0	0	543	475	
12	0	0	0	0	527	500	
13	0	0	0	0	515	528	
14	0	0	0	0	502	541	
15	0	0	0	0	492	519	
0	0	0	0	0	490	524	
1	0	0	0	0	496	569	
2	0	0	0	0	499	592	
3	0	0	0	0	512	588	
4	0	0	0	0	529	600	
5	0	0	0	0	543	576	
6	0	0	0	0	551	564	
7	0	0	0	0	554	595	
8	0	0	0	0	556	615	
9	0	0	0	0	560	603	
10	0	0	0	0	560	586	
11	0	0	0	0	559	586	
12	0	0	0	0	556	591	
13	0	0	0	0	553	553	
14	0	0	0	0	549	536	
15	0	0	0	0	545	484	
0	0	0	0	0	540	495	
1	0	0	0	0	534	486	
2	0	0	0	0	531	455	
3	0	0	0	0	530	435	
4	0	0	0	0	529	436	
5	0	0	0	0	531	414	
6	0	0	0	0	535	415	
7	0	0	0	0	535	421	
8	0	0	0	0	535	442	
9	0	0	0	0	537	435	
10	0	0	0	0	541	419	
11	0	0	0	0	552	435	
12	0	0	0	0	568	404	
13	0	0	0	0	581	384	
14	0	0	0	0	590	392	
15	0	0	0	0	593	402	
0	0	0	0	0	588	407	
1	0	0	0	0	576	414	
2	0	0	0	0	561	439	
3	0	0	0	0	554	466	
4	0	0	0	0	563	477	
5	0	0	0	0	580	480	
6	0	0	0	0	589	481	
7	0	0	0	0	593	451	
8	0	0	0	0	592	484	
9	0	0	0	0	589	483	
10	0	0	0	0	587	481	
11	0	0	0	0	584	481	
12	0	0	0	0	576	494	
13	0	0	0	0	558	508	
14	0	0	0	0	538	537	
15	0	0	0	0	520	559	
0	0	0	0	0	501	573	
1	0	0	0	0	478	563	
2	0	0	0	0	459	552	
3	0	0	0	0	444	577	
4	0	0	0	0	428	605	
5	0	0	0	0	414	629	
6	0	0	0	0	401	612	
7	0	0	0	0	391	582	
8	0	0	0	0	386	579	
9	0	0	0	0	384	536	
10	0	0	0	0	384	525	
11	0	0	0	0	387	543	
12	0	0	0	0	395	614	
13	0	0	0	0	416	667	
14	0	0	0	0	443	679	
15	0	0	0	0	471	675	
0	0	0	0	0	495	686	
1	0	0	0	0	512	666	
2	0	0	0	0	526	626	
3	0	0	0	0	537	543	
4	0	0	0	0	546	530	
5	0	0	0	0	557	527	
6	0	0	0	0	565	536	
7	0	0	0	0	578	563	
8	0	0	0	0	590	589	
9	0	0	0	0	601	565	
10	0	0	0	0	615	536	
11	0	0	0	0	623	510	
12	0	0	0	0	622	492	
13	0	0	0	0	615	499	
14	0	0	0	0	603	511	
15	0	0	0	0	590	521	
0	0	0	0	0	578	524	
1	0	0	0	0	567	515	
2	0	0	0	0	558	528	
3	0	0	0	0	546	518	
4	0	0	0	0	530	493	
5	0	0	0	0	513	482	
6	0	0	0	0	502	480	
7	0	0	0	0	497	478	
8	0	0	0	0	498	508	
9	0	0	0	0	502	535	
10	0	0	0	0	503	532	
11	0	0	0	0	503	525	
12	0	0	0	0	506	496	
13	0	0	0	0	506	463	
14	0	0	0	0	503	435	
15	0	0	0	0	503	430	
0	0	0	0	0	507	450	
1	0	0	0	0	520	468	
2	0	0	0	0	541	465	
3	0	0	0	0	562	464	
4	0	0	0	0	580	485	
5	0	0	0	0	599	463	
6	0	0	0	0	615	445	
7	0	0	0	0	625	460	
8	0	0	0	0	633	459	
9	0	0	0	0	649	440	
10	0	0	0	0	666	430	
11	0	0	0	0	673	387	
12	0	0	0	0	676	368	
13	0	0	0	0	684	360	
14	0	0	0	0	702	382	
15	0	0	0	0	706	391	
0	0	0	0	0	695	425	
1	0	0	0	0	670	425	
2	0	0	0	0	643	391	
3	0	0	0	0	611	401	
4	0	0	0	0	574	419	
5	0	0	0	0	537	460	
6	0	0	0	0	505	513	
7	0	0	0	0	478	518	
8	0	0	0	0	460	513	
9	0	0	0	0	448	554	
10	0	0	0	0	441	556	
11	0	0	0	0	441	524	
12	0	0	0	0	448	522	
13	0	0	0	0	462	532	
14	0	0	0	0	478	540	
15	0	0	0	0	494	573	
0	0	0	0	0	510	587	
1	0	0	0	0	524	568	
2	0	0	0	0	534	534	
3	0	0	0	0	545	539	
4	0	0	0	0	556	536	
5	0	0	0	0	569	499	
6	0	0	0	0	591	480	
7	0	0	0	0	614	484	
8	0	0	0	0	633	463	
9	0	0	0	0	644	415	
10	0	0	0	0	646	404	
11	0	0	0	0	648	435	
12	0	0	0	0	650	471	
13	0	0	0	0	650	477	
14	0	0	0	0	646	456	
15	0	0	0	0	638	423	
0	0	0	0	0	624	359	
1	0	0	0	0	607	351	
2	0	0	0	0	583	412	
3	0	0	0	0	555	459	
4	0	0	0	0	525	464	
5	0	0	0	0	496	496	
6	0	0	0	0	472	509	
7	0	0	0	0	453	534	
8	0	0	0	0	445	519	
9	0	0	0	0	446	489	
10	0	0	0	0	448	461	
11	0	0	0	0	452	460	
12	0	0	0	0	457	457	
13	0	0	0	0	468	437	
14	0	0	0	0	480	456	
15	0	0	0	0	495	472	
0	0	0	0	0	511	476	
1	0	0	0	0	527	520	
2	0	0	0	0	537	516	
3	0	0	0	0	544	484	
4	0	0	0	0	551	450	
5	0	0	0	0	556	434	
6	0	0	0	0	566	479	
7	0	0	0	0	571	492	
8	0	0	0	0	573	467	
9	0	0	0	0	579	470	
10	0	0	0	0	584	472	
11	0	0	0	0	587	501	
12	0	0	0	0	583	503	
13	0	0	0	0	578	482	
14	0	0	0	0	571	457	
15	0	0	0	0	562	464	
0	0	0	0	0	555	495	
1	0	0	0	0	543	544	
2	0	0	0	0	531	590	
3	0	0	0	0	521	614	
4	0	0	0	0	511	607	
5	0	0	0	0	505	604	
6	0	0	0	0	500	566	
7	0	0	0	0	496	509	
8	0	0	0	0	492	476	
9	0	0	0	0	492	467	
10	0	0	0	0	497	536	
11	0	0	0	0	509	580	
12	0	0	0	0	519	612	
13	0	0	0	0	528	632	
14	0	0	0	0	533	685	
15	0	0	0	0	533	671	
0	0	0	0	0	528	629	
1	0	0	0	0	520	584	
2	0	0	0	0	513	560	
3	0	0	0	0	510	556	
4	0	0	0	0	505	548	
5	0	0	0	0	500	552	
6	0	0	0	0	494	589	
7	0	0	0	0	489	574	
8	0	0	0	0	486	574	
9	0	0	0	0	483	545	
10	0	0	0	0	481	505	
11	0	0	0	0	476	476	
12	0	0	0	0	475	493	
13	0	0	0	0	473	536	
14	0	0	0	0	470	577	
15	0	0	0	0	465	633	
0	0	0	0	0	460	643	
1	0	0	0	0	451	653	
2	0	0	0	0	449	658	
3	0	0	0	0	454	646	
4	0	0	0	0	458	552	
5	0	0	0	0	464	468	
6	0	0	0	0	468	436	
7	0	0	0	0	467	436	
8	0	0	0	0	461	467	
9	0	0	0	0	459	519	
10	0	0	0	0	456	572	
11	0	0	0	0	454	608	
12	0	0	0	0	451	634	
13	0	0	0	0	448	642	
14	0	0	0	0	445	656	
15	0	0	0	0	448	671	
0	0	0	0	0	452	636	
1	0	0	0	0	457	572	
2	0	0	0	0	465	546	
3	0	0	0	0	476	513	
4	0	0	0	0	490	498	
5	0	0	0	0	507	497	
6	0	0	0	0	526	520	
7	0	0	0	0	540	497	
8	0	0	0	0	549	480	
9	0	0	0	0	555	473	
10	0	0	0	0	557	463	
11	0	0	0	0	556	448	
12	0	0	0	0	556	427	
13	0	0	0	0	555	380	
14	0	0	0	0	551	369	
15	0	0	0	0	548	388	
0	0	0	0	0	548	411	
1	0	0	0	0	549	433	
2	0	0	0	0	553	441	
3	0	0	0	0	551	439	
4	0	0	0	0	547	443	
5	0	0	0	0	547	436	
6	0	0	0	0	551	435	
7	0	0	0	0	558	473	
8	0	0	0	0	568	500	
9	0	0	0	0	579	507	
10	0	0	0	0	589	519	
11	0	0	0	0	600	523	
12	0	0	0	0	615	541	
13	0	0	0	0	626	543	
14	0	0	0	0	631	551	
15	0	0	0	0	627	525	
0	0	0	0	0	619	478	
1	0	0	0	0	618	468	
2	0	0	0	0	612	467	
3	0	0	0	0	603	497	
4	0	0	0	0	593	533	
5	0	0	0	0	584	529	
6	0	0	0	0	577	546	
7	0	0	0	0	572	580	
8	0	0	0	0	573	621	
9	0	0	0	0	579	572	
10	0	0	0	0	584	511	
11	0	0	0	0	588	434	
12	0	0	0	0	589	384	
13	0	0	0	0	590	390	
14	0	0	0	0	588	417	
15	0	0	0	0	579	422	
0	0	0	0	0	563	476	
1	0	0	0	0	546	509	
2	0	0	0	0	527	519	
3	0	0	0	0	516	531	
4	0	0	0	0	508	480	
5	0	0	0	0	507	447	
6	0	0	0	0	505	457	
7	0	0	0	0	505	496	
8	0	0	0	0	507	488	
9	0	0	0	0	505	461	
10	0	0	0	0	500	470	
11	0	0	0	0	493	496	
12	0	0	0	0	490	519	
13	0	0	0	0	488	498	
14	0	0	0	0	485	496	
15	0	0	0	0	478	477	
0	0	0	0	0	472	504	
1	0	0	0	0	470	534	
2	0	0	0	0	472	543	
3	0	0	0	0	477	552	
4	0	0	0	0	481	563	
5	0	0	0	0	490	554	
6	0	0	0	0	503	572	
7	0	0	0	0	515	590	
8	0	0	0	0	526	636	
9	0	0	0	0	535	666	
10	0	0	0	0	543	646	
11	0	0	0	0	547	587	
12	0	0	0	0	549	569	
13	0	0	0	0	545	532	
14	0	0	0	0	541	496	
15	0	0	0	0	526	487	
0	0	0	0	0	505	518	
1	0	0	0	0	482	560	
2	0	0	0	0	465	601	
3	0	0	0	0	460	574	
4	0	0	0	0	464	595	
5	0	0	0	0	472	609	
6	0	0	0	0	487	599	
7	0	0	0	0	507	616	
8	0	0	0	0	537	608	
9	0	0	0	0	562	574	
10	0	0	0	0	577	488	
11	0	0	0	0	588	422	
12	0	0	0	0	591	376	
13	0	0	0	0	588	377	
14	0	0	0	0	587	416	
15	0	0	0	0	581	462	
0	0	0	0	0	572	516	
1	0	0	0	0	560	526	
2	0	0	0	0	550	517	
3	0	0	0	0	538	513	
4	0	0	0	0	527	507	
5	0	0	0	0	515	476	
6	0	0	0	0	500	448	
7	0	0	0	0	486	460	
8	0	0	0	0	475	483	
9	0	0	0	0	465	528	
10	0	0	0	0	457	575	
11	0	0	0	0	456	600	
12	0	0	0	0	455	607	
13	0	0	0	0	455	635	
14	0	0	0	0	456	621	
15	0	0	0	0	459	606	
0	0	0	0	0	460	577	
1	0	0	0	0	463	567	
2	0	0	0	0	468	557	
3	0	0	0	0	477	537	
4	0	0	0	0	487	518	
5	0	0	0	0	499	526	
6	0	0	0	0	514	527	
7	0	0	0	0	526	519	
8	0	0	0	0	532	518	
9	0	0	0	0	535	518	
10	0	0	0	0	536	527	
11	0	0	0	0	536	508	
12	0	0	0	0	536	494	
13	0	0	0	0	549	519	
14	0	0	0	0	561	505	
15	0	0	0	0	566	547	
0	0	0	0	0	568	558	
1	0	0	0	0	570	549	
2	0	0	0	0	572	514	
3	0	0	0	0	571	491	
4	0	0	0	0	567	485	
5	0	0	0	0	559	499	
6	0	0	0	0	550	516	
7	0	0	0	0	545	524	
8	0	0	0	0	543	494	
9	0	0	0	0	537	481	
10	0	0	0	0	527	445	
11	0	0	0	0	518	428	
12	0	0	0	0	512	449	
13	0	0	0	0	503	475	
14	0	0	0	0	497	536	
15	0	0	0	0	497	590	
0	0	0	0	0	499	600	
1	0	0	0	0	502	583	
2	0	0	0	0	503	562	
3	0	0	0	0	508	548	
4	0	0	0	0	513	521	
5	0	0	0	0	519	492	
6	0	0	0	0	521	505	
7	0	0	0	0	523	496	
8	0	0	0	0	527	500	
9	0	0	0	0	535	476	
10	0	0	0	0	550	487	
11	0	0	0	0	560	496	
12	0	0	0	0	561	483	
13	0	0	0	0	557	482	
14	0	0	0	0	549	506	
15	0	0	0	0	542	508	
0	0	0	0	0	539	483	
1	0	0	0	0	542	461	
2	0	0	0	0	541	465	
3	0	0	0	0	541	522	
4	0	0	0	0	541	546	
5	0	0	0	0	537	566	
6	0	0	0	0	533	574	
7	0	0	0	0	531	583	
8	0	0	0	0	528	564	
9	0	0	0	0	522	558	
10	0	0	0	0	515	553	
11	0	0	0	0	510	521	
12	0	0	0	0	507	501	
13	0	0	0	0	503	523	
14	0	0	0	0	498	553	
15	0	0	0	0	494	543	
0	0	0	0	0	492	568	
1	0	0	0	0	484	595	
2	0	0	0	0	473	612	
3	0	0	0	0	460	604	
4	0	0	0	0	448	587	
5	0	0	0	0	444	573	
6	0	0	0	0	445	604	
7	0	0	0	0	452	639	
8	0	0	0	0	457	605	
9	0	0	0	0	460	577	
10	0	0	0	0	462	534	
11	0	0	0	0	465	507	
12	0	0	0	0	470	468	
13	0	0	0	0	477	405	
14	0	0	0	0	482	411	
15	0	0	0	0	490	434	
0	0	0	0	0	501	458	
1	0	0	0	0	509	475	
2	0	0	0	0	511	499	
3	0	0	0	0	508	517	
4	0	0	0	0	500	505	
5	0	0	0	0	489	548	
6	0	0	0	0	480	604	
7	0	0	0	0	471	661	
8	0	0	0	0	465	646	
9	0	0	0	0	462	631	
10	0	0	0	0	461	637	
11	0	0	0	0	461	652	
12	0	0	0	0	463	600	
13	0	0	0	0	469	565	
14	0	0	0	0	477	567	
15	0	0	0	0	486	570	
0	0	0	0	0	493	574	
1	0	0	0	0	496	577	
2	0	0	0	0	491	556	
3	0	0	0	0	483	525	
4	0	0	0	0	476	508	
5	0	0	0	0	465	508	
6	0	0	0	0	455	503	
7	0	0	0	0	454	506	
8	0	0	0	0	455	479	
9	0	0	0	0	452	499	
10	0	0	0	0	450	560	
11	0	0	0	0	452	628	
12	0	0	0	0	455	662	
13	0	0	0	0	458	672	
14	0	0	0	0	458	664	
15	0	0	0	0	463	636	
0	0	0	0	0	469	617	
1	0	0	0	0	472	641	
2	0	0	0	0	472	686	
3	0	0	0	0	475	701	
4	0	0	0	0	479	678	
5	0	0	0	0	489	664	
6	0	0	0	0	505	629	
7	0	0	0	0	525	561	
8	0	0	0	0	541	511	
9	0	0	0	0	549	497	
10	0	0	0	0	557	505	
11	0	0	0	0	567	509	
12	0	0	0	0	577	498	
13	0	0	0	0	585	467	
14	0	0	0	0	598	445	
15	0	0	0	0	614	428	
0	0	0	0	0	633	429	
1	0	0	0	0	650	448	
2	0	0	0	0	662	446	
3	0	0	0	0	667	417	
4	0	0	0	0	664	397	
5	0	0	0	0	653	381	
6	0	0	0	0	637	403	
7	0	0	0	0	614	402	
8	0	0	0	0	590	433	
9	0	0	0	0	565	466	
10	0	0	0	0	542	513	
11	0	0	0	0	525	524	
12	0	0	0	0	518	533	
13	0	0	0	0	515	535	
14	0	0	0	0	520	531	
15	0	0	0	0	534	542	
0	0	0	0	0	551	540	
1	0	0	0	0	568	563	
2	0	0	0	0	578	558	
3	0	0	0	0	582	544	
4	0	0	0	0	575	506	
5	0	0	0	0	568	443	
6	0	0	0	0	562	412	
7	0	0	0	0	560	401	
8	0	0	0	0	551	430	
9	0	0	0	0	531	435	
10	0	0	0	0	501	459	
11	0	0	0	0	476	488	
12	0	0	0	0	458	498	
13	0	0	0	0	435	505	
14	0	0	0	0	408	508	
15	0	0	0	0	370	548	
0	0	0	0	0	321	578	
1	0	0	0	0	272	617	
2	0	0	0	0	232	665	
3	0	0	0	0	203	688	
4	0	0	0	0	186	676	
5	0	0	0	0	188	674	
6	0	0	0	0	201	687	
7	0	0	0	0	231	693	
8	0	0	0	0	280	688	
9	0	0	0	0	351	644	
10	0	0	0	0	422	598	
11	0	0	0	0	488	587	
12	0	0	0	0	543	584	
13	0	0	0	0	581	605	
14	0	0	0	0	604	601	
15	0	0	0	0	620	569	
0	0	0	0	0	629	565	
1	0	0	0	0	632	521	
2	0	0	0	0	630	503	
3	0	0	0	0	623	523	
4	0	0	0	0	608	558	
5	0	0	0	0	587	599	
6	0	0	0	0	564	585	
7	0	0	0	0	538	536	
8	0	0	0	0	512	492	
9	0	0	0	0	489	459	
10	0	0	0	0	470	476	
11	0	0	0	0	452	484	
12	0	0	0	0	435	501	
13	0	0	0	0	414	539	
14	0	0	0	0	396	572	
15	0	0	0	0	383	601	
0	0	0	0	0	369	617	
1	0	0	0	0	355	626	
2	0	0	0	0	329	606	
3	0	0	0	0	291	610	
4	0	0	0	0	259	611	
5	0	0	0	0	239	620	
6	0	0	0	0	232	643	
7	0	0	0	0	236	639	
8	0	0	0	0	251	597	
9	0	0	0	0	274	567	
10	0	0	0	0	298	583	
11	0	0	0	0	319	615	
12	0	0	0	0	349	641	
13	0	0	0	0	387	600	
14	0	0	0	0	424	560	
15	0	0	0	0	459	560	
0	0	0	0	0	485	523	
1	0	0	0	0	504	479	
2	0	0	0	0	516	500	
3	0	0	0	0	520	521	
4	0	0	0	0	510	508	
5	0	0	0	0	495	499	
6	0	0	0	0	473	519	
7	0	0	0	0	453	497	
8	0	0	0	0	436	483	
9	0	0	0	0	424	441	
10	0	0	0	0	417	443	
11	0	0	0	0	409	436	
12	0	0	0	0	401	453	
13	0	0	0	0	386	483	
14	0	0	0	0	373	497	
15	0	0	0	0	365	522	
0	0	0	0	0	361	581	
1	0	0	0	0	364	600	
2	0	0	0	0	373	630	
3	0	0	0	0	381	663	
4	0	0	0	0	394	670	
5	0	0	0	0	408	704	
6	0	0	0	0	419	699	
7	0	0	0	0	427	642	
8	0	0	0	0	433	635	
9	0	0	0	0	437	643	
10	0	0	0	0	442	637	
11	0	0	0	0	448	599	
12	0	0	0	0	448	541	
13	0	0	0	0	427	527	
14	0	0	0	0	385	538	
15	0	0	0	0	333	543	
0	0	0	0	0	286	504	
1	0	0	0	0	255	492	
2	0	0	0	0	236	486	
3	0	0	0	0	228	476	
4	0	0	0	0	231	506	
5	0	0	0	0	242	513	
6	0	0	0	0	257	514	
7	0	0	0	0	269	496	
8	0	0	0	0	284	483	
9	0	0	0	0	304	496	
10	0	0	0	0	323	461	
11	0	0	0	0	350	451	
12	0	0	0	0	387	453	
13	0	0	0	0	427	463	
14	0	0	0	0	460	452	
15	0	0	0	0	491	430	
0	0	0	0	0	515	417	
1	0	0	0	0	531	403	
2	0	0	0	0	546	380	
3	0	0	0	0	564	391	
4	0	0	0	0	580	415	
5	0	0	0	0	588	435	
6	0	0	0	0	587	398	
7	0	0	0	0	577	409	
8	0	0	0	0	561	444	
9	0	0	0	0	543	464	
10	0	0	0	0	520	491	
11	0	0	0	0	494	525	
12	0	0	0	0	465	546	
13	0	0	0	0	435	538	
14	0	0	0	0	407	523	
15	0	0	0	0	380	507	
0	0	0	0	0	350	485	
1	0	0	0	0	321	465	
2	0	0	0	0	289	482	
3	0	0	0	0	265	489	
4	0	0	0	0	247	524	
5	0	0	0	0	231	582	
6	0	0	0	0	219	588	
7	0	0	0	0	207	590	
8	0	0	0	0	192	624	
9	0	0	0	0	178	647	
10	0	0	0	0	172	647	
11	0	0	0	0	170	620	
12	0	0	0	0	176	633	
13	0	0	0	0	193	627	
14	0	0	0	0	221	598	
15	0	0	0	0	252	594	
0	0	0	0	0	280	600	
1	0	0	0	0	305	611	
2	0	0	0	0	330	619	
3	0	0	0	0	353	601	
4	0	0	0	0	379	540	
5	0	0	0	0	408	487	
6	0	0	0	0	432	474	
7	0	0	0	0	446	494	
8	0	0	0	0	450	506	
9	0	0	0	0	444	510	
10	0	0	0	0	437	549	
11	0	0	0	0	430	522	
12	0	0	0	0	418	506	
13	0	0	0	0	404	483	
14	0	0	0	0	388	523	
15	0	0	0	0	369	551	
0	0	0	0	0	344	539	
1	0	0	0	0	321	526	
2	0	0	0	0	303	547	
3	0	0	0	0	289	581	
4	0	0	0	0	283	567	
5	0	0	0	0	283	535	
6	0	0	0	0	284	494	
7	0	0	0	0	287	558	
8	0	0	0	0	297	601	
9	0	0	0	0	313	579	
10	0	0	0	0	331	534	
11	0	0	0	0	345	504	
12	0	0	0	0	352	484	
13	0	0	0	0	348	482	
14	0	0	0	0	333	495	
15	0	0	0	0	322	515	
0	0	0	0	0	313	523	
1	0	0	0	0	305	550	
2	0	0	0	0	299	581	
3	0	0	0	0	293	586	
4	0	0	0	0	291	588	
5	0	0	0	0	288	572	
6	0	0	0	0	284	550	
7	0	0	0	0	280	544	
8	0	0	0	0	279	533	
9	0	0	0	0	283	533	
10	0	0	0	0	284	595	
11	0	0	0	0	288	664	
12	0	0	0	0	287	686	
13	0	0	0	0	284	668	
14	0	0	0	0	291	670	
15	0	0	0	0	304	667	
0	0	0	0	0	320	661	
1	0	0	0	0	334	684	
2	0	0	0	0	345	649	
3	0	0	0	0	355	636	
4	0	0	0	0	364	604	
5	0	0	0	0	367	585	
6	0	0	0	0	364	579	
7	0	0	0	0	358	584	
8	0	0	0	0	352	593	
9	0	0	0	0	345	598	
10	0	0	0	0	339	643	
11	0	0	0	0	332	668	
12	0	0	0	0	332	623	
13	0	0	0	0	339	567	
14	0	0	0	0	349	555	
15	0	0	0	0	358	578	
0	0	0	0	0	365	587	
1	0	0	0	0	374	595	
2	0	0	0	0	385	590	
3	0	0	0	0	398	610	
4	0	0	0	0	408	614	
5	0	0	0	0	412	581	
6	0	0	0	0	412	540	
7	0	0	0	0	403	481	
8	0	0	0	0	391	478	
9	0	0	0	0	379	449	
10	0	0	0	0	368	412	
11	0	0	0	0	358	396	
12	0	0	0	0	347	470	
13	0	0	0	0	338	499	
14	0	0	0	0	327	483	
15	0	0	0	0	313	478	
0	0	0	0	0	303	500	
1	0	0	0	0	294	519	
2	0	0	0	0	284	515	
3	0	0	0	0	274	530	
4	0	0	0	0	266	553	
5	0	0	0	0	262	600	
6	0	0	0	0	270	635	
7	0	0	0	0	286	585	
8	0	0	0	0	305	569	
9	0	0	0	0	329	586	
10	0	0	0	0	352	577	
11	0	0	0	0	376	577	
12	0	0	0	0	399	594	
13	0	0	0	0	422	608	
14	0	0	0	0	443	597	
15	0	0	0	0	460	551	
0	0	0	0	0	478	538	
1	0	0	0	0	490	534	
2	0	0	0	0	501	536	
3	0	0	0	0	506	501	
4	0	0	0	0	505	490	
5	0	0	0	0	502	522	
6	0	0	0	0	499	572	
7	0	0	0	0	500	568	
8	0	0	0	0	511	523	
9	0	0	0	0	524	431	
10	0	0	0	0	536	413	
11	0	0	0	0	541	412	
12	0	0	0	0	540	418	
13	0	0	0	0	534	396	
14	0	0	0	0	527	381	
15	0	0	0	0	517	379	
0	0	0	0	0	500	392	
1	0	0	0	0	487	447	
2	0	0	0	0	475	506	
3	0	0	0	0	463	537	
4	0	0	0	0	456	514	
5	0	0	0	0	449	487	
6	0	0	0	0	433	482	
7	0	0	0	0	411	503	
8	0	0	0	0	386	504	
9	0	0	0	0	359	515	
10	0	0	0	0	339	510	
11	0	0	0	0	336	537	
12	0	0	0	0	340	580	
13	0	0	0	0	348	588	
14	0	0	0	0	357	576	
15	0	0	0	0	362	538	
0	0	0	0	0	361	513	
1	0	0	0	0	356	515	
2	0	0	0	0	353	508	
3	0	0	0	0	353	484	
4	0	0	0	0	356	434	
5	0	0	0	0	365	458	
6	0	0	0	0	375	476	
7	0	0	0	0	386	484	
8	0	0	0	0	401	510	
9	0	0	0	0	418	524	
10	0	0	0	0	431	502	
11	0	0	0	0	437	495	
12	0	0	0	0	445	512	
13	0	0	0	0	449	528	
14	0	0	0	0	440	547	
15	0	0	0	0	419	509	
0	0	0	0	0	388	481	
1	0	0	0	0	353	515	
2	0	0	0	0	319	574	
3	0	0	0	0	291	563	
4	0	0	0	0	283	563	
5	0	0	0	0	292	545	
6	0	0	0	0	317	533	
7	0	0	0	0	336	552	
8	0	0	0	0	348	585	
9	0	0	0	0	358	609	
10	0	0	0	0	373	607	
11	0	0	0	0	391	525	
12	0	0	0	0	410	513	
13	0	0	0	0	425	499	
14	0	0	0	0	437	489	
15	0	0	0	0	447	473	
0	0	0	0	0	456	484	
1	0	0	0	0	469	453	
2	0	0	0	0	486	446	
3	0	0	0	0	497	442	
4	0	0	0	0	510	469	
5	0	0	0	0	519	468	
6	0	0	0	0	527	462	
7	0	0	0	0	533	452	
8	0	0	0	0	545	444	
9	0	0	0	0	557	443	
10	0	0	0	0	571	438	
11	0	0	0	0	583	393	
12	0	0	0	0	588	379	
13	0	0	0	0	592	397	
14	0	0	0	0	588	437	
15	0	0	0	0	579	440	
0	0	0	0	0	564	407	
1	0	0	0	0	539	343	
2	0	0	0	0	503	318	
3	0	0	0	0	467	333	
4	0	0	0	0	442	383	
5	0	0	0	0	420	407	
6	0	0	0	0	392	477	
7	0	0	0	0	367	468	
8	0	0	0	0	350	465	
9	0	0	0	0	348	458	
10	0	0	0	0	361	449	
11	0	0	0	0	384	467	
12	0	0	0	0	418	545	
13	0	0	0	0	451	608	
14	0	0	0	0	482	596	
15	0	0	0	0	503	542	
0	0	0	0	0	516	522	
1	0	0	0	0	521	502	
2	0	0	0	0	521	475	
3	0	0	0	0	515	465	
4	0	0	0	0	507	449	
5	0	0	0	0	498	415	
6	0	0	0	0	487	400	
7	0	0	0	0	469	375	
8	0	0	0	0	447	416	
9	0	0	0	0	427	473	
10	0	0	0	0	415	500	
11	0	0	0	0	410	519	
12	0	0	0	0	411	508	
13	0	0	0	0	415	505	
14	0	0	0	0	421	493	
15	0	0	0	0	424	499	
0	0	0	0	0	417	524	
1	0	0	0	0	404	489	
2	0	0	0	0	390	479	
3	0	0	0	0	378	469	
4	0	0	0	0	371	489	
5	0	0	0	0	366	509	
6	0	0	0	0	360	508	
7	0	0	0	0	363	509	
8	0	0	0	0	371	519	
9	0	0	0	0	386	521	
10	0	0	0	0	405	534	
11	0	0	0	0	417	566	
12	0	0	0	0	422	561	
13	0	0	0	0	423	569	
14	0	0	0	0	421	563	
15	0	0	0	0	419	529	
0	0	0	0	0	418	522	
1	0	0	0	0	415	519	
2	0	0	0	0	412	528	
3	0	0	0	0	408	537	
4	0	0	0	0	401	557	
5	0	0	0	0	393	601	
6	0	0	0	0	389	616	
7	0	0	0	0	382	622	
8	0	0	0	0	374	581	
9	0	0	0	0	362	578	
10	0	0	0	0	359	575	
11	0	0	0	0	372	568	
12	0	0	0	0	399	526	
13	0	0	0	0	432	508	
14	0	0	0	0	467	518	
15	0	0	0	0	503	524	
0	0	0	0	0	529	521	
1	0	0	0	0	549	514	
2	0	0	0	0	559	467	
3	0	0	0	0	566	375	
4	0	0	0	0	568	339	
5	0	0	0	0	575	384	
6	0	0	0	0	584	408	
7	0	0	0	0	598	463	
8	0	0	0	0	609	476	
9	0	0	0	0	619	486	
10	0	0	0	0	621	460	
11	0	0	0	0	618	441	
12	0	0	0	0	609	436	
13	0	0	0	0	602	434	
14	0	0	0	0	600	412	
15	0	0	0	0	601	396	
0	0	0	0	0	609	386	
1	0	0	0	0	618	383	
2	0	0	0	0	623	404	
3	0	0	0	0	617	438	
4	0	0	0	0	599	467	
5	0	0	0	0	575	441	
6	0	0	0	0	554	401	
7	0	0	0	0	532	385	
8	0	0	0	0	517	370	
9	0	0	0	0	504	371	
10	0	0	0	0	492	408	
11	0	0	0	0	476	413	
12	0	0	0	0	466	424	
13	0	0	0	0	458	411	
14	0	0	0	0	459	467	
15	0	0	0	0	467	475	
0	0	0	0	0	478	491	
1	0	0	0	0	492	519	
2	0	0	0	0	501	519	
3	0	0	0	0	507	509	
4	0	0	0	0	507	453	
5	0	0	0	0	508	419	
6	0	0	0	0	515	432	
7	0	0	0	0	524	403	
8	0	0	0	0	530	418	
9	0	0	0	0	535	397	
10	0	0	0	0	540	419	
11	0	0	0	0	549	439	
12	0	0	0	0	556	471	
13	0	0	0	0	559	518	
14	0	0	0	0	558	527	
15	0	0	0	0	554	519	
0	0	0	0	0	547	508	
1	0	0	0	0	543	499	
2	0	0	0	0	540	496	
3	0	0	0	0	535	520	
4	0	0	0	0	530	524	
5	0	0	0	0	523	534	
6	0	0	0	0	518	532	
7	0	0	0	0	509	511	
8	0	0	0	0	497	460	
9	0	0	0	0	482	447	
10	0	0	0	0	472	484	
11	0	0	0	0	466	519	
12	0	0	0	0	470	521	
13	0	0	0	0	480	535	
14	0	0	0	0	496	543	
15	0	0	0	0	512	555	
0	0	0	0	0	524	561	
1	0	0	0	0	530	560	
2	0	0	0	0	527	548	
3	0	0	0	0	522	535	
4	0	0	0	0	508	524	
5	0	0	0	0	492	525	
6	0	0	0	0	480	531	
7	0	0	0	0	472	556	
8	0	0	0	0	472	562	
9	0	0	0	0	474	543	
10	0	0	0	0	483	499	
11	0	0	0	0	496	508	
12	0	0	0	0	509	512	
13	0	0	0	0	517	479	
14	0	0	0	0	524	477	
15	0	0	0	0	523	483	
0	0	0	0	0	512	500	
1	0	0	0	0	493	526	
2	0	0	0	0	468	514	
3	0	0	0	0	449	509	
4	0	0	0	0	443	513	
5	0	0	0	0	448	519	
6	0	0	0	0	459	535	
7	0	0	0	0	478	529	
8	0	0	0	0	501	497	
9	0	0	0	0	523	479	
10	0	0	0	0	540	422	
11	0	0	0	0	543	404	
12	0	0	0	0	539	359	
13	0	0	0	0	539	348	
14	0	0	0	0	535	388	
15	0	0	0	0	521	408	
0	0	0	0	0	503	457	
1	0	0	0	0	472	519	
2	0	0	0	0	435	526	
3	0	0	0	0	412	500	
4	0	0	0	0	404	455	
5	0	0	0	0	413	446	
6	0	0	0	0	437	459	
7	0	0	0	0	479	497	
8	0	0	0	0	529	531	
9	0	0	0	0	582	541	
10	0	0	0	0	636	523	
11	0	0	0	0	682	499	
12	0	0	0	0	714	489	
13	0	0	0	0	735	433	
14	0	0	0	0	752	334	
15	0	0	0	0	770	278	
0	0	0	0	0	779	255	
1	0	0	0	0	780	275	
2	0	0	0	0	769	248	
3	0	0	0	0	751	235	
4	0	0	0	0	726	277	
5	0	0	0	0	699	328	
6	0	0	0	0	677	387	
7	0	0	0	0	659	435	
8	0	0	0	0	637	455	
9	0	0	0	0	615	479	
10	0	0	0	0	590	484	
11	0	0	0	0	563	496	
12	0	0	0	0	543	501	
13	0	0	0	0	534	516	
14	0	0	0	0	533	511	
15	0	0	0	0	534	476	
0	0	0	0	0	534	430	
1	0	0	0	0	536	405	
2	0	0	0	0	540	401	
3	0	0	0	0	545	437	
4	0	0	0	0	546	422	
5	0	0	0	0	542	406	
6	0	0	0	0	534	390	
7	0	0	0	0	525	379	
8	0	0	0	0	520	435	
9	0	0	0	0	512	491	
10	0	0	0	0	501	518	
11	0	0	0	0	476	539	
12	0	0	0	0	449	528	
13	0	0	0	0	432	508	
14	0	0	0	0	419	495	
15	0	0	0	0	416	503	
0	0	0	0	0	437	539	
1	0	0	0	0	476	555	
2	0	0	0	0	522	556	
3	0	0	0	0	574	534	
4	0	0	0	0	617	500	
5	0	0	0	0	649	464	
6	0	0	0	0	671	439	
7	0	0	0	0	684	417	
8	0	0	0	0	688	413	
9	0	0	0	0	686	384	
10	0	0	0	0	679	373	
11	0	0	0	0	665	407	
12	0	0	0	0	643	380	
13	0	0	0	0	622	414	
14	0	0	0	0	605	465	
15	0	0	0	0	585	531	
0	0	0	0	0	566	560	
1	0	0	0	0	551	547	
2	0	0	0	0	540	512	
3	0	0	0	0	528	473	
4	0	0	0	0	510	431	
5	0	0	0	0	488	425	
6	0	0	0	0	464	435	
7	0	0	0	0	445	495	
8	0	0	0	0	432	532	
9	0	0	0	0	418	526	
10	0	0	0	0	407	545	
11	0	0	0	0	401	529	
12	0	0	0	0	399	515	
13	0	0	0	0	395	528	
14	0	0	0	0	391	556	
15	0	0	0	0	399	586	
0	0	0	0	0	422	566	
1	0	0	0	0	461	527	
2	0	0	0	0	513	475	
3	0	0	0	0	567	442	
4	0	0	0	0	619	440	
5	0	0	0	0	664	481	
6	0	0	0	0	703	507	
7	0	0	0	0	732	498	
8	0	0	0	0	754	463	
9	0	0	0	0	761	403	
10	0	0	0	0	755	411	
11	0	0	0	0	746	460	
12	0	0	0	0	735	486	
13	0	0	0	0	718	474	
14	0	0	0	0	696	460	
15	0	0	0	0	672	410	
0	0	0	0	0	647	353	
1	0	0	0	0	623	347	
2	0	0	0	0	596	383	
3	0	0	0	0	567	405	
4	0	0	0	0	533	470	
5	0	0	0	0	502	536	
6	0	0	0	0	480	583	
7	0	0	0	0	466	614	
8	0	0	0	0	457	624	
9	0	0	0	0	447	569	
10	0	0	0	0	434	553	
11	0	0	0	0	417	556	
12	0	0	0	0	399	531	
13	0	0	0	0	384	520	
14	0	0	0	0	374	508	
15	0	0	0	0	368	502	
0	0	0	0	0	371	504	
1	0	0	0	0	379	507	
2	0	0	0	0	388	505	
3	0	0	0	0	399	507	
4	0	0	0	0	405	527	
5	0	0	0	0	406	551	
6	0	0	0	0	405	568	
7	0	0	0	0	397	614	
8	0	0	0	0	390	625	
9	0	0	0	0	389	630	
10	0	0	0	0	392	635	
11	0	0	0	0	401	616	
12	0	0	0	0	413	582	
13	0	0	0	0	431	574	
14	0	0	0	0	455	556	
15	0	0	0	0	480	552	
0	0	0	0	0	505	571	
1	0	0	0	0	534	567	
2	0	0	0	0	556	564	
3	0	0	0	0	572	543	
4	0	0	0	0	593	562	
5	0	0	0	0	609	575	
6	0	0	0	0	621	578	
7	0	0	0	0	635	581	
8	0	0	0	0	647	548	
9	0	0	0	0	652	506	
10	0	0	0	0	654	457	
11	0	0	0	0	650	455	
12	0	0	0	0	637	479	
13	0	0	0	0	626	483	
14	0	0	0	0	615	473	
15	0	0	0	0	599	489	
0	0	0	0	0	579	483	
1	0	0	0	0	562	504	
2	0	0	0	0	548	558	
3	0	0	0	0	535	595	
4	0	0	0	0	523	593	
5	0	0	0	0	513	563	
6	0	0	0	0	512	540	
7	0	0	0	0	519	513	
8	0	0	0	0	533	489	
9	0	0	0	0	548	463	
10	0	0	0	0	565	475	
11	0	0	0	0	583	480	
12	0	0	0	0	594	478	
13	0	0	0	0	602	480	
14	0	0	0	0	605	459	
15	0	0	0	0	603	442	
0	0	0	0	0	607	436	
1	0	0	0	0	611	415	
2	0	0	0	0	615	419	
3	0	0	0	0	619	453	
4	0	0	0	0	621	445	
5	0	0	0	0	621	479	
6	0	0	0	0	620	492	
7	0	0	0	0	617	510	
8	0	0	0	0	611	499	
9	0	0	0	0	609	462	
10	0	0	0	0	618	452	
11	0	0	0	0	626	478	
12	0	0	0	0	636	510	
13	0	0	0	0	644	502	
14	0	0	0	0	653	492	
15	0	0	0	0	657	491	
0	0	0	0	0	653	504	
1	0	0	0	0	641	514	
2	0	0	0	0	623	515	
3	0	0	0	0	603	534	
4	0	0	0	0	582	537	
5	0	0	0	0	568	527	
6	0	0	0	0	558	513	
7	0	0	0	0	549	547	
8	0	0	0	0	545	570	
9	0	0	0	0	545	619	
10	0	0	0	0	543	611	
11	0	0	0	0	540	579	
12	0	0	0	0	535	549	
13	0	0	0	0	523	521	
14	0	0	0	0	505	489	
15	0	0	0	0	486	473	
0	0	0	0	0	468	487	
1	0	0	0	0	451	505	
2	0	0	0	0	432	496	
3	0	0	0	0	414	476	
4	0	0	0	0	400	473	
5	0	0	0	0	400	504	
6	0	0	0	0	406	544	
7	0	0	0	0	421	591	
8	0	0	0	0	447	559	
9	0	0	0	0	488	569	
10	0	0	0	0	538	566	
11	0	0	0	0	584	549	
12	0	0	0	0	623	508	
13	0	0	0	0	652	465	
14	0	0	0	0	667	457	
15	0	0	0	0	673	444	
0	0	0	0	0	670	408	
1	0	0	0	0	667	364	
2	0	0	0	0	672	362	
3	0	0	0	0	672	388	
4	0	0	0	0	664	383	
5	0	0	0	0	646	425	
6	0	0	0	0	620	471	
7	0	0	0	0	593	507	
8	0	0	0	0	566	524	
9	0	0	0	0	542	510	
10	0	0	0	0	521	501	
11	0	0	0	0	496	515	
12	0	0	0	0	468	504	
13	0	0	0	0	442	514	
14	0	0	0	0	426	554	
15	0	0	0	0	423	561	
0	0	0	0	0	432	536	
1	0	0	0	0	446	536	
2	0	0	0	0	468	527	
3	0	0	0	0	497	540	
4	0	0	0	0	525	547	
5	0	0	0	0	560	536	
6	0	0	0	0	607	495	
7	0	0	0	0	654	440	
8	0	0	0	0	688	439	
9	0	0	0	0	705	445	
10	0	0	0	0	709	479	
11	0	0	0	0	701	493	
12	0	0	0	0	683	483	
13	0	0	0	0	653	444	
14	0	0	0	0	613	412	
15	0	0	0	0	576	426	
0	0	0	0	0	544	470	
1	0	0	0	0	514	502	
2	0	0	0	0	494	552	
3	0	0	0	0	486	586	
4	0	0	0	0	492	562	
5	0	0	0	0	512	537	
6	0	0	0	0	550	545	
7	0	0	0	0	606	535	
8	0	0	0	0	655	505	
9	0	0	0	0	686	501	
10	0	0	0	0	702	498	
11	0	0	0	0	711	481	
12	0	0	0	0	719	464	
13	0	0	0	0	719	453	
14	0	0	0	0	717	454	
15	0	0	0	0	715	421	
0	0	0	0	0	707	424	
1	0	0	0	0	697	465	
2	0	0	0	0	686	484	
3	0	0	0	0	670	474	
4	0	0	0	0	650	464	
5	0	0	0	0	628	476	
6	0	0	0	0	611	464	
7	0	0	0	0	603	450	
8	0	0	0	0	602	440	
9	0	0	0	0	605	455	
10	0	0	0	0	614	477	
11	0	0	0	0	626	517	
12	0	0	0	0	640	574	
13	0	0	0	0	656	573	
14	0	0	0	0	673	502	
15	0	0	0	0	686	482	
0	0	0	0	0	688	471	
1	0	0	0	0	684	486	
2	0	0	0	0	675	499	
3	0	0	0	0	658	483	
4	0	0	0	0	636	446	
5	0	0	0	0	618	414	
6	0	0	0	0	610	423	
7	0	0	0	0	611	434	
8	0	0	0	0	618	474	
9	0	0	0	0	630	449	
10	0	0	0	0	635	434	
11	0	0	0	0	629	437	
12	0	0	0	0	619	464	
13	0	0	0	0	609	466	
14	0	0	0	0	591	502	
15	0	0	0	0	568	543	
0	0	0	0	0	544	551	
1	0	0	0	0	515	538	
2	0	0	0	0	483	546	
3	0	0	0	0	461	532	
4	0	0	0	0	452	542	
5	0	0	0	0	448	538	
6	0	0	0	0	454	532	
7	0	0	0	0	467	526	
8	0	0	0	0	490	506	
9	0	0	0	0	514	507	
10	0	0	0	0	531	524	
11	0	0	0	0	546	536	
12	0	0	0	0	565	536	
13	0	0	0	0	589	529	
14	0	0	0	0	610	530	
15	0	0	0	0	632	551	
0	0	0	0	0	651	560	
1	0	0	0	0	664	554	
2	0	0	0	0	668	524	
3	0	0	0	0	665	523	
4	0	0	0	0	662	525	
5	0	0	0	0	663	526	
6	0	0	0	0	656	550	
7	0	0	0	0	636	529	
8	0	0	0	0	600	530	
9	0	0	0	0	559	547	
10	0	0	0	0	516	581	
11	0	0	0	0	474	579	
12	0	0	0	0	440	571	
13	0	0	0	0	420	576	
14	0	0	0	0	412	560	
15	0	0	0	0	412	487	
0	0	0	0	0	419	433	
1	0	0	0	0	435	453	
2	0	0	0	0	461	475	
3	0	0	0	0	493	498	
4	0	0	0	0	524	511	
5	0	0	0	0	544	496	
6	0	0	0	0	552	462	
7	0	0	0	0	543	440	
8	0	0	0	0	528	406	
9	0	0	0	0	515	409	
10	0	0	0	0	510	415	
11	0	0	0	0	511	414	
12	0	0	0	0	520	415	
13	0	0	0	0	534	395	
14	0	0	0	0	550	407	
15	0	0	0	0	566	420	
0	0	0	0	0	578	446	
1	0	0	0	0	588	470	
2	0	0	0	0	595	509	
3	0	0	0	0	595	521	
4	0	0	0	0	589	531	
5	0	0	0	0	577	544	
6	0	0	0	0	551	529	
7	0	0	0	0	525	557	
8	0	0	0	0	509	551	
9	0	0	0	0	511	521	
10	0	0	0	0	524	515	
11	0	0	0	0	548	554	
12	0	0	0	0	572	564	
13	0	0	0	0	592	567	
14	0	0	0	0	607	528	
15	0	0	0	0	617	535	
0	0	0	0	0	615	538	
1	0	0	0	0	606	559	
2	0	0	0	0	597	584	
3	0	0	0	0	600	554	
4	0	0	0	0	620	528	
5	0	0	0	0	647	593	
6	0	0	0	0	671	627	
7	0	0	0	0	688	651	
8	0	0	0	0	687	581	
9	0	0	0	0	676	525	
10	0	0	0	0	661	502	
11	0	0	0	0	643	476	
12	0	0	0	0	619	414	
13	0	0	0	0	595	413	
14	0	0	0	0	577	401	
15	0	0	0	0	566	390	
0	0	0	0	0	558	393	
1	0	0	0	0	552	405	
2	0	0	0	0	547	405	
3	0	0	0	0	542	451	
4	0	0	0	0	536	476	
5	0	0	0	0	528	485	
6	0	0	0	0	515	497	
7	0	0	0	0	504	520	
8	0	0	0	0	495	560	
9	0	0	0	0	497	578	
10	0	0	0	0	507	587	
11	0	0	0	0	519	615	
12	0	0	0	0	540	615	
13	0	0	0	0	563	612	
14	0	0	0	0	587	583	
15	0	0	0	0	610	557	
0	0	0	0	0	629	508	
1	0	0	0	0	643	433	
2	0	0	0	0	653	392	
3	0	0	0	0	658	370	
4	0	0	0	0	660	396	
5	0	0	0	0	662	444	
6	0	0	0	0	657	474	
7	0	0	0	0	643	508	
8	0	0	0	0	622	501	
9	0	0	0	0	601	491	
10	0	0	0	0	587	533	
11	0	0	0	0	575	595	
12	0	0	0	0	568	651	
13	0	0	0	0	568	665	
14	0	0	0	0	574	646	
15	0	0	0	0	581	584	
0	0	0	0	0	585	552	
1	0	0	0	0	587	562	
2	0	0	0	0	595	572	
3	0	0	0	0	612	534	
4	0	0	0	0	635	497	
5	0	0	0	0	652	515	
6	0	0	0	0	667	513	
7	0	0	0	0	675	526	
8	0	0	0	0	675	547	
9	0	0	0	0	671	578	
10	0	0	0	0	667	607	
11	0	0	0	0	661	596	
12	0	0	0	0	659	585	
13	0	0	0	0	669	577	
14	0	0	0	0	687	558	
15	0	0	0	0	702	551	
0	0	0	0	0	706	535	
1	0	0	0	0	701	506	
2	0	0	0	0	685	472	
3	0	0	0	0	662	452	
4	0	0	0	0	639	450	
5	0	0	0	0	623	467	
6	0	0	0	0	623	502	
7	0	0	0	0	639	538	
8	0	0	0	0	655	536	
9	0	0	0	0	664	502	
10	0	0	0	0	662	488	
11	0	0	0	0	660	490	
12	0	0	0	0	653	476	
13	0	0	0	0	643	432	
14	0	0	0	0	635	407	
15	0	0	0	0	625	396	
0	0	0	0	0	613	420	
1	0	0	0	0	603	445	
2	0	0	0	0	595	475	
3	0	0	0	0	593	473	
4	0	0	0	0	596	446	
5	0	0	0	0	604	458	
6	0	0	0	0	611	463	
7	0	0	0	0	621	452	
8	0	0	0	0	631	490	
9	0	0	0	0	637	536	
10	0	0	0	0	644	590	
11	0	0	0	0	652	618	
12	0	0	0	0	657	622	
13	0	0	0	0	657	577	
14	0	0	0	0	656	563	
15	0	0	0	0	655	568	
0	0	0	0	0	652	568	
1	0	0	0	0	653	512	
2	0	0	0	0	658	491	
3	0	0	0	0	666	540	
4	0	0	0	0	676	600	
5	0	0	0	0	679	609	
6	0	0	0	0	677	571	
7	0	0	0	0	673	562	
8	0	0	0	0	668	573	
9	0	0	0	0	659	576	
10	0	0	0	0	649	606	
11	0	0	0	0	636	567	
12	0	0	0	0	622	479	
13	0	0	0	0	608	426	
14	0	0	0	0	587	413	
15	0	0	0	0	557	431	
0	0	0	0	0	525	485	
1	0	0	0	0	492	524	
2	0	0	0	0	467	543	
3	0	0	0	0	464	590	
4	0	0	0	0	478	616	
5	0	0	0	0	497	601	
6	0	0	0	0	511	596	
7	0	0	0	0	524	560	
8	0	0	0	0	533	539	
9	0	0	0	0	537	521	
10	0	0	0	0	547	541	
11	0	0	0	0	560	499	
12	0	0	0	0	579	480	
13	0	0	0	0	602	488	
14	0	0	0	0	628	506	
15	0	0	0	0	651	507	
0	0	0	0	0	667	535	
1	0	0	0	0	671	531	
2	0	0	0	0	673	499	
3	0	0	0	0	675	464	
4	0	0	0	0	686	455	
5	0	0	0	0	700	470	
6	0	0	0	0	712	507	
7	0	0	0	0	725	512	
8	0	0	0	0	738	515	
9	0	0	0	0	746	507	
10	0	0	0	0	748	436	
11	0	0	0	0	741	368	
12	0	0	0	0	717	376	
13	0	0	0	0	675	375	
14	0	0	0	0	627	410	
15	0	0	0	0	585	487	
0	0	0	0	0	556	510	
1	0	0	0	0	531	527	
2	0	0	0	0	511	559	
3	0	0	0	0	497	563	
4	0	0	0	0	486	587	
5	0	0	0	0	480	615	
6	0	0	0	0	478	638	
7	0	0	0	0	480	630	
8	0	0	0	0	491	618	
9	0	0	0	0	517	586	
10	0	0	0	0	553	520	
11	0	0	0	0	588	489	
12	0	0	0	0	616	492	
13	0	0	0	0	639	477	
14	0	0	0	0	651	519	
15	0	0	0	0	658	497	
0	0	0	0	0	659	465	
1	0	0	0	0	649	411	
2	0	0	0	0	629	408	
3	0	0	0	0	608	426	
4	0	0	0	0	594	467	
5	0	0	0	0	586	489	
6	0	0	0	0	579	519	
7	0	0	0	0	577	530	
8	0	0	0	0	578	524	
9	0	0	0	0	587	532	
10	0	0	0	0	598	552	
11	0	0	0	0	620	544	
12	0	0	0	0	651	508	
13	0	0	0	0	677	500	
14	0	0	0	0	689	462	
15	0	0	0	0	687	446	
0	0	0	0	0	673	441	
1	0	0	0	0	651	444	
2	0	0	0	0	626	446	
3	0	0	0	0	604	424	
4	0	0	0	0	583	407	
5	0	0	0	0	560	429	
6	0	0	0	0	536	447	
7	0	0	0	0	517	481	
8	0	0	0	0	506	559	
9	0	0	0	0	496	627	
10	0	0	0	0	485	627	
11	0	0	0	0	480	592	
12	0	0	0	0	481	609	
13	0	0	0	0	487	624	
14	0	0	0	0	499	626	
15	0	0	0	0	510	615	
0	0	0	0	0	520	606	
1	0	0	0	0	528	600	
2	0	0	0	0	539	605	
3	0	0	0	0	553	592	
4	0	0	0	0	568	564	
5	0	0	0	0	575	569	
6	0	0	0	0	585	544	
7	0	0	0	0	591	499	
8	0	0	0	0	595	483	
9	0	0	0	0	606	493	
10	0	0	0	0	628	492	
11	0	0	0	0	655	465	
12	0	0	0	0	683	448	
13	0	0	0	0	704	462	
14	0	0	0	0	705	475	
15	0	0	0	0	684	483	
0	0	0	0	0	657	482	
1	0	0	0	0	635	489	
2	0	0	0	0	624	503	
3	0	0	0	0	621	500	
4	0	0	0	0	626	497	
5	0	0	0	0	632	516	
6	0	0	0	0	630	536	
7	0	0	0	0	623	563	
8	0	0	0	0	614	591	
9	0	0	0	0	605	606	
10	0	0	0	0	598	596	
11	0	0	0	0	594	553	
12	0	0	0	0	599	484	
13	0	0	0	0	604	419	
14	0	0	0	0	604	403	
15	0	0	0	0	603	453	
0	0	0	0	0	603	480	
1	0	0	0	0	604	517	
2	0	0	0	0	602	569	
3	0	0	0	0	598	589	
4	0	0	0	0	592	585	
5	0	0	0	0	584	567	
6	0	0	0	0	576	568	
7	0	0	0	0	565	578	
8	0	0	0	0	553	540	
9	0	0	0	0	540	547	
10	0	0	0	0	521	538	
11	0	0	0	0	499	563	
12	0	0	0	0	482	605	
13	0	0	0	0	476	624	
14	0	0	0	0	494	612	
15	0	0	0	0	528	603	
0	0	0	0	0	563	569	
1	0	0	0	0	586	515	
2	0	0	0	0	593	510	
3	0	0	0	0	588	502	
4	0	0	0	0	573	488	
5	0	0	0	0	547	479	
6	0	0	0	0	512	494	
7	0	0	0	0	472	540	
8	0	0	0	0	438	579	
9	0	0	0	0	413	626	
10	0	0	0	0	397	648	
11	0	0	0	0	395	675	
12	0	0	0	0	409	659	
13	0	0	0	0	433	651	
14	0	0	0	0	457	667	
15	0	0	0	0	478	657	
0	0	0	0	0	493	614	
1	0	0	0	0	504	579	
2	0	0	0	0	523	563	
3	0	0	0	0	542	508	
4	0	0	0	0	558	477	
5	0	0	0	0	567	457	
6	0	0	0	0	579	450	
7	0	0	0	0	593	423	
8	0	0	0	0	601	463	
9	0	0	0	0	603	505	
10	0	0	0	0	599	518	
11	0	0	0	0	595	521	
12	0	0	0	0	591	562	
13	0	0	0	0	577	586	
14	0	0	0	0	555	601	
15	0	0	0	0	524	583	
0	0	0	0	0	488	591	
1	0	0	0	0	452	593	
2	0	0	0	0	428	607	
3	0	0	0	0	422	636	
4	0	0	0	0	429	631	
5	0	0	0	0	436	615	
6	0	0	0	0	440	602	
7	0	0	0	0	439	603	
8	0	0	0	0	438	615	
9	0	0	0	0	439	663	
10	0	0	0	0	443	687	
11	0	0	0	0	449	692	
12	0	0	0	0	465	686	
13	0	0	0	0	484	621	
14	0	0	0	0	496	585	
15	0	0	0	0	498	573	
0	0	0	0	0	490	560	
1	0	0	0	0	472	590	
2	0	0	0	0	455	619	
3	0	0	0	0	442	628	
4	0	0	0	0	436	641	
5	0	0	0	0	447	632	
6	0	0	0	0	461	619	
7	0	0	0	0	473	592	
8	0	0	0	0	482	553	
9	0	0	0	0	485	530	
10	0	0	0	0	487	548	
11	0	0	0	0	491	542	
12	0	0	0	0	495	552	
13	0	0	0	0	503	531	
14	0	0	0	0	515	540	
15	0	0	0	0	530	565	
0	0	0	0	0	547	540	
1	0	0	0	0	560	545	
2	0	0	0	0	568	563	
3	0	0	0	0	569	583	
4	0	0	0	0	563	575	
5	0	0	0	0	558	554	
6	0	0	0	0	559	542	
7	0	0	0	0	568	522	
8	0	0	0	0	576	549	
9	0	0	0	0	577	548	
10	0	0	0	0	569	568	
11	0	0	0	0	558	567	
12	0	0	0	0	553	570	
13	0	0	0	0	546	567	
14	0	0	0	0	545	554	
15	0	0	0	0	537	512	
0	0	0	0	0	519	500	
1	0	0	0	0	499	514	
2	0	0	0	0	480	538	
3	0	0	0	0	470	581	
4	0	0	0	0	463	615	
5	0	0	0	0	450	580	
6	0	0	0	0	440	525	
7	0	0	0	0	438	513	
8	0	0	0	0	448	536	
9	0	0	0	0	466	564	
10	0	0	0	0	488	579	
11	0	0	0	0	504	579	
12	0	0	0	0	514	576	
13	0	0	0	0	524	527	
14	0	0	0	0	530	499	
15	0	0	0	0	528	494	
0	0	0	0	0	521	512	
1	0	0	0	0	511	561	
2	0	0	0	0	499	581	
3	0	0	0	0	485	580	
4	0	0	0	0	469	569	
5	0	0	0	0	455	557	
6	0	0	0	0	446	544	
7	0	0	0	0	443	575	
8	0	0	0	0	441	601	
9	0	0	0	0	438	578	
10	0	0	0	0	431	543	
11	0	0	0	0	423	534	
12	0	0	0	0	414	524	
13	0	0	0	0	409	510	
14	0	0	0	0	411	475	
15	0	0	0	0	427	476	
0	0	0	0	0	454	526	
1	0	0	0	0	487	516	
2	0	0	0	0	521	517	
3	0	0	0	0	544	465	
4	0	0	0	0	562	434	
5	0	0	0	0	573	447	
6	0	0	0	0	582	438	
7	0	0	0	0	586	440	
8	0	0	0	0	587	443	
9	0	0	0	0	586	425	
10	0	0	0	0	583	391	
11	0	0	0	0	580	371	
12	0	0	0	0	583	415	
13	0	0	0	0	593	452	
14	0	0	0	0	609	470	
15	0	0	0	0	626	511	
0	0	0	0	0	643	504	
1	0	0	0	0	657	487	
2	0	0	0	0	664	459	
3	0	0	0	0	664	447	
4	0	0	0	0	663	427	
5	0	0	0	0	659	397	
6	0	0	0	0	651	415	
7	0	0	0	0	640	411	
8	0	0	0	0	628	418	
9	0	0	0	0	620	449	
10	0	0	0	0	619	431	
11	0	0	0	0	617	397	
12	0	0	0	0	611	387	
13	0	0	0	0	589	400	
14	0	0	0	0	566	438	
15	0	0	0	0	545	472	
0	0	0	0	0	530	519	
1	0	0	0	0	524	534	
2	0	0	0	0	516	553	
3	0	0	0	0	508	563	
4	0	0	0	0	501	574	
5	0	0	0	0	488	568	
6	0	0	0	0	478	574	
7	0	0	0	0	470	519	
8	0	0	0	0	455	497	
9	0	0	0	0	437	455	
10	0	0	0	0	420	473	
11	0	0	0	0	408	521	
12	0	0	0	0	399	519	
13	0	0	0	0	400	526	
14	0	0	0	0	406	547	
15	0	0	0	0	416	580	
0	0	0	0	0	432	630	
1	0	0	0	0	454	644	
2	0	0	0	0	480	655	
3	0	0	0	0	512	624	
4	0	0	0	0	545	574	
5	0	0	0	0	571	551	
6	0	0	0	0	592	524	
7	0	0	0	0	612	476	
8	0	0	0	0	621	458	
9	0	0	0	0	625	486	
10	0	0	0	0	637	512	
11	0	0	0	0	651	529	
12	0	0	0	0	659	529	
13	0	0	0	0	651	483	
14	0	0	0	0	627	476	
15	0	0	0	0	600	462	
0	0	0	0	0	581	466	
1	0	0	0	0	577	492	
2	0	0	0	0	574	521	
3	0	0	0	0	566	510	
4	0	0	0	0	552	526	
5	0	0	0	0	540	560	
6	0	0	0	0	532	580	
7	0	0	0	0	523	575	
8	0	0	0	0	513	551	
9	0	0	0	0	507	544	
10	0	0	0	0	505	524	
11	0	0	0	0	505	529	
12	0	0	0	0	499	546	
13	0	0	0	0	486	566	
14	0	0	0	0	470	576	
15	0	0	0	0	456	580	
0	0	0	0	0	439	612	
1	0	0	0	0	422	635	
2	0	0	0	0	408	628	
3	0	0	0	0	397	595	
4	0	0	0	0	387	547	
5	0	0	0	0	387	544	
6	0	0	0	0	392	537	
7	0	0	0	0	399	504	
8	0	0	0	0	406	484	
9	0	0	0	0	414	492	
10	0	0	0	0	422	530	
11	0	0	0	0	435	579	
12	0	0	0	0	450	602	
13	0	0	0	0	462	610	
14	0	0	0	0	476	623	
15	0	0	0	0	500	659	
0	0	0	0	0	526	635	
1	0	0	0	0	544	609	
2	0	0	0	0	548	578	
3	0	0	0	0	540	569	
4	0	0	0	0	525	540	
5	0	0	0	0	501	517	
6	0	0	0	0	468	579	
7	0	0	0	0	439	632	
8	0	0	0	0	428	640	
9	0	0	0	0	444	632	
10	0	0	0	0	481	596	
11	0	0	0	0	528	587	
12	0	0	0	0	572	520	
13	0	0	0	0	616	463	
14	0	0	0	0	660	456	
15	0	0	0	0	691	437	
0	0	0	0	0	708	426	
1	0	0	0	0	718	419	
2	0	0	0	0	718	428	
3	0	0	0	0	716	457	
4	0	0	0	0	710	466	
5	0	0	0	0	701	462	
6	0	0	0	0	688	482	
7	0	0	0	0	671	505	
8	0	0	0	0	653	472	
9	0	0	0	0	630	443	
10	0	0	0	0	597	421	
11	0	0	0	0	561	442	
12	0	0	0	0	523	458	
13	0	0	0	0	492	506	
14	0	0	0	0	468	555	
15	0	0	0	0	457	591	
0	0	0	0	0	460	615	
1	0	0	0	0	457	627	
2	0	0	0	0	458	659	
3	0	0	0	0	462	644	
4	0	0	0	0	475	628	
5	0	0	0	0	492	566	
6	0	0	0	0	519	551	
7	0	0	0	0	554	535	
8	0	0	0	0	592	573	
9	0	0	0	0	625	553	
10	0	0	0	0	649	561	
11	0	0	0	0	659	590	
12	0	0	0	0	649	599	
13	0	0	0	0	622	596	
14	0	0	0	0	590	594	
15	0	0	0	0	551	611	
0	0	0	0	0	511	619	
1	0	0	0	0	475	638	
2	0	0	0	0	455	634	
3	0	0	0	0	450	619	
4	0	0	0	0	468	623	
5	0	0	0	0	498	625	
6	0	0	0	0	523	628	
7	0	0	0	0	545	616	
8	0	0	0	0	567	602	
9	0	0	0	0	588	578	
10	0	0	0	0	607	567	
11	0	0	0	0	623	592	
12	0	0	0	0	633	604	
13	0	0	0	0	647	552	
14	0	0	0	0	659	462	
15	0	0	0	0	651	371	
0	0	0	0	0	631	369	
1	0	0	0	0	608	401	
2	0	0	0	0	579	441	
3	0	0	0	0	542	520	
4	0	0	0	0	503	551	
5	0	0	0	0	471	593	
6	0	0	0	0	448	597	
7	0	0	0	0	433	666	
8	0	0	0	0	427	711	
9	0	0	0	0	428	702	
10	0	0	0	0	434	683	
11	0	0	0	0	443	688	
12	0	0	0	0	451	667	
13	0	0	0	0	453	647	
14	0	0	0	0	453	660	
15	0	0	0	0	459	676	
0	0	0	0	0	463	673	
1	0	0	0	0	477	639	
2	0	0	0	0	505	631	
3	0	0	0	0	539	601	
4	0	0	0	0	571	556	
5	0	0	0	0	594	552	
6	0	0	0	0	608	514	
7	0	0	0	0	613	512	
8	0	0	0	0	604	515	
9	0	0	0	0	583	495	
10	0	0	0	0	557	548	
11	0	0	0	0	529	574	
12	0	0	0	0	506	572	
13	0	0	0	0	486	569	
14	0	0	0	0	472	568	
15	0	0	0	0	467	555	
0	0	0	0	0	464	548	
1	0	0	0	0	463	551	
2	0	0	0	0	461	539	
3	0	0	0	0	461	532	
4	0	0	0	0	465	558	
5	0	0	0	0	479	569	
6	0	0	0	0	502	557	
7	0	0	0	0	537	529	
8	0	0	0	0	574	519	
9	0	0	0	0	606	532	
10	0	0	0	0	622	522	
11	0	0	0	0	615	525	
12	0	0	0	0	598	529	
13	0	0	0	0	571	550	
14	0	0	0	0	537	595	
15	0	0	0	0	507	614	
0	0	0	0	0	487	607	
1	0	0	0	0	472	602	
2	0	0	0	0	454	560	
3	0	0	0	0	441	523	
4	0	0	0	0	435	496	
5	0	0	0	0	436	465	
6	0	0	0	0	441	471	
7	0	0	0	0	442	493	
8	0	0	0	0	440	503	
9	0	0	0	0	437	502	
10	0	0	0	0	436	493	
11	0	0	0	0	436	484	
12	0	0	0	0	440	500	
13	0	0	0	0	457	533	
14	0	0	0	0	478	568	
15	0	0	0	0	491	548	
0	0	0	0	0	487	568	
1	0	0	0	0	479	551	
2	0	0	0	0	473	519	
3	0	0	0	0	462	497	
4	0	0	0	0	445	508	
5	0	0	0	0	435	526	
6	0	0	0	0	432	534	
7	0	0	0	0	417	587	
8	0	0	0	0	387	591	
9	0	0	0	0	355	617	
10	0	0	0	0	331	652	
11	0	0	0	0	321	644	
12	0	0	0	0	324	593	
13	0	0	0	0	345	555	
14	0	0	0	0	381	545	
15	0	0	0	0	414	558	
0	0	0	0	0	444	584	
1	0	0	0	0	469	571	
2	0	0	0	0	491	513	
3	0	0	0	0	511	450	
4	0	0	0	0	526	443	
5	0	0	0	0	541	396	
6	0	0	0	0	554	327	
7	0	0	0	0	561	334	
8	0	0	0	0	556	359	
9	0	0	0	0	550	440	
10	0	0	0	0	551	475	
11	0	0	0	0	551	467	
12	0	0	0	0	547	471	
13	0	0	0	0	536	419	
14	0	0	0	0	525	372	
15	0	0	0	0	523	402	
0	0	0	0	0	534	444	
1	0	0	0	0	553	457	
2	0	0	0	0	576	462	
3	0	0	0	0	596	487	
4	0	0	0	0	615	499	
5	0	0	0	0	622	505	
6	0	0	0	0	615	481	
7	0	0	0	0	595	452	
8	0	0	0	0	575	447	
9	0	0	0	0	556	467	
10	0	0	0	0	542	484	
11	0	0	0	0	535	524	
12	0	0	0	0	535	564	
13	0	0	0	0	534	552	
14	0	0	0	0	523	556	
15	0	0	0	0	502	552	
0	0	0	0	0	480	526	
1	0	0	0	0	461	498	
2	0	0	0	0	451	499	
3	0	0	0	0	448	533	
4	0	0	0	0	450	512	
5	0	0	0	0	454	484	
6	0	0	0	0	457	480	
7	0	0	0	0	461	480	
8	0	0	0	0	470	457	
9	0	0	0	0	485	417	
10	0	0	0	0	497	444	
11	0	0	0	0	507	470	
12	0	0	0	0	512	511	
13	0	0	0	0	511	513	
14	0	0	0	0	507	476	
15	0	0	0	0	502	445	
0	0	0	0	0	498	452	
1	0	0	0	0	493	467	
2	0	0	0	0	487	465	
3	0	0	0	0	480	483	
4	0	0	0	0	470	525	
5	0	0	0	0	457	531	
6	0	0	0	0	447	529	
7	0	0	0	0	441	559	
8	0	0	0	0	440	583	
9	0	0	0	0	440	645	
10	0	0	0	0	441	689	
11	0	0	0	0	443	676	
12	0	0	0	0	453	657	
13	0	0	0	0	472	619	
14	0	0	0	0	496	601	
15	0	0	0	0	526	597	
0	0	0	0	0	554	597	
1	0	0	0	0	572	575	
2	0	0	0	0	579	565	
3	0	0	0	0	578	557	
4	0	0	0	0	565	532	
5	0	0	0	0	548	512	
6	0	0	0	0	536	518	
7	0	0	0	0	524	520	
8	0	0	0	0	517	522	
9	0	0	0	0	511	526	
10	0	0	0	0	507	545	
11	0	0	0	0	501	563	
12	0	0	0	0	487	572	
13	0	0	0	0	470	604	
14	0	0	0	0	457	583	
15	0	0	0	0	458	549	
0	0	0	0	0	462	506	
1	0	0	0	0	463	479	
2	0	0	0	0	459	406	
3	0	0	0	0	451	440	
4	0	0	0	0	428	532	
5	0	0	0	0	399	585	
6	0	0	0	0	366	587	
7	0	0	0	0	339	606	
8	0	0	0	0	327	605	
9	0	0	0	0	323	571	
10	0	0	0	0	327	524	
11	0	0	0	0	340	504	
12	0	0	0	0	364	522	
13	0	0	0	0	400	531	
14	0	0	0	0	447	530	
15	0	0	0	0	491	531	
0	0	0	0	0	524	572	
1	0	0	0	0	540	572	
2	0	0	0	0	542	569	
3	0	0	0	0	534	580	
4	0	0	0	0	520	575	
5	0	0	0	0	511	578	
6	0	0	0	0	504	575	
7	0	0	0	0	504	573	
8	0	0	0	0	514	569	
9	0	0	0	0	527	548	
10	0	0	0	0	540	501	
11	0	0	0	0	545	504	
12	0	0	0	0	545	501	
13	0	0	0	0	540	514	
14	0	0	0	0	525	491	
15	0	0	0	0	507	465	
0	0	0	0	0	487	459	
1	0	0	0	0	470	457	
2	0	0	0	0	450	495	
3	0	0	0	0	432	506	
4	0	0	0	0	416	531	
5	0	0	0	0	411	554	
6	0	0	0	0	411	592	
7	0	0	0	0	411	626	
8	0	0	0	0	403	622	
9	0	0	0	0	389	620	
10	0	0	0	0	376	592	
11	0	0	0	0	367	590	
12	0	0	0	0	372	614	
13	0	0	0	0	397	611	
14	0	0	0	0	435	579	
15	0	0	0	0	474	530	
0	0	0	0	0	510	488	
1	0	0	0	0	545	416	
2	0	0	0	0	575	406	
3	0	0	0	0	596	423	
4	0	0	0	0	608	452	
5	0	0	0	0	608	463	
6	0	0	0	0	604	476	
7	0	0	0	0	596	483	
8	0	0	0	0	588	488	
9	0	0	0	0	582	448	
10	0	0	0	0	580	436	
11	0	0	0	0	582	452	
12	0	0	0	0	577	481	
13	0	0	0	0	566	477	
14	0	0	0	0	560	497	
15	0	0	0	0	565	498	
0	0	0	0	0	569	497	
1	0	0	0	0	569	487	
2	0	0	0	0	567	478	
3	0	0	0	0	557	469	
4	0	0	0	0	547	477	
5	0	0	0	0	544	531	
6	0	0	0	0	546	565	
7	0	0	0	0	550	545	
8	0	0	0	0	542	537	
9	0	0	0	0	519	540	
10	0	0	0	0	492	502	
11	0	0	0	0	472	466	
12	0	0	0	0	464	476	
13	0	0	0	0	463	503	
14	0	0	0	0	471	513	
15	0	0	0	0	478	527	
0	0	0	0	0	472	494	
1	0	0	0	0	451	486	
2	0	0	0	0	426	475	
3	0	0	0	0	406	466	
4	0	0	0	0	400	443	
5	0	0	0	0	404	447	
6	0	0	0	0	412	482	
7	0	0	0	0	420	520	
8	0	0	0	0	420	553	
9	0	0	0	0	418	561	
10	0	0	0	0	421	583	
11	0	0	0	0	427	578	
12	0	0	0	0	432	542	
13	0	0	0	0	437	531	
14	0	0	0	0	441	511	
15	0	0	0	0	444	479	
0	0	0	0	0	445	444	
1	0	0	0	0	455	392	
2	0	0	0	0	469	406	
3	0	0	0	0	487	435	
4	0	0	0	0	503	463	
5	0	0	0	0	518	490	
6	0	0	0	0	529	484	
7	0	0	0	0	535	528	
8	0	0	0	0	535	555	
9	0	0	0	0	532	538	
10	0	0	0	0	530	549	
11	0	0	0	0	524	522	
12	0	0	0	0	519	485	
13	0	0	0	0	515	464	
14	0	0	0	0	508	433	
15	0	0	0	0	507	436	
0	0	0	0	0	508	417	
1	0	0	0	0	503	432	
2	0	0	0	0	490	441	
3	0	0	0	0	469	449	
4	0	0	0	0	439	443	
5	0	0	0	0	411	474	
6	0	0	0	0	391	490	
7	0	0	0	0	375	511	
8	0	0	0	0	366	552	
9	0	0	0	0	358	588	
10	0	0	0	0	355	607	
11	0	0	0	0	360	582	
12	0	0	0	0	377	567	
13	0	0	0	0	397	584	
14	0	0	0	0	418	593	
15	0	0	0	0	440	611	
0	0	0	0	0	463	632	
1	0	0	0	0	491	653	
2	0	0	0	0	519	663	
3	0	0	0	0	539	624	
4	0	0	0	0	551	606	
5	0	0	0	0	554	584	
6	0	0	0	0	547	528	
7	0	0	0	0	538	467	
8	0	0	0	0	535	449	
9	0	0	0	0	539	428	
10	0	0	0	0	549	450	
11	0	0	0	0	562	436	
12	0	0	0	0	572	444	
13	0	0	0	0	578	430	
14	0	0	0	0	583	451	
15	0	0	0	0	584	454	
0	0	0	0	0	580	476	
1	0	0	0	0	571	491	
2	0	0	0	0	561	508	
3	0	0	0	0	557	511	
4	0	0	0	0	555	505	
5	0	0	0	0	554	506	
6	0	0	0	0	556	475	
7	0	0	0	0	557	466	
8	0	0	0	0	564	498	
9	0	0	0	0	571	502	
10	0	0	0	0	577	472	
11	0	0	0	0	583	441	
12	0	0	0	0	597	420	
13	0	0	0	0	615	436	
14	0	0	0	0	620	440	
15	0	0	0	0	610	443	
0	0	0	0	0	588	432	
1	0	0	0	0	564	457	
2	0	0	0	0	546	512	
3	0	0	0	0	534	564	
4	0	0	0	0	521	579	
5	0	0	0	0	512	588	
6	0	0	0	0	510	573	
7	0	0	0	0	521	584	
8	0	0	0	0	536	600	
9	0	0	0	0	549	582	
10	0	0	0	0	558	555	
11	0	0	0	0	557	547	
12	0	0	0	0	547	535	
13	0	0	0	0	534	495	
14	0	0	0	0	513	477	
15	0	0	0	0	491	498	
0	0	0	0	0	465	463	
1	0	0	0	0	444	454	
2	0	0	0	0	425	457	
3	0	0	0	0	409	452	
4	0	0	0	0	400	508	
5	0	0	0	0	403	537	
6	0	0	0	0	411	591	
7	0	0	0	0	430	639	
8	0	0	0	0	456	612	
9	0	0	0	0	488	588	
10	0	0	0	0	521	526	
11	0	0	0	0	549	489	
12	0	0	0	0	569	469	
13	0	0	0	0	584	464	
14	0	0	0	0	589	452	
15	0	0	0	0	585	454	
0	0	0	0	0	575	440	
1	0	0	0	0	568	437	
2	0	0	0	0	561	466	
3	0	0	0	0	551	446	
4	0	0	0	0	531	440	
5	0	0	0	0	503	466	
6	0	0	0	0	470	465	
7	0	0	0	0	431	475	
8	0	0	0	0	399	499	
9	0	0	0	0	369	498	
10	0	0	0	0	345	483	
11	0	0	0	0	329	518	
12	0	0	0	0	314	556	
13	0	0	0	0	307	600	
14	0	0	0	0	295	594	
15	0	0	0	0	289	605	
0	0	0	0	0	307	631	
1	0	0	0	0	339	611	
2	0	0	0	0	379	570	
3	0	0	0	0	418	541	
4	0	0	0	0	456	494	
5	0	0	0	0	487	477	
6	0	0	0	0	513	476	
7	0	0	0	0	529	476	
8	0	0	0	0	536	466	
9	0	0	0	0	538	458	
10	0	0	0	0	535	423	
11	0	0	0	0	534	430	
12	0	0	0	0	534	470	
13	0	0	0	0	531	535	
14	0	0	0	0	521	582	
15	0	0	0	0	506	618	
0	0	0	0	0	487	642	
1	0	0	0	0	466	662	
2	0	0	0	0	450	675	
3	0	0	0	0	438	624	
4	0	0	0	0	427	571	
5	0	0	0	0	419	542	
6	0	0	0	0	419	518	
7	0	0	0	0	419	534	
8	0	0	0	0	420	503	
9	0	0	0	0	425	497	
10	0	0	0	0	429	502	
11	0	0	0	0	438	489	
12	0	0	0	0	448	491	
13	0	0	0	0	459	498	
14	0	0	0	0	472	499	
15	0	0	0	0	477	490	
0	0	0	0	0	484	498	
1	0	0	0	0	488	511	
2	0	0	0	0	487	529	
3	0	0	0	0	484	516	
4	0	0	0	0	484	521	
5	0	0	0	0	483	497	
6	0	0	0	0	473	471	
7	0	0	0	0	453	455	
8	0	0	0	0	431	445	
9	0	0	0	0	407	439	
10	0	0	0	0	382	460	
11	0	0	0	0	360	500	
12	0	0	0	0	347	568	
13	0	0	0	0	335	575	
14	0	0	0	0	330	601	
15	0	0	0	0	330	633	
0	0	0	0	0	339	659	
1	0	0	0	0	352	651	
2	0	0	0	0	368	650	
3	0	0	0	0	383	655	
4	0	0	0	0	397	654	
5	0	0	0	0	415	657	
6	0	0	0	0	438	675	
7	0	0	0	0	454	677	
8	0	0	0	0	466	667	
9	0	0	0	0	477	600	
10	0	0	0	0	494	537	
11	0	0	0	0	517	453	
12	0	0	0	0	537	431	
13	0	0	0	0	547	439	
14	0	0	0	0	546	451	
15	0	0	0	0	536	454	
0	0	0	0	0	521	497	
1	0	0	0	0	510	524	
2	0	0	0	0	503	495	
3	0	0	0	0	501	487	
4	0	0	0	0	498	513	
5	0	0	0	0	489	539	
6	0	0	0	0	481	567	
7	0	0	0	0	473	572	
8	0	0	0	0	466	574	
9	0	0	0	0	463	580	
10	0	0	0	0	461	572	
11	0	0	0	0	454	559	
12	0	0	0	0	444	550	
13	0	0	0	0	431	535	
14	0	0	0	0	426	522	
15	0	0	0	0	426	523	
0	0	0	0	0	430	526	
1	0	0	0	0	443	531	
2	0	0	0	0	458	551	
3	0	0	0	0	468	559	
4	0	0	0	0	474	575	
5	0	0	0	0	474	558	
6	0	0	0	0	469	515	
7	0	0	0	0	464	492	
8	0	0	0	0	463	484	
9	0	0	0	0	464	453	
10	0	0	0	0	465	408	
11	0	0	0	0	460	399	
12	0	0	0	0	444	412	
13	0	0	0	0	420	409	
14	0	0	0	0	399	375	
15	0	0	0	0	377	380	
0	0	0	0	0	359	399	
1	0	0	0	0	343	453	
2	0	0	0	0	325	514	
3	0	0	0	0	303	578	
4	0	0	0	0	283	582	
5	0	0	0	0	267	594	
6	0	0	0	0	255	609	
7	0	0	0	0	250	607	
8	0	0	0	0	257	633	
9	0	0	0	0	279	655	
10	0	0	0	0	307	642	
11	0	0	0	0	345	642	
12	0	0	0	0	389	659	
13	0	0	0	0	436	674	
14	0	0	0	0	482	647	
15	0	0	0	0	524	586	
0	0	0	0	0	561	502	
1	0	0	0	0	590	439	
2	0	0	0	0	607	394	
3	0	0	0	0	612	386	
4	0	0	0	0	609	407	
5	0	0	0	0	598	435	
6	0	0	0	0	575	460	
7	0	0	0	0	548	492	
8	0	0	0	0	523	455	
9	0	0	0	0	503	398	
10	0	0	0	0	483	399	
11	0	0	0	0	463	404	
12	0	0	0	0	445	401	
13	0	0	0	0	431	419	
14	0	0	0	0	426	470	
15	0	0	0	0	423	524	
0	0	0	0	0	428	551	
1	0	0	0	0	438	510	
2	0	0	0	0	447	477	
3	0	0	0	0	454	493	
4	0	0	0	0	454	519	
5	0	0	0	0	447	560	
6	0	0	0	0	428	577	
7	0	0	0	0	408	575	
8	0	0	0	0	393	592	
9	0	0	0	0	383	601	
10	0	0	0	0	380	580	
11	0	0	0	0	379	554	
12	0	0	0	0	376	534	
13	0	0	0	0	372	538	
14	0	0	0	0	369	538	
15	0	0	0	0	367	530	
0	0	0	0	0	370	505	
1	0	0	0	0	371	493	
2	0	0	0	0	370	508	
3	0	0	0	0	369	519	
4	0	0	0	0	363	491	
5	0	0	0	0	353	520	
6	0	0	0	0	348	535	
7	0	0	0	0	348	562	
8	0	0	0	0	359	577	
9	0	0	0	0	384	558	
10	0	0	0	0	422	528	
11	0	0	0	0	464	495	
12	0	0	0	0	511	452	
13	0	0	0	0	550	412	
14	0	0	0	0	581	387	
15	0	0	0	0	602	398	
0	0	0	0	0	610	356	
1	0	0	0	0	610	340	
2	0	0	0	0	604	353	
3	0	0	0	0	595	363	
4	0	0	0	0	587	381	
5	0	0	0	0	574	435	
6	0	0	0	0	559	526	
7	0	0	0	0	541	552	
8	0	0	0	0	535	600	
9	0	0	0	0	543	579	
10	0	0	0	0	558	551	
11	0	0	0	0	572	500	
12	0	0	0	0	582	486	
13	0	0	0	0	581	451	
14	0	0	0	0	572	414	
15	0	0	0	0	556	423	
0	0	0	0	0	534	471	
1	0	0	0	0	511	525	
2	0	0	0	0	491	566	
3	0	0	0	0	478	569	
4	0	0	0	0	476	541	
5	0	0	0	0	482	518	
6	0	0	0	0	495	462	
7	0	0	0	0	510	463	
8	0	0	0	0	524	448	
9	0	0	0	0	528	438	
10	0	0	0	0	530	438	
11	0	0	0	0	527	431	
12	0	0	0	0	524	452	
13	0	0	0	0	516	446	
14	0	0	0	0	510	440	
15	0	0	0	0	505	400	
0	0	0	0	0	509	370	
1	0	0	0	0	518	404	
2	0	0	0	0	521	450	
3	0	0	0	0	519	512	
4	0	0	0	0	507	573	
5	0	0	0	0	493	605	
6	0	0	0	0	481	586	
7	0	0	0	0	473	560	
8	0	0	0	0	465	581	
9	0	0	0	0	455	583	
10	0	0	0	0	446	573	
11	0	0	0	0	437	563	
12	0	0	0	0	438	582	
13	0	0	0	0	440	620	
14	0	0	0	0	444	643	
15	0	0	0	0	450	644	
0	0	0	0	0	462	624	
1	0	0	0	0	483	585	
2	0	0	0	0	507	550	
3	0	0	0	0	527	537	
4	0	0	0	0	532	519	
5	0	0	0	0	523	493	
6	0	0	0	0	503	487	
7	0	0	0	0	469	507	
8	0	0	0	0	431	512	
9	0	0	0	0	399	519	
10	0	0	0	0	377	531	
11	0	0	0	0	363	527	
12	0	0	0	0	352	531	
13	0	0	0	0	355	555	
14	0	0	0	0	366	528	
15	0	0	0	0	388	534	
0	0	0	0	0	419	523	
1	0	0	0	0	450	477	
2	0	0	0	0	484	451	
3	0	0	0	0	517	415	
4	0	0	0	0	548	398	
5	0	0	0	0	577	410	
6	0	0	0	0	604	455	
7	0	0	0	0	630	466	
8	0	0	0	0	650	446	
9	0	0	0	0	664	466	
10	0	0	0	0	675	484	
11	0	0	0	0	681	499	
12	0	0	0	0	681	505	
13	0	0	0	0	677	496	
14	0	0	0	0	667	480	
15	0	0	0	0	652	408	
0	0	0	0	0	638	381	
1	0	0	0	0	616	414	
2	0	0	0	0	591	421	
3	0	0	0	0	564	408	
4	0	0	0	0	530	433	
5	0	0	0	0	500	477	
6	0	0	0	0	473	526	
7	0	0	0	0	451	569	
8	0	0	0	0	437	582	
9	0	0	0	0	428	571	
10	0	0	0	0	425	572	
11	0	0	0	0	431	563	
12	0	0	0	0	454	544	
13	0	0	0	0	489	523	
14	0	0	0	0	524	459	
15	0	0	0	0	554	390	
0	0	0	0	0	583	402	
1	0	0	0	0	604	443	
2	0	0	0	0	623	462	
3	0	0	0	0	644	510	
4	0	0	0	0	664	550	
5	0	0	0	0	687	560	
6	0	0	0	0	704	519	
7	0	0	0	0	712	461	
8	0	0	0	0	705	446	
9	0	0	0	0	684	441	
10	0	0	0	0	653	463	
11	0	0	0	0	622	462	
12	0	0	0	0	603	477	
13	0	0	0	0	598	481	
14	0	0	0	0	605	475	
15	0	0	0	0	619	427	
0	0	0	0	0	631	393	
1	0	0	0	0	638	358	
2	0	0	0	0	640	359	
3	0	0	0	0	639	353	
4	0	0	0	0	636	314	
5	0	0	0	0	632	316	
6	0	0	0	0	623	310	
7	0	0	0	0	613	329	
8	0	0	0	0	608	375	
9	0	0	0	0	608	423	
10	0	0	0	0	609	451	
11	0	0	0	0	615	481	
12	0	0	0	0	625	489	
13	0	0	0	0	631	480	
14	0	0	0	0	632	476	
15	0	0	0	0	629	468	
0	0	0	0	0	626	458	
1	0	0	0	0	620	449	
2	0	0	0	0	618	463	
3	0	0	0	0	612	486	
4	0	0	0	0	588	508	
5	0	0	0	0	545	518	
6	0	0	0	0	496	516	
7	0	0	0	0	457	522	
8	0	0	0	0	436	544	
9	0	0	0	0	444	564	
10	0	0	0	0	478	585	
11	0	0	0	0	519	555	
12	0	0	0	0	557	516	
13	0	0	0	0	583	463	
14	0	0	0	0	594	453	
15	0	0	0	0	586	471	
0	0	0	0	0	567	516	
1	0	0	0	0	552	547	
2	0	0	0	0	546	561	
3	0	0	0	0	551	553	
4	0	0	0	0	562	524	
5	0	0	0	0	580	461	
6	0	0	0	0	611	459	
7	0	0	0	0	652	460	
8	0	0	0	0	681	479	
9	0	0	0	0	701	495	
10	0	0	0	0	700	476	
11	0	0	0	0	681	457	
12	0	0	0	0	655	451	
13	0	0	0	0	629	449	
14	0	0	0	0	600	445	
15	0	0	0	0	577	426	
0	0	0	0	0	566	417	
1	0	0	0	0	563	419	
2	0	0	0	0	558	395	
3	0	0	0	0	563	382	
4	0	0	0	0	574	414	
5	0	0	0	0	592	440	
6	0	0	0	0	611	465	
7	0	0	0	0	620	443	
8	0	0	0	0	620	443	
9	0	0	0	0	608	435	
10	0	0	0	0	588	440	
11	0	0	0	0	568	440	
12	0	0	0	0	551	499	
13	0	0	0	0	536	525	
14	0	0	0	0	520	505	
15	0	0	0	0	506	464	
0	0	0	0	0	489	443	
1	0	0	0	0	475	440	
2	0	0	0	0	474	434	
3	0	0	0	0	476	395	
4	0	0	0	0	479	359	
5	0	0	0	0	487	371	
6	0	0	0	0	497	402	
7	0	0	0	0	505	442	
8	0	0	0	0	509	487	
9	0	0	0	0	518	539	
10	0	0	0	0	534	577	
11	0	0	0	0	555	591	
12	0	0	0	0	579	555	
13	0	0	0	0	593	476	
14	0	0	0	0	604	478	
15	0	0	0	0	613	526	
0	0	0	0	0	620	544	
1	0	0	0	0	627	540	
2	0	0	0	0	631	500	
3	0	0	0	0	627	436	
4	0	0	0	0	619	438	
5	0	0	0	0	609	468	
6	0	0	0	0	608	429	
7	0	0	0	0	609	409	
8	0	0	0	0	613	387	
9	0	0	0	0	611	372	
10	0	0	0	0	600	391	
11	0	0	0	0	584	394	
12	0	0	0	0	563	391	
13	0	0	0	0	547	394	
14	0	0	0	0	536	377	
15	0	0	0	0	532	376	
0	0	0	0	0	531	389	
1	0	0	0	0	535	425	
2	0	0	0	0	544	462	
3	0	0	0	0	555	457	
4	0	0	0	0	569	451	
5	0	0	0	0	584	412	
6	0	0	0	0	599	399	
7	0	0	0	0	614	390	
8	0	0	0	0	625	403	
9	0	0	0	0	634	421	
10	0	0	0	0	639	464	
11	0	0	0	0	642	472	
12	0	0	0	0	653	500	
13	0	0	0	0	660	486	
14	0	0	0	0	662	496	
15	0	0	0	0	651	495	
0	0	0	0	0	619	473	
1	0	0	0	0	575	464	
2	0	0	0	0	521	476	
3	0	0	0	0	466	451	
4	0	0	0	0	420	440	
5	0	0	0	0	386	440	
6	0	0	0	0	360	474	
7	0	0	0	0	340	498	
8	0	0	0	0	327	513	
9	0	0	0	0	317	561	
10	0	0	0	0	308	615	
11	0	0	0	0	307	647	
12	0	0	0	0	320	641	
13	0	0	0	0	343	660	
14	0	0	0	0	369	696	
15	0	0	0	0	395	728	
0	0	0	0	0	420	703	
1	0	0	0	0	438	657	
2	0	0	0	0	456	591	
3	0	0	0	0	479	533	
4	0	0	0	0	496	475	
5	0	0	0	0	515	464	
6	0	0	0	0	539	447	
7	0	0	0	0	560	436	
8	0	0	0	0	579	464	
9	0	0	0	0	596	450	
10	0	0	0	0	617	477	
11	0	0	0	0	636	514	
12	0	0	0	0	650	528	
13	0	0	0	0	662	518	
14	0	0	0	0	667	507	
15	0	0	0	0	672	510	
0	0	0	0	0	676	503	
1	0	0	0	0	671	501	
2	0	0	0	0	655	462	
3	0	0	0	0	638	491	
4	0	0	0	0	622	523	
5	0	0	0	0	608	543	
6	0	0	0	0	591	524	
7	0	0	0	0	573	527	
8	0	0	0	0	550	510	
9	0	0	0	0	527	515	
10	0	0	0	0	507	525	
11	0	0	0	0	487	542	
12	0	0	0	0	466	545	
13	0	0	0	0	441	530	
14	0	0	0	0	421	562	
15	0	0	0	0	409	566	
0	0	0	0	0	399	565	
1	0	0	0	0	390	573	
2	0	0	0	0	381	540	
3	0	0	0	0	385	529	
4	0	0	0	0	405	514	
5	0	0	0	0	440	504	
6	0	0	0	0	475	501	
7	0	0	0	0	502	476	
8	0	0	0	0	521	480	
9	0	0	0	0	537	500	
10	0	0	0	0	550	520	
11	0	0	0	0	559	516	
12	0	0	0	0	569	513	
13	0	0	0	0	581	499	
14	0	0	0	0	589	516	
15	0	0	0	0	590	543	
0	0	0	0	0	588	588	
1	0	0	0	0	580	607	
2	0	0	0	0	568	608	
3	0	0	0	0	552	617	
4	0	0	0	0	544	627	
5	0	0	0	0	542	639	
6	0	0	0	0	543	627	
7	0	0	0	0	545	598	
8	0	0	0	0	551	568	
9	0	0	0	0	552	550	
10	0	0	0	0	556	528	
11	0	0	0	0	564	554	
12	0	0	0	0	575	574	
13	0	0	0	0	583	568	
14	0	0	0	0	587	582	
15	0	0	0	0	588	607	
0	0	0	0	0	588	616	
1	0	0	0	0	577	595	
2	0	0	0	0	558	579	
3	0	0	0	0	536	561	
4	0	0	0	0	513	564	
5	0	0	0	0	490	563	
6	0	0	0	0	469	582	
7	0	0	0	0	448	561	
8	0	0	0	0	426	547	
9	0	0	0	0	408	519	
10	0	0	0	0	401	543	
11	0	0	0	0	403	556	
12	0	0	0	0	402	564	
13	0	0	0	0	401	590	
14	0	0	0	0	395	583	
15	0	0	0	0	384	600	
0	0	0	0	0	371	625	
1	0	0	0	0	363	677	
2	0	0	0	0	357	705	
3	0	0	0	0	365	694	
4	0	0	0	0	384	679	
5	0	0	0	0	406	662	
6	0	0	0	0	438	619	
7	0	0	0	0	468	577	
8	0	0	0	0	487	584	
9	0	0	0	0	495	603	
10	0	0	0	0	494	590	
11	0	0	0	0	489	586	
12	0	0	0	0	480	580	
13	0	0	0	0	480	579	
14	0	0	0	0	485	568	
15	0	0	0	0	489	572	
0	0	0	0	0	486	547	
1	0	0	0	0	475	530	
2	0	0	0	0	463	541	
3	0	0	0	0	451	545	
4	0	0	0	0	439	547	
5	0	0	0	0	430	545	
6	0	0	0	0	423	545	
7	0	0	0	0	419	576	
8	0	0	0	0	420	583	
9	0	0	0	0	423	592	
10	0	0	0	0	422	591	
11	0	0	0	0	419	568	
12	0	0	0	0	409	554	
13	0	0	0	0	396	552	
14	0	0	0	0	379	578	
15	0	0	0	0	363	594	
0	0	0	0	0	350	611	
1	0	0	0	0	353	619	
2	0	0	0	0	367	648	
3	0	0	0	0	381	667	
4	0	0	0	0	397	652	
5	0	0	0	0	421	627	
6	0	0	0	0	460	585	
7	0	0	0	0	498	543	
8	0	0	0	0	526	507	
9	0	0	0	0	538	480	
10	0	0	0	0	535	499	
11	0	0	0	0	524	514	
12	0	0	0	0	511	513	
13	0	0	0	0	499	506	
14	0	0	0	0	487	527	
15	0	0	0	0	477	532	
0	0	0	0	0	462	500	
1	0	0	0	0	443	486	
2	0	0	0	0	425	514	
3	0	0	0	0	417	531	
4	0	0	0	0	414	607	
5	0	0	0	0	418	638	
6	0	0	0	0	423	652	
7	0	0	0	0	423	613	
8	0	0	0	0	423	640	
9	0	0	0	0	425	646	
10	0	0	0	0	432	655	
11	0	0	0	0	448	631	
12	0	0	0	0	476	618	
13	0	0	0	0	508	628	
14	0	0	0	0	539	605	
15	0	0	0	0	569	615	
0	0	0	0	0	600	625	
1	0	0	0	0	627	623	
2	0	0	0	0	645	599	
3	0	0	0	0	665	553	
4	0	0	0	0	678	513	
5	0	0	0	0	678	476	
6	0	0	0	0	669	437	
7	0	0	0	0	656	418	
8	0	0	0	0	649	407	
9	0	0	0	0	644	332	
10	0	0	0	0	638	305	
11	0	0	0	0	632	320	
12	0	0	0	0	623	356	
13	0	0	0	0	615	383	
14	0	0	0	0	610	395	
15	0	0	0	0	614	429	
0	0	0	0	0	615	472	
1	0	0	0	0	612	495	
2	0	0	0	0	600	507	
3	0	0	0	0	587	523	
4	0	0	0	0	572	540	
5	0	0	0	0	557	550	
6	0	0	0	0	543	599	
7	0	0	0	0	537	629	
8	0	0	0	0	542	625	
9	0	0	0	0	556	576	
10	0	0	0	0	573	524	
11	0	0	0	0	595	478	
12	0	0	0	0	615	458	
13	0	0	0	0	623	440	
14	0	0	0	0	607	385	
15	0	0	0	0	583	329	
0	0	0	0	0	558	307	
1	0	0	0	0	535	328	
2	0	0	0	0	520	370	
3	0	0	0	0	506	407	
4	0	0	0	0	487	409	
5	0	0	0	0	473	451	
6	0	0	0	0	460	515	
7	0	0	0	0	447	565	
8	0	0	0	0	427	581	
9	0	0	0	0	402	575	
10	0	0	0	0	379	580	
11	0	0	0	0	365	580	
12	0	0	0	0	364	583	
13	0	0	0	0	369	588	
14	0	0	0	0	373	567	
15	0	0	0	0	379	559	
0	0	0	0	0	391	556	
1	0	0	0	0	409	545	
2	0	0	0	0	430	502	
3	0	0	0	0	455	447	
4	0	0	0	0	486	431	
5	0	0	0	0	520	392	
6	0	0	0	0	557	378	
7	0	0	0	0	594	364	
8	0	0	0	0	628	343	
9	0	0	0	0	657	371	
10	0	0	0	0	666	372	
11	0	0	0	0	661	351	
12	0	0	0	0	644	340	
13	0	0	0	0	616	355	
14	0	0	0	0	591	350	
15	0	0	0	0	580	391	
0	0	0	0	0	577	432	
1	0	0	0	0	575	479	
2	0	0	0	0	569	519	
3	0	0	0	0	553	525	
4	0	0	0	0	531	527	
5	0	0	0	0	511	539	
6	0	0	0	0	494	568	
7	0	0	0	0	492	573	
8	0	0	0	0	496	568	
9	0	0	0	0	501	560	
10	0	0	0	0	508	566	
11	0	0	0	0	512	557	
12	0	0	0	0	513	536	
13	0	0	0	0	510	557	
14	0	0	0	0	503	548	
15	0	0	0	0	499	526	
0	0	0	0	0	497	502	
1	0	0	0	0	487	487	
2	0	0	0	0	470	480	
3	0	0	0	0	453	492	
4	0	0	0	0	438	527	
5	0	0	0	0	429	509	
6	0	0	0	0	430	500	
7	0	0	0	0	441	510	
8	0	0	0	0	462	547	
9	0	0	0	0	481	527	
10	0	0	0	0	497	510	
11	0	0	0	0	509	497	
12	0	0	0	0	512	491	
13	0	0	0	0	514	495	
14	0	0	0	0	516	527	
15	0	0	0	0	516	518	
0	0	0	0	0	520	518	
1	0	0	0	0	529	508	
2	0	0	0	0	527	519	
3	0	0	0	0	518	490	
4	0	0	0	0	507	485	
5	0	0	0	0	495	484	
6	0	0	0	0	489	494	
7	0	0	0	0	486	512	
8	0	0	0	0	487	505	
9	0	0	0	0	492	553	
10	0	0	0	0	502	596	
11	0	0	0	0	509	563	
12	0	0	0	0	519	536	
13	0	0	0	0	531	535	
14	0	0	0	0	541	509	
15	0	0	0	0	551	515	
0	0	0	0	0	567	538	
1	0	0	0	0	577	539	
2	0	0	0	0	580	534	
3	0	0	0	0	583	542	
4	0	0	0	0	586	527	
5	0	0	0	0	596	486	
6	0	0	0	0	615	451	
7	0	0	0	0	633	448	
8	0	0	0	0	641	414	
9	0	0	0	0	638	412	
10	0	0	0	0	618	388	
11	0	0	0	0	583	352	
12	0	0	0	0	537	343	
13	0	0	0	0	496	376	
14	0	0	0	0	467	436	
15	0	0	0	0	453	493	
0	0	0	0	0	456	515	
1	0	0	0	0	472	512	
2	0	0	0	0	493	510	
3	0	0	0	0	512	523	
4	0	0	0	0	527	513	
5	0	0	0	0	541	500	
6	0	0	0	0	547	497	
7	0	0	0	0	548	498	
8	0	0	0	0	544	501	
9	0	0	0	0	539	486	
10	0	0	0	0	536	494	
11	0	0	0	0	534	508	
12	0	0	0	0	535	542	
13	0	0	0	0	542	577	
14	0	0	0	0	552	586	
15	0	0	0	0	560	582	
0	0	0	0	0	563	564	
1	0	0	0	0	558	566	
2	0	0	0	0	548	519	
3	0	0	0	0	535	496	
4	0	0	0	0	524	496	
5	0	0	0	0	515	481	
6	0	0	0	0	508	457	
7	0	0	0	0	511	447	
8	0	0	0	0	524	450	
9	0	0	0	0	540	459	
10	0	0	0	0	556	475	
11	0	0	0	0	564	492	
12	0	0	0	0	573	490	
13	0	0	0	0	583	467	
14	0	0	0	0	601	441	
15	0	0	0	0	618	413	
0	0	0	0	0	629	430	
1	0	0	0	0	639	455	
2	0	0	0	0	656	502	
3	0	0	0	0	672	538	
4	0	0	0	0	674	523	
5	0	0	0	0	653	519	
6	0	0	0	0	604	541	
7	0	0	0	0	542	554	
8	0	0	0	0	473	560	
9	0	0	0	0	415	564	
10	0	0	0	0	377	587	
11	0	0	0	0	360	595	
12	0	0	0	0	357	591	
13	0	0	0	0	372	600	
14	0	0	0	0	403	615	
15	0	0	0	0	435	604	
0	0	0	0	0	467	607	
1	0	0	0	0	497	588	
2	0	0	0	0	527	545	
3	0	0	0	0	556	512	
4	0	0	0	0	581	519	
5	0	0	0	0	600	525	
6	0	0	0	0	618	495	
7	0	0	0	0	637	506	
8	0	0	0	0	652	473	
9	0	0	0	0	660	419	
10	0	0	0	0	663	414	
11	0	0	0	0	660	407	
12	0	0	0	0	652	432	
13	0	0	0	0	636	478	
14	0	0	0	0	615	514	
15	0	0	0	0	588	497	
0	0	0	0	0	557	475	
1	0	0	0	0	528	483	
2	0	0	0	0	508	508	
3	0	0	0	0	495	520	
4	0	0	0	0	497	539	
5	0	0	0	0	530	560	
6	0	0	0	0	589	541	
7	0	0	0	0	655	488	
8	0	0	0	0	709	436	
9	0	0	0	0	737	397	
10	0	0	0	0	746	371	
11	0	0	0	0	731	352	
12	0	0	0	0	690	359	
13	0	0	0	0	636	395	
14	0	0	0	0	577	457	
15	0	0	0	0	514	480	
0	0	0	0	0	457	518	
1	0	0	0	0	413	532	
2	0	0	0	0	389	511	
3	0	0	0	0	370	545	
4	0	0	0	0	350	603	
5	0	0	0	0	332	588	
6	0	0	0	0	317	604	
7	0	0	0	0	310	644	
8	0	0	0	0	303	664	
9	0	0	0	0	309	679	
10	0	0	0	0	325	669	
11	0	0	0	0	348	636	
12	0	0	0	0	382	623	
13	0	0	0	0	429	609	
14	0	0	0	0	472	627	
15	0	0	0	0	513	671	
0	0	0	0	0	547	622	
1	0	0	0	0	568	555	
2	0	0	0	0	572	497	
3	0	0	0	0	561	446	
4	0	0	0	0	540	421	
5	0	0	0	0	515	389	
6	0	0	0	0	491	395	
7	0	0	0	0	471	449	
8	0	0	0	0	460	513	
9	0	0	0	0	463	596	
10	0	0	0	0	478	616	
11	0	0	0	0	505	598	
12	0	0	0	0	533	567	
13	0	0	0	0	567	509	
14	0	0	0	0	594	473	
15	0	0	0	0	615	432	
0	0	0	0	0	627	445	
1	0	0	0	0	630	465	
2	0	0	0	0	618	452	
3	0	0	0	0	595	470	
4	0	0	0	0	556	520	
5	0	0	0	0	513	550	
6	0	0	0	0	476	583	
7	0	0	0	0	446	627	
8	0	0	0	0	423	623	
9	0	0	0	0	414	640	
10	0	0	0	0	421	627	
11	0	0	0	0	428	552	
12	0	0	0	0	436	539	
13	0	0	0	0	450	523	
14	0	0	0	0	470	511	
15	0	0	0	0	489	473	
0	0	0	0	0	506	466	
1	0	0	0	0	520	451	
2	0	0	0	0	528	444	
3	0	0	0	0	526	449	
4	0	0	0	0	518	477	
5	0	0	0	0	510	504	
6	0	0	0	0	511	539	
7	0	0	0	0	519	583	
8	0	0	0	0	524	541	
9	0	0	0	0	532	503	
10	0	0	0	0	548	511	
11	0	0	0	0	565	483	
12	0	0	0	0	579	472	
13	0	0	0	0	588	477	
14	0	0	0	0	584	482	
15	0	0	0	0	580	496	
0	0	0	0	0	575	529	
1	0	0	0	0	568	560	
2	0	0	0	0	556	539	
3	0	0	0	0	540	501	
4	0	0	0	0	522	488	
5	0	0	0	0	513	487	
6	0	0	0	0	516	516	
7	0	0	0	0	522	536	
8	0	0	0	0	531	545	
9	0	0	0	0	541	556	
10	0	0	0	0	547	530	
11	0	0	0	0	547	483	
12	0	0	0	0	543	477	
13	0	0	0	0	541	496	
14	0	0	0	0	536	520	
15	0	0	0	0	536	530	
0	0	0	0	0	529	508	
1	0	0	0	0	524	459	
2	0	0	0	0	516	480	
3	0	0	0	0	510	508	
4	0	0	0	0	496	499	
5	0	0	0	0	481	493	
6	0	0	0	0	473	439	
7	0	0	0	0	474	424	
8	0	0	0	0	474	422	
9	0	0	0	0	467	448	
10	0	0	0	0	456	502	
11	0	0	0	0	445	526	
12	0	0	0	0	438	507	
13	0	0	0	0	440	503	
14	0	0	0	0	441	487	
15	0	0	0	0	451	510	
0	0	0	0	0	465	519	
1	0	0	0	0	486	528	
2	0	0	0	0	512	507	
3	0	0	0	0	544	499	
4	0	0	0	0	571	514	
5	0	0	0	0	600	500	
6	0	0	0	0	630	443	
7	0	0	0	0	664	380	
8	0	0	0	0	700	364	
9	0	0	0	0	725	322	
10	0	0	0	0	728	287	
11	0	0	0	0	707	302	
12	0	0	0	0	669	322	
13	0	0	0	0	623	371	
14	0	0	0	0	579	455	
15	0	0	0	0	544	515	
0	0	0	0	0	527	510	
1	0	0	0	0	529	527	
2	0	0	0	0	537	488	
3	0	0	0	0	547	396	
4	0	0	0	0	551	386	
5	0	0	0	0	548	405	
6	0	0	0	0	538	431	
7	0	0	0	0	523	432	
8	0	0	0	0	504	395	
9	0	0	0	0	483	400	
10	0	0	0	0	461	472	
11	0	0	0	0	443	512	
12	0	0	0	0	425	550	
13	0	0	0	0	404	541	
14	0	0	0	0	383	538	
15	0	0	0	0	360	521	
0	0	0	0	0	346	527	
1	0	0	0	0	347	574	
2	0	0	0	0	360	589	
3	0	0	0	0	391	580	
4	0	0	0	0	429	574	
5	0	0	0	0	470	550	
6	0	0	0	0	527	545	
7	0	0	0	0	593	537	
8	0	0	0	0	644	541	
9	0	0	0	0	674	537	
10	0	0	0	0	704	505	
11	0	0	0	0	728	502	
12	0	0	0	0	735	466	
13	0	0	0	0	732	426	
14	0	0	0	0	718	421	
15	0	0	0	0	698	441	
0	0	0	0	0	670	461	
1	0	0	0	0	630	448	
2	0	0	0	0	580	457	
3	0	0	0	0	524	475	
4	0	0	0	0	472	469	
5	0	0	0	0	428	447	
6	0	0	0	0	400	412	
7	0	0	0	0	387	423	
8	0	0	0	0	380	441	
9	0	0	0	0	379	507	
10	0	0	0	0	387	595	
11	0	0	0	0	409	630	
12	0	0	0	0	433	607	
13	0	0	0	0	451	583	
14	0	0	0	0	465	610	
15	0	0	0	0	472	619	
0	0	0	0	0	472	635	
1	0	0	0	0	472	669	
2	0	0	0	0	479	682	
3	0	0	0	0	491	658	
4	0	0	0	0	500	650	
5	0	0	0	0	506	643	
6	0	0	0	0	509	630	
7	0	0	0	0	511	635	
8	0	0	0	0	508	611	
9	0	0	0	0	502	567	
10	0	0	0	0	490	556	
11	0	0	0	0	477	593	
12	0	0	0	0	472	580	
13	0	0	0	0	463	582	
14	0	0	0	0	460	591	
15	0	0	0	0	465	592	
0	0	0	0	0	484	546	
1	0	0	0	0	511	488	
2	0	0	0	0	543	461	
3	0	0	0	0	573	440	
4	0	0	0	0	589	447	
5	0	0	0	0	591	452	
6	0	0	0	0	580	460	
7	0	0	0	0	564	466	
8	0	0	0	0	543	461	
9	0	0	0	0	524	469	
10	0	0	0	0	503	517	
11	0	0	0	0	481	530	
12	0	0	0	0	463	537	
13	0	0	0	0	452	514	
14	0	0	0	0	446	521	
15	0	0	0	0	440	532	
0	0	0	0	0	436	530	
1	0	0	0	0	440	527	
2	0	0	0	0	446	534	
3	0	0	0	0	444	548	
4	0	0	0	0	433	530	
5	0	0	0	0	415	504	
6	0	0	0	0	403	504	
7	0	0	0	0	403	511	
8	0	0	0	0	407	534	
9	0	0	0	0	412	581	
10	0	0	0	0	414	580	
11	0	0	0	0	418	563	
12	0	0	0	0	425	548	
13	0	0	0	0	439	539	
14	0	0	0	0	459	523	
15	0	0	0	0	476	519	
0	0	0	0	0	485	554	
1	0	0	0	0	486	563	
2	0	0	0	0	487	551	
3	0	0	0	0	487	563	
4	0	0	0	0	488	593	
5	0	0	0	0	487	609	
6	0	0	0	0	485	627	
7	0	0	0	0	496	608	
8	0	0	0	0	511	592	
9	0	0	0	0	519	546	
10	0	0	0	0	522	534	
11	0	0	0	0	518	543	
12	0	0	0	0	509	539	
13	0	0	0	0	502	498	
14	0	0	0	0	495	495	
15	0	0	0	0	484	501	
0	0	0	0	0	475	525	
1	0	0	0	0	467	568	
2	0	0	0	0	455	561	
3	0	0	0	0	437	541	
4	0	0	0	0	415	521	
5	0	0	0	0	398	510	
6	0	0	0	0	380	524	
7	0	0	0	0	361	553	
8	0	0	0	0	344	578	
9	0	0	0	0	332	589	
10	0	0	0	0	324	568	
11	0	0	0	0	329	571	
12	0	0	0	0	337	614	
13	0	0	0	0	349	633	
14	0	0	0	0	359	656	
15	0	0	0	0	375	627	
0	0	0	0	0	392	605	
1	0	0	0	0	420	569	
2	0	0	0	0	455	550	
3	0	0	0	0	487	539	
4	0	0	0	0	505	514	
5	0	0	0	0	501	436	
6	0	0	0	0	478	420	
7	0	0	0	0	445	415	
8	0	0	0	0	413	473	
9	0	0	0	0	398	507	
10	0	0	0	0	397	551	
11	0	0	0	0	406	594	
12	0	0	0	0	414	642	
13	0	0	0	0	419	628	
14	0	0	0	0	429	599	
15	0	0	0	0	446	584	
0	0	0	0	0	465	556	
1	0	0	0	0	487	500	
2	0	0	0	0	508	461	
3	0	0	0	0	520	454	
4	0	0	0	0	526	492	
5	0	0	0	0	530	508	
6	0	0	0	0	535	526	
7	0	0	0	0	552	440	
8	0	0	0	0	574	390	
9	0	0	0	0	593	347	
10	0	0	0	0	604	387	
11	0	0	0	0	611	414	
12	0	0	0	0	616	471	
13	0	0	0	0	612	501	
14	0	0	0	0	604	529	
15	0	0	0	0	595	551	
0	0	0	0	0	588	504	
1	0	0	0	0	584	479	
2	0	0	0	0	576	444	
3	0	0	0	0	562	437	
4	0	0	0	0	541	467	
5	0	0	0	0	519	465	
6	0	0	0	0	505	433	
7	0	0	0	0	504	425	
8	0	0	0	0	504	450	
9	0	0	0	0	501	435	
10	0	0	0	0	496	433	
11	0	0	0	0	485	471	
12	0	0	0	0	478	506	
13	0	0	0	0	474	539	
14	0	0	0	0	472	561	
15	0	0	0	0	468	575	
0	0	0	0	0	461	570	
1	0	0	0	0	452	586	
2	0	0	0	0	443	611	
3	0	0	0	0	440	609	
4	0	0	0	0	440	653	
5	0	0	0	0	445	665	
6	0	0	0	0	459	647	
7	0	0	0	0	484	637	
8	0	0	0	0	511	601	
9	0	0	0	0	540	572	
10	0	0	0	0	559	529	
11	0	0	0	0	571	521	
12	0	0	0	0	589	520	
13	0	0	0	0	613	511	
14	0	0	0	0	639	489	
15	0	0	0	0	664	493	
0	0	0	0	0	676	448	
1	0	0	0	0	671	422	
2	0	0	0	0	642	445	
3	0	0	0	0	607	488	
4	0	0	0	0	572	513	
5	0	0	0	0	544	566	
6	0	0	0	0	522	577	
7	0	0	0	0	504	584	
8	0	0	0	0	494	604	
9	0	0	0	0	484	607	
10	0	0	0	0	473	593	
11	0	0	0	0	462	589	
12	0	0	0	0	456	571	
13	0	0	0	0	464	545	
14	0	0	0	0	483	509	
15	0	0	0	0	513	483	
0	0	0	0	0	551	472	
1	0	0	0	0	592	454	
2	0	0	0	0	622	450	
3	0	0	0	0	636	494	
4	0	0	0	0	625	538	
5	0	0	0	0	595	558	
6	0	0	0	0	560	550	
7	0	0	0	0	533	564	
8	0	0	0	0	510	569	
9	0	0	0	0	487	555	
10	0	0	0	0	471	541	
11	0	0	0	0	471	551	
12	0	0	0	0	478	562	
13	0	0	0	0	480	556	
14	0	0	0	0	475	564	
15	0	0	0	0	467	575	
0	0	0	0	0	460	574	
1	0	0	0	0	462	570	
2	0	0	0	0	471	539	
3	0	0	0	0	482	517	
4	0	0	0	0	492	545	
5	0	0	0	0	492	543	
6	0	0	0	0	488	488	
7	0	0	0	0	478	463	
8	0	0	0	0	471	485	
9	0	0	0	0	472	510	
10	0	0	0	0	484	495	
11	0	0	0	0	504	479	
12	0	0	0	0	519	475	
13	0	0	0	0	531	472	
14	0	0	0	0	544	482	
15	0	0	0	0	557	463	
0	0	0	0	0	563	443	
1	0	0	0	0	566	460	
2	0	0	0	0	568	488	
3	0	0	0	0	575	499	
4	0	0	0	0	590	513	
5	0	0	0	0	606	501	
6	0	0	0	0	617	503	
7	0	0	0	0	616	505	
8	0	0	0	0	611	528	
9	0	0	0	0	600	544	
10	0	0	0	0	592	582	
11	0	0	0	0	588	614	
12	0	0	0	0	590	616	
13	0	0	0	0	600	599	
14	0	0	0	0	612	523	
15	0	0	0	0	620	480	
0	0	0	0	0	623	481	
1	0	0	0	0	621	463	
2	0	0	0	0	619	477	
3	0	0	0	0	619	527	
4	0	0	0	0	618	509	
5	0	0	0	0	613	465	
6	0	0	0	0	607	488	
7	0	0	0	0	594	455	
8	0	0	0	0	579	473	
9	0	0	0	0	560	463	
10	0	0	0	0	532	483	
11	0	0	0	0	500	465	
12	0	0	0	0	466	465	
13	0	0	0	0	435	470	
14	0	0	0	0	422	491	
15	0	0	0	0	423	495	
0	0	0	0	0	434	524	
1	0	0	0	0	448	539	
2	0	0	0	0	459	551	
3	0	0	0	0	468	540	
4	0	0	0	0	473	532	
5	0	0	0	0	477	533	
6	0	0	0	0	487	541	
7	0	0	0	0	503	587	
8	0	0	0	0	524	633	
9	0	0	0	0	543	651	
10	0	0	0	0	566	632	
11	0	0	0	0	594	585	
12	0	0	0	0	615	543	
13	0	0	0	0	632	529	
14	0	0	0	0	643	550	
15	0	0	0	0	655	528	
0	0	0	0	0	670	481	
1	0	0	0	0	686	467	
2	0	0	0	0	699	500	
3	0	0	0	0	703	483	
4	0	0	0	0	694	432	
5	0	0	0	0	680	399	
6	0	0	0	0	667	380	
7	0	0	0	0	654	438	
8	0	0	0	0	636	464	
9	0	0	0	0	624	470	
10	0	0	0	0	619	445	
11	0	0	0	0	618	444	
12	0	0	0	0	615	466	
13	0	0	0	0	609	477	
14	0	0	0	0	592	500	
15	0	0	0	0	566	480	
0	0	0	0	0	542	487	
1	0	0	0	0	528	476	
2	0	0	0	0	521	436	
3	0	0	0	0	518	442	
4	0	0	0	0	511	492	
5	0	0	0	0	502	510	
6	0	0	0	0	491	534	
7	0	0	0	0	487	563	
8	0	0	0	0	487	569	
9	0	0	0	0	493	594	
10	0	0	0	0	504	616	
11	0	0	0	0	516	627	
12	0	0	0	0	529	598	
13	0	0	0	0	546	543	
14	0	0	0	0	574	518	
15	0	0	0	0	600	509	
0	0	0	0	0	621	493	
1	0	0	0	0	635	504	
2	0	0	0	0	646	509	
3	0	0	0	0	655	503	
4	0	0	0	0	648	508	
5	0	0	0	0	626	551	
6	0	0	0	0	599	551	
7	0	0	0	0	578	547	
8	0	0	0	0	561	534	
9	0	0	0	0	542	527	
10	0	0	0	0	518	522	
11	0	0	0	0	495	549	
12	0	0	0	0	477	593	
13	0	0	0	0	466	603	
14	0	0	0	0	464	608	
15	0	0	0	0	468	604	
0	0	0	0	0	486	601	
1	0	0	0	0	509	588	
2	0	0	0	0	525	567	
3	0	0	0	0	539	569	
4	0	0	0	0	550	583	
5	0	0	0	0	552	581	
6	0	0	0	0	557	516	
7	0	0	0	0	557	456	
8	0	0	0	0	553	418	
9	0	0	0	0	544	431	
10	0	0	0	0	540	463	
11	0	0	0	0	534	481	
12	0	0	0	0	527	460	
13	0	0	0	0	527	475	
14	0	0	0	0	535	504	
15	0	0	0	0	547	515	
0	0	0	0	0	553	524	
1	0	0	0	0	558	526	
2	0	0	0	0	553	516	
3	0	0	0	0	539	517	
4	0	0	0	0	524	504	
5	0	0	0	0	508	487	
6	0	0	0	0	491	489	
7	0	0	0	0	481	472	
8	0	0	0	0	477	476	
9	0	0	0	0	488	517	
10	0	0	0	0	520	566	
11	0	0	0	0	557	610	
12	0	0	0	0	589	604	
13	0	0	0	0	618	608	
14	0	0	0	0	635	564	
15	0	0	0	0	641	534	
0	0	0	0	0	656	518	
1	0	0	0	0	672	556	
2	0	0	0	0	681	572	
3	0	0	0	0	681	555	
4	0	0	0	0	662	518	
5	0	0	0	0	625	525	
6	0	0	0	0	584	539	
7	0	0	0	0	540	557	
8	0	0	0	0	490	574	
9	0	0	0	0	440	599	
10	0	0	0	0	391	574	
11	0	0	0	0	358	566	
12	0	0	0	0	337	576	
13	0	0	0	0	320	583	
14	0	0	0	0	306	593	
15	0	0	0	0	293	596	
0	0	0	0	0	275	624	
1	0	0	0	0	259	615	
2	0	0	0	0	254	607	
3	0	0	0	0	254	595	
4	0	0	0	0	264	572	
5	0	0	0	0	285	593	
6	0	0	0	0	318	632	
7	0	0	0	0	352	645	
8	0	0	0	0	390	643	
9	0	0	0	0	438	639	
10	0	0	0	0	485	628	
11	0	0	0	0	526	620	
12	0	0	0	0	558	563	
13	0	0	0	0	581	524	
14	0	0	0	0	601	472	
15	0	0	0	0	620	442	
0	0	0	0	0	633	412	
1	0	0	0	0	644	421	
2	0	0	0	0	644	422	
3	0	0	0	0	633	417	
4	0	0	0	0	615	419	
5	0	0	0	0	591	403	
6	0	0	0	0	560	435	
7	0	0	0	0	525	462	
8	0	0	0	0	491	516	
9	0	0	0	0	462	544	
10	0	0	0	0	437	575	
11	0	0	0	0	419	585	
12	0	0	0	0	414	599	
13	0	0	0	0	436	586	
14	0	0	0	0	475	534	
15	0	0	0	0	519	500	
0	0	0	0	0	563	497	
1	0	0	0	0	586	503	
2	0	0	0	0	590	522	
3	0	0	0	0	579	520	
4	0	0	0	0	559	499	
5	0	0	0	0	531	484	
6	0	0	0	0	503	469	
7	0	0	0	0	476	472	
8	0	0	0	0	449	510	
9	0	0	0	0	431	508	
10	0	0	0	0	424	512	
11	0	0	0	0	429	519	
12	0	0	0	0	437	492	
13	0	0	0	0	446	498	
14	0	0	0	0	455	505	
15	0	0	0	0	456	511	
0	0	0	0	0	456	479	
1	0	0	0	0	464	493	
2	0	0	0	0	481	507	
3	0	0	0	0	500	506	
4	0	0	0	0	514	496	
5	0	0	0	0	519	505	
6	0	0	0	0	518	497	
7	0	0	0	0	519	487	
8	0	0	0	0	528	459	
9	0	0	0	0	545	463	
10	0	0	0	0	567	497	
11	0	0	0	0	585	492	
12	0	0	0	0	595	509	
13	0	0	0	0	604	494	
14	0	0	0	0	606	476	
15	0	0	0	0	607	468	
0	0	0	0	0	610	469	
1	0	0	0	0	619	457	
2	0	0	0	0	625	475	
3	0	0	0	0	632	508	
4	0	0	0	0	648	489	
5	0	0	0	0	693	487	
6	0	0	0	0	748	460	
7	0	0	0	0	804	435	
8	0	0	0	0	847	407	
9	0	0	0	0	862	401	
10	0	0	0	0	859	415	
11	0	0	0	0	844	355	
12	0	0	0	0	822	344	
13	0	0	0	0	790	366	
14	0	0	0	0	750	370	
15	0	0	0	0	704	384	
0	0	0	0	0	666	394	
1	0	0	0	0	636	387	
2	0	0	0	0	613	384	
3	0	0	0	0	598	409	
4	0	0	0	0	586	445	
5	0	0	0	0	582	501	
6	0	0	0	0	573	532	
7	0	0	0	0	567	554	
8	0	0	0	0	563	560	
9	0	0	0	0	566	556	
10	0	0	0	0	572	554	
11	0	0	0	0	582	552	
12	0	0	0	0	597	542	
13	0	0	0	0	621	524	
14	0	0	0	0	650	521	
15	0	0	0	0	679	532	
0	0	0	0	0	704	511	
1	0	0	0	0	721	477	
2	0	0	0	0	731	406	
3	0	0	0	0	735	383	
4	0	0	0	0	721	387	
5	0	0	0	0	688	431	
6	0	0	0	0	652	467	
7	0	0	0	0	631	470	
8	0	0	0	0	623	466	
9	0	0	0	0	622	423	
10	0	0	0	0	626	411	
11	0	0	0	0	636	409	
12	0	0	0	0	652	446	
13	0	0	0	0	666	480	
14	0	0	0	0	672	512	
15	0	0	0	0	679	519	
0	0	0	0	0	689	497	
1	0	0	0	0	688	502	
2	0	0	0	0	680	494	
3	0	0	0	0	674	489	
4	0	0	0	0	669	494	
5	0	0	0	0	662	499	
6	0	0	0	0	649	504	
7	0	0	0	0	632	520	
8	0	0	0	0	615	561	
9	0	0	0	0	609	590	
10	0	0	0	0	623	530	
11	0	0	0	0	657	480	
12	0	0	0	0	691	440	
13	0	0	0	0	713	407	
14	0	0	0	0	721	378	
15	0	0	0	0	727	351	
0	0	0	0	0	742	351	
1	0	0	0	0	765	373	
2	0	0	0	0	785	369	
3	0	0	0	0	799	374	
4	0	0	0	0	802	354	
5	0	0	0	0	804	352	
6	0	0	0	0	800	401	
7	0	0	0	0	797	423	
8	0	0	0	0	793	437	
9	0	0	0	0	788	424	
10	0	0	0	0	780	395	
11	0	0	0	0	773	436	
12	0	0	0	0	770	476	
13	0	0	0	0	761	491	
14	0	0	0	0	745	497	
15	0	0	0	0	729	488	
0	0	0	0	0	719	473	
1	0	0	0	0	708	459	
2	0	0	0	0	694	487	
3	0	0	0	0	677	459	
4	0	0	0	0	660	440	
5	0	0	0	0	646	455	
6	0	0	0	0	643	465	
7	0	0	0	0	643	469	
8	0	0	0	0	636	420	
9	0	0	0	0	623	380	
10	0	0	0	0	606	365	
11	0	0	0	0	585	372	
12	0	0	0	0	563	379	
13	0	0	0	0	546	403	
14	0	0	0	0	531	451	
15	0	0	0	0	517	531	
0	0	0	0	0	513	588	
1	0	0	0	0	513	616	
2	0	0	0	0	512	608	
3	0	0	0	0	509	572	
4	0	0	0	0	498	540	
5	0	0	0	0	488	511	
6	0	0	0	0	483	513	
7	0	0	0	0	488	500	
8	0	0	0	0	497	509	
9	0	0	0	0	519	548	
10	0	0	0	0	544	553	
11	0	0	0	0	564	547	
12	0	0	0	0	575	540	
13	0	0	0	0	592	504	
14	0	0	0	0	626	507	
15	0	0	0	0	656	508	
0	0	0	0	0	679	508	
1	0	0	0	0	687	498	
2	0	0	0	0	678	500	
3	0	0	0	0	662	522	
4	0	0	0	0	647	540	
5	0	0	0	0	627	545	
6	0	0	0	0	597	540	
7	0	0	0	0	566	554	
8	0	0	0	0	527	568	
9	0	0	0	0	484	614	
10	0	0	0	0	445	603	
11	0	0	0	0	410	596	
12	0	0	0	0	376	608	
13	0	0	0	0	344	633	
14	0	0	0	0	319	664	
15	0	0	0	0	310	664	
0	0	0	0	0	311	688	
1	0	0	0	0	319	677	
2	0	0	0	0	328	626	
3	0	0	0	0	334	597	
4	0	0	0	0	337	595	
5	0	0	0	0	348	571	
6	0	0	0	0	363	571	
7	0	0	0	0	380	559	
8	0	0	0	0	403	556	
9	0	0	0	0	434	551	
10	0	0	0	0	463	566	
11	0	0	0	0	487	556	
12	0	0	0	0	507	531	
13	0	0	0	0	517	535	
14	0	0	0	0	519	577	
15	0	0	0	0	527	597	
0	0	0	0	0	535	583	
1	0	0	0	0	540	559	
2	0	0	0	0	540	561	
3	0	0	0	0	536	563	
4	0	0	0	0	531	570	
5	0	0	0	0	524	575	
6	0	0	0	0	510	548	
7	0	0	0	0	495	493	
8	0	0	0	0	471	455	
9	0	0	0	0	439	496	
10	0	0	0	0	411	519	
11	0	0	0	0	402	532	
12	0	0	0	0	408	535	
13	0	0	0	0	414	531	
14	0	0	0	0	408	528	
15	0	0	0	0	381	517	
0	0	0	0	0	347	518	
1	0	0	0	0	321	522	
2	0	0	0	0	303	518	
3	0	0	0	0	294	549	
4	0	0	0	0	287	586	
5	0	0	0	0	289	606	
6	0	0	0	0	305	649	
7	0	0	0	0	342	681	
8	0	0	0	0	394	664	
9	0	0	0	0	446	630	
10	0	0	0	0	488	600	
11	0	0	0	0	520	558	
12	0	0	0	0	539	519	
13	0	0	0	0	543	469	
14	0	0	0	0	530	472	
15	0	0	0	0	507	501	
0	0	0	0	0	481	551	
1	0	0	0	0	457	583	
2	0	0	0	0	445	593	
3	0	0	0	0	439	578	
4	0	0	0	0	437	578	
5	0	0	0	0	432	546	
6	0	0	0	0	425	521	
7	0	0	0	0	418	541	
8	0	0	0	0	413	558	
9	0	0	0	0	406	534	
10	0	0	0	0	399	551	
11	0	0	0	0	400	543	
12	0	0	0	0	404	577	
13	0	0	0	0	413	629	
14	0	0	0	0	419	649	
15	0	0	0	0	423	629	
0	0	0	0	0	430	605	
1	0	0	0	0	440	588	
2	0	0	0	0	455	557	
3	0	0	0	0	469	539	
4	0	0	0	0	483	558	
5	0	0	0	0	502	527	
6	0	0	0	0	535	536	
7	0	0	0	0	566	491	
8	0	0	0	0	588	453	
9	0	0	0	0	601	411	
10	0	0	0	0	599	411	
11	0	0	0	0	584	404	
12	0	0	0	0	562	405	
13	0	0	0	0	536	454	
14	0	0	0	0	510	476	
15	0	0	0	0	484	471	
0	0	0	0	0	460	455	
1	0	0	0	0	433	480	
2	0	0	0	0	407	527	
3	0	0	0	0	381	592	
4	0	0	0	0	360	626	
5	0	0	0	0	351	630	
6	0	0	0	0	349	612	
7	0	0	0	0	353	562	
8	0	0	0	0	359	558	
9	0	0	0	0	359	558	
10	0	0	0	0	364	558	
11	0	0	0	0	366	577	
12	0	0	0	0	376	574	
13	0	0	0	0	397	558	
14	0	0	0	0	419	556	
15	0	0	0	0	438	547	
0	0	0	0	0	456	535	
1	0	0	0	0	476	568	
2	0	0	0	0	482	583	
3	0	0	0	0	483	571	
4	0	0	0	0	478	578	
5	0	0	0	0	469	595	
6	0	0	0	0	457	579	
7	0	0	0	0	449	574	
8	0	0	0	0	442	594	
9	0	0	0	0	429	585	
10	0	0	0	0	416	571	
11	0	0	0	0	407	561	
12	0	0	0	0	399	534	
13	0	0	0	0	392	530	
14	0	0	0	0	381	528	
15	0	0	0	0	371	541	
0	0	0	0	0	366	550	
1	0	0	0	0	366	539	
2	0	0	0	0	366	493	
3	0	0	0	0	365	492	
4	0	0	0	0	363	515	
5	0	0	0	0	360	521	
6	0	0	0	0	352	498	
7	0	0	0	0	343	512	
8	0	0	0	0	339	543	
9	0	0	0	0	337	518	
10	0	0	0	0	339	531	
11	0	0	0	0	346	556	
12	0	0	0	0	351	586	
13	0	0	0	0	355	611	
14	0	0	0	0	352	604	
15	0	0	0	0	350	582	
0	0	0	0	0	350	553	
1	0	0	0	0	354	553	
2	0	0	0	0	363	571	
3	0	0	0	0	372	583	
4	0	0	0	0	379	618	
5	0	0	0	0	379	631	
6	0	0	0	0	379	634	
7	0	0	0	0	379	643	
8	0	0	0	0	377	645	
9	0	0	0	0	371	623	
10	0	0	0	0	361	610	
11	0	0	0	0	348	643	
12	0	0	0	0	331	646	
13	0	0	0	0	313	652	
14	0	0	0	0	297	638	
15	0	0	0	0	287	627	
0	0	0	0	0	286	580	
1	0	0	0	0	289	562	
2	0	0	0	0	302	559	
3	0	0	0	0	332	553	
4	0	0	0	0	366	531	
5	0	0	0	0	399	478	
6	0	0	0	0	427	482	
7	0	0	0	0	444	479	
8	0	0	0	0	454	504	
9	0	0	0	0	455	515	
10	0	0	0	0	459	505	
11	0	0	0	0	467	477	
12	0	0	0	0	477	457	
13	0	0	0	0	481	448	
14	0	0	0	0	473	440	
15	0	0	0	0	455	471	
0	0	0	0	0	433	553	
1	0	0	0	0	413	587	
2	0	0	0	0	399	605	
3	0	0	0	0	386	601	
4	0	0	0	0	374	596	
5	0	0	0	0	359	602	
6	0	0	0	0	342	576	
7	0	0	0	0	326	542	
8	0	0	0	0	309	531	
9	0	0	0	0	298	527	
10	0	0	0	0	305	558	
11	0	0	0	0	319	583	
12	0	0	0	0	344	599	
13	0	0	0	0	369	548	
14	0	0	0	0	391	528	
15	0	0	0	0	405	534	
0	0	0	0	0	412	540	
1	0	0	0	0	414	572	
2	0	0	0	0	412	608	
3	0	0	0	0	404	615	
4	0	0	0	0	395	583	
5	0	0	0	0	385	532	
6	0	0	0	0	371	529	
7	0	0	0	0	353	508	
8	0	0	0	0	332	519	
9	0	0	0	0	314	540	
10	0	0	0	0	302	539	
11	0	0	0	0	300	540	
12	0	0	0	0	309	555	
13	0	0	0	0	327	574	
14	0	0	0	0	350	601	
15	0	0	0	0	376	590	
0	0	0	0	0	399	592	
1	0	0	0	0	414	565	
2	0	0	0	0	420	545	
3	0	0	0	0	417	547	
4	0	0	0	0	413	547	
5	0	0	0	0	417	548	
6	0	0	0	0	425	500	
7	0	0	0	0	436	458	
8	0	0	0	0	444	459	
9	0	0	0	0	454	504	
10	0	0	0	0	463	551	
11	0	0	0	0	477	549	
12	0	0	0	0	500	513	
13	0	0	0	0	528	489	
14	0	0	0	0	556	476	
15	0	0	0	0	575	475	
0	0	0	0	0	581	478	
1	0	0	0	0	579	479	
2	0	0	0	0	572	466	
3	0	0	0	0	561	459	
4	0	0	0	0	547	459	
5	0	0	0	0	529	496	
6	0	0	0	0	509	543	
7	0	0	0	0	501	532	
8	0	0	0	0	499	518	
9	0	0	0	0	503	501	
10	0	0	0	0	505	478	
11	0	0	0	0	511	451	
12	0	0	0	0	519	445	
13	0	0	0	0	529	478	
14	0	0	0	0	534	489	
15	0	0	0	0	524	486	
0	0	0	0	0	508	480	
1	0	0	0	0	490	485	
2	0	0	0	0	465	487	
3	0	0	0	0	440	470	
4	0	0	0	0	431	472	
5	0	0	0	0	428	455	
6	0	0	0	0	422	464	
7	0	0	0	0	425	473	
8	0	0	0	0	432	452	
9	0	0	0	0	434	435	
10	0	0	0	0	433	430	
11	0	0	0	0	431	441	
12	0	0	0	0	423	491	
13	0	0	0	0	412	524	
14	0	0	0	0	394	556	
15	0	0	0	0	379	608	
0	0	0	0	0	374	640	
1	0	0	0	0	374	642	
2	0	0	0	0	380	654	
3	0	0	0	0	396	624	
4	0	0	0	0	422	595	
5	0	0	0	0	450	577	
6	0	0	0	0	468	560	
7	0	0	0	0	479	530	
8	0	0	0	0	488	487	
9	0	0	0	0	498	460	
10	0	0	0	0	514	431	
11	0	0	0	0	535	380	
12	0	0	0	0	553	399	
13	0	0	0	0	563	445	
14	0	0	0	0	564	460	
15	0	0	0	0	561	479	
0	0	0	0	0	550	468	
1	0	0	0	0	531	455	
2	0	0	0	0	511	456	
3	0	0	0	0	491	440	
4	0	0	0	0	476	412	
5	0	0	0	0	468	463	
6	0	0	0	0	466	497	
7	0	0	0	0	465	500	
8	0	0	0	0	470	515	
9	0	0	0	0	480	509	
10	0	0	0	0	496	495	
11	0	0	0	0	516	508	
12	0	0	0	0	536	507	
13	0	0	0	0	550	504	
14	0	0	0	0	557	527	
15	0	0	0	0	554	523	
0	0	0	0	0	547	504	
1	0	0	0	0	541	516	
2	0	0	0	0	542	535	
3	0	0	0	0	544	532	
4	0	0	0	0	542	531	
5	0	0	0	0	530	517	
6	0	0	0	0	515	536	
7	0	0	0	0	494	550	
8	0	0	0	0	472	544	
9	0	0	0	0	453	504	
10	0	0	0	0	436	481	
11	0	0	0	0	429	479	
12	0	0	0	0	432	509	
13	0	0	0	0	440	524	
14	0	0	0	0	443	532	
15	0	0	0	0	429	540	
0	0	0	0	0	399	536	
1	0	0	0	0	361	497	
2	0	0	0	0	329	510	
3	0	0	0	0	307	512	
4	0	0	0	0	297	524	
5	0	0	0	0	295	544	
6	0	0	0	0	307	564	
7	0	0	0	0	326	560	
8	0	0	0	0	350	553	
9	0	0	0	0	374	587	
10	0	0	0	0	391	589	
11	0	0	0	0	406	557	
12	0	0	0	0	425	546	
13	0	0	0	0	451	559	
14	0	0	0	0	483	563	
15	0	0	0	0	516	541	
0	0	0	0	0	550	522	
1	0	0	0	0	582	510	
2	0	0	0	0	607	482	
3	0	0	0	0	620	491	
4	0	0	0	0	623	476	
5	0	0	0	0	622	484	
6	0	0	0	0	611	483	
7	0	0	0	0	594	467	
8	0	0	0	0	579	440	
9	0	0	0	0	563	459	
10	0	0	0	0	553	478	
11	0	0	0	0	549	485	
12	0	0	0	0	544	503	
13	0	0	0	0	528	500	
14	0	0	0	0	510	486	
15	0	0	0	0	496	492	
0	0	0	0	0	482	502	
1	0	0	0	0	466	484	
2	0	0	0	0	444	460	
3	0	0	0	0	418	456	
4	0	0	0	0	387	465	
5	0	0	0	0	359	497	
6	0	0	0	0	341	535	
7	0	0	0	0	331	574	
8	0	0	0	0	323	575	
9	0	0	0	0	327	561	
10	0	0	0	0	336	527	
11	0	0	0	0	347	510	
12	0	0	0	0	357	520	
13	0	0	0	0	364	529	
14	0	0	0	0	369	573	
15	0	0	0	0	376	581	
0	0	0	0	0	383	575	
1	0	0	0	0	390	604	
2	0	0	0	0	397	639	
3	0	0	0	0	405	642	
4	0	0	0	0	418	664	
5	0	0	0	0	430	666	
6	0	0	0	0	435	684	
7	0	0	0	0	436	691	
8	0	0	0	0	436	696	
9	0	0	0	0	442	676	
10	0	0	0	0	462	630	
11	0	0	0	0	487	587	
12	0	0	0	0	510	555	
13	0	0	0	0	542	521	
14	0	0	0	0	578	519	
15	0	0	0	0	600	531	
0	0	0	0	0	603	581	
1	0	0	0	0	600	596	
2	0	0	0	0	590	605	
3	0	0	0	0	574	595	
4	0	0	0	0	551	593	
5	0	0	0	0	520	533	
6	0	0	0	0	486	483	
7	0	0	0	0	453	463	
8	0	0	0	0	421	472	
9	0	0	0	0	393	456	
10	0	0	0	0	371	455	
11	0	0	0	0	354	455	
12	0	0	0	0	342	456	
13	0	0	0	0	335	411	
14	0	0	0	0	336	398	
15	0	0	0	0	345	399	
0	0	0	0	0	361	415	
1	0	0	0	0	387	466	
2	0	0	0	0	413	515	
3	0	0	0	0	438	558	
4	0	0	0	0	452	566	
5	0	0	0	0	455	591	
6	0	0	0	0	450	553	
7	0	0	0	0	446	542	
8	0	0	0	0	440	556	
9	0	0	0	0	441	553	
10	0	0	0	0	446	536	
11	0	0	0	0	455	516	
12	0	0	0	0	469	498	
13	0	0	0	0	492	507	
14	0	0	0	0	512	504	
15	0	0	0	0	532	485	
0	0	0	0	0	558	499	
1	0	0	0	0	585	476	
2	0	0	0	0	614	450	
3	0	0	0	0	640	423	
4	0	0	0	0	655	448	
5	0	0	0	0	652	483	
6	0	0	0	0	652	459	
7	0	0	0	0	663	411	
8	0	0	0	0	670	413	
9	0	0	0	0	670	407	
10	0	0	0	0	656	389	
11	0	0	0	0	640	405	
12	0	0	0	0	622	436	
13	0	0	0	0	600	449	
14	0	0	0	0	582	455	
15	0	0	0	0	566	423	
0	0	0	0	0	545	423	
1	0	0	0	0	526	432	
2	0	0	0	0	504	483	
3	0	0	0	0	485	521	
4	0	0	0	0	473	562	
5	0	0	0	0	466	575	
6	0	0	0	0	459	579	
7	0	0	0	0	454	579	
8	0	0	0	0	451	561	
9	0	0	0	0	453	523	
10	0	0	0	0	458	487	
11	0	0	0	0	461	492	
12	0	0	0	0	456	531	
13	0	0	0	0	445	568	
14	0	0	0	0	436	595	
15	0	0	0	0	431	595	
0	0	0	0	0	432	599	
1	0	0	0	0	438	622	
2	0	0	0	0	445	622	
3	0	0	0	0	457	597	
4	0	0	0	0	470	565	
5	0	0	0	0	487	537	
6	0	0	0	0	504	525	
7	0	0	0	0	511	510	
8	0	0	0	0	509	488	
9	0	0	0	0	510	466	
10	0	0	0	0	519	512	
11	0	0	0	0	530	553	
12	0	0	0	0	541	579	
13	0	0	0	0	552	592	
14	0	0	0	0	547	578	
15	0	0	0	0	527	555	
0	0	0	0	0	503	520	
1	0	0	0	0	483	506	
2	0	0	0	0	476	509	
3	0	0	0	0	475	513	
4	0	0	0	0	472	517	
5	0	0	0	0	467	506	
6	0	0	0	0	467	504	
7	0	0	0	0	465	512	
8	0	0	0	0	463	498	
9	0	0	0	0	465	483	
10	0	0	0	0	470	475	
11	0	0	0	0	479	473	
12	0	0	0	0	490	487	
13	0	0	0	0	497	449	
14	0	0	0	0	504	417	
15	0	0	0	0	515	407	
0	0	0	0	0	525	435	
1	0	0	0	0	535	469	
2	0	0	0	0	553	468	
3	0	0	0	0	577	426	
4	0	0	0	0	607	391	
5	0	0	0	0	644	419	
6	0	0	0	0	675	419	
7	0	0	0	0	692	434	
8	0	0	0	0	691	443	
9	0	0	0	0	689	422	
10	0	0	0	0	679	352	
11	0	0	0	0	665	346	
12	0	0	0	0	653	366	
13	0	0	0	0	645	382	
14	0	0	0	0	639	412	
15	0	0	0	0	631	428	
0	0	0	0	0	619	424	
1	0	0	0	0	604	419	
2	0	0	0	0	584	419	
3	0	0	0	0	567	425	
4	0	0	0	0	547	453	
5	0	0	0	0	528	494	
6	0	0	0	0	510	508	
7	0	0	0	0	497	503	
8	0	0	0	0	492	491	
9	0	0	0	0	492	497	
10	0	0	0	0	507	460	
11	0	0	0	0	538	446	
12	0	0	0	0	571	431	
13	0	0	0	0	599	435	
14	0	0	0	0	618	449	
15	0	0	0	0	630	399	
0	0	0	0	0	638	374	
1	0	0	0	0	638	349	
2	0	0	0	0	635	387	
3	0	0	0	0	625	381	
4	0	0	0	0	611	389	
5	0	0	0	0	598	418	
6	0	0	0	0	584	462	
7	0	0	0	0	575	484	
8	0	0	0	0	570	480	
9	0	0	0	0	563	446	
10	0	0	0	0	559	412	
11	0	0	0	0	559	391	
12	0	0	0	0	561	404	
13	0	0	0	0	565	432	
14	0	0	0	0	566	484	
15	0	0	0	0	563	513	
0	0	0	0	0	556	512	
1	0	0	0	0	545	502	
2	0	0	0	0	536	503	
3	0	0	0	0	536	508	
4	0	0	0	0	542	529	
5	0	0	0	0	562	510	
6	0	0	0	0	584	503	
7	0	0	0	0	593	527	
8	0	0	0	0	588	526	
9	0	0	0	0	569	472	
10	0	0	0	0	549	432	
11	0	0	0	0	528	451	
12	0	0	0	0	511	471	
13	0	0	0	0	502	492	
14	0	0	0	0	502	524	
15	0	0	0	0	507	558	
0	0	0	0	0	522	578	
1	0	0	0	0	555	547	
2	0	0	0	0	590	534	
3	0	0	0	0	618	515	
4	0	0	0	0	630	445	
5	0	0	0	0	623	421	
6	0	0	0	0	602	423	
7	0	0	0	0	573	455	
8	0	0	0	0	536	495	
9	0	0	0	0	503	514	
10	0	0	0	0	485	526	
11	0	0	0	0	476	526	
12	0	0	0	0	477	506	
13	0	0	0	0	481	504	
14	0	0	0	0	493	511	
15	0	0	0	0	518	540	
0	0	0	0	0	556	520	
1	0	0	0	0	589	527	
2	0	0	0	0	614	553	
3	0	0	0	0	632	559	
4	0	0	0	0	646	568	
5	0	0	0	0	667	485	
6	0	0	0	0	697	440	
7	0	0	0	0	729	369	
8	0	0	0	0	752	296	
9	0	0	0	0	757	297	
10	0	0	0	0	742	309	
11	0	0	0	0	708	327	
12	0	0	0	0	671	384	
13	0	0	0	0	632	408	
14	0	0	0	0	607	428	
15	0	0	0	0	591	445	
0	0	0	0	0	583	458	
1	0	0	0	0	579	447	
2	0	0	0	0	579	435	
3	0	0	0	0	593	425	
4	0	0	0	0	617	430	
5	0	0	0	0	640	434	
6	0	0	0	0	651	399	
7	0	0	0	0	660	387	
8	0	0	0	0	670	401	
9	0	0	0	0	673	405	
10	0	0	0	0	672	402	
11	0	0	0	0	667	393	
12	0	0	0	0	654	416	
13	0	0	0	0	637	451	
14	0	0	0	0	618	486	
15	0	0	0	0	599	534	
0	0	0	0	0	582	533	
1	0	0	0	0	565	547	
2	0	0	0	0	550	536	
3	0	0	0	0	540	518	
4	0	0	0	0	530	511	
5	0	0	0	0	525	506	
6	0	0	0	0	522	527	
7	0	0	0	0	525	552	
8	0	0	0	0	529	531	
9	0	0	0	0	534	510	
10	0	0	0	0	540	495	
11	0	0	0	0	550	487	
12	0	0	0	0	565	503	
13	0	0	0	0	580	493	
14	0	0	0	0	592	498	
15	0	0	0	0	592	506	
0	0	0	0	0	578	493	
1	0	0	0	0	555	517	
2	0	0	0	0	530	526	
3	0	0	0	0	511	527	
4	0	0	0	0	501	544	
5	0	0	0	0	490	568	
6	0	0	0	0	483	552	
7	0	0	0	0	478	541	
8	0	0	0	0	469	537	
9	0	0	0	0	460	563	
10	0	0	0	0	452	577	
11	0	0	0	0	453	527	
12	0	0	0	0	460	456	
13	0	0	0	0	478	425	
14	0	0	0	0	506	425	
15	0	0	0	0	551	420	
0	0	0	0	0	606	411	
1	0	0	0	0	658	396	
2	0	0	0	0	689	426	
3	0	0	0	0	696	476	
4	0	0	0	0	697	497	
5	0	0	0	0	689	504	
6	0	0	0	0	676	509	
7	0	0	0	0	667	522	
8	0	0	0	0	661	512	
9	0	0	0	0	654	447	
10	0	0	0	0	637	404	
11	0	0	0	0	616	394	
12	0	0	0	0	594	400	
13	0	0	0	0	572	424	
14	0	0	0	0	551	437	
15	0	0	0	0	526	447	
0	0	0	0	0	504	480	
1	0	0	0	0	477	529	
2	0	0	0	0	453	540	
3	0	0	0	0	439	555	
4	0	0	0	0	434	596	
5	0	0	0	0	441	620	
6	0	0	0	0	458	623	
7	0	0	0	0	478	623	
8	0	0	0	0	493	597	
9	0	0	0	0	509	563	
10	0	0	0	0	514	552	
11	0	0	0	0	520	551	
12	0	0	0	0	524	543	
13	0	0	0	0	530	499	
14	0	0	0	0	538	479	
15	0	0	0	0	545	489	
0	0	0	0	0	546	503	
1	0	0	0	0	546	536	
2	0	0	0	0	547	529	
3	0	0	0	0	551	533	
4	0	0	0	0	570	541	
5	0	0	0	0	600	551	
6	0	0	0	0	622	555	
7	0	0	0	0	628	571	
8	0	0	0	0	622	586	
9	0	0	0	0	604	593	
10	0	0	0	0	583	573	
11	0	0	0	0	560	559	
12	0	0	0	0	537	527	
13	0	0	0	0	511	513	
14	0	0	0	0	490	531	
15	0	0	0	0	480	513	
0	0	0	0	0	468	534	
1	0	0	0	0	454	563	
2	0	0	0	0	446	602	
3	0	0	0	0	445	607	
4	0	0	0	0	447	607	
5	0	0	0	0	447	575	
6	0	0	0	0	446	579	
7	0	0	0	0	437	568	
8	0	0	0	0	420	577	
9	0	0	0	0	405	563	
10	0	0	0	0	395	558	
11	0	0	0	0	394	543	
12	0	0	0	0	400	507	
13	0	0	0	0	413	466	
14	0	0	0	0	432	431	
15	0	0	0	0	449	430	
0	0	0	0	0	460	375	
1	0	0	0	0	466	405	
2	0	0	0	0	470	463	
3	0	0	0	0	476	516	
4	0	0	0	0	481	602	
5	0	0	0	0	481	639	
6	0	0	0	0	477	620	
7	0	0	0	0	473	606	
8	0	0	0	0	465	579	
9	0	0	0	0	461	551	
10	0	0	0	0	455	512	
11	0	0	0	0	444	492	
12	0	0	0	0	429	460	
13	0	0	0	0	412	433	
14	0	0	0	0	405	455	
15	0	0	0	0	412	494	
0	0	0	0	0	427	486	
1	0	0	0	0	444	486	
2	0	0	0	0	461	504	
3	0	0	0	0	485	517	
4	0	0	0	0	515	518	
5	0	0	0	0	547	497	
6	0	0	0	0	571	440	
7	0	0	0	0	580	460	
8	0	0	0	0	567	483	
9	0	0	0	0	543	487	
10	0	0	0	0	512	496	
11	0	0	0	0	476	505	
12	0	0	0	0	448	497	
13	0	0	0	0	423	498	
14	0	0	0	0	399	536	
15	0	0	0	0	379	583	
0	0	0	0	0	366	581	
1	0	0	0	0	354	574	
2	0	0	0	0	346	587	
3	0	0	0	0	347	585	
4	0	0	0	0	355	601	
5	0	0	0	0	361	592	
6	0	0	0	0	379	574	
7	0	0	0	0	401	572	
8	0	0	0	0	422	542	
9	0	0	0	0	433	522	
10	0	0	0	0	443	515	
11	0	0	0	0	449	503	
12	0	0	0	0	453	508	
13	0	0	0	0	467	536	
14	0	0	0	0	488	588	
15	0	0	0	0	507	595	
0	0	0	0	0	518	600	
1	0	0	0	0	515	629	
2	0	0	0	0	506	606	
3	0	0	0	0	499	604	
4	0	0	0	0	494	671	
5	0	0	0	0	487	651	
6	0	0	0	0	484	586	
7	0	0	0	0	481	573	
8	0	0	0	0	476	578	
9	0	0	0	0	475	558	
10	0	0	0	0	473	505	
11	0	0	0	0	471	480	
12	0	0	0	0	465	477	
13	0	0	0	0	463	491	
14	0	0	0	0	460	512	
15	0	0	0	0	457	537	
0	0	0	0	0	455	548	
1	0	0	0	0	455	545	
2	0	0	0	0	455	565	
3	0	0	0	0	451	565	
4	0	0	0	0	442	535	
5	0	0	0	0	427	524	
6	0	0	0	0	414	521	
7	0	0	0	0	407	492	
8	0	0	0	0	404	487	
9	0	0	0	0	407	486	
10	0	0	0	0	409	526	
11	0	0	0	0	411	587	
12	0	0	0	0	413	583	
13	0	0	0	0	419	593	
14	0	0	0	0	431	581	
15	0	0	0	0	453	548	
0	0	0	0	0	471	538	
1	0	0	0	0	483	541	
2	0	0	0	0	490	547	
3	0	0	0	0	485	574	
4	0	0	0	0	474	569	
5	0	0	0	0	460	535	
6	0	0	0	0	444	524	
7	0	0	0	0	423	523	
8	0	0	0	0	408	560	
9	0	0	0	0	394	601	
10	0	0	0	0	379	676	
11	0	0	0	0	367	677	
12	0	0	0	0	362	663	
13	0	0	0	0	364	611	
14	0	0	0	0	364	575	
15	0	0	0	0	366	590	
0	0	0	0	0	368	616	
1	0	0	0	0	370	626	
2	0	0	0	0	372	639	
3	0	0	0	0	379	637	
4	0	0	0	0	381	609	
5	0	0	0	0	381	602	
6	0	0	0	0	380	575	
7	0	0	0	0	373	509	
8	0	0	0	0	363	508	
9	0	0	0	0	350	533	
10	0	0	0	0	331	568	
11	0	0	0	0	309	584	
12	0	0	0	0	289	595	
13	0	0	0	0	277	616	
14	0	0	0	0	273	642	
15	0	0	0	0	279	652	
0	0	0	0	0	295	648	
1	0	0	0	0	323	607	
2	0	0	0	0	363	550	
3	0	0	0	0	411	519	
4	0	0	0	0	454	546	
5	0	0	0	0	490	543	
6	0	0	0	0	520	463	
7	0	0	0	0	539	427	
8	0	0	0	0	547	420	
9	0	0	0	0	545	431	
10	0	0	0	0	542	440	
11	0	0	0	0	534	487	
12	0	0	0	0	529	511	
13	0	0	0	0	527	543	
14	0	0	0	0	523	603	
15	0	0	0	0	513	617	
0	0	0	0	0	498	601	
1	0	0	0	0	487	572	
2	0	0	0	0	477	556	
3	0	0	0	0	465	544	
4	0	0	0	0	460	554	
5	0	0	0	0	467	538	
6	0	0	0	0	475	527	
7	0	0	0	0	478	524	
8	0	0	0	0	475	542	
9	0	0	0	0	467	540	
10	0	0	0	0	468	546	
11	0	0	0	0	470	529	
12	0	0	0	0	470	522	
13	0	0	0	0	465	527	
14	0	0	0	0	459	520	
15	0	0	0	0	460	483	
0	0	0	0	0	464	486	
1	0	0	0	0	472	491	
2	0	0	0	0	479	495	
3	0	0	0	0	485	516	
4	0	0	0	0	487	539	
5	0	0	0	0	488	539	
6	0	0	0	0	493	516	
7	0	0	0	0	500	525	
8	0	0	0	0	503	582	
9	0	0	0	0	507	592	
10	0	0	0	0	514	588	
11	0	0	0	0	522	589	
12	0	0	0	0	527	600	
13	0	0	0	0	523	560	
14	0	0	0	0	505	517	
15	0	0	0	0	485	516	
0	0	0	0	0	467	534	
1	0	0	0	0	458	531	
2	0	0	0	0	450	518	
3	0	0	0	0	443	521	
4	0	0	0	0	441	539	
5	0	0	0	0	437	491	
6	0	0	0	0	438	447	
7	0	0	0	0	444	512	
8	0	0	0	0	451	553	
9	0	0	0	0	460	585	
10	0	0	0	0	464	579	
11	0	0	0	0	466	529	
12	0	0	0	0	461	529	
13	0	0	0	0	452	587	
14	0	0	0	0	438	638	
15	0	0	0	0	419	663	
0	0	0	0	0	398	691	
1	0	0	0	0	374	720	
2	0	0	0	0	351	718	
3	0	0	0	0	342	685	
4	0	0	0	0	349	620	
5	0	0	0	0	364	572	
6	0	0	0	0	386	531	
7	0	0	0	0	409	504	
8	0	0	0	0	435	485	
9	0	0	0	0	459	475	
10	0	0	0	0	479	472	
11	0	0	0	0	496	439	
12	0	0	0	0	516	437	
13	0	0	0	0	536	436	
14	0	0	0	0	549	446	
15	0	0	0	0	556	492	
0	0	0	0	0	552	544	
1	0	0	0	0	542	556	
2	0	0	0	0	532	556	
3	0	0	0	0	525	559	
4	0	0	0	0	508	570	
5	0	0	0	0	487	588	
6	0	0	0	0	465	611	
7	0	0	0	0	443	629	
8	0	0	0	0	421	633	
9	0	0	0	0	403	662	
10	0	0	0	0	385	675	
11	0	0	0	0	372	668	
12	0	0	0	0	379	617	
13	0	0	0	0	405	565	
14	0	0	0	0	440	563	
15	0	0	0	0	470	547	
0	0	0	0	0	491	532	
1	0	0	0	0	499	545	
2	0	0	0	0	500	569	
3	0	0	0	0	497	560	
4	0	0	0	0	487	537	
5	0	0	0	0	477	518	
6	0	0	0	0	464	478	
7	0	0	0	0	457	484	
8	0	0	0	0	454	483	
9	0	0	0	0	452	479	
10	0	0	0	0	456	483	
11	0	0	0	0	459	491	
12	0	0	0	0	457	499	
13	0	0	0	0	449	499	
14	0	0	0	0	441	482	
15	0	0	0	0	439	470	
0	0	0	0	0	435	497	
1	0	0	0	0	433	504	
2	0	0	0	0	438	524	
3	0	0	0	0	448	543	
4	0	0	0	0	465	541	
5	0	0	0	0	483	493	
6	0	0	0	0	500	471	
7	0	0	0	0	516	493	
8	0	0	0	0	531	477	
9	0	0	0	0	545	482	
10	0	0	0	0	556	515	
11	0	0	0	0	563	518	
12	0	0	0	0	567	516	
13	0	0	0	0	570	480	
14	0	0	0	0	572	472	
15	0	0	0	0	568	460	
0	0	0	0	0	564	455	
1	0	0	0	0	559	439	
2	0	0	0	0	559	422	
3	0	0	0	0	559	449	
4	0	0	0	0	560	467	
5	0	0	0	0	559	475	
6	0	0	0	0	557	477	
7	0	0	0	0	560	483	
8	0	0	0	0	572	478	
9	0	0	0	0	602	501	
10	0	0	0	0	644	497	
11	0	0	0	0	675	481	
12	0	0	0	0	688	459	
13	0	0	0	0	678	449	
14	0	0	0	0	646	416	
15	0	0	0	0	599	411	
0	0	0	0	0	543	427	
1	0	0	0	0	492	440	
2	0	0	0	0	454	459	
3	0	0	0	0	428	484	
4	0	0	0	0	408	524	
5	0	0	0	0	398	513	
6	0	0	0	0	395	452	
7	0	0	0	0	399	436	
8	0	0	0	0	404	455	
9	0	0	0	0	408	468	
10	0	0	0	0	412	485	
11	0	0	0	0	418	491	
12	0	0	0	0	425	505	
13	0	0	0	0	432	526	
14	0	0	0	0	440	513	
15	0	0	0	0	452	515	
0	0	0	0	0	463	493	
1	0	0	0	0	485	445	
2	0	0	0	0	509	437	
3	0	0	0	0	530	471	
4	0	0	0	0	552	512	
5	0	0	0	0	571	562	
6	0	0	0	0	588	612	
7	0	0	0	0	600	638	
8	0	0	0	0	608	618	
9	0	0	0	0	614	559	
10	0	0	0	0	615	526	
11	0	0	0	0	615	516	
12	0	0	0	0	615	544	
13	0	0	0	0	619	545	
14	0	0	0	0	624	504	
15	0	0	0	0	626	471	
0	0	0	0	0	627	428	
1	0	0	0	0	632	429	
2	0	0	0	0	645	371	
3	0	0	0	0	660	329	
4	0	0	0	0	675	310	
5	0	0	0	0	686	318	
6	0	0	0	0	697	352	
7	0	0	0	0	709	398	
8	0	0	0	0	723	414	
9	0	0	0	0	741	446	
10	0	0	0	0	752	476	
11	0	0	0	0	753	474	
12	0	0	0	0	748	486	
13	0	0	0	0	737	487	
14	0	0	0	0	721	427	
15	0	0	0	0	704	409	
0	0	0	0	0	689	396	
1	0	0	0	0	681	401	
2	0	0	0	0	676	414	
3	0	0	0	0	679	396	
4	0	0	0	0	679	402	
5	0	0	0	0	674	402	
6	0	0	0	0	668	370	
7	0	0	0	0	668	363	
8	0	0	0	0	668	379	
9	0	0	0	0	662	412	
10	0	0	0	0	655	413	
11	0	0	0	0	658	411	
12	0	0	0	0	672	436	
13	0	0	0	0	689	433	
14	0	0	0	0	703	422	
15	0	0	0	0	705	429	
0	0	0	0	0	692	452	
1	0	0	0	0	673	457	
2	0	0	0	0	655	487	
3	0	0	0	0	644	452	
4	0	0	0	0	643	415	
5	0	0	0	0	636	386	
6	0	0	0	0	624	412	
7	0	0	0	0	605	399	
8	0	0	0	0	594	419	
9	0	0	0	0	591	398	
10	0	0	0	0	585	391	
11	0	0	0	0	579	414	
12	0	0	0	0	582	418	
13	0	0	0	0	591	421	
14	0	0	0	0	610	422	
15	0	0	0	0	631	427	
0	0	0	0	0	642	475	
1	0	0	0	0	647	507	
2	0	0	0	0	647	499	
3	0	0	0	0	662	534	
4	0	0	0	0	696	571	
5	0	0	0	0	741	566	
6	0	0	0	0	790	502	
7	0	0	0	0	823	474	
8	0	0	0	0	820	478	
9	0	0	0	0	779	467	
10	0	0	0	0	727	476	
11	0	0	0	0	682	466	
12	0	0	0	0	647	454	
13	0	0	0	0	624	463	
14	0	0	0	0	619	449	
15	0	0	0	0	631	436	
0	0	0	0	0	645	441	
1	0	0	0	0	649	412	
2	0	0	0	0	638	383	
3	0	0	0	0	612	411	
4	0	0	0	0	582	435	
5	0	0	0	0	555	435	
6	0	0	0	0	537	438	
7	0	0	0	0	521	499	
8	0	0	0	0	521	568	
9	0	0	0	0	537	599	
10	0	0	0	0	555	605	
11	0	0	0	0	574	611	
12	0	0	0	0	588	596	
13	0	0	0	0	601	569	
14	0	0	0	0	617	547	
15	0	0	0	0	639	523	
0	0	0	0	0	675	504	
1	0	0	0	0	706	514	
2	0	0	0	0	727	498	
3	0	0	0	0	729	482	
4	0	0	0	0	718	443	
5	0	0	0	0	691	407	
6	0	0	0	0	647	394	
7	0	0	0	0	605	398	
8	0	0	0	0	574	454	
9	0	0	0	0	551	506	
10	0	0	0	0	530	562	
11	0	0	0	0	516	585	
12	0	0	0	0	513	583	
13	0	0	0	0	515	563	
14	0	0	0	0	523	551	
15	0	0	0	0	534	537	
0	0	0	0	0	545	540	
1	0	0	0	0	546	501	
2	0	0	0	0	540	495	
3	0	0	0	0	540	504	
4	0	0	0	0	543	497	
5	0	0	0	0	550	502	
6	0	0	0	0	560	510	
7	0	0	0	0	575	515	
8	0	0	0	0	585	556	
9	0	0	0	0	589	583	
10	0	0	0	0	593	583	
11	0	0	0	0	606	533	
12	0	0	0	0	617	432	
13	0	0	0	0	618	392	
14	0	0	0	0	608	371	
15	0	0	0	0	592	379	
0	0	0	0	0	587	415	
1	0	0	0	0	592	413	
2	0	0	0	0	598	426	
3	0	0	0	0	603	436	
4	0	0	0	0	609	451	
5	0	0	0	0	603	515	
6	0	0	0	0	583	561	
7	0	0	0	0	565	579	
8	0	0	0	0	551	584	
9	0	0	0	0	538	567	
10	0	0	0	0	529	543	
11	0	0	0	0	524	556	
12	0	0	0	0	514	563	
13	0	0	0	0	500	572	
14	0	0	0	0	486	608	
15	0	0	0	0	471	607	
0	0	0	0	0	454	624	
1	0	0	0	0	434	626	
2	0	0	0	0	416	600	
3	0	0	0	0	405	599	
4	0	0	0	0	395	646	
5	0	0	0	0	392	644	
6	0	0	0	0	404	643	
7	0	0	0	0	423	658	
8	0	0	0	0	441	667	
9	0	0	0	0	457	676	
10	0	0	0	0	472	668	
11	0	0	0	0	486	599	
12	0	0	0	0	501	564	
13	0	0	0	0	513	571	
14	0	0	0	0	523	554	
15	0	0	0	0	536	530	
0	0	0	0	0	542	478	
1	0	0	0	0	543	487	
2	0	0	0	0	541	510	
3	0	0	0	0	535	527	
4	0	0	0	0	526	542	
5	0	0	0	0	512	513	
6	0	0	0	0	501	519	
7	0	0	0	0	491	509	
8	0	0	0	0	485	517	
9	0	0	0	0	485	535	
10	0	0	0	0	483	560	
11	0	0	0	0	475	553	
12	0	0	0	0	461	532	
13	0	0	0	0	448	534	
14	0	0	0	0	443	537	
15	0	0	0	0	443	542	
0	0	0	0	0	445	530	
1	0	0	0	0	452	511	
2	0	0	0	0	464	494	
3	0	0	0	0	477	468	
4	0	0	0	0	490	460	
5	0	0	0	0	501	462	
6	0	0	0	0	504	451	
7	0	0	0	0	503	458	
8	0	0	0	0	495	479	
9	0	0	0	0	486	532	
10	0	0	0	0	475	547	
11	0	0	0	0	460	586	
12	0	0	0	0	448	627	
13	0	0	0	0	446	615	
14	0	0	0	0	443	606	
15	0	0	0	0	433	589	
0	0	0	0	0	430	582	
1	0	0	0	0	436	556	
2	0	0	0	0	447	541	
3	0	0	0	0	459	537	
4	0	0	0	0	464	529	
5	0	0	0	0	466	493	
6	0	0	0	0	470	454	
7	0	0	0	0	468	454	
8	0	0	0	0	471	467	
9	0	0	0	0	473	476	
10	0	0	0	0	469	491	
11	0	0	0	0	467	487	
12	0	0	0	0	470	463	
13	0	0	0	0	478	472	
14	0	0	0	0	480	501	
15	0	0	0	0	481	511	
0	0	0	0	0	482	517	
1	0	0	0	0	485	507	
2	0	0	0	0	489	494	
3	0	0	0	0	492	514	
4	0	0	0	0	482	492	
5	0	0	0	0	478	471	
6	0	0	0	0	485	472	
7	0	0	0	0	492	496	
8	0	0	0	0	491	508	
9	0	0	0	0	491	560	
10	0	0	0	0	492	606	
11	0	0	0	0	496	636	
12	0	0	0	0	501	626	
13	0	0	0	0	503	627	
14	0	0	0	0	497	614	
15	0	0	0	0	484	581	
0	0	0	0	0	477	556	
1	0	0	0	0	476	550	
2	0	0	0	0	496	574	
3	0	0	0	0	544	583	
4	0	0	0	0	595	577	
5	0	0	0	0	626	559	
6	0	0	0	0	624	530	
7	0	0	0	0	590	500	
8	0	0	0	0	535	491	
9	0	0	0	0	481	496	
10	0	0	0	0	432	530	
11	0	0	0	0	395	556	
12	0	0	0	0	362	569	
13	0	0	0	0	329	580	
14	0	0	0	0	291	591	
15	0	0	0	0	256	599	
0	0	0	0	0	246	607	
1	0	0	0	0	269	598	
2	0	0	0	0	323	588	
3	0	0	0	0	388	596	
4	0	0	0	0	449	585	
5	0	0	0	0	491	561	
6	0	0	0	0	527	561	
7	0	0	0	0	556	560	
8	0	0	0	0	578	536	
9	0	0	0	0	607	492	
10	0	0	0	0	626	467	
11	0	0	0	0	624	440	
12	0	0	0	0	601	448	
13	0	0	0	0	568	469	
14	0	0	0	0	563	464	
15	0	0	0	0	622	423	
0	0	0	0	0	717	392	
1	0	0	0	0	770	367	
2	0	0	0	0	796	351	
3	0	0	0	0	792	351	
4	0	0	0	0	737	368	
5	0	0	0	0	641	361	
6	0	0	0	0	539	400	
7	0	0	0	0	462	431	
8	0	0	0	0	396	459	
9	0	0	0	0	334	484	
10	0	0	0	0	287	547	
11	0	0	0	0	286	610	
12	0	0	0	0	371	628	
13	0	0	0	0	536	651	
14	0	0	0	0	728	675	
15	0	0	0	0	896	640	
0	0	0	0	0	1003	567	
1	0	0	0	0	1018	485	
2	0	0	0	0	1018	427	
3	0	0	0	0	902	356	
4	0	0	0	0	772	330	
5	0	0	0	0	667	412	
6	0	0	0	0	609	471	
7	0	0	0	0	566	523	
8	0	0	0	0	523	563	
9	0	0	0	0	468	620	
10	0	0	0	0	397	639	
11	0	0	0	0	335	699	
12	0	0	0	0	272	738	
13	0	0	0	0	227	716	
14	0	0	0	0	267	654	
15	0	0	0	0	383	651	
0	0	0	0	0	572	610	
1	0	0	0	0	848	608	
2	0	0	0	0	1018	523	
3	0	0	0	0	1018	427	
4	0	0	0	0	1018	362	
5	0	0	0	0	1018	333	
6	0	0	0	0	1018	283	
7	0	0	0	0	1018	281	
8	0	0	0	0	1018	287	
9	0	0	0	0	890	299	
10	0	0	0	0	807	313	
11	0	0	0	0	744	327	
12	0	0	0	0	715	380	
13	0	0	0	0	692	422	
14	0	0	0	0	667	441	
15	0	0	0	0	630	470	
0	0	0	0	0	596	485	
1	0	0	0	0	608	456	
2	0	0	0	0	663	399	
3	0	0	0	0	760	348	
4	0	0	0	0	876	346	
5	0	0	0	0	964	371	
6	0	0	0	0	1018	379	
7	0	0	0	0	1018	363	
8	0	0	0	0	1018	408	
9	0	0	0	0	1018	428	
10	0	0	0	0	1018	373	
11	0	0	0	0	1018	313	
12	0	0	0	0	1018	275	
13	0	0	0	0	1018	263	
14	0	0	0	0	1018	296	
15	0	0	0	0	963	335	
0	0	0	0	0	993	324	
1	0	0	0	0	1018	282	
2	0	0	0	0	1018	272	
3	0	0	0	0	1018	271	
4	0	0	0	0	1018	284	
5	0	0	0	0	1018	297	
6	0	0	0	0	1018	326	
7	0	0	0	0	1018	368	
8	0	0	0	0	1018	401	
9	0	0	0	0	1018	383	
10	0	0	0	0	1018	367	
11	0	0	0	0	1018	343	
12	0	0	0	0	1018	319	
13	0	0	0	0	1018	272	
14	0	0	0	0	1018	249	
15	0	0	0	0	1018	254	
0	0	0	0	0	1018	291	
1	0	0	0	0	1018	318	
2	0	0	0	0	1018	267	
3	0	0	0	0	1018	250	
4	0	0	0	0	1018	318	
5	0	0	0	0	1018	329	
6	0	0	0	0	1018	341	
7	0	0	0	0	1018	322	
8	0	0	0	0	1018	297	
9	0	0	0	0	1018	312	
10	0	0	0	0	1018	291	
11	0	0	0	0	1018	276	
12	0	0	0	0	1018	268	
13	0	0	0	0	1018	264	
14	0	0	0	0	1018	279	
15	0	0	0	0	1018	295	
0	0	0	0	0	1018	322	
1	0	0	0	0	1018	340	
2	0	0	0	0	1018	357	
3	0	0	0	0	1018	379	
4	0	0	0	0	1018	412	
5	0	0	0	0	1018	406	
6	0	0	0	0	1018	332	
7	0	0	0	0	1018	255	
8	0	0	0	0	1018	231	
9	0	0	0	0	1018	233	
10	0	0	0	0	1018	255	
11	0	0	0	0	1018	304	
12	0	0	0	0	1018	325	
13	0	0	0	0	1018	341	
14	0	0	0	0	1018	352	
15	0	0	0	0	1018	410	
0	0	0	0	0	1018	461	
1	0	0	0	0	1018	453	
2	0	0	0	0	1018	435	
3	0	0	0	0	1018	407	
4	0	0	0	0	1018	386	
5	0	0	0	0	1018	376	
6	0	0	0	0	1018	324	
7	0	0	0	0	1018	296	
8	0	0	0	0	1018	311	
9	0	0	0	0	1018	337	
10	0	0	0	0	1018	360	
11	0	0	0	0	1018	394	
12	0	0	0	0	1018	440	
13	0	0	0	0	1018	417	
14	0	0	0	0	1018	366	
15	0	0	0	0	1018	317	
0	0	0	0	0	1018	360	
1	0	0	0	0	1018	407	
2	0	0	0	0	1018	425	
3	0	0	0	0	1018	414	
4	0	0	0	0	1018	353	
5	0	0	0	0	1018	287	
6	0	0	0	0	1018	261	
7	0	0	0	0	1018	264	
8	0	0	0	0	1018	317	
9	0	0	0	0	1018	358	
10	0	0	0	0	1018	394	
11	0	0	0	0	1018	398	
12	0	0	0	0	1018	388	
13	0	0	0	0	1018	391	
14	0	0	0	0	1018	381	
15	0	0	0	0	1018	408	
0	0	0	0	0	1018	405	
1	0	0	0	0	1018	382	
2	0	0	0	0	1018	369	
3	0	0	0	0	1018	427	
4	0	0	0	0	1018	462	
5	0	0	0	0	1018	479	
6	0	0	0	0	1018	423	
7	0	0	0	0	1018	390	
8	0	0	0	0	1018	434	
9	0	0	0	0	1018	448	
10	0	0	0	0	1018	436	
11	0	0	0	0	1018	414	
12	0	0	0	0	1018	395	
13	0	0	0	0	1018	395	
14	0	0	0	0	1018	386	
15	0	0	0	0	1018	358	
0	0	0	0	0	1018	362	
1	0	0	0	0	1018	366	
2	0	0	0	0	1018	380	
3	0	0	0	0	1018	385	
4	0	0	0	0	1018	377	
5	0	0	0	0	1018	327	
6	0	0	0	0	1018	313	
7	0	0	0	0	1018	328	
8	0	0	0	0	1018	317	
9	0	0	0	0	1018	331	
10	0	0	0	0	1018	337	
11	0	0	0	0	1018	343	
12	0	0	0	0	1018	343	
13	0	0	0	0	1018	391	
14	0	0	0	0	1018	409	
15	0	0	0	0	1018	431	
0	0	0	0	0	1018	479	
1	0	0	0	0	1018	499	
2	0	0	0	0	1018	505	
3	0	0	0	0	1018	481	
4	0	0	0	0	1018	510	
5	0	0	0	0	1018	492	
6	0	0	0	0	1018	490	
7	0	0	0	0	1018	452	
8	0	0	0	0	1018	431	
9	0	0	0	0	1018	411	
10	0	0	0	0	1018	415	
11	0	0	0	0	1018	447	
12	0	0	0	0	1018	435	
13	0	0	0	0	1018	429	
14	0	0	0	0	1018	436	
15	0	0	0	0	1018	418	
0	0	0	0	0	1018	398	
1	0	0	0	0	1018	336	
2	0	0	0	0	1018	306	
3	0	0	0	0	1018	339	
4	0	0	0	0	938	369	
5	0	0	0	0	879	454	
6	0	0	0	0	827	527	
7	0	0	0	0	785	545	
8	0	0	0	0	739	564	
9	0	0	0	0	686	569	
10	0	0	0	0	631	568	
11	0	0	0	0	584	595	
12	0	0	0	0	537	590	
13	0	0	0	0	487	618	
14	0	0	0	0	444	618	
15	0	0	0	0	414	623	
0	0	0	0	0	383	657	
1	0	0	0	0	353	698	
2	0	0	0	0	328	732	
3	0	0	0	0	307	777	
4	0	0	0	0	281	809	
5	0	0	0	0	248	827	
6	0	0	0	0	220	837	
7	0	0	0	0	205	852	
8	0	0	0	0	193	847	
9	0	0	0	0	178	856	
10	0	0	0	0	156	869	
11	0	0	0	0	134	874	
12	0	0	0	0	114	875	
13	0	0	0	0	93	879	
14	0	0	0	0	77	873	
15	0	0	0	0	71	871	
0	0	0	0	0	71	876	
1	0	0	0	0	74	862	
2	0	0	0	0	80	860	
3	0	0	0	0	96	856	
4	0	0	0	0	105	866	
5	0	0	0	0	95	876	
6	0	0	0	0	75	866	
7	0	0	0	0	54	872	
8	0	0	0	0	35	898	
9	0	0	0	0	20	892	
10	0	0	0	0	16	865	
11	0	0	0	0	34	857	
12	0	0	0	0	58	864	
13	0	0	0	0	68	852	
14	0	0	0	0	56	847	
15	0	0	0	0	25	850	
0	0	0	0	0	0	847	
1	0	0	0	0	0	829	
2	0	0	0	0	0	765	
3	0	0	0	0	0	771	
4	0	0	0	0	0	807	
5	0	0	0	0	0	823	
6	0	0	0	0	0	854	
7	0	0	0	0	0	902	
8	0	0	0	0	0	912	
9	0	0	0	0	0	882	
10	0	0	0	0	0	901	
11	0	0	0	0	0	889	
12	0	0	0	0	0	844	
13	0	0	0	0	0	819	
14	0	0	0	0	0	780	
15	0	0	0	0	0	750	
0	0	0	0	0	0	771	
1	0	0	0	0	0	801	
2	0	0	0	0	0	823	
3	0	0	0	0	0	812	
4	0	0	0	0	0	771	
5	0	0	0	0	0	757	
6	0	0	0	0	0	758	
7	0	0	0	0	0	781	
8	0	0	0	0	0	762	
9	0	0	0	0	0	775	
10	0	0	0	0	0	764	
11	0	0	0	0	0	791	
12	0	0	0	0	0	841	
13	0	0	0	0	0	866	
14	0	0	0	0	0	903	
15	0	0	0	0	0	912	
0	0	0	0	0	0	907	
1	0	0	0	0	0	900	
2	0	0	0	0	0	883	
3	0	0	0	0	0	866	
4	0	0	0	0	0	847	
5	0	0	0	0	0	833	
6	0	0	0	0	0	820	
7	0	0	0	0	0	809	
8	0	0	0	0	0	796	
9	0	0	0	0	0	774	
10	0	0	0	0	0	760	
11	0	0	0	0	0	818	
12	0	0	0	0	0	806	
13	0	0	0	0	0	809	
14	0	0	0	0	0	817	
15	0	0	0	0	0	816	
0	0	0	0	0	0	822	
1	0	0	0	0	0	839	
2	0	0	0	0	0	819	
3	0	0	0	0	0	783	
4	0	0	0	0	0	765	
5	0	0	0	0	0	773	
6	0	0	0	0	0	803	
7	0	0	0	0	0	842	
8	0	0	0	0	0	847	
9	0	0	0	0	0	788	
10	0	0	0	0	0	724	
11	0	0	0	0	0	685	
12	0	0	0	0	0	700	
13	0	0	0	0	0	722	
14	0	0	0	0	0	737	
15	0	0	0	0	0	738	
0	0	0	0	0	0	752	
1	0	0	0	0	0	731	
2	0	0	0	0	0	746	
3	0	0	0	0	0	755	
4	0	0	0	0	0	752	
5	0	0	0	0	0	769	
6	0	0	0	0	0	772	
7	0	0	0	0	0	798	
8	0	0	0	0	0	793	
9	0	0	0	0	0	803	
10	0	0	0	0	0	796	
11	0	0	0	0	0	784	
12	0	0	0	0	0	753	
13	0	0	0	0	0	743	
14	0	0	0	0	0	735	
15	0	0	0	0	0	706	
0	0	0	0	0	0	723	
1	0	0	0	0	0	705	
2	0	0	0	0	0	703	
3	0	0	0	0	0	687	
4	0	0	0	0	0	688	
5	0	0	0	0	0	713	
6	0	0	0	0	0	730	
7	0	0	0	0	0	729	
8	0	0	0	0	0	737	
9	0	0	0	0	0	779	
10	0	0	0	0	0	766	
11	0	0	0	0	0	769	
12	0	0	0	0	0	746	
13	0	0	0	0	0	737	
14	0	0	0	0	0	747	
15	0	0	0	0	0	768	
0	0	0	0	0	0	735	
1	0	0	0	0	0	707	
2	0	0	0	0	0	684	
3	0	0	0	0	0	675	
4	0	0	0	0	0	687	
5	0	0	0	0	0	675	
6	0	0	0	0	0	671	
7	0	0	0	0	0	673	
8	0	0	0	0	0	645	
9	0	0	0	0	0	613	
10	0	0	0	0	0	574	
11	0	0	0	0	0	559	
12	0	0	0	0	0	576	
13	0	0	0	0	0	574	
14	0	0	0	0	0	590	
15	0	0	0	0	0	616	
0	0	0	0	0	0	624	
1	0	0	0	0	0	621	
2	0	0	0	0	0	632	
3	0	0	0	0	0	677	
4	0	0	0	0	0	682	
5	0	0	0	0	0	665	
6	0	0	0	0	0	598	
7	0	0	0	0	0	569	
8	0	0	0	0	0	555	
9	0	0	0	0	0	580	
10	0	0	0	0	0	604	
11	0	0	0	0	0	618	
12	0	0	0	0	0	588	
13	0	0	0	0	0	614	
14	0	0	0	0	0	657	
15	0	0	0	0	0	703	
0	0	0	0	0	0	755	
1	0	0	0	0	0	758	
2	0	0	0	0	0	755	
3	0	0	0	0	0	764	
4	0	0	0	0	0	745	
5	0	0	0	0	0	724	
6	0	0	0	0	0	697	
7	0	0	0	0	0	658	
8	0	0	0	0	0	654	
9	0	0	0	0	0	668	
10	0	0	0	0	0	699	
11	0	0	0	0	0	710	
12	0	0	0	0	0	739	
13	0	0	0	0	0	739	
14	0	0	0	0	0	740	
15	0	0	0	0	0	741	
0	0	0	0	0	0	759	
1	0	0	0	0	0	725	
2	0	0	0	0	0	675	
3	0	0	0	0	0	616	
4	0	0	0	0	0	588	
5	0	0	0	0	0	608	
6	0	0	0	0	0	645	
7	0	0	0	0	0	701	
8	0	0	0	0	0	697	
9	0	0	0	0	0	699	
10	0	0	0	0	0	667	
11	0	0	0	0	0	643	
12	0	0	0	0	0	643	
13	0	0	0	0	0	649	
14	0	0	0	0	0	635	
15	0	0	0	0	0	641	
0	0	0	0	0	0	660	
1	0	0	0	0	0	643	
2	0	0	0	0	0	638	
3	0	0	0	0	0	641	
4	0	0	0	0	0	667	
5	0	0	0	0	0	609	
6	0	0	0	0	0	587	
7	0	0	0	0	0	599	
8	0	0	0	0	0	626	
9	0	0	0	0	0	656	
10	0	0	0	0	0	633	
11	0	0	0	0	0	618	
12	0	0	0	0	0	675	
13	0	0	0	0	0	706	
14	0	0	0	0	0	670	
15	0	0	0	0	0	636	
0	0	0	0	0	0	606	
1	0	0	0	0	0	596	
2	0	0	0	0	0	596	
3	0	0	0	0	0	616	
4	0	0	0	0	0	643	
5	0	0	0	0	0	663	
6	0	0	0	0	0	660	
7	0	0	0	0	0	680	
8	0	0	0	0	0	707	
9	0	0	0	0	0	661	
10	0	0	0	0	0	650	
11	0	0	0	0	0	620	
12	0	0	0	0	0	632	
13	0	0	0	0	0	640	
14	0	0	0	0	0	659	
15	0	0	0	0	0	695	
0	0	0	0	0	0	689	
1	0	0	0	0	0	647	
2	0	0	0	0	0	606	
3	0	0	0	0	0	591	
4	0	0	0	0	0	599	
5	0	0	0	0	0	670	
6	0	0	0	0	0	685	
7	0	0	0	0	0	640	
8	0	0	0	0	0	603	
9	0	0	0	0	0	580	
10	0	0	0	0	0	536	
11	0	0	0	0	0	494	
12	0	0	0	0	0	465	
13	0	0	0	0	0	468	
14	0	0	0	0	0	494	
15	0	0	0	0	0	576	
0	0	0	0	0	0	603	
1	0	0	0	0	0	579	
2	0	0	0	0	0	575	
3	0	0	0	0	0	622	
4	0	0	0	0	0	644	
5	0	0	0	0	0	632	
6	0	0	0	0	0	641	
7	0	0	0	0	0	647	
8	0	0	0	0	0	647	
9	0	0	0	0	0	650	
10	0	0	0	0	0	673	
11	0	0	0	0	0	690	
12	0	0	0	0	0	680	
13	0	0	0	0	0	683	
14	0	0	0	0	0	640	
15	0	0	0	0	0	569	
0	0	0	0	0	0	554	
1	0	0	0	0	0	583	
2	0	0	0	0	0	599	
3	0	0	0	0	0	595	
4	0	0	0	0	0	556	
5	0	0	0	0	0	556	
6	0	0	0	0	0	556	
7	0	0	0	0	0	552	
8	0	0	0	0	0	567	
9	0	0	0	0	0	582	
10	0	0	0	0	0	606	
11	0	0	0	0	0	642	
12	0	0	0	0	0	654	
13	0	0	0	0	0	667	
14	0	0	0	0	0	654	
15	0	0	0	0	0	633	
0	0	0	0	0	0	643	
1	0	0	0	0	0	628	
2	0	0	0	0	0	631	
3	0	0	0	0	0	629	
4	0	0	0	0	0	642	
5	0	0	0	0	0	620	
6	0	0	0	0	0	564	
7	0	0	0	0	0	526	
8	0	0	0	0	0	572	
9	0	0	0	0	0	619	
10	0	0	0	0	0	647	
11	0	0	0	0	0	649	
12	0	0	0	0	0	615	
13	0	0	0	0	0	593	
14	0	0	0	0	0	597	
15	0	0	0	0	0	608	
0	0	0	0	0	0	627	
1	0	0	0	0	0	646	
2	0	0	0	0	0	653	
3	0	0	0	0	0	625	
4	0	0	0	0	0	588	
5	0	0	0	0	0	578	
6	0	0	0	0	0	549	
7	0	0	0	0	0	537	
8	0	0	0	0	0	540	
9	0	0	0	0	0	574	
10	0	0	0	0	0	596	
11	0	0	0	0	0	594	
12	0	0	0	0	0	601	
13	0	0	0	0	0	629	
14	0	0	0	0	0	606	
15	0	0	0	0	0	580	
0	0	0	0	0	0	554	
1	0	0	0	0	0	523	
2	0	0	0	0	12	536	
3	0	0	0	0	27	510	
4	0	0	0	0	37	493	
5	0	0	0	0	42	473	
6	0	0	0	0	63	465	
7	0	0	0	0	93	520	
8	0	0	0	0	119	524	
9	0	0	0	0	139	524	
10	0	0	0	0	154	501	
11	0	0	0	0	166	495	
12	0	0	0	0	163	448	
13	0	0	0	0	147	380	
14	0	0	0	0	126	383	
15	0	0	0	0	106	413	
0	0	0	0	0	83	437	
1	0	0	0	0	60	451	
2	0	0	0	0	37	464	
3	0	0	0	0	19	443	
4	0	0	0	0	3	478	
5	0	0	0	0	0	549	
6	0	0	0	0	0	563	
7	0	0	0	0	0	549	
8	0	0	0	0	0	552	
9	0	0	0	0	0	541	
10	0	0	0	0	0	536	
11	0	0	0	0	0	495	
12	0	0	0	0	14	455	
13	0	0	0	0	28	423	
14	0	0	0	0	47	398	
15	0	0	0	0	69	366	
0	0	0	0	0	79	396	
1	0	0	0	0	77	414	
2	0	0	0	0	72	455	
3	0	0	0	0	72	485	
4	0	0	0	0	79	538	
5	0	0	0	0	88	547	
6	0	0	0	0	87	491	
7	0	0	0	0	77	498	
8	0	0	0	0	70	514	
9	0	0	0	0	60	464	
10	0	0	0	0	50	458	
11	0	0	0	0	44	492	
12	0	0	0	0	36	497	
13	0	0	0	0	23	512	
14	0	0	0	0	11	529	
15	0	0	0	0	3	571	
0	0	0	0	0	3	577	
1	0	0	0	0	11	568	
2	0	0	0	0	27	544	
3	0	0	0	0	51	557	
4	0	0	0	0	70	569	
5	0	0	0	0	73	572	
6	0	0	0	0	68	566	
7	0	0	0	0	65	551	
8	0	0	0	0	74	546	
9	0	0	0	0	93	490	
10	0	0	0	0	103	468	
11	0	0	0	0	107	390	
12	0	0	0	0	111	318	
13	0	0	0	0	112	340	
14	0	0	0	0	124	403	
15	0	0	0	0	152	471	
0	0	0	0	0	192	511	
1	0	0	0	0	239	535	
2	0	0	0	0	271	506	
3	0	0	0	0	279	483	
4	0	0	0	0	284	463	
5	0	0	0	0	286	446	
6	0	0	0	0	283	424	
7	0	0	0	0	269	415	
8	0	0	0	0	248	438	
9	0	0	0	0	223	438	
10	0	0	0	0	203	433	
11	0	0	0	0	187	421	
12	0	0	0	0	174	400	
13	0	0	0	0	167	416	
14	0	0	0	0	169	409	
15	0	0	0	0	174	393	
0	0	0	0	0	175	342	
1	0	0	0	0	168	335	
2	0	0	0	0	163	340	
3	0	0	0	0	163	351	
4	0	0	0	0	168	394	
5	0	0	0	0	171	408	
6	0	0	0	0	176	447	
7	0	0	0	0	189	455	
8	0	0	0	0	205	466	
9	0	0	0	0	218	450	
10	0	0	0	0	236	457	
11	0	0	0	0	254	477	
12	0	0	0	0	268	508	
13	0	0	0	0	277	505	
14	0	0	0	0	279	472	
15	0	0	0	0	276	464	
0	0	0	0	0	260	449	
1	0	0	0	0	244	372	
2	0	0	0	0	243	329	
3	0	0	0	0	254	339	
4	0	0	0	0	269	381	
5	0	0	0	0	268	422	
6	0	0	0	0	250	435	
7	0	0	0	0	224	424	
8	0	0	0	0	198	376	
9	0	0	0	0	177	314	
10	0	0	0	0	165	340	
11	0	0	0	0	159	379	
12	0	0	0	0	155	436	
13	0	0	0	0	152	483	
14	0	0	0	0	148	496	
15	0	0	0	0	141	513	
0	0	0	0	0	136	472	
1	0	0	0	0	135	480	
2	0	0	0	0	133	512	
3	0	0	0	0	132	496	
4	0	0	0	0	135	457	
5	0	0	0	0	150	432	
6	0	0	0	0	166	469	
7	0	0	0	0	177	466	
8	0	0	0	0	182	451	
9	0	0	0	0	184	434	
10	0	0	0	0	184	438	
11	0	0	0	0	185	474	
12	0	0	0	0	193	463	
13	0	0	0	0	206	455	
14	0	0	0	0	215	428	
15	0	0	0	0	224	437	
0	0	0	0	0	230	423	
1	0	0	0	0	235	436	
2	0	0	0	0	243	460	
3	0	0	0	0	259	489	
4	0	0	0	0	278	516	
5	0	0	0	0	294	512	
6	0	0	0	0	305	492	
7	0	0	0	0	310	441	
8	0	0	0	0	303	378	
9	0	0	0	0	281	373	
10	0	0	0	0	250	396	
11	0	0	0	0	221	420	
12	0	0	0	0	205	489	
13	0	0	0	0	199	519	
14	0	0	0	0	199	492	
15	0	0	0	0	204	443	
0	0	0	0	0	212	450	
1	0	0	0	0	225	421	
2	0	0	0	0	249	417	
3	0	0	0	0	286	462	
4	0	0	0	0	313	486	
5	0	0	0	0	323	496	
6	0	0	0	0	329	453	
7	0	0	0	0	332	412	
8	0	0	0	0	332	386	
9	0	0	0	0	323	387	
10	0	0	0	0	303	361	
11	0	0	0	0	284	355	
12	0	0	0	0	271	364	
13	0	0	0	0	259	345	
14	0	0	0	0	252	321	
15	0	0	0	0	256	291	
0	0	0	0	0	269	321	
1	0	0	0	0	280	367	
2	0	0	0	0	287	417	
3	0	0	0	0	295	479	
4	0	0	0	0	304	495	
5	0	0	0	0	315	494	
6	0	0	0	0	321	436	
7	0	0	0	0	328	412	
8	0	0	0	0	341	389	
9	0	0	0	0	351	357	
10	0	0	0	0	348	349	
11	0	0	0	0	345	337	
12	0	0	0	0	348	354	
13	0	0	0	0	359	326	
14	0	0	0	0	363	302	
15	0	0	0	0	363	264	
0	0	0	0	0	366	243	
1	0	0	0	0	384	248	
2	0	0	0	0	400	290	
3	0	0	0	0	399	336	
4	0	0	0	0	379	382	
5	0	0	0	0	359	401	
6	0	0	0	0	335	369	
7	0	0	0	0	302	367	
8	0	0	0	0	267	347	
9	0	0	0	0	241	358	
10	0	0	0	0	230	398	
11	0	0	0	0	223	399	
12	0	0	0	0	215	415	
13	0	0	0	0	205	432	
14	0	0	0	0	201	468	
15	0	0	0	0	199	494	
0	0	0	0	0	192	518	
1	0	0	0	0	188	521	
2	0	0	0	0	186	460	
3	0	0	0	0	185	423	
4	0	0	0	0	193	370	
5	0	0	0	0	201	394	
6	0	0	0	0	204	401	
7	0	0	0	0	200	423	
8	0	0	0	0	195	424	
9	0	0	0	0	199	411	
10	0	0	0	0	211	456	
11	0	0	0	0	231	474	
12	0	0	0	0	252	487	
13	0	0	0	0	269	495	
14	0	0	0	0	280	424	
15	0	0	0	0	288	417	
0	0	0	0	0	294	433	
1	0	0	0	0	299	440	
2	0	0	0	0	297	426	
3	0	0	0	0	291	427	
4	0	0	0	0	285	487	
5	0	0	0	0	277	520	
6	0	0	0	0	264	486	
7	0	0	0	0	254	436	
8	0	0	0	0	255	436	
9	0	0	0	0	262	393	
10	0	0	0	0	268	372	
11	0	0	0	0	279	373	
12	0	0	0	0	289	380	
13	0	0	0	0	295	396	
14	0	0	0	0	305	369	
15	0	0	0	0	307	341	
0	0	0	0	0	302	364	
1	0	0	0	0	307	391	
2	0	0	0	0	321	402	
3	0	0	0	0	332	388	
4	0	0	0	0	326	354	
5	0	0	0	0	312	381	
6	0	0	0	0	290	396	
7	0	0	0	0	265	396	
8	0	0	0	0	244	384	
9	0	0	0	0	232	379	
10	0	0	0	0	232	382	
11	0	0	0	0	238	443	
12	0	0	0	0	240	497	
13	0	0	0	0	243	520	
14	0	0	0	0	255	526	
15	0	0	0	0	276	519	
0	0	0	0	0	299	497	
1	0	0	0	0	304	475	
2	0	0	0	0	303	483	
3	0	0	0	0	303	468	
4	0	0	0	0	305	442	
5	0	0	0	0	308	423	
6	0	0	0	0	314	405	
7	0	0	0	0	324	387	
8	0	0	0	0	334	402	
9	0	0	0	0	342	418	
10	0	0	0	0	347	455	
11	0	0	0	0	355	497	
12	0	0	0	0	363	480	
13	0	0	0	0	375	445	
14	0	0	0	0	385	455	
15	0	0	0	0	401	438	
0	0	0	0	0	416	404	
1	0	0	0	0	436	353	
2	0	0	0	0	467	344	
3	0	0	0	0	483	326	
4	0	0	0	0	487	334	
5	0	0	0	0	484	348	
6	0	0	0	0	476	352	
7	0	0	0	0	476	374	
8	0	0	0	0	483	358	
9	0	0	0	0	483	368	
10	0	0	0	0	467	387	
11	0	0	0	0	439	395	
12	0	0	0	0	404	393	
13	0	0	0	0	375	362	
14	0	0	0	0	350	361	
15	0	0	0	0	324	390	
0	0	0	0	0	315	396	
1	0	0	0	0	317	430	
2	0	0	0	0	320	436	
3	0	0	0	0	316	411	
4	0	0	0	0	317	418	
5	0	0	0	0	324	427	
6	0	0	0	0	338	414	
7	0	0	0	0	351	415	
8	0	0	0	0	368	378	
9	0	0	0	0	377	381	
10	0	0	0	0	371	391	
11	0	0	0	0	365	359	
12	0	0	0	0	367	318	
13	0	0	0	0	367	312	
14	0	0	0	0	374	349	
15	0	0	0	0	376	380	
0	0	0	0	0	375	404	
1	0	0	0	0	377	431	
2	0	0	0	0	376	470	
3	0	0	0	0	375	461	
4	0	0	0	0	369	476	
5	0	0	0	0	359	444	
6	0	0	0	0	349	427	
7	0	0	0	0	338	434	
8	0	0	0	0	327	451	
9	0	0	0	0	318	455	
10	0	0	0	0	317	444	
11	0	0	0	0	322	449	
12	0	0	0	0	332	447	
13	0	0	0	0	346	443	
14	0	0	0	0	365	456	
15	0	0	0	0	380	471	
0	0	0	0	0	397	405	
1	0	0	0	0	414	327	
2	0	0	0	0	430	295	
3	0	0	0	0	444	300	
4	0	0	0	0	448	330	
5	0	0	0	0	444	335	
6	0	0	0	0	443	324	
7	0	0	0	0	445	310	
8	0	0	0	0	444	362	
9	0	0	0	0	435	395	
10	0	0	0	0	420	403	
11	0	0	0	0	406	391	
12	0	0	0	0	398	384	
13	0	0	0	0	401	390	
14	0	0	0	0	422	407	
15	0	0	0	0	438	386	
0	0	0	0	0	446	370	
1	0	0	0	0	448	355	
2	0	0	0	0	434	295	
3	0	0	0	0	413	229	
4	0	0	0	0	390	183	
5	0	0	0	0	369	240	
6	0	0	0	0	348	290	
7	0	0	0	0	336	337	
8	0	0	0	0	330	399	
9	0	0	0	0	328	470	
10	0	0	0	0	326	487	
11	0	0	0	0	329	505	
12	0	0	0	0	333	516	
13	0	0	0	0	342	510	
14	0	0	0	0	353	527	
15	0	0	0	0	359	545	
0	0	0	0	0	361	553	
1	0	0	0	0	361	565	
2	0	0	0	0	367	556	
3	0	0	0	0	379	506	
4	0	0	0	0	390	450	
5	0	0	0	0	401	419	
6	0	0	0	0	416	447	
7	0	0	0	0	442	475	
8	0	0	0	0	460	475	
9	0	0	0	0	470	433	
10	0	0	0	0	476	396	
11	0	0	0	0	471	374	
12	0	0	0	0	463	388	
13	0	0	0	0	451	419	
14	0	0	0	0	438	430	
15	0	0	0	0	436	400	
0	0	0	0	0	446	371	
1	0	0	0	0	461	368	
2	0	0	0	0	485	349	
3	0	0	0	0	519	330	
4	0	0	0	0	548	347	
5	0	0	0	0	563	364	
6	0	0	0	0	554	374	
7	0	0	0	0	536	354	
8	0	0	0	0	508	353	
9	0	0	0	0	472	364	
10	0	0	0	0	434	376	
11	0	0	0	0	407	398	
12	0	0	0	0	387	364	
13	0	0	0	0	374	384	
14	0	0	0	0	365	384	
15	0	0	0	0	364	392	
0	0	0	0	0	373	380	
1	0	0	0	0	393	388	
2	0	0	0	0	415	432	
3	0	0	0	0	435	446	
4	0	0	0	0	448	426	
5	0	0	0	0	459	411	
6	0	0	0	0	470	423	
7	0	0	0	0	478	425	
8	0	0	0	0	486	409	
9	0	0	0	0	486	424	
10	0	0	0	0	479	444	
11	0	0	0	0	469	444	
12	0	0	0	0	453	493	
13	0	0	0	0	433	504	
14	0	0	0	0	422	491	
15	0	0	0	0	414	476	
0	0	0	0	0	406	465	
1	0	0	0	0	397	440	
2	0	0	0	0	390	461	
3	0	0	0	0	389	450	
4	0	0	0	0	391	460	
5	0	0	0	0	396	481	
6	0	0	0	0	401	472	
7	0	0	0	0	406	455	
8	0	0	0	0	416	441	
9	0	0	0	0	427	409	
10	0	0	0	0	447	387	
11	0	0	0	0	463	391	
12	0	0	0	0	470	413	
13	0	0	0	0	475	408	
14	0	0	0	0	477	397	
15	0	0	0	0	476	376	
0	0	0	0	0	462	384	
1	0	0	0	0	443	374	
2	0	0	0	0	430	365	
3	0	0	0	0	415	407	
4	0	0	0	0	401	449	
5	0	0	0	0	393	465	
6	0	0	0	0	386	511	
7	0	0	0	0	381	529	
8	0	0	0	0	381	531	
9	0	0	0	0	387	555	
10	0	0	0	0	399	553	
11	0	0	0	0	411	541	
12	0	0	0	0	419	528	
13	0	0	0	0	424	518	
14	0	0	0	0	426	480	
15	0	0	0	0	427	501	
0	0	0	0	0	422	542	
1	0	0	0	0	423	570	
2	0	0	0	0	440	552	
3	0	0	0	0	458	521	
4	0	0	0	0	469	510	
5	0	0	0	0	480	483	
6	0	0	0	0	486	439	
7	0	0	0	0	486	457	
8	0	0	0	0	488	439	
9	0	0	0	0	499	434	
10	0	0	0	0	503	393	
11	0	0	0	0	488	386	
12	0	0	0	0	461	399	
13	0	0	0	0	430	429	
14	0	0	0	0	402	436	
15	0	0	0	0	380	464	
0	0	0	0	0	359	454	
1	0	0	0	0	342	465	
2	0	0	0	0	331	500	
3	0	0	0	0	324	502	
4	0	0	0	0	326	492	
5	0	0	0	0	335	490	
6	0	0	0	0	350	479	
7	0	0	0	0	365	496	
8	0	0	0	0	384	491	
9	0	0	0	0	398	504	
10	0	0	0	0	413	486	
11	0	0	0	0	432	470	
12	0	0	0	0	455	460	
13	0	0	0	0	475	453	
14	0	0	0	0	486	431	
15	0	0	0	0	488	395	
0	0	0	0	0	490	383	
1	0	0	0	0	487	379	
2	0	0	0	0	487	419	
3	0	0	0	0	492	477	
4	0	0	0	0	497	521	
5	0	0	0	0	498	534	
6	0	0	0	0	504	560	
7	0	0	0	0	508	525	
8	0	0	0	0	509	486	
9	0	0	0	0	511	447	
10	0	0	0	0	511	445	
11	0	0	0	0	504	473	
12	0	0	0	0	497	503	
13	0	0	0	0	483	479	
14	0	0	0	0	474	462	
15	0	0	0	0	472	447	
0	0	0	0	0	471	425	
1	0	0	0	0	475	434	
2	0	0	0	0	473	463	
3	0	0	0	0	463	488	
4	0	0	0	0	451	508	
5	0	0	0	0	438	503	
6	0	0	0	0	418	451	
7	0	0	0	0	396	403	
8	0	0	0	0	385	385	
9	0	0	0	0	388	403	
10	0	0	0	0	403	408	
11	0	0	0	0	427	363	
12	0	0	0	0	452	363	
13	0	0	0	0	473	390	
14	0	0	0	0	493	401	
15	0	0	0	0	510	392	
0	0	0	0	0	526	396	
1	0	0	0	0	539	388	
2	0	0	0	0	546	380	
3	0	0	0	0	558	371	
4	0	0	0	0	577	364	
5	0	0	0	0	596	321	
6	0	0	0	0	612	307	
7	0	0	0	0	624	292	
8	0	0	0	0	638	304	
9	0	0	0	0	664	329	
10	0	0	0	0	694	333	
11	0	0	0	0	712	349	
12	0	0	0	0	724	381	
13	0	0	0	0	724	379	
14	0	0	0	0	715	363	
15	0	0	0	0	697	378	
0	0	0	0	0	679	387	
1	0	0	0	0	661	376	
2	0	0	0	0	640	349	
3	0	0	0	0	615	333	
4	0	0	0	0	588	346	
5	0	0	0	0	563	349	
6	0	0	0	0	541	386	
7	0	0	0	0	521	452	
8	0	0	0	0	501	481	
9	0	0	0	0	477	487	
10	0	0	0	0	455	452	
11	0	0	0	0	448	440	
12	0	0	0	0	451	455	
13	0	0	0	0	455	446	
14	0	0	0	0	459	459	
15	0	0	0	0	463	489	
0	0	0	0	0	468	483	
1	0	0	0	0	481	485	
2	0	0	0	0	500	487	
3	0	0	0	0	520	488	
4	0	0	0	0	544	425	
5	0	0	0	0	571	344	
6	0	0	0	0	588	295	
7	0	0	0	0	603	319	
8	0	0	0	0	612	360	
9	0	0	0	0	611	418	
10	0	0	0	0	602	438	
11	0	0	0	0	588	444	
12	0	0	0	0	585	461	
13	0	0	0	0	582	440	
14	0	0	0	0	580	403	
15	0	0	0	0	575	414	
0	0	0	0	0	560	436	
1	0	0	0	0	524	466	
2	0	0	0	0	476	495	
3	0	0	0	0	427	486	
4	0	0	0	0	390	473	
5	0	0	0	0	369	462	
6	0	0	0	0	363	474	
7	0	0	0	0	361	509	
8	0	0	0	0	366	531	
9	0	0	0	0	377	531	
10	0	0	0	0	395	502	
11	0	0	0	0	419	465	
12	0	0	0	0	440	449	
13	0	0	0	0	462	455	
14	0	0	0	0	488	466	
15	0	0	0	0	507	483	
0	0	0	0	0	517	517	
1	0	0	0	0	520	493	
2	0	0	0	0	523	458	
3	0	0	0	0	520	451	
4	0	0	0	0	520	464	
5	0	0	0	0	543	453	
6	0	0	0	0	569	461	
7	0	0	0	0	578	487	
8	0	0	0	0	575	502	
9	0	0	0	0	567	475	
10	0	0	0	0	560	454	
11	0	0	0	0	552	448	
12	0	0	0	0	547	487	
13	0	0	0	0	537	479	
14	0	0	0	0	527	461	
15	0	0	0	0	516	446	
0	0	0	0	0	502	416	
1	0	0	0	0	489	415	
2	0	0	0	0	476	455	
3	0	0	0	0	459	477	
4	0	0	0	0	445	451	
5	0	0	0	0	442	467	
6	0	0	0	0	442	495	
7	0	0	0	0	444	522	
8	0	0	0	0	452	537	
9	0	0	0	0	458	542	
10	0	0	0	0	460	527	
11	0	0	0	0	463	524	
12	0	0	0	0	464	513	
13	0	0	0	0	464	548	
14	0	0	0	0	462	568	
15	0	0	0	0	469	574	
0	0	0	0	0	481	534	
1	0	0	0	0	494	508	
2	0	0	0	0	500	504	
3	0	0	0	0	499	510	
4	0	0	0	0	500	482	
5	0	0	0	0	501	476	
6	0	0	0	0	495	455	
7	0	0	0	0	495	422	
8	0	0	0	0	497	417	
9	0	0	0	0	498	451	
10	0	0	0	0	500	521	
11	0	0	0	0	500	585	
12	0	0	0	0	495	600	
13	0	0	0	0	491	558	
14	0	0	0	0	488	543	
15	0	0	0	0	485	546	
0	0	0	0	0	480	517	
1	0	0	0	0	478	518	
2	0	0	0	0	473	525	
3	0	0	0	0	463	515	
4	0	0	0	0	455	544	
5	0	0	0	0	452	544	
6	0	0	0	0	454	548	
7	0	0	0	0	459	556	
8	0	0	0	0	467	543	
9	0	0	0	0	469	514	
10	0	0	0	0	461	527	
11	0	0	0	0	446	528	
12	0	0	0	0	420	540	
13	0	0	0	0	397	553	
14	0	0	0	0	384	577	
15	0	0	0	0	379	590	
0	0	0	0	0	387	595	
1	0	0	0	0	403	608	
2	0	0	0	0	415	610	
3	0	0	0	0	433	619	
4	0	0	0	0	451	575	
5	0	0	0	0	464	587	
6	0	0	0	0	459	590	
7	0	0	0	0	446	569	
8	0	0	0	0	434	576	
9	0	0	0	0	430	574	
10	0	0	0	0	430	572	
11	0	0	0	0	427	517	
12	0	0	0	0	423	458	
13	0	0	0	0	422	468	
14	0	0	0	0	424	483	
15	0	0	0	0	433	492	
0	0	0	0	0	452	447	
1	0	0	0	0	470	433	
2	0	0	0	0	485	439	
3	0	0	0	0	492	442	
4	0	0	0	0	503	432	
5	0	0	0	0	516	444	
6	0	0	0	0	528	484	
7	0	0	0	0	541	460	
8	0	0	0	0	555	471	
9	0	0	0	0	574	452	
10	0	0	0	0	596	440	
11	0	0	0	0	614	427	
12	0	0	0	0	626	413	
13	0	0	0	0	638	355	
14	0	0	0	0	654	374	
15	0	0	0	0	657	371	
0	0	0	0	0	646	410	
1	0	0	0	0	622	448	
2	0	0	0	0	583	485	
3	0	0	0	0	545	491	
4	0	0	0	0	518	463	
5	0	0	0	0	509	440	
6	0	0	0	0	515	448	
7	0	0	0	0	526	463	
8	0	0	0	0	534	509	
9	0	0	0	0	540	539	
10	0	0	0	0	549	546	
11	0	0	0	0	563	536	
12	0	0	0	0	576	440	
13	0	0	0	0	587	351	
14	0	0	0	0	594	381	
15	0	0	0	0	592	402	
0	0	0	0	0	588	432	
1	0	0	0	0	583	453	
2	0	0	0	0	590	470	
3	0	0	0	0	592	497	
4	0	0	0	0	580	503	
5	0	0	0	0	568	467	
6	0	0	0	0	568	477	
7	0	0	0	0	582	494	
8	0	0	0	0	606	513	
9	0	0	0	0	632	502	
10	0	0	0	0	657	504	
11	0	0	0	0	679	491	
12	0	0	0	0	697	481	
13	0	0	0	0	701	472	
14	0	0	0	0	700	497	
15	0	0	0	0	704	551	
0	0	0	0	0	705	563	
1	0	0	0	0	702	565	
2	0	0	0	0	693	566	
3	0	0	0	0	682	569	
4	0	0	0	0	674	573	
5	0	0	0	0	671	568	
6	0	0	0	0	663	529	
7	0	0	0	0	640	499	
8	0	0	0	0	614	460	
9	0	0	0	0	592	467	
10	0	0	0	0	571	463	
11	0	0	0	0	550	452	
12	0	0	0	0	531	465	
13	0	0	0	0	515	473	
14	0	0	0	0	502	457	
15	0	0	0	0	487	453	
0	0	0	0	0	473	495	
1	0	0	0	0	464	510	
2	0	0	0	0	462	505	
3	0	0	0	0	463	508	
4	0	0	0	0	468	502	
5	0	0	0	0	474	501	
6	0	0	0	0	481	480	
7	0	0	0	0	495	491	
8	0	0	0	0	511	540	
9	0	0	0	0	523	581	
10	0	0	0	0	534	570	
11	0	0	0	0	541	566	
12	0	0	0	0	542	548	
13	0	0	0	0	538	506	
14	0	0	0	0	536	478	
15	0	0	0	0	532	439	
0	0	0	0	0	524	403	
1	0	0	0	0	523	380	
2	0	0	0	0	541	404	
3	0	0	0	0	577	366	
4	0	0	0	0	623	358	
5	0	0	0	0	659	381	
6	0	0	0	0	669	422	
7	0	0	0	0	647	416	
8	0	0	0	0	608	401	
9	0	0	0	0	572	401	
10	0	0	0	0	538	398	
11	0	0	0	0	507	376	
12	0	0	0	0	483	380	
13	0	0	0	0	462	392	
14	0	0	0	0	443	438	
15	0	0	0	0	433	501	
0	0	0	0	0	433	547	
1	0	0	0	0	440	567	
2	0	0	0	0	450	545	
3	0	0	0	0	456	515	
4	0	0	0	0	458	507	
5	0	0	0	0	456	512	
6	0	0	0	0	459	466	
7	0	0	0	0	477	417	
8	0	0	0	0	504	395	
9	0	0	0	0	526	406	
10	0	0	0	0	539	440	
11	0	0	0	0	547	475	
12	0	0	0	0	548	455	
13	0	0	0	0	550	428	
14	0	0	0	0	553	408	
15	0	0	0	0	556	395	
0	0	0	0	0	558	378	
1	0	0	0	0	553	364	
2	0	0	0	0	546	388	
3	0	0	0	0	539	429	
4	0	0	0	0	531	513	
5	0	0	0	0	520	512	
6	0	0	0	0	505	503	
7	0	0	0	0	495	529	
8	0	0	0	0	491	592	
9	0	0	0	0	485	635	
10	0	0	0	0	482	612	
11	0	0	0	0	484	630	
12	0	0	0	0	494	638	
13	0	0	0	0	508	639	
14	0	0	0	0	520	612	
15	0	0	0	0	534	595	
0	0	0	0	0	558	585	
1	0	0	0	0	590	598	
2	0	0	0	0	617	549	
3	0	0	0	0	638	489	
4	0	0	0	0	646	508	
5	0	0	0	0	636	552	
6	0	0	0	0	615	596	
7	0	0	0	0	595	608	
8	0	0	0	0	580	618	
9	0	0	0	0	568	591	
10	0	0	0	0	555	598	
11	0	0	0	0	543	595	
12	0	0	0	0	535	570	
13	0	0	0	0	527	574	
14	0	0	0	0	524	543	
15	0	0	0	0	524	505	
0	0	0	0	0	526	514	
1	0	0	0	0	531	560	
2	0	0	0	0	533	573	
3	0	0	0	0	542	592	
4	0	0	0	0	556	639	
5	0	0	0	0	568	629	
6	0	0	0	0	575	613	
7	0	0	0	0	584	608	
8	0	0	0	0	592	579	
9	0	0	0	0	596	508	
10	0	0	0	0	587	460	
11	0	0	0	0	574	439	
12	0	0	0	0	560	434	
13	0	0	0	0	546	460	
14	0	0	0	0	536	507	
15	0	0	0	0	524	552	
0	0	0	0	0	516	583	
1	0	0	0	0	509	638	
2	0	0	0	0	504	668	
3	0	0	0	0	503	661	
4	0	0	0	0	497	664	
5	0	0	0	0	487	670	
6	0	0	0	0	487	670	
7	0	0	0	0	499	667	
8	0	0	0	0	520	637	
9	0	0	0	0	544	614	
10	0	0	0	0	565	614	
11	0	0	0	0	579	615	
12	0	0	0	0	599	626	
13	0	0	0	0	620	632	
14	0	0	0	0	635	620	
15	0	0	0	0	644	569	
0	0	0	0	0	643	549	
1	0	0	0	0	640	560	
2	0	0	0	0	639	559	
3	0	0	0	0	639	545	
4	0	0	0	0	641	540	
5	0	0	0	0	643	526	
6	0	0	0	0	627	507	
7	0	0	0	0	598	512	
8	0	0	0	0	568	492	
9	0	0	0	0	544	507	
10	0	0	0	0	527	489	
11	0	0	0	0	512	465	
12	0	0	0	0	501	492	
13	0	0	0	0	493	508	
14	0	0	0	0	493	533	
15	0	0	0	0	495	511	
0	0	0	0	0	501	531	
1	0	0	0	0	507	554	
2	0	0	0	0	513	538	
3	0	0	0	0	521	512	
4	0	0	0	0	532	532	
5	0	0	0	0	561	536	
6	0	0	0	0	598	541	
7	0	0	0	0	617	519	
8	0	0	0	0	619	473	
9	0	0	0	0	608	433	
10	0	0	0	0	591	448	
11	0	0	0	0	578	489	
12	0	0	0	0	569	523	
13	0	0	0	0	562	551	
14	0	0	0	0	566	594	
15	0	0	0	0	575	593	
0	0	0	0	0	573	612	
1	0	0	0	0	577	616	
2	0	0	0	0	588	598	
3	0	0	0	0	597	554	
4	0	0	0	0	597	534	
5	0	0	0	0	590	484	
6	0	0	0	0	587	417	
7	0	0	0	0	595	388	
8	0	0	0	0	604	365	
9	0	0	0	0	615	309	
10	0	0	0	0	623	279	
11	0	0	0	0	619	295	
12	0	0	0	0	600	367	
13	0	0	0	0	577	425	
14	0	0	0	0	562	432	
15	0	0	0	0	547	420	
0	0	0	0	0	531	405	
1	0	0	0	0	510	375	
2	0	0	0	0	493	384	
3	0	0	0	0	480	409	
4	0	0	0	0	470	464	
5	0	0	0	0	460	520	
6	0	0	0	0	457	575	
7	0	0	0	0	461	605	
8	0	0	0	0	473	610	
9	0	0	0	0	490	603	
10	0	0	0	0	515	622	
11	0	0	0	0	537	612	
12	0	0	0	0	563	626	
13	0	0	0	0	598	638	
14	0	0	0	0	631	584	
15	0	0	0	0	655	535	
0	0	0	0	0	674	519	
1	0	0	0	0	686	501	
2	0	0	0	0	688	480	
3	0	0	0	0	688	415	
4	0	0	0	0	683	357	
5	0	0	0	0	676	351	
6	0	0	0	0	663	384	
7	0	0	0	0	643	419	
8	0	0	0	0	619	463	
9	0	0	0	0	595	499	
10	0	0	0	0	576	547	
11	0	0	0	0	562	609	
12	0	0	0	0	552	631	
13	0	0	0	0	540	598	
14	0	0	0	0	532	564	
15	0	0	0	0	524	563	
0	0	0	0	0	515	589	
1	0	0	0	0	496	622	
2	0	0	0	0	475	588	
3	0	0	0	0	469	553	
4	0	0	0	0	480	568	
5	0	0	0	0	507	579	
6	0	0	0	0	539	563	
7	0	0	0	0	567	581	
8	0	0	0	0	576	582	
9	0	0	0	0	571	556	
10	0	0	0	0	558	478	
11	0	0	0	0	557	493	
12	0	0	0	0	560	509	
13	0	0	0	0	566	525	
14	0	0	0	0	570	529	
15	0	0	0	0	575	522	
0	0	0	0	0	574	530	
1	0	0	0	0	579	519	
2	0	0	0	0	588	505	
3	0	0	0	0	591	487	
4	0	0	0	0	600	476	
5	0	0	0	0	602	492	
6	0	0	0	0	590	481	
7	0	0	0	0	568	467	
8	0	0	0	0	553	481	
9	0	0	0	0	546	480	
10	0	0	0	0	542	481	
11	0	0	0	0	543	516	
12	0	0	0	0	548	553	
13	0	0	0	0	552	597	
14	0	0	0	0	549	647	
15	0	0	0	0	530	647	
0	0	0	0	0	501	601	
1	0	0	0	0	477	591	
2	0	0	0	0	463	605	
3	0	0	0	0	454	600	
4	0	0	0	0	448	576	
5	0	0	0	0	447	596	
6	0	0	0	0	447	595	
7	0	0	0	0	444	602	
8	0	0	0	0	446	639	
9	0	0	0	0	456	637	
10	0	0	0	0	482	641	
11	0	0	0	0	510	642	
12	0	0	0	0	533	628	
13	0	0	0	0	550	607	
14	0	0	0	0	561	570	
15	0	0	0	0	569	561	
0	0	0	0	0	577	524	
1	0	0	0	0	587	505	
2	0	0	0	0	607	491	
3	0	0	0	0	636	499	
4	0	0	0	0	659	526	
5	0	0	0	0	672	527	
6	0	0	0	0	683	544	
7	0	0	0	0	695	531	
8	0	0	0	0	696	537	
9	0	0	0	0	675	524	
10	0	0	0	0	647	497	
11	0	0	0	0	622	493	
12	0	0	0	0	603	492	
13	0	0	0	0	586	536	
14	0	0	0	0	571	578	
15	0	0	0	0	556	595	
0	0	0	0	0	537	620	
1	0	0	0	0	518	653	
2	0	0	0	0	510	657	
3	0	0	0	0	503	649	
4	0	0	0	0	502	619	
5	0	0	0	0	512	619	
6	0	0	0	0	526	636	
7	0	0	0	0	533	638	
8	0	0	0	0	545	644	
9	0	0	0	0	560	635	
10	0	0	0	0	572	609	
11	0	0	0	0	580	590	
12	0	0	0	0	585	605	
13	0	0	0	0	584	607	
14	0	0	0	0	581	636	
15	0	0	0	0	577	606	
0	0	0	0	0	569	578	
1	0	0	0	0	562	540	
2	0	0	0	0	553	502	
3	0	0	0	0	543	528	
4	0	0	0	0	534	543	
5	0	0	0	0	531	514	
6	0	0	0	0	532	524	
7	0	0	0	0	535	551	
8	0	0	0	0	539	578	
9	0	0	0	0	537	556	
10	0	0	0	0	528	527	
11	0	0	0	0	523	526	
12	0	0	0	0	526	524	
13	0	0	0	0	540	514	
14	0	0	0	0	555	503	
15	0	0	0	0	570	497	
0	0	0	0	0	580	463	
1	0	0	0	0	589	473	
2	0	0	0	0	593	486	
3	0	0	0	0	590	493	
4	0	0	0	0	584	513	
5	0	0	0	0	580	510	
6	0	0	0	0	586	470	
7	0	0	0	0	595	440	
8	0	0	0	0	604	434	
9	0	0	0	0	610	423	
10	0	0	0	0	612	456	
11	0	0	0	0	608	496	
12	0	0	0	0	605	519	
13	0	0	0	0	606	512	
14	0	0	0	0	607	499	
15	0	0	0	0	610	520	
0	0	0	0	0	604	543	
1	0	0	0	0	593	555	
2	0	0	0	0	586	553	
3	0	0	0	0	575	544	
4	0	0	0	0	563	519	
5	0	0	0	0	545	513	
6	0	0	0	0	527	542	
7	0	0	0	0	517	596	
8	0	0	0	0	510	636	
9	0	0	0	0	498	654	
10	0	0	0	0	500	666	
11	0	0	0	0	512	679	
12	0	0	0	0	526	677	
13	0	0	0	0	527	674	
14	0	0	0	0	520	663	
15	0	0	0	0	519	622	
0	0	0	0	0	523	577	
1	0	0	0	0	518	556	
2	0	0	0	0	508	572	
3	0	0	0	0	506	597	
4	0	0	0	0	521	655	
5	0	0	0	0	547	627	
6	0	0	0	0	575	564	
7	0	0	0	0	592	506	
8	0	0	0	0	595	494	
9	0	0	0	0	584	505	
10	0	0	0	0	575	521	
11	0	0	0	0	572	526	
12	0	0	0	0	569	539	
13	0	0	0	0	559	567	
14	0	0	0	0	550	607	
15	0	0	0	0	537	587	
0	0	0	0	0	527	611	
1	0	0	0	0	524	615	
2	0	0	0	0	515	565	
3	0	0	0	0	508	551	
4	0	0	0	0	504	556	
5	0	0	0	0	501	571	
6	0	0	0	0	495	593	
7	0	0	0	0	486	577	
8	0	0	0	0	482	582	
9	0	0	0	0	483	565	
10	0	0	0	0	489	556	
11	0	0	0	0	499	538	
12	0	0	0	0	509	511	
13	0	0	0	0	519	486	
14	0	0	0	0	538	505	
15	0	0	0	0	556	525	
0	0	0	0	0	569	513	
1	0	0	0	0	581	478	
2	0	0	0	0	591	500	
3	0	0	0	0	599	537	
4	0	0	0	0	609	562	
5	0	0	0	0	624	580	
6	0	0	0	0	635	548	
7	0	0	0	0	639	532	
8	0	0	0	0	638	501	
9	0	0	0	0	642	476	
10	0	0	0	0	648	490	
11	0	0	0	0	650	533	
12	0	0	0	0	641	537	
13	0	0	0	0	627	529	
14	0	0	0	0	617	532	
15	0	0	0	0	608	528	
0	0	0	0	0	604	569	
1	0	0	0	0	598	610	
2	0	0	0	0	583	623	
3	0	0	0	0	562	623	
4	0	0	0	0	542	588	
5	0	0	0	0	531	544	
6	0	0	0	0	525	505	
7	0	0	0	0	526	517	
8	0	0	0	0	528	530	
9	0	0	0	0	531	536	
10	0	0	0	0	535	579	
11	0	0	0	0	539	541	
12	0	0	0	0	545	516	
13	0	0	0	0	545	556	
14	0	0	0	0	539	580	
15	0	0	0	0	531	585	
0	0	0	0	0	522	590	
1	0	0	0	0	515	609	
2	0	0	0	0	513	610	
3	0	0	0	0	515	614	
4	0	0	0	0	521	587	
5	0	0	0	0	526	554	
6	0	0	0	0	530	563	
7	0	0	0	0	528	575	
8	0	0	0	0	523	592	
9	0	0	0	0	512	612	
10	0	0	0	0	498	671	
11	0	0	0	0	487	692	
12	0	0	0	0	482	696	
13	0	0	0	0	482	660	
14	0	0	0	0	486	579	
15	0	0	0	0	485	525	
0	0	0	0	0	477	524	
1	0	0	0	0	468	543	
2	0	0	0	0	467	595	
3	0	0	0	0	470	636	
4	0	0	0	0	470	646	
5	0	0	0	0	476	638	
6	0	0	0	0	492	602	
7	0	0	0	0	515	584	
8	0	0	0	0	534	574	
9	0	0	0	0	534	600	
10	0	0	0	0	516	566	
11	0	0	0	0	485	590	
12	0	0	0	0	454	633	
13	0	0	0	0	440	672	
14	0	0	0	0	441	710	
15	0	0	0	0	454	696	
0	0	0	0	0	477	657	
1	0	0	0	0	505	595	
2	0	0	0	0	528	561	
3	0	0	0	0	539	542	
4	0	0	0	0	541	502	
5	0	0	0	0	531	437	
6	0	0	0	0	517	430	
7	0	0	0	0	506	422	
8	0	0	0	0	496	472	
9	0	0	0	0	492	536	
10	0	0	0	0	493	568	
11	0	0	0	0	498	561	
12	0	0	0	0	506	578	
13	0	0	0	0	519	542	
14	0	0	0	0	536	487	
15	0	0	0	0	551	499	
0	0	0	0	0	570	522	
1	0	0	0	0	585	501	
2	0	0	0	0	596	515	
3	0	0	0	0	600	529	
4	0	0	0	0	601	549	
5	0	0	0	0	608	570	
6	0	0	0	0	607	574	
7	0	0	0	0	596	562	
8	0	0	0	0	579	555	
9	0	0	0	0	560	531	
10	0	0	0	0	544	491	
11	0	0	0	0	533	508	
12	0	0	0	0	518	554	
13	0	0	0	0	507	572	
14	0	0	0	0	506	601	
15	0	0	0	0	511	621	
0	0	0	0	0	512	625	
1	0	0	0	0	509	579	
2	0	0	0	0	509	523	
3	0	0	0	0	515	502	
4	0	0	0	0	524	512	
5	0	0	0	0	536	528	
6	0	0	0	0	552	574	
7	0	0	0	0	566	609	
8	0	0	0	0	569	644	
9	0	0	0	0	572	658	
10	0	0	0	0	572	607	
11	0	0	0	0	569	543	
12	0	0	0	0	563	480	
13	0	0	0	0	564	453	
14	0	0	0	0	568	469	
15	0	0	0	0	576	477	
0	0	0	0	0	583	469	
1	0	0	0	0	588	450	
2	0	0	0	0	584	445	
3	0	0	0	0	580	449	
4	0	0	0	0	574	431	
5	0	0	0	0	569	450	
6	0	0	0	0	566	437	
7	0	0	0	0	561	438	
8	0	0	0	0	564	460	
9	0	0	0	0	571	508	
10	0	0	0	0	572	515	
11	0	0	0	0	569	502	
12	0	0	0	0	565	491	
13	0	0	0	0	558	496	
14	0	0	0	0	548	507	
15	0	0	0	0	536	470	
0	0	0	0	0	531	456	
1	0	0	0	0	531	473	
2	0	0	0	0	525	508	
3	0	0	0	0	511	556	
4	0	0	0	0	492	608	
5	0	0	0	0	473	626	
6	0	0	0	0	463	629	
7	0	0	0	0	470	592	
8	0	0	0	0	486	590	
9	0	0	0	0	507	620	
10	0	0	0	0	522	593	
11	0	0	0	0	534	535	
12	0	0	0	0	544	517	
13	0	0	0	0	548	519	
14	0	0	0	0	544	510	
15	0	0	0	0	540	512	
0	0	0	0	0	534	506	
1	0	0	0	0	532	490	
2	0	0	0	0	534	440	
3	0	0	0	0	531	450	
4	0	0	0	0	526	471	
5	0	0	0	0	522	463	
6	0	0	0	0	522	493	
7	0	0	0	0	531	518	
8	0	0	0	0	546	535	
9	0	0	0	0	558	523	
10	0	0	0	0	568	511	
11	0	0	0	0	568	528	
12	0	0	0	0	563	503	
13	0	0	0	0	563	459	
14	0	0	0	0	560	393	
15	0	0	0	0	565	382	
0	0	0	0	0	575	364	
1	0	0	0	0	584	400	
2	0	0	0	0	576	423	
3	0	0	0	0	555	426	
4	0	0	0	0	531	480	
5	0	0	0	0	514	543	
6	0	0	0	0	511	590	
7	0	0	0	0	507	605	
8	0	0	0	0	506	594	
9	0	0	0	0	505	573	
10	0	0	0	0	508	563	
11	0	0	0	0	507	576	
12	0	0	0	0	499	557	
13	0	0	0	0	489	528	
14	0	0	0	0	482	498	
15	0	0	0	0	482	492	
0	0	0	0	0	487	502	
1	0	0	0	0	488	527	
2	0	0	0	0	489	543	
3	0	0	0	0	491	537	
4	0	0	0	0	499	550	
5	0	0	0	0	510	531	
6	0	0	0	0	519	521	
7	0	0	0	0	534	502	
8	0	0	0	0	547	512	
9	0	0	0	0	557	504	
10	0	0	0	0	568	490	
11	0	0	0	0	583	535	
12	0	0	0	0	595	587	
13	0	0	0	0	607	595	
14	0	0	0	0	622	612	
15	0	0	0	0	632	611	
0	0	0	0	0	634	600	
1	0	0	0	0	632	579	
2	0	0	0	0	624	567	
3	0	0	0	0	617	567	
4	0	0	0	0	612	556	
5	0	0	0	0	600	530	
6	0	0	0	0	590	563	
7	0	0	0	0	583	557	
8	0	0	0	0	579	558	
9	0	0	0	0	570	562	
10	0	0	0	0	560	617	
11	0	0	0	0	551	644	
12	0	0	0	0	543	623	
13	0	0	0	0	539	599	
14	0	0	0	0	541	599	
15	0	0	0	0	542	605	
0	0	0	0	0	538	607	
1	0	0	0	0	532	602	
2	0	0	0	0	529	540	
3	0	0	0	0	535	468	
4	0	0	0	0	547	475	
5	0	0	0	0	561	518	
6	0	0	0	0	572	562	
7	0	0	0	0	586	587	
8	0	0	0	0	598	615	
9	0	0	0	0	609	630	
10	0	0	0	0	619	627	
11	0	0	0	0	624	575	
12	0	0	0	0	623	506	
13	0	0	0	0	620	441	
14	0	0	0	0	615	393	
15	0	0	0	0	613	378	
0	0	0	0	0	608	369	
1	0	0	0	0	609	380	
2	0	0	0	0	620	391	
3	0	0	0	0	625	403	
4	0	0	0	0	620	414	
5	0	0	0	0	604	428	
6	0	0	0	0	592	491	
7	0	0	0	0	588	536	
8	0	0	0	0	586	560	
9	0	0	0	0	585	565	
10	0	0	0	0	592	523	
11	0	0	0	0	591	483	
12	0	0	0	0	585	499	
13	0	0	0	0	583	494	
14	0	0	0	0	585	504	
15	0	0	0	0	588	499	
0	0	0	0	0	593	484	
1	0	0	0	0	593	480	
2	0	0	0	0	591	479	
3	0	0	0	0	594	462	
4	0	0	0	0	609	481	
5	0	0	0	0	630	473	
6	0	0	0	0	654	472	
7	0	0	0	0	673	425	
8	0	0	0	0	679	439	
9	0	0	0	0	673	429	
10	0	0	0	0	657	430	
11	0	0	0	0	631	513	
12	0	0	0	0	593	578	
13	0	0	0	0	561	627	
14	0	0	0	0	535	673	
15	0	0	0	0	513	697	
0	0	0	0	0	501	667	
1	0	0	0	0	491	639	
2	0	0	0	0	475	608	
3	0	0	0	0	464	608	
4	0	0	0	0	461	624	
5	0	0	0	0	462	616	
6	0	0	0	0	460	591	
7	0	0	0	0	452	589	
8	0	0	0	0	445	623	
9	0	0	0	0	441	617	
10	0	0	0	0	444	585	
11	0	0	0	0	451	553	
12	0	0	0	0	464	552	
13	0	0	0	0	476	537	
14	0	0	0	0	489	531	
15	0	0	0	0	504	536	
0	0	0	0	0	518	527	
1	0	0	0	0	534	538	
2	0	0	0	0	547	509	
3	0	0	0	0	557	491	
4	0	0	0	0	565	517	
5	0	0	0	0	575	546	
6	0	0	0	0	587	541	
7	0	0	0	0	601	507	
8	0	0	0	0	611	510	
9	0	0	0	0	609	462	
10	0	0	0	0	600	460	
11	0	0	0	0	575	482	
12	0	0	0	0	545	504	
13	0	0	0	0	517	519	
14	0	0	0	0	497	518	
15	0	0	0	0	483	516	
0	0	0	0	0	470	528	
1	0	0	0	0	461	580	
2	0	0	0	0	456	550	
3	0	0	0	0	455	553	
4	0	0	0	0	453	566	
5	0	0	0	0	454	610	
6	0	0	0	0	452	646	
7	0	0	0	0	456	656	
8	0	0	0	0	468	684	
9	0	0	0	0	482	708	
10	0	0	0	0	489	705	
11	0	0	0	0	489	701	
12	0	0	0	0	495	692	
13	0	0	0	0	506	663	
14	0	0	0	0	524	629	
15	0	0	0	0	547	607	
0	0	0	0	0	572	593	
1	0	0	0	0	588	578	
2	0	0	0	0	589	567	
3	0	0	0	0	570	579	
4	0	0	0	0	545	524	
5	0	0	0	0	519	491	
6	0	0	0	0	496	469	
7	0	0	0	0	477	500	
8	0	0	0	0	463	524	
9	0	0	0	0	454	498	
10	0	0	0	0	445	503	
11	0	0	0	0	440	508	
12	0	0	0	0	441	531	
13	0	0	0	0	449	556	
14	0	0	0	0	465	579	
15	0	0	0	0	478	587	
0	0	0	0	0	485	549	
1	0	0	0	0	489	504	
2	0	0	0	0	495	501	
3	0	0	0	0	495	532	
4	0	0	0	0	491	574	
5	0	0	0	0	481	606	
6	0	0	0	0	465	654	
7	0	0	0	0	456	628	
8	0	0	0	0	460	604	
9	0	0	0	0	469	600	
10	0	0	0	0	478	574	
11	0	0	0	0	477	563	
12	0	0	0	0	473	574	
13	0	0	0	0	472	585	
14	0	0	0	0	472	599	
15	0	0	0	0	473	588	
0	0	0	0	0	480	565	
1	0	0	0	0	488	545	
2	0	0	0	0	498	531	
3	0	0	0	0	511	522	
4	0	0	0	0	521	506	
5	0	0	0	0	531	457	
6	0	0	0	0	542	398	
7	0	0	0	0	547	382	
8	0	0	0	0	542	392	
9	0	0	0	0	527	417	
10	0	0	0	0	511	447	
11	0	0	0	0	507	441	
12	0	0	0	0	507	461	
13	0	0	0	0	507	472	
14	0	0	0	0	507	477	
15	0	0	0	0	506	507	
0	0	0	0	0	495	482	
1	0	0	0	0	486	481	
2	0	0	0	0	486	495	
3	0	0	0	0	488	514	
4	0	0	0	0	494	556	
5	0	0	0	0	494	594	
6	0	0	0	0	489	631	
7	0	0	0	0	485	634	
8	0	0	0	0	481	637	
9	0	0	0	0	480	629	
10	0	0	0	0	485	620	
11	0	0	0	0	491	622	
12	0	0	0	0	493	613	
13	0	0	0	0	503	559	
14	0	0	0	0	519	536	
15	0	0	0	0	534	573	
0	0	0	0	0	545	592	
1	0	0	0	0	545	611	
2	0	0	0	0	546	598	
3	0	0	0	0	557	558	
4	0	0	0	0	576	557	
5	0	0	0	0	588	543	
6	0	0	0	0	582	535	
7	0	0	0	0	579	513	
8	0	0	0	0	589	516	
9	0	0	0	0	611	492	
10	0	0	0	0	633	487	
11	0	0	0	0	644	502	
12	0	0	0	0	644	471	
13	0	0	0	0	627	472	
14	0	0	0	0	599	493	
15	0	0	0	0	572	502	
0	0	0	0	0	551	487	
1	0	0	0	0	536	485	
2	0	0	0	0	525	467	
3	0	0	0	0	522	440	
4	0	0	0	0	527	418	
5	0	0	0	0	535	435	
6	0	0	0	0	537	447	
7	0	0	0	0	544	463	
8	0	0	0	0	554	491	
9	0	0	0	0	555	519	
10	0	0	0	0	552	586	
11	0	0	0	0	551	624	
12	0	0	0	0	549	620	
13	0	0	0	0	550	636	
14	0	0	0	0	557	626	
15	0	0	0	0	567	599	
0	0	0	0	0	579	549	
1	0	0	0	0	586	520	
2	0	0	0	0	584	524	
3	0	0	0	0	584	537	
4	0	0	0	0	580	509	
5	0	0	0	0	575	441	
6	0	0	0	0	568	416	
7	0	0	0	0	562	411	
8	0	0	0	0	556	416	
9	0	0	0	0	550	410	
10	0	0	0	0	548	409	
11	0	0	0	0	549	444	
12	0	0	0	0	554	477	
13	0	0	0	0	552	499	
14	0	0	0	0	544	500	
15	0	0	0	0	542	500	
0	0	0	0	0	539	492	
1	0	0	0	0	533	531	
2	0	0	0	0	533	534	
3	0	0	0	0	543	531	
4	0	0	0	0	561	533	
5	0	0	0	0	578	553	
6	0	0	0	0	583	540	
7	0	0	0	0	577	551	
8	0	0	0	0	560	567	
9	0	0	0	0	532	552	
10	0	0	0	0	510	532	
11	0	0	0	0	493	515	
12	0	0	0	0	484	497	
13	0	0	0	0	473	489	
14	0	0	0	0	464	552	
15	0	0	0	0	455	577	
0	0	0	0	0	442	593	
1	0	0	0	0	434	619	
2	0	0	0	0	427	602	
3	0	0	0	0	425	577	
4	0	0	0	0	430	556	
5	0	0	0	0	448	555	
6	0	0	0	0	472	573	
7	0	0	0	0	496	598	
8	0	0	0	0	513	574	
9	0	0	0	0	521	584	
10	0	0	0	0	529	582	
11	0	0	0	0	532	601	
12	0	0	0	0	531	603	
13	0	0	0	0	529	588	
14	0	0	0	0	526	591	
15	0	0	0	0	523	569	
0	0	0	0	0	518	568	
1	0	0	0	0	520	577	
2	0	0	0	0	523	608	
3	0	0	0	0	519	627	
4	0	0	0	0	502	596	
5	0	0	0	0	472	569	
6	0	0	0	0	432	566	
7	0	0	0	0	396	593	
8	0	0	0	0	372	629	
9	0	0	0	0	359	641	
10	0	0	0	0	356	609	
11	0	0	0	0	359	598	
12	0	0	0	0	365	595	
13	0	0	0	0	374	619	
14	0	0	0	0	382	608	
15	0	0	0	0	396	595	
0	0	0	0	0	415	627	
1	0	0	0	0	444	624	
2	0	0	0	0	480	598	
3	0	0	0	0	516	568	
4	0	0	0	0	549	540	
5	0	0	0	0	576	547	
6	0	0	0	0	598	547	
7	0	0	0	0	613	524	
8	0	0	0	0	619	562	
9	0	0	0	0	613	560	
10	0	0	0	0	595	551	
11	0	0	0	0	567	541	
12	0	0	0	0	532	503	
13	0	0	0	0	507	486	
14	0	0	0	0	490	493	
15	0	0	0	0	482	524	
0	0	0	0	0	478	529	
1	0	0	0	0	476	546	
2	0	0	0	0	476	556	
3	0	0	0	0	476	607	
4	0	0	0	0	475	599	
5	0	0	0	0	476	598	
6	0	0	0	0	476	580	
7	0	0	0	0	476	553	
8	0	0	0	0	477	552	
9	0	0	0	0	476	528	
10	0	0	0	0	480	509	
11	0	0	0	0	484	510	
12	0	0	0	0	487	477	
13	0	0	0	0	488	457	
14	0	0	0	0	499	466	
15	0	0	0	0	515	487	
0	0	0	0	0	535	496	
1	0	0	0	0	548	465	
2	0	0	0	0	557	438	
3	0	0	0	0	569	477	
4	0	0	0	0	575	503	
5	0	0	0	0	575	500	
6	0	0	0	0	572	503	
7	0	0	0	0	566	513	
8	0	0	0	0	559	524	
9	0	0	0	0	544	526	
10	0	0	0	0	529	545	
11	0	0	0	0	519	555	
12	0	0	0	0	510	543	
13	0	0	0	0	509	537	
14	0	0	0	0	515	519	
15	0	0	0	0	519	504	
0	0	0	0	0	519	541	
1	0	0	0	0	515	525	
2	0	0	0	0	510	543	
3	0	0	0	0	506	546	
4	0	0	0	0	505	547	
5	0	0	0	0	502	533	
6	0	0	0	0	500	531	
7	0	0	0	0	499	567	
8	0	0	0	0	496	596	
9	0	0	0	0	496	588	
10	0	0	0	0	503	545	
11	0	0	0	0	512	495	
12	0	0	0	0	516	494	
13	0	0	0	0	516	504	
14	0	0	0	0	515	496	
15	0	0	0	0	515	478	
0	0	0	0	0	520	473	
1	0	0	0	0	520	483	
2	0	0	0	0	514	494	
3	0	0	0	0	511	513	
4	0	0	0	0	515	464	
5	0	0	0	0	520	438	
6	0	0	0	0	521	445	
7	0	0	0	0	516	466	
8	0	0	0	0	501	458	
9	0	0	0	0	487	493	
10	0	0	0	0	488	554	
11	0	0	0	0	487	565	
12	0	0	0	0	490	585	
13	0	0	0	0	489	601	
14	0	0	0	0	486	626	
15	0	0	0	0	476	619	
0	0	0	0	0	472	572	
1	0	0	0	0	471	560	
2	0	0	0	0	470	545	
3	0	0	0	0	470	534	
4	0	0	0	0	464	515	
5	0	0	0	0	462	530	
6	0	0	0	0	462	540	
7	0	0	0	0	456	512	
8	0	0	0	0	446	488	
9	0	0	0	0	437	448	
10	0	0	0	0	431	411	
11	0	0	0	0	428	419	
12	0	0	0	0	432	483	
13	0	0	0	0	439	496	
14	0	0	0	0	444	502	
15	0	0	0	0	452	497	
0	0	0	0	0	466	496	
1	0	0	0	0	482	489	
2	0	0	0	0	493	470	
3	0	0	0	0	497	462	
4	0	0	0	0	491	457	
5	0	0	0	0	479	473	
6	0	0	0	0	464	469	
7	0	0	0	0	445	460	
8	0	0	0	0	436	481	
9	0	0	0	0	443	480	
10	0	0	0	0	466	488	
11	0	0	0	0	492	548	
12	0	0	0	0	514	573	
13	0	0	0	0	531	579	
14	0	0	0	0	543	600	
15	0	0	0	0	545	565	
0	0	0	0	0	547	559	
1	0	0	0	0	552	538	
2	0	0	0	0	563	513	
3	0	0	0	0	566	476	
4	0	0	0	0	563	493	
5	0	0	0	0	551	467	
6	0	0	0	0	533	443	
7	0	0	0	0	514	448	
8	0	0	0	0	496	475	
9	0	0	0	0	483	522	
10	0	0	0	0	479	579	
11	0	0	0	0	481	587	
12	0	0	0	0	489	595	
13	0	0	0	0	504	545	
14	0	0	0	0	525	507	
15	0	0	0	0	555	471	
0	0	0	0	0	579	460	
1	0	0	0	0	593	459	
2	0	0	0	0	597	439	
3	0	0	0	0	602	407	
4	0	0	0	0	601	419	
5	0	0	0	0	590	453	
6	0	0	0	0	584	441	
7	0	0	0	0	590	371	
8	0	0	0	0	596	366	
9	0	0	0	0	595	392	
10	0	0	0	0	588	399	
11	0	0	0	0	578	433	
12	0	0	0	0	561	460	
13	0	0	0	0	540	541	
14	0	0	0	0	526	565	
15	0	0	0	0	522	581	
0	0	0	0	0	518	540	
1	0	0	0	0	513	518	
2	0	0	0	0	511	504	
3	0	0	0	0	512	497	
4	0	0	0	0	512	524	
5	0	0	0	0	512	530	
6	0	0	0	0	513	550	
7	0	0	0	0	515	556	
8	0	0	0	0	516	552	
9	0	0	0	0	510	502	
10	0	0	0	0	498	505	
11	0	0	0	0	485	529	
12	0	0	0	0	480	529	
13	0	0	0	0	491	536	
14	0	0	0	0	505	537	
15	0	0	0	0	518	516	
0	0	0	0	0	525	513	
1	0	0	0	0	525	515	
2	0	0	0	0	521	504	
3	0	0	0	0	511	496	
4	0	0	0	0	496	513	
5	0	0	0	0	478	544	
6	0	0	0	0	467	569	
7	0	0	0	0	470	579	
8	0	0	0	0	481	566	
9	0	0	0	0	497	575	
10	0	0	0	0	515	587	
11	0	0	0	0	535	567	
12	0	0	0	0	555	520	
13	0	0	0	0	574	505	
14	0	0	0	0	589	522	
15	0	0	0	0	599	530	
0	0	0	0	0	604	504	
1	0	0	0	0	612	507	
2	0	0	0	0	612	516	
3	0	0	0	0	605	538	
4	0	0	0	0	590	547	
5	0	0	0	0	572	565	
6	0	0	0	0	552	588	
7	0	0	0	0	537	597	
8	0	0	0	0	536	600	
9	0	0	0	0	547	588	
10	0	0	0	0	568	561	
11	0	0	0	0	587	509	
12	0	0	0	0	595	493	
13	0	0	0	0	591	472	
14	0	0	0	0	574	496	
15	0	0	0	0	553	532	
0	0	0	0	0	536	548	
1	0	0	0	0	526	545	
2	0	0	0	0	525	492	
3	0	0	0	0	530	452	
4	0	0	0	0	532	443	
5	0	0	0	0	532	439	
6	0	0	0	0	531	455	
7	0	0	0	0	532	509	
8	0	0	0	0	531	535	
9	0	0	0	0	532	532	
10	0	0	0	0	535	519	
11	0	0	0	0	541	483	
12	0	0	0	0	550	459	
13	0	0	0	0	563	435	
14	0	0	0	0	586	424	
15	0	0	0	0	608	414	
0	0	0	0	0	620	411	
1	0	0	0	0	620	415	
2	0	0	0	0	609	434	
3	0	0	0	0	598	432	
4	0	0	0	0	584	372	
5	0	0	0	0	570	338	
6	0	0	0	0	547	350	
7	0	0	0	0	523	387	
8	0	0	0	0	512	423	
9	0	0	0	0	510	485	
10	0	0	0	0	510	500	
11	0	0	0	0	512	526	
12	0	0	0	0	511	562	
13	0	0	0	0	506	579	
14	0	0	0	0	496	592	
15	0	0	0	0	490	611	
0	0	0	0	0	492	614	
1	0	0	0	0	492	605	
2	0	0	0	0	487	600	
3	0	0	0	0	478	549	
4	0	0	0	0	468	511	
5	0	0	0	0	464	507	
6	0	0	0	0	476	515	
7	0	0	0	0	484	493	
8	0	0	0	0	492	504	
9	0	0	0	0	500	540	
10	0	0	0	0	505	550	
11	0	0	0	0	508	547	
12	0	0	0	0	509	510	
13	0	0	0	0	512	510	
14	0	0	0	0	513	502	
15	0	0	0	0	511	507	
0	0	0	0	0	512	486	
1	0	0	0	0	516	463	
2	0	0	0	0	520	480	
3	0	0	0	0	527	510	
4	0	0	0	0	542	527	
5	0	0	0	0	564	512	
6	0	0	0	0	581	484	
7	0	0	0	0	591	451	
8	0	0	0	0	592	432	
9	0	0	0	0	593	374	
10	0	0	0	0	595	355	
11	0	0	0	0	602	336	
12	0	0	0	0	603	362	
13	0	0	0	0	607	413	
14	0	0	0	0	612	441	
15	0	0	0	0	611	429	
0	0	0	0	0	598	420	
1	0	0	0	0	587	442	
2	0	0	0	0	579	512	
3	0	0	0	0	576	571	
4	0	0	0	0	571	617	
5	0	0	0	0	556	654	
6	0	0	0	0	539	647	
7	0	0	0	0	524	625	
8	0	0	0	0	517	622	
9	0	0	0	0	512	601	
10	0	0	0	0	509	588	
11	0	0	0	0	511	533	
12	0	0	0	0	518	476	
13	0	0	0	0	529	447	
14	0	0	0	0	540	470	
15	0	0	0	0	540	440	
0	0	0	0	0	529	446	
1	0	0	0	0	505	468	
2	0	0	0	0	473	509	
3	0	0	0	0	442	558	
4	0	0	0	0	414	613	
5	0	0	0	0	395	616	
6	0	0	0	0	391	617	
7	0	0	0	0	391	614	
8	0	0	0	0	399	602	
9	0	0	0	0	407	627	
10	0	0	0	0	413	638	
11	0	0	0	0	416	581	
12	0	0	0	0	425	553	
13	0	0	0	0	436	549	
14	0	0	0	0	443	524	
15	0	0	0	0	457	523	
0	0	0	0	0	479	532	
1	0	0	0	0	508	547	
2	0	0	0	0	539	514	
3	0	0	0	0	558	497	
4	0	0	0	0	579	513	
5	0	0	0	0	595	530	
6	0	0	0	0	603	555	
7	0	0	0	0	601	548	
8	0	0	0	0	604	524	
9	0	0	0	0	607	501	
10	0	0	0	0	608	543	
11	0	0	0	0	608	561	
12	0	0	0	0	610	589	
13	0	0	0	0	615	540	
14	0	0	0	0	620	487	
15	0	0	0	0	626	448	
0	0	0	0	0	638	389	
1	0	0	0	0	655	334	
2	0	0	0	0	668	326	
3	0	0	0	0	676	318	
4	0	0	0	0	678	327	
5	0	0	0	0	675	345	
6	0	0	0	0	675	376	
7	0	0	0	0	671	418	
8	0	0	0	0	667	477	
9	0	0	0	0	660	462	
10	0	0	0	0	656	460	
11	0	0	0	0	650	492	
12	0	0	0	0	643	472	
13	0	0	0	0	643	445	
14	0	0	0	0	648	414	
15	0	0	0	0	654	409	
0	0	0	0	0	657	454	
1	0	0	0	0	657	507	
2	0	0	0	0	651	509	
3	0	0	0	0	639	531	
4	0	0	0	0	625	520	
5	0	0	0	0	610	491	
6	0	0	0	0	598	463	
7	0	0	0	0	591	486	
8	0	0	0	0	583	479	
9	0	0	0	0	577	467	
10	0	0	0	0	575	433	
11	0	0	0	0	574	433	
12	0	0	0	0	573	423	
13	0	0	0	0	566	388	
14	0	0	0	0	558	408	
15	0	0	0	0	552	427	
0	0	0	0	0	543	400	
1	0	0	0	0	533	388	
2	0	0	0	0	521	423	
3	0	0	0	0	512	493	
4	0	0	0	0	511	510	
5	0	0	0	0	517	484	
6	0	0	0	0	513	472	
7	0	0	0	0	506	478	
8	0	0	0	0	490	511	
9	0	0	0	0	475	499	
10	0	0	0	0	465	506	
11	0	0	0	0	460	528	
12	0	0	0	0	455	514	
13	0	0	0	0	455	554	
14	0	0	0	0	460	586	
15	0	0	0	0	475	595	
0	0	0	0	0	494	580	
1	0	0	0	0	513	578	
2	0	0	0	0	535	557	
3	0	0	0	0	552	522	
4	0	0	0	0	556	520	
5	0	0	0	0	557	510	
6	0	0	0	0	550	508	
7	0	0	0	0	535	521	
8	0	0	0	0	524	499	
9	0	0	0	0	519	487	
10	0	0	0	0	516	531	
11	0	0	0	0	515	543	
12	0	0	0	0	517	543	
13	0	0	0	0	525	541	
14	0	0	0	0	532	548	
15	0	0	0	0	544	559	
0	0	0	0	0	553	560	
1	0	0	0	0	557	526	
2	0	0	0	0	554	501	
3	0	0	0	0	548	484	
4	0	0	0	0	543	475	
5	0	0	0	0	537	507	
6	0	0	0	0	534	515	
7	0	0	0	0	533	538	
8	0	0	0	0	533	560	
9	0	0	0	0	530	598	
10	0	0	0	0	527	584	
11	0	0	0	0	516	569	
12	0	0	0	0	504	537	
13	0	0	0	0	503	544	
14	0	0	0	0	504	550	
15	0	0	0	0	513	565	
0	0	0	0	0	531	556	
1	0	0	0	0	549	542	
2	0	0	0	0	558	510	
3	0	0	0	0	558	455	
4	0	0	0	0	557	439	
5	0	0	0	0	556	429	
6	0	0	0	0	549	443	
7	0	0	0	0	543	451	
8	0	0	0	0	540	455	
9	0	0	0	0	542	443	
10	0	0	0	0	548	462	
11	0	0	0	0	563	521	
12	0	0	0	0	576	502	
13	0	0	0	0	585	516	
14	0	0	0	0	595	548	
15	0	0	0	0	611	591	
0	0	0	0	0	627	582	
1	0	0	0	0	645	566	
2	0	0	0	0	662	586	
3	0	0	0	0	677	558	
4	0	0	0	0	689	505	
5	0	0	0	0	690	472	
6	0	0	0	0	679	496	
7	0	0	0	0	659	502	
8	0	0	0	0	639	511	
9	0	0	0	0	615	501	
10	0	0	0	0	591	550	
11	0	0	0	0	572	593	
12	0	0	0	0	560	623	
13	0	0	0	0	550	649	
14	0	0	0	0	544	673	
15	0	0	0	0	539	666	
0	0	0	0	0	531	636	
1	0	0	0	0	519	591	
2	0	0	0	0	508	587	
3	0	0	0	0	502	598	
4	0	0	0	0	499	603	
5	0	0	0	0	500	607	
6	0	0	0	0	505	600	
7	0	0	0	0	508	606	
8	0	0	0	0	510	606	
9	0	0	0	0	517	613	
10	0	0	0	0	524	582	
11	0	0	0	0	533	534	
12	0	0	0	0	547	512	
13	0	0	0	0	560	480	
14	0	0	0	0	572	529	
15	0	0	0	0	583	564	
0	0	0	0	0	600	575	
1	0	0	0	0	608	549	
2	0	0	0	0	610	486	
3	0	0	0	0	610	469	
4	0	0	0	0	607	461	
5	0	0	0	0	605	466	
6	0	0	0	0	598	476	
7	0	0	0	0	584	456	
8	0	0	0	0	572	463	
9	0	0	0	0	563	498	
10	0	0	0	0	556	506	
11	0	0	0	0	550	481	
12	0	0	0	0	539	431	
13	0	0	0	0	520	399	
14	0	0	0	0	508	417	
15	0	0	0	0	496	438	
0	0	0	0	0	485	496	
1	0	0	0	0	477	523	
2	0	0	0	0	475	495	
3	0	0	0	0	478	473	
4	0	0	0	0	481	450	
5	0	0	0	0	479	462	
6	0	0	0	0	478	496	
7	0	0	0	0	493	534	
8	0	0	0	0	511	548	
9	0	0	0	0	524	581	
10	0	0	0	0	537	575	
11	0	0	0	0	554	589	
12	0	0	0	0	565	578	
13	0	0	0	0	570	587	
14	0	0	0	0	571	639	
15	0	0	0	0	564	619	
0	0	0	0	0	551	595	
1	0	0	0	0	540	589	
2	0	0	0	0	530	607	
3	0	0	0	0	523	636	
4	0	0	0	0	522	628	
5	0	0	0	0	516	583	
6	0	0	0	0	503	570	
7	0	0	0	0	491	568	
8	0	0	0	0	477	564	
9	0	0	0	0	465	575	
10	0	0	0	0	457	603	
11	0	0	0	0	451	618	
12	0	0	0	0	448	600	
13	0	0	0	0	449	603	
14	0	0	0	0	452	604	
15	0	0	0	0	451	558	
0	0	0	0	0	451	505	
1	0	0	0	0	450	487	
2	0	0	0	0	453	496	
3	0	0	0	0	460	492	
4	0	0	0	0	466	517	
5	0	0	0	0	473	555	
6	0	0	0	0	482	554	
7	0	0	0	0	494	533	
8	0	0	0	0	506	481	
9	0	0	0	0	515	467	
10	0	0	0	0	520	460	
11	0	0	0	0	518	460	
12	0	0	0	0	509	492	
13	0	0	0	0	493	515	
14	0	0	0	0	475	550	
15	0	0	0	0	453	544	
0	0	0	0	0	432	545	
1	0	0	0	0	411	564	
2	0	0	0	0	390	562	
3	0	0	0	0	372	555	
4	0	0	0	0	357	523	
5	0	0	0	0	348	507	
6	0	0	0	0	346	527	
7	0	0	0	0	346	525	
8	0	0	0	0	352	588	
9	0	0	0	0	360	643	
10	0	0	0	0	370	647	
11	0	0	0	0	380	642	
12	0	0	0	0	393	632	
13	0	0	0	0	406	625	
14	0	0	0	0	423	589	
15	0	0	0	0	437	566	
0	0	0	0	0	444	549	
1	0	0	0	0	444	515	
2	0	0	0	0	444	509	
3	0	0	0	0	436	486	
4	0	0	0	0	430	461	
5	0	0	0	0	428	471	
6	0	0	0	0	430	488	
7	0	0	0	0	438	552	
8	0	0	0	0	454	612	
9	0	0	0	0	468	644	
10	0	0	0	0	484	634	
11	0	0	0	0	494	554	
12	0	0	0	0	495	499	
13	0	0	0	0	494	463	
14	0	0	0	0	482	453	
15	0	0	0	0	466	470	
0	0	0	0	0	451	488	
1	0	0	0	0	436	509	
2	0	0	0	0	424	529	
3	0	0	0	0	415	516	
4	0	0	0	0	411	491	
5	0	0	0	0	414	484	
6	0	0	0	0	420	458	
7	0	0	0	0	423	418	
8	0	0	0	0	429	440	
9	0	0	0	0	435	432	
10	0	0	0	0	447	427	
11	0	0	0	0	469	427	
12	0	0	0	0	487	398	
13	0	0	0	0	501	413	
14	0	0	0	0	515	428	
15	0	0	0	0	527	461	
0	0	0	0	0	529	494	
1	0	0	0	0	528	539	
2	0	0	0	0	535	577	
3	0	0	0	0	540	579	
4	0	0	0	0	536	572	
5	0	0	0	0	534	528	
6	0	0	0	0	527	507	
7	0	0	0	0	521	504	
8	0	0	0	0	521	525	
9	0	0	0	0	528	462	
10	0	0	0	0	529	423	
11	0	0	0	0	515	405	
12	0	0	0	0	490	419	
13	0	0	0	0	462	439	
14	0	0	0	0	436	435	
15	0	0	0	0	412	456	
0	0	0	0	0	389	482	
1	0	0	0	0	370	520	
2	0	0	0	0	357	555	
3	0	0	0	0	353	576	
4	0	0	0	0	353	611	
5	0	0	0	0	359	637	
6	0	0	0	0	366	658	
7	0	0	0	0	374	655	
8	0	0	0	0	384	665	
9	0	0	0	0	396	637	
10	0	0	0	0	415	617	
11	0	0	0	0	434	536	
12	0	0	0	0	447	502	
13	0	0	0	0	457	483	
14	0	0	0	0	458	467	
15	0	0	0	0	459	465	
0	0	0	0	0	463	476	
1	0	0	0	0	462	497	
2	0	0	0	0	456	511	
3	0	0	0	0	454	547	
4	0	0	0	0	444	550	
5	0	0	0	0	431	576	
6	0	0	0	0	420	556	
7	0	0	0	0	411	551	
8	0	0	0	0	408	523	
9	0	0	0	0	411	491	
10	0	0	0	0	415	499	
11	0	0	0	0	422	496	
12	0	0	0	0	428	469	
13	0	0	0	0	436	448	
14	0	0	0	0	442	475	
15	0	0	0	0	448	498	
0	0	0	0	0	450	497	
1	0	0	0	0	453	508	
2	0	0	0	0	464	499	
3	0	0	0	0	482	500	
4	0	0	0	0	500	465	
5	0	0	0	0	516	451	
6	0	0	0	0	530	463	
7	0	0	0	0	549	492	
8	0	0	0	0	564	486	
9	0	0	0	0	570	445	
10	0	0	0	0	567	390	
11	0	0	0	0	557	399	
12	0	0	0	0	543	439	
13	0	0	0	0	523	468	
14	0	0	0	0	502	483	
15	0	0	0	0	491	490	
0	0	0	0	0	487	508	
1	0	0	0	0	486	499	
2	0	0	0	0	480	486	
3	0	0	0	0	474	492	
4	0	0	0	0	464	487	
5	0	0	0	0	451	525	
6	0	0	0	0	438	546	
7	0	0	0	0	419	571	
8	0	0	0	0	407	606	
9	0	0	0	0	398	618	
10	0	0	0	0	390	653	
11	0	0	0	0	387	687	
12	0	0	0	0	386	707	
13	0	0	0	0	388	714	
14	0	0	0	0	393	675	
15	0	0	0	0	401	673	
0	0	0	0	0	403	663	
1	0	0	0	0	407	635	
2	0	0	0	0	427	550	
3	0	0	0	0	445	487	
4	0	0	0	0	454	482	
5	0	0	0	0	454	505	
6	0	0	0	0	455	482	
7	0	0	0	0	455	470	
8	0	0	0	0	457	476	
9	0	0	0	0	466	491	
10	0	0	0	0	475	548	
11	0	0	0	0	487	585	
12	0	0	0	0	500	569	
13	0	0	0	0	515	527	
14	0	0	0	0	527	520	
15	0	0	0	0	537	526	
0	0	0	0	0	549	517	
1	0	0	0	0	563	500	
2	0	0	0	0	579	489	
3	0	0	0	0	596	486	
4	0	0	0	0	608	504	
5	0	0	0	0	614	481	
6	0	0	0	0	615	462	
7	0	0	0	0	610	472	
8	0	0	0	0	603	467	
9	0	0	0	0	597	460	
10	0	0	0	0	584	473	
11	0	0	0	0	567	487	
12	0	0	0	0	550	512	
13	0	0	0	0	539	544	
14	0	0	0	0	535	568	
15	0	0	0	0	547	586	
0	0	0	0	0	569	601	
1	0	0	0	0	590	590	
2	0	0	0	0	605	568	
3	0	0	0	0	612	533	
4	0	0	0	0	612	464	
5	0	0	0	0	607	419	
6	0	0	0	0	600	390	
7	0	0	0	0	592	374	
8	0	0	0	0	591	385	
9	0	0	0	0	595	432	
10	0	0	0	0	599	500	
11	0	0	0	0	600	508	
12	0	0	0	0	601	501	
13	0	0	0	0	599	478	
14	0	0	0	0	602	466	
15	0	0	0	0	614	459	
0	0	0	0	0	634	415	
1	0	0	0	0	658	384	
2	0	0	0	0	681	408	
3	0	0	0	0	689	472	
4	0	0	0	0	683	538	
5	0	0	0	0	667	532	
6	0	0	0	0	655	516	
7	0	0	0	0	644	504	
8	0	0	0	0	639	481	
9	0	0	0	0	645	487	
10	0	0	0	0	651	493	
11	0	0	0	0	654	479	
12	0	0	0	0	648	489	
13	0	0	0	0	641	499	
14	0	0	0	0	632	486	
15	0	0	0	0	615	449	
0	0	0	0	0	599	472	
1	0	0	0	0	582	494	
2	0	0	0	0	569	506	
3	0	0	0	0	557	493	
4	0	0	0	0	539	509	
5	0	0	0	0	512	486	
6	0	0	0	0	483	508	
7	0	0	0	0	462	527	
8	0	0	0	0	446	552	
9	0	0	0	0	433	516	
10	0	0	0	0	427	478	
11	0	0	0	0	431	473	
12	0	0	0	0	435	486	
13	0	0	0	0	440	517	
14	0	0	0	0	449	531	
15	0	0	0	0	464	559	
0	0	0	0	0	477	577	
1	0	0	0	0	492	562	
2	0	0	0	0	509	536	
3	0	0	0	0	520	497	
4	0	0	0	0	529	531	
5	0	0	0	0	540	577	
6	0	0	0	0	553	605	
7	0	0	0	0	561	582	
8	0	0	0	0	568	559	
9	0	0	0	0	573	550	
10	0	0	0	0	578	503	
11	0	0	0	0	581	423	
12	0	0	0	0	582	371	
13	0	0	0	0	583	372	
14	0	0	0	0	589	424	
15	0	0	0	0	594	434	
0	0	0	0	0	601	441	
1	0	0	0	0	607	466	
2	0	0	0	0	608	492	
3	0	0	0	0	604	545	
4	0	0	0	0	594	591	
5	0	0	0	0	584	600	
6	0	0	0	0	575	547	
7	0	0	0	0	569	538	
8	0	0	0	0	566	488	
9	0	0	0	0	561	481	
10	0	0	0	0	553	494	
11	0	0	0	0	547	512	
12	0	0	0	0	551	561	
13	0	0	0	0	557	527	
14	0	0	0	0	556	502	
15	0	0	0	0	550	483	
0	0	0	0	0	536	497	
1	0	0	0	0	518	515	
2	0	0	0	0	505	536	
3	0	0	0	0	509	513	
4	0	0	0	0	525	521	
5	0	0	0	0	545	553	
6	0	0	0	0	566	605	
7	0	0	0	0	582	585	
8	0	0	0	0	591	557	
9	0	0	0	0	600	523	
10	0	0	0	0	608	519	
11	0	0	0	0	613	501	
12	0	0	0	0	613	446	
13	0	0	0	0	605	457	
14	0	0	0	0	588	490	
15	0	0	0	0	574	524	
0	0	0	0	0	563	499	
1	0	0	0	0	555	456	
2	0	0	0	0	551	476	
3	0	0	0	0	542	488	
4	0	0	0	0	534	511	
5	0	0	0	0	524	497	
6	0	0	0	0	510	458	
7	0	0	0	0	498	439	
8	0	0	0	0	492	457	
9	0	0	0	0	488	496	
10	0	0	0	0	486	497	
11	0	0	0	0	479	477	
12	0	0	0	0	472	471	
13	0	0	0	0	464	445	
14	0	0	0	0	458	488	
15	0	0	0	0	452	486	
0	0	0	0	0	446	476	
1	0	0	0	0	444	453	
2	0	0	0	0	447	401	
3	0	0	0	0	461	396	
4	0	0	0	0	481	376	
5	0	0	0	0	496	354	
6	0	0	0	0	507	348	
7	0	0	0	0	510	287	
8	0	0	0	0	511	257	
9	0	0	0	0	512	278	
10	0	0	0	0	513	295	
11	0	0	0	0	511	316	
12	0	0	0	0	510	347	
13	0	0	0	0	518	350	
14	0	0	0	0	529	395	
15	0	0	0	0	541	413	
0	0	0	0	0	553	422	
1	0	0	0	0	558	419	
2	0	0	0	0	563	392	
3	0	0	0	0	567	399	
4	0	0	0	0	570	408	
5	0	0	0	0	575	434	
6	0	0	0	0	582	428	
7	0	0	0	0	584	395	
8	0	0	0	0	576	390	
9	0	0	0	0	564	409	
10	0	0	0	0	552	424	
11	0	0	0	0	538	469	
12	0	0	0	0	521	483	
13	0	0	0	0	505	483	
14	0	0	0	0	488	478	
15	0	0	0	0	473	505	
0	0	0	0	0	464	549	
1	0	0	0	0	458	575	
2	0	0	0	0	463	608	
3	0	0	0	0	468	607	
4	0	0	0	0	470	601	
5	0	0	0	0	468	595	
6	0	0	0	0	461	573	
7	0	0	0	0	450	590	
8	0	0	0	0	445	655	
9	0	0	0	0	445	664	
10	0	0	0	0	454	622	
11	0	0	0	0	471	580	
12	0	0	0	0	486	553	
13	0	0	0	0	496	516	
14	0	0	0	0	505	476	
15	0	0	0	0	512	473	
0	0	0	0	0	519	514	
1	0	0	0	0	531	545	
2	0	0	0	0	540	547	
3	0	0	0	0	548	545	
4	0	0	0	0	557	544	
5	0	0	0	0	569	571	
6	0	0	0	0	582	588	
7	0	0	0	0	591	601	
8	0	0	0	0	599	604	
9	0	0	0	0	604	588	
10	0	0	0	0	608	591	
11	0	0	0	0	614	620	
12	0	0	0	0	613	569	
13	0	0	0	0	606	478	
14	0	0	0	0	591	445	
15	0	0	0	0	576	440	
0	0	0	0	0	561	458	
1	0	0	0	0	547	477	
2	0	0	0	0	531	476	
3	0	0	0	0	518	483	
4	0	0	0	0	505	476	
5	0	0	0	0	495	427	
6	0	0	0	0	489	412	
7	0	0	0	0	480	435	
8	0	0	0	0	472	469	
9	0	0	0	0	467	519	
10	0	0	0	0	468	535	
11	0	0	0	0	479	534	
12	0	0	0	0	485	522	
13	0	0	0	0	483	535	
14	0	0	0	0	481	526	
15	0	0	0	0	479	476	
0	0	0	0	0	476	474	
1	0	0	0	0	469	472	
2	0	0	0	0	460	495	
3	0	0	0	0	447	539	
4	0	0	0	0	431	577	
5	0	0	0	0	416	560	
6	0	0	0	0	412	554	
7	0	0	0	0	424	570	
8	0	0	0	0	437	587	
9	0	0	0	0	449	561	
10	0	0	0	0	457	545	
11	0	0	0	0	462	552	
12	0	0	0	0	459	575	
13	0	0	0	0	449	569	
14	0	0	0	0	439	541	
15	0	0	0	0	435	547	
0	0	0	0	0	438	588	
1	0	0	0	0	444	622	
2	0	0	0	0	448	579	
3	0	0	0	0	454	532	
4	0	0	0	0	464	555	
5	0	0	0	0	478	533	
6	0	0	0	0	491	493	
7	0	0	0	0	499	464	
8	0	0	0	0	501	432	
9	0	0	0	0	497	431	
10	0	0	0	0	486	471	
11	0	0	0	0	477	523	
12	0	0	0	0	467	579	
13	0	0	0	0	456	623	
14	0	0	0	0	451	631	
15	0	0	0	0	457	675	
0	0	0	0	0	466	678	
1	0	0	0	0	472	678	
2	0	0	0	0	476	683	
3	0	0	0	0	478	679	
4	0	0	0	0	483	645	
5	0	0	0	0	492	622	
6	0	0	0	0	499	586	
7	0	0	0	0	502	542	
8	0	0	0	0	499	524	
9	0	0	0	0	497	544	
10	0	0	0	0	489	561	
11	0	0	0	0	476	557	
12	0	0	0	0	466	570	
13	0	0	0	0	458	603	
14	0	0	0	0	449	632	
15	0	0	0	0	443	642	
0	0	0	0	0	442	566	
1	0	0	0	0	445	520	
2	0	0	0	0	450	505	
3	0	0	0	0	454	446	
4	0	0	0	0	458	423	
5	0	0	0	0	466	432	
6	0	0	0	0	472	442	
7	0	0	0	0	478	463	
8	0	0	0	0	486	504	
9	0	0	0	0	498	552	
10	0	0	0	0	506	557	
11	0	0	0	0	504	559	
12	0	0	0	0	499	536	
13	0	0	0	0	492	533	
14	0	0	0	0	486	546	
15	0	0	0	0	480	545	
0	0	0	0	0	476	556	
1	0	0	0	0	475	529	
2	0	0	0	0	480	497	
3	0	0	0	0	487	482	
4	0	0	0	0	496	460	
5	0	0	0	0	510	469	
6	0	0	0	0	522	471	
7	0	0	0	0	534	444	
8	0	0	0	0	540	449	
9	0	0	0	0	545	455	
10	0	0	0	0	556	449	
11	0	0	0	0	567	483	
12	0	0	0	0	575	515	
13	0	0	0	0	582	544	
14	0	0	0	0	583	538	
15	0	0	0	0	579	521	
0	0	0	0	0	577	523	
1	0	0	0	0	574	527	
2	0	0	0	0	565	510	
3	0	0	0	0	555	511	
4	0	0	0	0	543	515	
5	0	0	0	0	534	470	
6	0	0	0	0	526	446	
7	0	0	0	0	518	452	
8	0	0	0	0	515	477	
9	0	0	0	0	518	482	
10	0	0	0	0	522	488	
11	0	0	0	0	523	462	
12	0	0	0	0	520	432	
13	0	0	0	0	515	442	
14	0	0	0	0	508	453	
15	0	0	0	0	497	491	
0	0	0	0	0	486	523	
1	0	0	0	0	475	575	
2	0	0	0	0	474	597	
3	0	0	0	0	480	542	
4	0	0	0	0	492	544	
5	0	0	0	0	512	582	
6	0	0	0	0	531	601	
7	0	0	0	0	542	557	
8	0	0	0	0	543	475	
9	0	0	0	0	540	399	
10	0	0	0	0	536	362	
11	0	0	0	0	526	359	
12	0	0	0	0	512	333	
13	0	0	0	0	504	363	
14	0	0	0	0	502	424	
15	0	0	0	0	497	455	
0	0	0	0	0	492	473	
1	0	0	0	0	487	484	
2	0	0	0	0	477	504	
3	0	0	0	0	463	494	
4	0	0	0	0	446	516	
5	0	0	0	0	423	525	
6	0	0	0	0	401	543	
7	0	0	0	0	383	565	
8	0	0	0	0	371	591	
9	0	0	0	0	370	606	
10	0	0	0	0	376	611	
11	0	0	0	0	384	595	
12	0	0	0	0	397	586	
13	0	0	0	0	413	599	
14	0	0	0	0	432	597	
15	0	0	0	0	452	607	
0	0	0	0	0	469	601	
1	0	0	0	0	480	610	
2	0	0	0	0	489	627	
3	0	0	0	0	494	623	
4	0	0	0	0	496	622	
5	0	0	0	0	495	626	
6	0	0	0	0	502	634	
7	0	0	0	0	504	633	
8	0	0	0	0	500	632	
9	0	0	0	0	494	567	
10	0	0	0	0	489	578	
11	0	0	0	0	483	573	
12	0	0	0	0	474	517	
13	0	0	0	0	467	471	
14	0	0	0	0	462	448	
15	0	0	0	0	454	468	
0	0	0	0	0	449	475	
1	0	0	0	0	446	500	
2	0	0	0	0	447	512	
3	0	0	0	0	449	519	
4	0	0	0	0	453	552	
5	0	0	0	0	460	576	
6	0	0	0	0	470	591	
7	0	0	0	0	478	580	
8	0	0	0	0	482	571	
9	0	0	0	0	480	522	
10	0	0	0	0	483	508	
11	0	0	0	0	492	512	
12	0	0	0	0	504	512	
13	0	0	0	0	516	539	
14	0	0	0	0	525	568	
15	0	0	0	0	531	599	
0	0	0	0	0	533	606	
1	0	0	0	0	528	588	
2	0	0	0	0	522	556	
3	0	0	0	0	523	534	
4	0	0	0	0	534	552	
5	0	0	0	0	550	569	
6	0	0	0	0	570	562	
7	0	0	0	0	585	536	
8	0	0	0	0	590	507	
9	0	0	0	0	587	440	
10	0	0	0	0	579	417	
11	0	0	0	0	569	408	
12	0	0	0	0	558	424	
13	0	0	0	0	547	472	
14	0	0	0	0	539	502	
15	0	0	0	0	531	500	
0	0	0	0	0	527	531	
1	0	0	0	0	521	572	
2	0	0	0	0	512	569	
3	0	0	0	0	508	535	
4	0	0	0	0	504	496	
5	0	0	0	0	503	467	
6	0	0	0	0	504	465	
7	0	0	0	0	505	449	
8	0	0	0	0	504	462	
9	0	0	0	0	508	446	
10	0	0	0	0	519	432	
11	0	0	0	0	531	433	
12	0	0	0	0	549	474	
13	0	0	0	0	565	495	
14	0	0	0	0	580	440	
15	0	0	0	0	598	419	
0	0	0	0	0	610	425	
1	0	0	0	0	612	441	
2	0	0	0	0	613	435	
3	0	0	0	0	614	434	
4	0	0	0	0	611	413	
5	0	0	0	0	605	398	
6	0	0	0	0	602	411	
7	0	0	0	0	596	406	
8	0	0	0	0	588	407	
9	0	0	0	0	579	415	
10	0	0	0	0	563	409	
11	0	0	0	0	558	423	
12	0	0	0	0	556	432	
13	0	0	0	0	555	436	
14	0	0	0	0	553	444	
15	0	0	0	0	552	463	
0	0	0	0	0	552	478	
1	0	0	0	0	551	516	
2	0	0	0	0	548	554	
3	0	0	0	0	543	598	
4	0	0	0	0	539	631	
5	0	0	0	0	540	618	
6	0	0	0	0	548	610	
7	0	0	0	0	555	578	
8	0	0	0	0	558	556	
9	0	0	0	0	565	535	
10	0	0	0	0	568	523	
11	0	0	0	0	568	530	
12	0	0	0	0	570	537	
13	0	0	0	0	571	528	
14	0	0	0	0	569	513	
15	0	0	0	0	566	470	
0	0	0	0	0	564	446	
1	0	0	0	0	561	449	
2	0	0	0	0	561	472	
3	0	0	0	0	566	512	
4	0	0	0	0	572	525	
5	0	0	0	0	579	566	
6	0	0	0	0	579	600	
7	0	0	0	0	570	612	
8	0	0	0	0	554	613	
9	0	0	0	0	545	636	
10	0	0	0	0	543	640	
11	0	0	0	0	542	609	
12	0	0	0	0	536	573	
13	0	0	0	0	526	559	
14	0	0	0	0	521	533	
15	0	0	0	0	518	528	
0	0	0	0	0	519	512	
1	0	0	0	0	529	553	
2	0	0	0	0	541	564	
3	0	0	0	0	559	594	
4	0	0	0	0	574	612	
5	0	0	0	0	568	596	
6	0	0	0	0	556	608	
7	0	0	0	0	541	584	
8	0	0	0	0	526	560	
9	0	0	0	0	508	542	
10	0	0	0	0	490	544	
11	0	0	0	0	487	532	
12	0	0	0	0	491	539	
13	0	0	0	0	487	529	
14	0	0	0	0	472	536	
15	0	0	0	0	465	532	
0	0	0	0	0	471	507	
1	0	0	0	0	475	523	
2	0	0	0	0	480	560	
3	0	0	0	0	482	566	
4	0	0	0	0	487	532	
5	0	0	0	0	495	541	
6	0	0	0	0	499	555	
7	0	0	0	0	497	538	
8	0	0	0	0	489	522	
9	0	0	0	0	477	550	
10	0	0	0	0	468	561	
11	0	0	0	0	469	587	
12	0	0	0	0	479	619	
13	0	0	0	0	493	625	
14	0	0	0	0	510	649	
15	0	0	0	0	527	675	
0	0	0	0	0	540	682	
1	0	0	0	0	548	679	
2	0	0	0	0	551	644	
3	0	0	0	0	550	624	
4	0	0	0	0	552	594	
5	0	0	0	0	548	550	
6	0	0	0	0	537	540	
7	0	0	0	0	520	518	
8	0	0	0	0	506	505	
9	0	0	0	0	496	474	
10	0	0	0	0	484	460	
11	0	0	0	0	472	431	
12	0	0	0	0	457	420	
13	0	0	0	0	447	458	
14	0	0	0	0	443	497	
15	0	0	0	0	441	515	
0	0	0	0	0	440	514	
1	0	0	0	0	440	507	
2	0	0	0	0	443	509	
3	0	0	0	0	454	537	
4	0	0	0	0	476	548	
5	0	0	0	0	497	515	
6	0	0	0	0	516	511	
7	0	0	0	0	531	536	
8	0	0	0	0	543	512	
9	0	0	0	0	551	504	
10	0	0	0	0	559	495	
11	0	0	0	0	570	505	
12	0	0	0	0	584	484	
13	0	0	0	0	595	472	
14	0	0	0	0	598	472	
15	0	0	0	0	593	493	
0	0	0	0	0	588	524	
1	0	0	0	0	585	526	
2	0	0	0	0	588	502	
3	0	0	0	0	593	503	
4	0	0	0	0	591	510	
5	0	0	0	0	582	489	
6	0	0	0	0	575	458	
7	0	0	0	0	571	419	
8	0	0	0	0	563	423	
9	0	0	0	0	550	441	
10	0	0	0	0	537	430	
11	0	0	0	0	522	423	
12	0	0	0	0	504	457	
13	0	0	0	0	489	490	
14	0	0	0	0	479	489	
15	0	0	0	0	470	509	
0	0	0	0	0	462	531	
1	0	0	0	0	457	558	
2	0	0	0	0	458	599	
3	0	0	0	0	463	567	
4	0	0	0	0	472	548	
5	0	0	0	0	476	488	
6	0	0	0	0	486	454	
7	0	0	0	0	501	428	
8	0	0	0	0	515	440	
9	0	0	0	0	524	459	
10	0	0	0	0	531	524	
11	0	0	0	0	542	558	
12	0	0	0	0	548	564	
13	0	0	0	0	552	518	
14	0	0	0	0	554	447	
15	0	0	0	0	552	416	
0	0	0	0	0	548	404	
1	0	0	0	0	541	427	
2	0	0	0	0	539	440	
3	0	0	0	0	535	412	
4	0	0	0	0	529	440	
5	0	0	0	0	524	448	
6	0	0	0	0	514	440	
7	0	0	0	0	505	472	
8	0	0	0	0	500	501	
9	0	0	0	0	491	540	
10	0	0	0	0	480	528	
11	0	0	0	0	471	529	
12	0	0	0	0	466	544	
13	0	0	0	0	472	540	
14	0	0	0	0	474	553	
15	0	0	0	0	470	532	
0	0	0	0	0	470	507	
1	0	0	0	0	476	461	
2	0	0	0	0	483	478	
3	0	0	0	0	495	478	
4	0	0	0	0	508	469	
5	0	0	0	0	518	407	
6	0	0	0	0	522	405	
7	0	0	0	0	523	392	
8	0	0	0	0	527	377	
9	0	0	0	0	531	389	
10	0	0	0	0	535	413	
11	0	0	0	0	538	438	
12	0	0	0	0	537	414	
13	0	0	0	0	531	442	
14	0	0	0	0	524	480	
15	0	0	0	0	512	520	
0	0	0	0	0	501	561	
1	0	0	0	0	496	587	
2	0	0	0	0	500	608	
3	0	0	0	0	512	635	
4	0	0	0	0	523	655	
5	0	0	0	0	529	669	
6	0	0	0	0	531	650	
7	0	0	0	0	526	615	
8	0	0	0	0	513	610	
9	0	0	0	0	489	582	
10	0	0	0	0	461	572	
11	0	0	0	0	439	596	
12	0	0	0	0	422	619	
13	0	0	0	0	413	616	
14	0	0	0	0	408	588	
15	0	0	0	0	411	574	
0	0	0	0	0	425	575	
1	0	0	0	0	443	545	
2	0	0	0	0	461	483	
3	0	0	0	0	483	455	
4	0	0	0	0	509	453	
5	0	0	0	0	536	470	
6	0	0	0	0	558	444	
7	0	0	0	0	579	444	
8	0	0	0	0	592	440	
9	0	0	0	0	599	435	
10	0	0	0	0	603	428	
11	0	0	0	0	598	455	
12	0	0	0	0	592	481	
13	0	0	0	0	589	480	
14	0	0	0	0	589	469	
15	0	0	0	0	583	446	
0	0	0	0	0	570	443	
1	0	0	0	0	561	447	
2	0	0	0	0	556	450	
3	0	0	0	0	552	476	
4	0	0	0	0	551	444	
5	0	0	0	0	540	460	
6	0	0	0	0	527	502	
7	0	0	0	0	518	519	
8	0	0	0	0	520	495	
9	0	0	0	0	525	438	
10	0	0	0	0	527	474	
11	0	0	0	0	530	491	
12	0	0	0	0	535	493	
13	0	0	0	0	538	492	
14	0	0	0	0	539	494	
15	0	0	0	0	538	554	
0	0	0	0	0	541	569	
1	0	0	0	0	546	570	
2	0	0	0	0	551	560	
3	0	0	0	0	557	553	
4	0	0	0	0	563	549	
5	0	0	0	0	568	550	
6	0	0	0	0	568	542	
7	0	0	0	0	566	546	
8	0	0	0	0	564	518	
9	0	0	0	0	558	537	
10	0	0	0	0	551	559	
11	0	0	0	0	547	599	
12	0	0	0	0	540	612	
13	0	0	0	0	532	617	
14	0	0	0	0	524	598	
15	0	0	0	0	520	549	
0	0	0	0	0	518	516	
1	0	0	0	0	519	529	
2	0	0	0	0	518	572	
3	0	0	0	0	516	577	
4	0	0	0	0	519	548	
5	0	0	0	0	532	518	
6	0	0	0	0	545	519	
7	0	0	0	0	557	515	
8	0	0	0	0	564	516	
9	0	0	0	0	569	513	
10	0	0	0	0	571	470	
11	0	0	0	0	569	450	
12	0	0	0	0	557	432	
13	0	0	0	0	539	402	
14	0	0	0	0	524	393	
15	0	0	0	0	515	421	
0	0	0	0	0	512	449	
1	0	0	0	0	512	472	
2	0	0	0	0	510	476	
3	0	0	0	0	508	501	
4	0	0	0	0	510	505	
5	0	0	0	0	508	526	
6	0	0	0	0	508	520	
7	0	0	0	0	513	511	
8	0	0	0	0	517	504	
9	0	0	0	0	520	522	
10	0	0	0	0	527	543	
11	0	0	0	0	540	565	
12	0	0	0	0	550	545	
13	0	0	0	0	563	568	
14	0	0	0	0	574	593	
15	0	0	0	0	585	585	
0	0	0	0	0	595	511	
1	0	0	0	0	603	445	
2	0	0	0	0	608	423	
3	0	0	0	0	612	427	
4	0	0	0	0	618	422	
5	0	0	0	0	622	431	
6	0	0	0	0	617	460	
7	0	0	0	0	604	495	
8	0	0	0	0	584	489	
9	0	0	0	0	569	486	
10	0	0	0	0	556	515	
11	0	0	0	0	540	513	
12	0	0	0	0	519	531	
13	0	0	0	0	496	537	
14	0	0	0	0	476	520	
15	0	0	0	0	456	505	
0	0	0	0	0	448	488	
1	0	0	0	0	452	503	
2	0	0	0	0	460	492	
3	0	0	0	0	462	477	
4	0	0	0	0	462	471	
5	0	0	0	0	459	474	
6	0	0	0	0	446	524	
7	0	0	0	0	428	531	
8	0	0	0	0	412	526	
9	0	0	0	0	401	525	
10	0	0	0	0	400	548	
11	0	0	0	0	408	554	
12	0	0	0	0	416	550	
13	0	0	0	0	417	564	
14	0	0	0	0	423	549	
15	0	0	0	0	429	515	
0	0	0	0	0	431	506	
1	0	0	0	0	430	549	
2	0	0	0	0	433	601	
3	0	0	0	0	452	599	
4	0	0	0	0	472	589	
5	0	0	0	0	482	591	
6	0	0	0	0	487	568	
7	0	0	0	0	491	547	
8	0	0	0	0	503	570	
9	0	0	0	0	511	583	
10	0	0	0	0	514	606	
11	0	0	0	0	519	623	
12	0	0	0	0	525	614	
13	0	0	0	0	524	583	
14	0	0	0	0	527	575	
15	0	0	0	0	536	554	
0	0	0	0	0	544	572	
1	0	0	0	0	560	587	
2	0	0	0	0	593	563	
3	0	0	0	0	617	523	
4	0	0	0	0	623	502	
5	0	0	0	0	612	500	
6	0	0	0	0	597	503	
7	0	0	0	0	584	475	
8	0	0	0	0	570	461	
9	0	0	0	0	564	474	
10	0	0	0	0	563	500	
11	0	0	0	0	566	518	
12	0	0	0	0	574	546	
13	0	0	0	0	585	529	
14	0	0	0	0	607	503	
15	0	0	0	0	636	472	
0	0	0	0	0	665	473	
1	0	0	0	0	680	476	
2	0	0	0	0	682	483	
3	0	0	0	0	691	472	
4	0	0	0	0	697	457	
5	0	0	0	0	693	397	
6	0	0	0	0	688	415	
7	0	0	0	0	696	394	
8	0	0	0	0	704	390	
9	0	0	0	0	703	396	
10	0	0	0	0	700	416	
11	0	0	0	0	683	430	
12	0	0	0	0	648	444	
13	0	0	0	0	612	465	
14	0	0	0	0	575	494	
15	0	0	0	0	537	471	
0	0	0	0	0	511	447	
1	0	0	0	0	489	455	
2	0	0	0	0	473	470	
3	0	0	0	0	465	513	
4	0	0	0	0	463	551	
5	0	0	0	0	465	569	
6	0	0	0	0	469	570	
7	0	0	0	0	483	572	
8	0	0	0	0	499	552	
9	0	0	0	0	516	521	
10	0	0	0	0	539	526	
11	0	0	0	0	562	498	
12	0	0	0	0	587	504	
13	0	0	0	0	604	485	
14	0	0	0	0	610	471	
15	0	0	0	0	614	466	
0	0	0	0	0	616	456	
1	0	0	0	0	620	476	
2	0	0	0	0	627	487	
3	0	0	0	0	633	497	
4	0	0	0	0	635	488	
5	0	0	0	0	633	463	
6	0	0	0	0	637	450	
7	0	0	0	0	648	438	
8	0	0	0	0	650	438	
9	0	0	0	0	644	433	
10	0	0	0	0	641	452	
11	0	0	0	0	646	457	
12	0	0	0	0	647	417	
13	0	0	0	0	638	428	
14	0	0	0	0	629	449	
15	0	0	0	0	619	498	
0	0	0	0	0	600	534	
1	0	0	0	0	580	519	
2	0	0	0	0	563	514	
3	0	0	0	0	556	526	
4	0	0	0	0	545	551	
5	0	0	0	0	525	543	
6	0	0	0	0	500	526	
7	0	0	0	0	477	525	
8	0	0	0	0	460	483	
9	0	0	0	0	450	473	
10	0	0	0	0	450	470	
11	0	0	0	0	458	489	
12	0	0	0	0	469	467	
13	0	0	0	0	478	486	
14	0	0	0	0	495	516	
15	0	0	0	0	519	534	
0	0	0	0	0	542	534	
1	0	0	0	0	556	540	
2	0	0	0	0	570	562	
3	0	0	0	0	579	561	
4	0	0	0	0	583	562	
5	0	0	0	0	589	519	
6	0	0	0	0	595	524	
7	0	0	0	0	604	528	
8	0	0	0	0	605	563	
9	0	0	0	0	600	551	
10	0	0	0	0	591	543	
11	0	0	0	0	582	540	
12	0	0	0	0	572	538	
13	0	0	0	0	565	518	
14	0	0	0	0	560	469	
15	0	0	0	0	566	444	
0	0	0	0	0	580	447	
1	0	0	0	0	589	437	
2	0	0	0	0	579	421	
3	0	0	0	0	565	435	
4	0	0	0	0	558	471	
5	0	0	0	0	556	547	
6	0	0	0	0	556	600	
7	0	0	0	0	552	649	
8	0	0	0	0	550	664	
9	0	0	0	0	553	615	
10	0	0	0	0	568	568	
11	0	0	0	0	587	514	
12	0	0	0	0	603	479	
13	0	0	0	0	611	455	
14	0	0	0	0	624	435	
15	0	0	0	0	633	448	
0	0	0	0	0	626	470	
1	0	0	0	0	609	460	
2	0	0	0	0	589	455	
3	0	0	0	0	564	459	
4	0	0	0	0	542	495	
5	0	0	0	0	523	547	
6	0	0	0	0	509	566	
7	0	0	0	0	497	556	
8	0	0	0	0	485	566	
9	0	0	0	0	476	556	
10	0	0	0	0	473	569	
11	0	0	0	0	480	523	
12	0	0	0	0	488	508	
13	0	0	0	0	500	518	
14	0	0	0	0	515	516	
15	0	0	0	0	531	508	
0	0	0	0	0	548	520	
1	0	0	0	0	568	551	
2	0	0	0	0	583	581	
3	0	0	0	0	600	589	
4	0	0	0	0	612	568	
5	0	0	0	0	620	583	
6	0	0	0	0	623	574	
7	0	0	0	0	623	552	
8	0	0	0	0	619	535	
9	0	0	0	0	608	526	
10	0	0	0	0	594	523	
11	0	0	0	0	579	515	
12	0	0	0	0	562	517	
13	0	0	0	0	547	548	
14	0	0	0	0	533	544	
15	0	0	0	0	520	551	
0	0	0	0	0	515	596	
1	0	0	0	0	517	616	
2	0	0	0	0	520	642	
3	0	0	0	0	522	678	
4	0	0	0	0	517	681	
5	0	0	0	0	505	636	
6	0	0	0	0	496	547	
7	0	0	0	0	495	492	
8	0	0	0	0	506	495	
9	0	0	0	0	523	538	
10	0	0	0	0	532	505	
11	0	0	0	0	536	491	
12	0	0	0	0	540	497	
13	0	0	0	0	539	498	
14	0	0	0	0	530	535	
15	0	0	0	0	526	547	
0	0	0	0	0	531	552	
1	0	0	0	0	548	549	
2	0	0	0	0	564	558	
3	0	0	0	0	577	571	
4	0	0	0	0	597	551	
5	0	0	0	0	620	536	
6	0	0	0	0	638	494	
7	0	0	0	0	656	465	
8	0	0	0	0	677	488	
9	0	0	0	0	691	495	
10	0	0	0	0	699	502	
11	0	0	0	0	699	515	
12	0	0	0	0	691	476	
13	0	0	0	0	681	476	
14	0	0	0	0	668	437	
15	0	0	0	0	651	412	
0	0	0	0	0	625	442	
1	0	0	0	0	597	496	
2	0	0	0	0	571	508	
3	0	0	0	0	547	538	
4	0	0	0	0	527	518	
5	0	0	0	0	511	516	
6	0	0	0	0	502	552	
7	0	0	0	0	497	546	
8	0	0	0	0	498	536	
9	0	0	0	0	501	537	
10	0	0	0	0	506	527	
11	0	0	0	0	510	507	
12	0	0	0	0	513	446	
13	0	0	0	0	523	432	
14	0	0	0	0	532	444	
15	0	0	0	0	540	471	
0	0	0	0	0	544	509	
1	0	0	0	0	545	524	
2	0	0	0	0	543	556	
3	0	0	0	0	539	603	
4	0	0	0	0	547	639	
5	0	0	0	0	566	617	
6	0	0	0	0	589	556	
7	0	0	0	0	619	510	
8	0	0	0	0	646	482	
9	0	0	0	0	661	403	
10	0	0	0	0	662	362	
11	0	0	0	0	653	335	
12	0	0	0	0	639	334	
13	0	0	0	0	616	357	
14	0	0	0	0	589	364	
15	0	0	0	0	565	395	
0	0	0	0	0	539	419	
1	0	0	0	0	512	446	
2	0	0	0	0	477	490	
3	0	0	0	0	440	547	
4	0	0	0	0	414	534	
5	0	0	0	0	405	502	
6	0	0	0	0	419	497	
7	0	0	0	0	450	519	
8	0	0	0	0	489	532	
9	0	0	0	0	526	553	
10	0	0	0	0	545	575	
11	0	0	0	0	556	621	
12	0	0	0	0	549	626	
13	0	0	0	0	531	600	
14	0	0	0	0	512	622	
15	0	0	0	0	496	644	
0	0	0	0	0	484	639	
1	0	0	0	0	475	646	
2	0	0	0	0	471	636	
3	0	0	0	0	473	615	
4	0	0	0	0	482	586	
5	0	0	0	0	503	546	
6	0	0	0	0	534	507	
7	0	0	0	0	568	497	
8	0	0	0	0	593	537	
9	0	0	0	0	609	536	
10	0	0	0	0	615	561	
11	0	0	0	0	618	572	
12	0	0	0	0	619	534	
13	0	0	0	0	613	485	
14	0	0	0	0	601	476	
15	0	0	0	0	598	482	
0	0	0	0	0	599	505	
1	0	0	0	0	597	530	
2	0	0	0	0	594	531	
3	0	0	0	0	588	547	
4	0	0	0	0	577	533	
5	0	0	0	0	563	522	
6	0	0	0	0	545	519	
7	0	0	0	0	528	529	
8	0	0	0	0	504	527	
9	0	0	0	0	477	542	
10	0	0	0	0	444	565	
11	0	0	0	0	413	569	
12	0	0	0	0	387	589	
13	0	0	0	0	368	585	
14	0	0	0	0	347	547	
15	0	0	0	0	327	544	
0	0	0	0	0	317	551	
1	0	0	0	0	316	568	
2	0	0	0	0	324	569	
3	0	0	0	0	339	583	
4	0	0	0	0	357	566	
5	0	0	0	0	378	568	
6	0	0	0	0	396	551	
7	0	0	0	0	413	519	
8	0	0	0	0	431	530	
9	0	0	0	0	449	521	
10	0	0	0	0	465	507	
11	0	0	0	0	483	496	
12	0	0	0	0	494	480	
13	0	0	0	0	492	448	
14	0	0	0	0	482	439	
15	0	0	0	0	471	460	
0	0	0	0	0	460	481	
1	0	0	0	0	451	476	
2	0	0	0	0	441	476	
3	0	0	0	0	435	495	
4	0	0	0	0	430	494	
5	0	0	0	0	436	509	
6	0	0	0	0	441	502	
7	0	0	0	0	445	500	
8	0	0	0	0	449	492	
9	0	0	0	0	456	513	
10	0	0	0	0	459	507	
11	0	0	0	0	455	512	
12	0	0	0	0	449	534	
13	0	0	0	0	440	535	
14	0	0	0	0	428	527	
15	0	0	0	0	415	516	
0	0	0	0	0	401	536	
1	0	0	0	0	384	550	
2	0	0	0	0	368	577	
3	0	0	0	0	352	592	
4	0	0	0	0	337	583	
5	0	0	0	0	329	575	
6	0	0	0	0	332	557	
7	0	0	0	0	338	566	
8	0	0	0	0	342	589	
9	0	0	0	0	341	637	
10	0	0	0	0	338	647	
11	0	0	0	0	337	649	
12	0	0	0	0	332	650	
13	0	0	0	0	323	644	
14	0	0	0	0	318	637	
15	0	0	0	0	311	632	
0	0	0	0	0	302	625	
1	0	0	0	0	290	657	
2	0	0	0	0	275	706	
3	0	0	0	0	266	711	
4	0	0	0	0	268	711	
5	0	0	0	0	284	697	
6	0	0	0	0	314	707	
7	0	0	0	0	347	717	
8	0	0	0	0	375	707	
9	0	0	0	0	396	671	
10	0	0	0	0	413	647	
11	0	0	0	0	419	644	
12	0	0	0	0	414	611	
13	0	0	0	0	408	636	
14	0	0	0	0	403	710	
15	0	0	0	0	394	741	
0	0	0	0	0	381	740	
1	0	0	0	0	367	719	
2	0	0	0	0	358	682	
3	0	0	0	0	344	673	
4	0	0	0	0	329	641	
5	0	0	0	0	316	583	
6	0	0	0	0	310	519	
7	0	0	0	0	303	506	
8	0	0	0	0	290	484	
9	0	0	0	0	273	526	
10	0	0	0	0	257	564	
11	0	0	0	0	244	583	
12	0	0	0	0	235	640	
13	0	0	0	0	233	688	
14	0	0	0	0	240	716	
15	0	0	0	0	244	668	
0	0	0	0	0	242	630	
1	0	0	0	0	243	617	
2	0	0	0	0	248	603	
3	0	0	0	0	255	623	
4	0	0	0	0	257	585	
5	0	0	0	0	255	577	
6	0	0	0	0	256	590	
7	0	0	0	0	266	625	
8	0	0	0	0	277	669	
9	0	0	0	0	280	683	
10	0	0	0	0	276	685	
11	0	0	0	0	268	708	
12	0	0	0	0	255	717	
13	0	0	0	0	245	719	
14	0	0	0	0	234	696	
15	0	0	0	0	227	677	
0	0	0	0	0	226	627	
1	0	0	0	0	234	562	
2	0	0	0	0	246	563	
3	0	0	0	0	258	566	
4	0	0	0	0	275	611	
5	0	0	0	0	300	645	
6	0	0	0	0	319	647	
7	0	0	0	0	332	614	
8	0	0	0	0	339	632	
9	0	0	0	0	341	624	
10	0	0	0	0	332	622	
11	0	0	0	0	316	596	
12	0	0	0	0	300	547	
13	0	0	0	0	282	477	
14	0	0	0	0	265	465	
15	0	0	0	0	250	470	
0	0	0	0	0	246	454	
1	0	0	0	0	261	446	
2	0	0	0	0	276	440	
3	0	0	0	0	291	449	
4	0	0	0	0	302	481	
5	0	0	0	0	308	527	
6	0	0	0	0	308	554	
7	0	0	0	0	295	607	
8	0	0	0	0	275	664	
9	0	0	0	0	259	630	
10	0	0	0	0	246	598	
11	0	0	0	0	239	561	
12	0	0	0	0	238	554	
13	0	0	0	0	241	557	
14	0	0	0	0	244	553	
15	0	0	0	0	246	556	
0	0	0	0	0	250	559	
1	0	0	0	0	253	582	
2	0	0	0	0	259	577	
3	0	0	0	0	264	559	
4	0	0	0	0	266	583	
5	0	0	0	0	263	613	
6	0	0	0	0	267	619	
7	0	0	0	0	276	580	
8	0	0	0	0	285	593	
9	0	0	0	0	291	604	
10	0	0	0	0	295	621	
11	0	0	0	0	296	624	
12	0	0	0	0	297	636	
13	0	0	0	0	303	626	
14	0	0	0	0	312	603	
15	0	0	0	0	322	590	
0	0	0	0	0	329	546	
1	0	0	0	0	342	502	
2	0	0	0	0	364	494	
3	0	0	0	0	391	510	
4	0	0	0	0	415	539	
5	0	0	0	0	426	610	
6	0	0	0	0	414	603	
7	0	0	0	0	386	574	
8	0	0	0	0	350	603	
9	0	0	0	0	307	617	
10	0	0	0	0	258	576	
11	0	0	0	0	214	558	
12	0	0	0	0	183	569	
13	0	0	0	0	168	570	
14	0	0	0	0	170	574	
15	0	0	0	0	184	629	
0	0	0	0	0	207	646	
1	0	0	0	0	230	619	
2	0	0	0	0	248	604	
3	0	0	0	0	269	584	
4	0	0	0	0	292	561	
5	0	0	0	0	316	560	
6	0	0	0	0	340	533	
7	0	0	0	0	359	541	
8	0	0	0	0	378	525	
9	0	0	0	0	391	546	
10	0	0	0	0	398	558	
11	0	0	0	0	399	559	
12	0	0	0	0	396	587	
13	0	0	0	0	394	577	
14	0	0	0	0	386	557	
15	0	0	0	0	372	542	
0	0	0	0	0	357	509	
1	0	0	0	0	348	512	
2	0	0	0	0	348	527	
3	0	0	0	0	361	515	
4	0	0	0	0	384	495	
5	0	0	0	0	406	486	
6	0	0	0	0	426	485	
7	0	0	0	0	446	506	
8	0	0	0	0	467	485	
9	0	0	0	0	486	454	
10	0	0	0	0	499	449	
11	0	0	0	0	507	441	
12	0	0	0	0	517	447	
13	0	0	0	0	526	439	
14	0	0	0	0	529	429	
15	0	0	0	0	529	432	
0	0	0	0	0	521	421	
1	0	0	0	0	504	414	
2	0	0	0	0	488	425	
3	0	0	0	0	476	434	
4	0	0	0	0	461	469	
5	0	0	0	0	443	454	
6	0	0	0	0	423	436	
7	0	0	0	0	406	431	
8	0	0	0	0	390	451	
9	0	0	0	0	370	449	
10	0	0	0	0	351	462	
11	0	0	0	0	337	467	
12	0	0	0	0	332	472	
13	0	0	0	0	341	454	
14	0	0	0	0	355	457	
15	0	0	0	0	372	467	
0	0	0	0	0	386	450	
1	0	0	0	0	398	360	
2	0	0	0	0	408	339	
3	0	0	0	0	417	378	
4	0	0	0	0	426	417	
5	0	0	0	0	429	448	
6	0	0	0	0	436	484	
7	0	0	0	0	449	462	
8	0	0	0	0	463	434	
9	0	0	0	0	479	407	
10	0	0	0	0	499	417	
11	0	0	0	0	515	407	
12	0	0	0	0	525	389	
13	0	0	0	0	527	374	
14	0	0	0	0	523	374	
15	0	0	0	0	516	393	
0	0	0	0	0	509	435	
1	0	0	0	0	503	486	
2	0	0	0	0	493	528	
3	0	0	0	0	487	532	
4	0	0	0	0	487	529	
5	0	0	0	0	495	541	
6	0	0	0	0	511	519	
7	0	0	0	0	532	467	
8	0	0	0	0	544	401	
9	0	0	0	0	547	380	
10	0	0	0	0	542	394	
11	0	0	0	0	531	419	
12	0	0	0	0	519	414	
13	0	0	0	0	510	403	
14	0	0	0	0	501	402	
15	0	0	0	0	493	396	
0	0	0	0	0	478	401	
1	0	0	0	0	457	427	
2	0	0	0	0	425	445	
3	0	0	0	0	392	475	
4	0	0	0	0	368	521	
5	0	0	0	0	355	562	
6	0	0	0	0	359	591	
7	0	0	0	0	379	561	
8	0	0	0	0	404	529	
9	0	0	0	0	431	537	
10	0	0	0	0	458	526	
11	0	0	0	0	475	513	
12	0	0	0	0	477	480	
13	0	0	0	0	469	444	
14	0	0	0	0	454	423	
15	0	0	0	0	436	430	
0	0	0	0	0	418	390	
1	0	0	0	0	399	370	
2	0	0	0	0	384	393	
3	0	0	0	0	381	401	
4	0	0	0	0	392	411	
5	0	0	0	0	415	434	
6	0	0	0	0	435	417	
7	0	0	0	0	456	433	
8	0	0	0	0	472	470	
9	0	0	0	0	487	498	
10	0	0	0	0	501	515	
11	0	0	0	0	514	500	
12	0	0	0	0	526	481	
13	0	0	0	0	530	454	
14	0	0	0	0	527	421	
15	0	0	0	0	519	441	
0	0	0	0	0	507	449	
1	0	0	0	0	497	481	
2	0	0	0	0	489	490	
3	0	0	0	0	488	512	
4	0	0	0	0	496	527	
5	0	0	0	0	505	492	
6	0	0	0	0	505	433	
7	0	0	0	0	496	401	
8	0	0	0	0	480	399	
9	0	0	0	0	466	378	
10	0	0	0	0	457	407	
11	0	0	0	0	452	407	
12	0	0	0	0	455	446	
13	0	0	0	0	460	487	
14	0	0	0	0	467	502	
15	0	0	0	0	471	491	
0	0	0	0	0	474	490	
1	0	0	0	0	480	484	
2	0	0	0	0	487	458	
3	0	0	0	0	496	429	
4	0	0	0	0	507	451	
5	0	0	0	0	520	490	
6	0	0	0	0	527	537	
7	0	0	0	0	525	540	
8	0	0	0	0	513	510	
9	0	0	0	0	497	500	
10	0	0	0	0	487	519	
11	0	0	0	0	478	514	
12	0	0	0	0	476	504	
13	0	0	0	0	477	494	
14	0	0	0	0	481	502	
15	0	0	0	0	495	532	
0	0	0	0	0	513	532	
1	0	0	0	0	532	546	
2	0	0	0	0	539	570	
3	0	0	0	0	536	568	
4	0	0	0	0	523	550	
5	0	0	0	0	504	545	
6	0	0	0	0	483	526	
7	0	0	0	0	460	527	
8	0	0	0	0	442	521	
9	0	0	0	0	430	508	
10	0	0	0	0	421	456	
11	0	0	0	0	415	380	
12	0	0	0	0	413	374	
13	0	0	0	0	419	386	
14	0	0	0	0	432	415	
15	0	0	0	0	451	453	
0	0	0	0	0	467	470	
1	0	0	0	0	478	497	
2	0	0	0	0	482	512	
3	0	0	0	0	481	527	
4	0	0	0	0	475	543	
5	0	0	0	0	470	542	
6	0	0	0	0	468	539	
7	0	0	0	0	463	556	
8	0	0	0	0	456	539	
9	0	0	0	0	455	504	
10	0	0	0	0	460	491	
11	0	0	0	0	475	506	
12	0	0	0	0	505	510	
13	0	0	0	0	535	531	
14	0	0	0	0	551	551	
15	0	0	0	0	545	505	
0	0	0	0	0	530	479	
1	0	0	0	0	514	480	
2	0	0	0	0	499	523	
3	0	0	0	0	480	522	
4	0	0	0	0	463	499	
5	0	0	0	0	445	493	
6	0	0	0	0	425	527	
7	0	0	0	0	407	562	
8	0	0	0	0	389	551	
9	0	0	0	0	373	530	
10	0	0	0	0	362	542	
11	0	0	0	0	350	546	
12	0	0	0	0	336	552	
13	0	0	0	0	318	548	
14	0	0	0	0	295	550	
15	0	0	0	0	273	572	
0	0	0	0	0	259	595	
1	0	0	0	0	251	623	
2	0	0	0	0	260	655	
3	0	0	0	0	286	642	
4	0	0	0	0	324	627	
5	0	0	0	0	378	627	
6	0	0	0	0	443	540	
7	0	0	0	0	510	439	
8	0	0	0	0	582	379	
9	0	0	0	0	646	364	
10	0	0	0	0	692	369	
11	0	0	0	0	715	380	
12	0	0	0	0	722	377	
13	0	0	0	0	716	381	
14	0	0	0	0	701	407	
15	0	0	0	0	680	417	
0	0	0	0	0	657	434	
1	0	0	0	0	631	480	
2	0	0	0	0	601	474	
3	0	0	0	0	572	464	
4	0	0	0	0	543	421	
5	0	0	0	0	515	412	
6	0	0	0	0	489	445	
7	0	0	0	0	466	477	
8	0	0	0	0	444	512	
9	0	0	0	0	426	517	
10	0	0	0	0	417	552	
11	0	0	0	0	411	591	
12	0	0	0	0	399	588	
13	0	0	0	0	390	573	
14	0	0	0	0	384	598	
15	0	0	0	0	380	633	
0	0	0	0	0	385	680	
1	0	0	0	0	403	653	
2	0	0	0	0	427	605	
3	0	0	0	0	453	594	
4	0	0	0	0	479	587	
5	0	0	0	0	503	580	
6	0	0	0	0	523	569	
7	0	0	0	0	539	515	
8	0	0	0	0	547	459	
9	0	0	0	0	548	454	
10	0	0	0	0	546	441	
11	0	0	0	0	550	424	
12	0	0	0	0	559	404	
13	0	0	0	0	567	384	
14	0	0	0	0	573	366	
15	0	0	0	0	582	387	
0	0	0	0	0	587	412	
1	0	0	0	0	587	416	
2	0	0	0	0	586	428	
3	0	0	0	0	581	445	
4	0	0	0	0	574	462	
5	0	0	0	0	559	476	
6	0	0	0	0	542	478	
7	0	0	0	0	519	468	
8	0	0	0	0	497	468	
9	0	0	0	0	485	476	
10	0	0	0	0	474	472	
11	0	0	0	0	465	447	
12	0	0	0	0	470	445	
13	0	0	0	0	494	480	
14	0	0	0	0	523	489	
15	0	0	0	0	551	478	
0	0	0	0	0	571	451	
1	0	0	0	0	576	403	
2	0	0	0	0	578	376	
3	0	0	0	0	574	383	
4	0	0	0	0	562	379	
5	0	0	0	0	551	403	
6	0	0	0	0	540	408	
7	0	0	0	0	531	435	
8	0	0	0	0	529	443	
9	0	0	0	0	537	423	
10	0	0	0	0	555	427	
11	0	0	0	0	578	469	
12	0	0	0	0	609	454	
13	0	0	0	0	646	421	
14	0	0	0	0	682	368	
15	0	0	0	0	714	335	
0	0	0	0	0	736	360	
1	0	0	0	0	746	352	
2	0	0	0	0	751	352	
3	0	0	0	0	743	339	
4	0	0	0	0	730	383	
5	0	0	0	0	718	410	
6	0	0	0	0	704	443	
7	0	0	0	0	698	462	
8	0	0	0	0	690	455	
9	0	0	0	0	688	413	
10	0	0	0	0	683	402	
11	0	0	0	0	676	422	
12	0	0	0	0	665	441	
13	0	0	0	0	642	439	
14	0	0	0	0	618	437	
15	0	0	0	0	590	413	
0	0	0	0	0	563	419	
1	0	0	0	0	551	433	
2	0	0	0	0	543	423	
3	0	0	0	0	543	442	
4	0	0	0	0	542	463	
5	0	0	0	0	532	485	
6	0	0	0	0	519	481	
7	0	0	0	0	511	473	
8	0	0	0	0	512	489	
9	0	0	0	0	515	504	
10	0	0	0	0	518	493	
11	0	0	0	0	521	483	
12	0	0	0	0	541	446	
13	0	0	0	0	567	432	
14	0	0	0	0	596	440	
15	0	0	0	0	627	420	
0	0	0	0	0	657	402	
1	0	0	0	0	678	404	
2	0	0	0	0	684	399	
3	0	0	0	0	672	358	
4	0	0	0	0	646	341	
5	0	0	0	0	606	364	
6	0	0	0	0	561	381	
7	0	0	0	0	519	426	
8	0	0	0	0	479	455	
9	0	0	0	0	448	534	
10	0	0	0	0	431	564	
11	0	0	0	0	424	548	
12	0	0	0	0	424	536	
13	0	0	0	0	432	504	
14	0	0	0	0	449	498	
15	0	0	0	0	471	517	
0	0	0	0	0	498	520	
1	0	0	0	0	524	487	
2	0	0	0	0	544	452	
3	0	0	0	0	560	423	
4	0	0	0	0	577	427	
5	0	0	0	0	590	430	
6	0	0	0	0	605	432	
7	0	0	0	0	620	441	
8	0	0	0	0	631	418	
9	0	0	0	0	633	404	
10	0	0	0	0	636	427	
11	0	0	0	0	639	431	
12	0	0	0	0	642	393	
13	0	0	0	0	646	357	
14	0	0	0	0	646	312	
15	0	0	0	0	639	315	
0	0	0	0	0	633	357	
1	0	0	0	0	631	385	
2	0	0	0	0	636	367	
3	0	0	0	0	647	321	
4	0	0	0	0	648	343	
5	0	0	0	0	640	382	
6	0	0	0	0	630	413	
7	0	0	0	0	620	429	
8	0	0	0	0	616	469	
9	0	0	0	0	611	504	
10	0	0	0	0	605	515	
11	0	0	0	0	600	524	
12	0	0	0	0	596	524	
13	0	0	0	0	592	498	
14	0	0	0	0	592	473	
15	0	0	0	0	602	489	
0	0	0	0	0	615	525	
1	0	0	0	0	631	543	
2	0	0	0	0	645	542	
3	0	0	0	0	650	504	
4	0	0	0	0	643	479	
5	0	0	0	0	624	486	
6	0	0	0	0	591	495	
7	0	0	0	0	551	513	
8	0	0	0	0	507	493	
9	0	0	0	0	462	491	
10	0	0	0	0	425	537	
11	0	0	0	0	399	573	
12	0	0	0	0	377	574	
13	0	0	0	0	367	622	
14	0	0	0	0	369	645	
15	0	0	0	0	370	649	
0	0	0	0	0	367	652	
1	0	0	0	0	359	631	
2	0	0	0	0	353	604	
3	0	0	0	0	348	628	
4	0	0	0	0	351	593	
5	0	0	0	0	368	581	
6	0	0	0	0	400	555	
7	0	0	0	0	443	531	
8	0	0	0	0	499	527	
9	0	0	0	0	550	492	
10	0	0	0	0	600	455	
11	0	0	0	0	650	417	
12	0	0	0	0	690	371	
13	0	0	0	0	722	377	
14	0	0	0	0	743	425	
15	0	0	0	0	759	462	
0	0	0	0	0	769	491	
1	0	0	0	0	775	477	
2	0	0	0	0	784	467	
3	0	0	0	0	789	415	
4	0	0	0	0	785	375	
5	0	0	0	0	771	344	
6	0	0	0	0	747	345	
7	0	0	0	0	718	370	
8	0	0	0	0	681	411	
9	0	0	0	0	638	471	
10	0	0	0	0	588	472	
11	0	0	0	0	550	466	
12	0	0	0	0	526	471	
13	0	0	0	0	519	483	
14	0	0	0	0	526	493	
15	0	0	0	0	536	504	
0	0	0	0	0	548	496	
1	0	0	0	0	561	451	
2	0	0	0	0	578	460	
3	0	0	0	0	592	493	
4	0	0	0	0	600	498	
5	0	0	0	0	599	484	
6	0	0	0	0	588	498	
7	0	0	0	0	574	530	
8	0	0	0	0	562	573	
9	0	0	0	0	559	566	
10	0	0	0	0	565	537	
11	0	0	0	0	572	551	
12	0	0	0	0	572	554	
13	0	0	0	0	561	547	
14	0	0	0	0	538	552	
15	0	0	0	0	510	568	
0	0	0	0	0	483	596	
1	0	0	0	0	465	612	
2	0	0	0	0	456	621	
3	0	0	0	0	460	593	
4	0	0	0	0	471	595	
5	0	0	0	0	485	596	
6	0	0	0	0	497	601	
7	0	0	0	0	508	609	
8	0	0	0	0	512	576	
9	0	0	0	0	515	547	
10	0	0	0	0	512	510	
11	0	0	0	0	515	499	
12	0	0	0	0	528	512	
13	0	0	0	0	547	505	
14	0	0	0	0	567	485	
15	0	0	0	0	583	498	
0	0	0	0	0	585	527	
1	0	0	0	0	576	551	
2	0	0	0	0	560	584	
3	0	0	0	0	539	605	
4	0	0	0	0	513	547	
5	0	0	0	0	484	520	
6	0	0	0	0	459	512	
7	0	0	0	0	445	522	
8	0	0	0	0	438	533	
9	0	0	0	0	436	547	
10	0	0	0	0	439	544	
11	0	0	0	0	441	524	
12	0	0	0	0	446	518	
13	0	0	0	0	459	513	
14	0	0	0	0	476	529	
15	0	0	0	0	494	543	
0	0	0	0	0	513	547	
1	0	0	0	0	532	550	
2	0	0	0	0	548	539	
3	0	0	0	0	565	493	
4	0	0	0	0	580	428	
5	0	0	0	0	596	385	
6	0	0	0	0	615	380	
7	0	0	0	0	628	412	
8	0	0	0	0	632	464	
9	0	0	0	0	625	495	
10	0	0	0	0	611	455	
11	0	0	0	0	599	462	
12	0	0	0	0	591	463	
13	0	0	0	0	586	472	
14	0	0	0	0	580	436	
15	0	0	0	0	574	428	
0	0	0	0	0	565	447	
1	0	0	0	0	553	459	
2	0	0	0	0	542	456	
3	0	0	0	0	526	412	
4	0	0	0	0	511	413	
5	0	0	0	0	503	440	
6	0	0	0	0	503	478	
7	0	0	0	0	507	453	
8	0	0	0	0	507	421	
9	0	0	0	0	505	427	
10	0	0	0	0	508	455	
11	0	0	0	0	518	460	
12	0	0	0	0	532	457	
13	0	0	0	0	548	471	
14	0	0	0	0	571	515	
15	0	0	0	0	594	537	
0	0	0	0	0	615	560	
1	0	0	0	0	634	520	
2	0	0	0	0	650	473	
3	0	0	0	0	653	412	
4	0	0	0	0	641	422	
5	0	0	0	0	619	482	
6	0	0	0	0	591	512	
7	0	0	0	0	567	543	
8	0	0	0	0	551	580	
9	0	0	0	0	545	616	
10	0	0	0	0	547	606	
11	0	0	0	0	558	612	
12	0	0	0	0	572	628	
13	0	0	0	0	587	632	
14	0	0	0	0	599	608	
15	0	0	0	0	608	566	
0	0	0	0	0	620	541	
1	0	0	0	0	634	478	
2	0	0	0	0	647	443	
3	0	0	0	0	663	467	
4	0	0	0	0	693	501	
5	0	0	0	0	722	514	
6	0	0	0	0	737	504	
7	0	0	0	0	731	535	
8	0	0	0	0	700	544	
9	0	0	0	0	654	555	
10	0	0	0	0	604	569	
11	0	0	0	0	558	572	
12	0	0	0	0	518	585	
13	0	0	0	0	493	589	
14	0	0	0	0	481	563	
15	0	0	0	0	474	557	
0	0	0	0	0	474	543	
1	0	0	0	0	479	537	
2	0	0	0	0	484	529	
3	0	0	0	0	487	504	
4	0	0	0	0	487	519	
5	0	0	0	0	486	525	
6	0	0	0	0	492	552	
7	0	0	0	0	497	572	
8	0	0	0	0	508	550	
9	0	0	0	0	523	505	
10	0	0	0	0	536	449	
11	0	0	0	0	556	432	
12	0	0	0	0	577	422	
13	0	0	0	0	593	436	
14	0	0	0	0	606	461	
15	0	0	0	0	616	484	
0	0	0	0	0	624	495	
1	0	0	0	0	637	488	
2	0	0	0	0	647	490	
3	0	0	0	0	650	468	
4	0	0	0	0	643	432	
5	0	0	0	0	629	423	
6	0	0	0	0	609	450	
7	0	0	0	0	579	477	
8	0	0	0	0	548	513	
9	0	0	0	0	519	514	
10	0	0	0	0	496	494	
11	0	0	0	0	479	509	
12	0	0	0	0	461	525	
13	0	0	0	0	436	512	
14	0	0	0	0	412	515	
15	0	0	0	0	395	491	
0	0	0	0	0	395	457	
1	0	0	0	0	415	432	
2	0	0	0	0	444	462	
3	0	0	0	0	473	454	
4	0	0	0	0	500	446	
5	0	0	0	0	527	437	
6	0	0	0	0	552	404	
7	0	0	0	0	572	419	
8	0	0	0	0	577	428	
9	0	0	0	0	574	459	
10	0	0	0	0	568	495	
11	0	0	0	0	569	543	
12	0	0	0	0	575	533	
13	0	0	0	0	580	504	
14	0	0	0	0	583	520	
15	0	0	0	0	587	543	
0	0	0	0	0	582	542	
1	0	0	0	0	573	554	
2	0	0	0	0	557	548	
3	0	0	0	0	539	495	
4	0	0	0	0	526	475	
5	0	0	0	0	520	472	
6	0	0	0	0	518	429	
7	0	0	0	0	517	420	
8	0	0	0	0	507	449	
9	0	0	0	0	496	500	
10	0	0	0	0	482	550	
11	0	0	0	0	467	632	
12	0	0	0	0	451	632	
13	0	0	0	0	445	597	
14	0	0	0	0	438	559	
15	0	0	0	0	418	572	
0	0	0	0	0	391	597	
1	0	0	0	0	360	623	
2	0	0	0	0	331	659	
3	0	0	0	0	310	687	
4	0	0	0	0	302	704	
5	0	0	0	0	303	695	
6	0	0	0	0	308	686	
7	0	0	0	0	318	664	
8	0	0	0	0	345	639	
9	0	0	0	0	402	623	
10	0	0	0	0	472	620	
11	0	0	0	0	531	590	
12	0	0	0	0	583	576	
13	0	0	0	0	626	586	
14	0	0	0	0	656	556	
15	0	0	0	0	673	541	
0	0	0	0	0	669	516	
1	0	0	0	0	662	504	
2	0	0	0	0	664	498	
3	0	0	0	0	665	511	
4	0	0	0	0	665	521	
5	0	0	0	0	671	467	
6	0	0	0	0	686	435	
7	0	0	0	0	695	446	
8	0	0	0	0	689	485	
9	0	0	0	0	676	516	
10	0	0	0	0	655	523	
11	0	0	0	0	627	480	
12	0	0	0	0	597	462	
13	0	0	0	0	573	476	
14	0	0	0	0	550	475	
15	0	0	0	0	529	518	
0	0	0	0	0	516	545	
1	0	0	0	0	511	523	
2	0	0	0	0	508	503	
3	0	0	0	0	502	470	
4	0	0	0	0	495	454	
5	0	0	0	0	483	467	
6	0	0	0	0	469	505	
7	0	0	0	0	452	557	
8	0	0	0	0	437	559	
9	0	0	0	0	423	516	
10	0	0	0	0	411	514	
11	0	0	0	0	401	532	
12	0	0	0	0	401	539	
13	0	0	0	0	408	531	
14	0	0	0	0	417	529	
15	0	0	0	0	427	554	
0	0	0	0	0	438	563	
1	0	0	0	0	452	577	
2	0	0	0	0	469	608	
3	0	0	0	0	495	625	
4	0	0	0	0	527	597	
5	0	0	0	0	569	591	
6	0	0	0	0	615	552	
7	0	0	0	0	652	482	
8	0	0	0	0	683	467	
9	0	0	0	0	707	429	
10	0	0	0	0	724	398	
11	0	0	0	0	736	406	
12	0	0	0	0	737	405	
13	0	0	0	0	726	417	
14	0	0	0	0	705	435	
15	0	0	0	0	672	436	
0	0	0	0	0	632	457	
1	0	0	0	0	591	488	
2	0	0	0	0	555	495	
3	0	0	0	0	530	517	
4	0	0	0	0	519	512	
5	0	0	0	0	516	550	
6	0	0	0	0	521	563	
7	0	0	0	0	529	584	
8	0	0	0	0	536	583	
9	0	0	0	0	540	560	
10	0	0	0	0	534	542	
11	0	0	0	0	519	542	
12	0	0	0	0	502	520	
13	0	0	0	0	483	523	
14	0	0	0	0	464	494	
15	0	0	0	0	451	527	
0	0	0	0	0	446	533	
1	0	0	0	0	444	530	
2	0	0	0	0	445	544	
3	0	0	0	0	449	551	
4	0	0	0	0	460	553	
5	0	0	0	0	477	565	
6	0	0	0	0	505	576	
7	0	0	0	0	535	585	
8	0	0	0	0	561	593	
9	0	0	0	0	577	580	
10	0	0	0	0	588	562	
11	0	0	0	0	603	527	
12	0	0	0	0	622	513	
13	0	0	0	0	642	504	
14	0	0	0	0	658	536	
15	0	0	0	0	678	528	
0	0	0	0	0	699	527	
1	0	0	0	0	721	490	
2	0	0	0	0	751	426	
3	0	0	0	0	781	384	
4	0	0	0	0	799	378	
5	0	0	0	0	801	386	
6	0	0	0	0	785	407	
7	0	0	0	0	756	419	
8	0	0	0	0	716	422	
9	0	0	0	0	679	440	
10	0	0	0	0	655	475	
11	0	0	0	0	645	465	
12	0	0	0	0	634	462	
13	0	0	0	0	613	476	
14	0	0	0	0	595	471	
15	0	0	0	0	585	500	
0	0	0	0	0	568	499	
1	0	0	0	0	547	518	
2	0	0	0	0	515	517	
3	0	0	0	0	479	529	
4	0	0	0	0	444	541	
5	0	0	0	0	413	559	
6	0	0	0	0	394	594	
7	0	0	0	0	395	619	
8	0	0	0	0	412	646	
9	0	0	0	0	439	610	
10	0	0	0	0	466	551	
11	0	0	0	0	492	532	
12	0	0	0	0	512	535	
13	0	0	0	0	522	554	
14	0	0	0	0	520	527	
15	0	0	0	0	505	496	
0	0	0	0	0	487	475	
1	0	0	0	0	481	435	
2	0	0	0	0	495	451	
3	0	0	0	0	530	447	
4	0	0	0	0	575	448	
5	0	0	0	0	619	454	
6	0	0	0	0	660	443	
7	0	0	0	0	700	449	
8	0	0	0	0	738	452	
9	0	0	0	0	768	435	
10	0	0	0	0	788	422	
11	0	0	0	0	790	427	
12	0	0	0	0	771	440	
13	0	0	0	0	736	421	
14	0	0	0	0	688	432	
15	0	0	0	0	636	429	
0	0	0	0	0	585	481	
1	0	0	0	0	542	531	
2	0	0	0	0	514	538	
3	0	0	0	0	499	529	
4	0	0	0	0	492	550	
5	0	0	0	0	490	571	
6	0	0	0	0	492	590	
7	0	0	0	0	486	607	
8	0	0	0	0	477	644	
9	0	0	0	0	471	665	
10	0	0	0	0	472	668	
11	0	0	0	0	483	590	
12	0	0	0	0	499	524	
13	0	0	0	0	521	507	
14	0	0	0	0	546	493	
15	0	0	0	0	569	482	
0	0	0	0	0	584	494	
1	0	0	0	0	591	502	
2	0	0	0	0	596	514	
3	0	0	0	0	601	484	
4	0	0	0	0	605	479	
5	0	0	0	0	611	435	
6	0	0	0	0	615	405	
7	0	0	0	0	616	400	
8	0	0	0	0	615	406	
9	0	0	0	0	612	430	
10	0	0	0	0	608	460	
11	0	0	0	0	607	455	
12	0	0	0	0	606	436	
13	0	0	0	0	602	429	
14	0	0	0	0	592	440	
15	0	0	0	0	579	436	
0	0	0	0	0	573	492	
1	0	0	0	0	573	491	
2	0	0	0	0	587	492	
3	0	0	0	0	611	514	
4	0	0	0	0	640	521	
5	0	0	0	0	657	468	
6	0	0	0	0	657	433	
7	0	0	0	0	646	467	
8	0	0	0	0	627	518	
9	0	0	0	0	601	528	
10	0	0	0	0	565	561	
11	0	0	0	0	533	565	
12	0	0	0	0	508	568	
13	0	0	0	0	485	572	
14	0	0	0	0	467	601	
15	0	0	0	0	454	615	
0	0	0	0	0	435	620	
1	0	0	0	0	422	624	
2	0	0	0	0	414	647	
3	0	0	0	0	405	662	
4	0	0	0	0	391	646	
5	0	0	0	0	385	659	
6	0	0	0	0	390	667	
7	0	0	0	0	403	661	
8	0	0	0	0	417	618	
9	0	0	0	0	437	638	
10	0	0	0	0	457	685	
11	0	0	0	0	477	710	
12	0	0	0	0	503	693	
13	0	0	0	0	540	625	
14	0	0	0	0	575	548	
15	0	0	0	0	608	502	
0	0	0	0	0	634	497	
1	0	0	0	0	647	520	
2	0	0	0	0	644	502	
3	0	0	0	0	630	484	
4	0	0	0	0	612	468	
5	0	0	0	0	595	468	
6	0	0	0	0	583	497	
7	0	0	0	0	567	556	
8	0	0	0	0	550	600	
9	0	0	0	0	535	593	
10	0	0	0	0	526	603	
11	0	0	0	0	526	596	
12	0	0	0	0	521	605	
13	0	0	0	0	508	611	
14	0	0	0	0	484	591	
15	0	0	0	0	453	596	
0	0	0	0	0	425	588	
1	0	0	0	0	407	560	
2	0	0	0	0	393	559	
3	0	0	0	0	384	546	
4	0	0	0	0	379	534	
5	0	0	0	0	380	531	
6	0	0	0	0	385	591	
7	0	0	0	0	395	608	
8	0	0	0	0	408	618	
9	0	0	0	0	421	628	
10	0	0	0	0	432	629	
11	0	0	0	0	441	588	
12	0	0	0	0	449	554	
13	0	0	0	0	457	546	
14	0	0	0	0	476	560	
15	0	0	0	0	498	598	
0	0	0	0	0	519	627	
1	0	0	0	0	535	606	
2	0	0	0	0	542	581	
3	0	0	0	0	534	544	
4	0	0	0	0	523	485	
5	0	0	0	0	517	431	
6	0	0	0	0	519	390	
7	0	0	0	0	534	397	
8	0	0	0	0	546	387	
9	0	0	0	0	539	408	
10	0	0	0	0	512	463	
11	0	0	0	0	479	481	
12	0	0	0	0	446	490	
13	0	0	0	0	419	528	
14	0	0	0	0	392	569	
15	0	0	0	0	369	620	
0	0	0	0	0	358	662	
1	0	0	0	0	357	671	
2	0	0	0	0	358	639	
3	0	0	0	0	359	645	
4	0	0	0	0	367	672	
5	0	0	0	0	381	683	
6	0	0	0	0	396	727	
7	0	0	0	0	412	704	
8	0	0	0	0	423	679	
9	0	0	0	0	424	661	
10	0	0	0	0	416	671	
11	0	0	0	0	413	713	
12	0	0	0	0	412	708	
13	0	0	0	0	418	700	
14	0	0	0	0	433	713	
15	0	0	0	0	457	715	
0	0	0	0	0	490	724	
1	0	0	0	0	523	695	
2	0	0	0	0	555	659	
3	0	0	0	0	583	625	
4	0	0	0	0	595	590	
5	0	0	0	0	595	583	
6	0	0	0	0	590	575	
7	0	0	0	0	580	553	
8	0	0	0	0	562	563	
9	0	0	0	0	529	608	
10	0	0	0	0	489	592	
11	0	0	0	0	448	609	
12	0	0	0	0	419	632	
13	0	0	0	0	407	647	
14	0	0	0	0	403	625	
15	0	0	0	0	406	594	
0	0	0	0	0	407	572	
1	0	0	0	0	410	552	
2	0	0	0	0	412	545	
3	0	0	0	0	413	529	
4	0	0	0	0	412	541	
5	0	0	0	0	413	548	
6	0	0	0	0	422	570	
7	0	0	0	0	434	569	
8	0	0	0	0	449	548	
9	0	0	0	0	472	553	
10	0	0	0	0	499	567	
11	0	0	0	0	521	564	
12	0	0	0	0	539	527	
13	0	0	0	0	552	483	
14	0	0	0	0	564	479	
15	0	0	0	0	577	533	
0	0	0	0	0	584	561	
1	0	0	0	0	587	586	
2	0	0	0	0	583	570	
3	0	0	0	0	574	533	
4	0	0	0	0	558	513	
5	0	0	0	0	541	478	
6	0	0	0	0	522	481	
7	0	0	0	0	503	505	
8	0	0	0	0	487	523	
9	0	0	0	0	483	537	
10	0	0	0	0	487	561	
11	0	0	0	0	496	572	
12	0	0	0	0	503	587	
13	0	0	0	0	504	593	
14	0	0	0	0	502	590	
15	0	0	0	0	494	566	
0	0	0	0	0	481	513	
1	0	0	0	0	462	488	
2	0	0	0	0	443	501	
3	0	0	0	0	425	529	
4	0	0	0	0	411	537	
5	0	0	0	0	406	499	
6	0	0	0	0	408	479	
7	0	0	0	0	416	470	
8	0	0	0	0	432	487	
9	0	0	0	0	448	473	
10	0	0	0	0	465	482	
11	0	0	0	0	480	500	
12	0	0	0	0	500	531	
13	0	0	0	0	526	568	
14	0	0	0	0	547	536	
15	0	0	0	0	562	477	
0	0	0	0	0	572	466	
1	0	0	0	0	580	440	
2	0	0	0	0	590	427	
3	0	0	0	0	600	443	
4	0	0	0	0	604	432	
5	0	0	0	0	606	461	
6	0	0	0	0	606	512	
7	0	0	0	0	605	509	
8	0	0	0	0	598	475	
9	0	0	0	0	588	470	
10	0	0	0	0	578	437	
11	0	0	0	0	554	447	
12	0	0	0	0	523	409	
13	0	0	0	0	504	403	
14	0	0	0	0	500	383	
15	0	0	0	0	515	357	
0	0	0	0	0	543	373	
1	0	0	0	0	570	396	
2	0	0	0	0	596	440	
3	0	0	0	0	621	481	
4	0	0	0	0	639	506	
5	0	0	0	0	647	506	
6	0	0	0	0	651	481	
7	0	0	0	0	651	480	
8	0	0	0	0	640	470	
9	0	0	0	0	619	492	
10	0	0	0	0	594	519	
11	0	0	0	0	565	550	
12	0	0	0	0	541	565	
13	0	0	0	0	528	576	
14	0	0	0	0	523	558	
15	0	0	0	0	530	512	
0	0	0	0	0	542	433	
1	0	0	0	0	553	384	
2	0	0	0	0	559	403	
3	0	0	0	0	564	430	
4	0	0	0	0	569	450	
5	0	0	0	0	573	436	
6	0	0	0	0	575	416	
7	0	0	0	0	579	415	
8	0	0	0	0	588	473	
9	0	0	0	0	594	456	
10	0	0	0	0	603	459	
11	0	0	0	0	611	465	
12	0	0	0	0	615	438	
13	0	0	0	0	612	423	
14	0	0	0	0	603	443	
15	0	0	0	0	586	471	
0	0	0	0	0	568	501	
1	0	0	0	0	557	483	
2	0	0	0	0	548	478	
3	0	0	0	0	537	499	
4	0	0	0	0	531	542	
5	0	0	0	0	536	547	
6	0	0	0	0	545	539	
7	0	0	0	0	551	523	
8	0	0	0	0	556	523	
9	0	0	0	0	555	485	
10	0	0	0	0	545	489	
11	0	0	0	0	536	502	
12	0	0	0	0	533	526	
13	0	0	0	0	541	550	
14	0	0	0	0	556	561	
15	0	0	0	0	560	551	
0	0	0	0	0	558	546	
1	0	0	0	0	548	535	
2	0	0	0	0	542	555	
3	0	0	0	0	543	527	
4	0	0	0	0	551	538	
5	0	0	0	0	573	547	
6	0	0	0	0	603	530	
7	0	0	0	0	631	505	
8	0	0	0	0	647	489	
9	0	0	0	0	654	435	
10	0	0	0	0	647	407	
11	0	0	0	0	626	383	
12	0	0	0	0	595	397	
13	0	0	0	0	564	435	
14	0	0	0	0	544	486	
15	0	0	0	0	533	536	
0	0	0	0	0	527	551	
1	0	0	0	0	524	527	
2	0	0	0	0	525	495	
3	0	0	0	0	532	488	
4	0	0	0	0	539	467	
5	0	0	0	0	540	451	
6	0	0	0	0	545	458	
7	0	0	0	0	552	432	
8	0	0	0	0	563	435	
9	0	0	0	0	579	465	
10	0	0	0	0	598	482	
11	0	0	0	0	623	504	
12	0	0	0	0	654	504	
13	0	0	0	0	681	515	
14	0	0	0	0	702	508	
15	0	0	0	0	710	481	
0	0	0	0	0	706	499	
1	0	0	0	0	695	489	
2	0	0	0	0	679	455	
3	0	0	0	0	665	438	
4	0	0	0	0	651	460	
5	0	0	0	0	634	468	
6	0	0	0	0	620	462	
7	0	0	0	0	620	462	
8	0	0	0	0	626	477	
9	0	0	0	0	627	486	
10	0	0	0	0	625	507	
11	0	0	0	0	619	496	
12	0	0	0	0	607	450	
13	0	0	0	0	592	442	
14	0	0	0	0	579	439	
15	0	0	0	0	564	502	
0	0	0	0	0	550	499	
1	0	0	0	0	539	508	
2	0	0	0	0	528	503	
3	0	0	0	0	519	511	
4	0	0	0	0	518	540	
5	0	0	0	0	521	541	
6	0	0	0	0	528	551	
7	0	0	0	0	534	555	
8	0	0	0	0	535	513	
9	0	0	0	0	526	514	
10	0	0	0	0	518	543	
11	0	0	0	0	515	552	
12	0	0	0	0	514	521	
13	0	0	0	0	512	499	
14	0	0	0	0	511	518	
15	0	0	0	0	512	553	
0	0	0	0	0	514	570	
1	0	0	0	0	516	577	
2	0	0	0	0	515	579	
3	0	0	0	0	516	581	
4	0	0	0	0	518	585	
5	0	0	0	0	518	608	
6	0	0	0	0	522	614	
7	0	0	0	0	530	639	
8	0	0	0	0	543	628	
9	0	0	0	0	563	585	
10	0	0	0	0	584	572	
11	0	0	0	0	600	556	
12	0	0	0	0	619	554	
13	0	0	0	0	634	521	
14	0	0	0	0	640	538	
15	0	0	0	0	642	524	
0	0	0	0	0	636	480	
1	0	0	0	0	625	474	
2	0	0	0	0	608	473	
3	0	0	0	0	590	457	
4	0	0	0	0	574	447	
5	0	0	0	0	562	432	
6	0	0	0	0	549	451	
7	0	0	0	0	539	478	
8	0	0	0	0	532	465	
9	0	0	0	0	531	445	
10	0	0	0	0	544	475	
11	0	0	0	0	561	471	
12	0	0	0	0	572	516	
13	0	0	0	0	571	555	
14	0	0	0	0	561	604	
15	0	0	0	0	542	612	
0	0	0	0	0	519	609	
1	0	0	0	0	502	609	
2	0	0	0	0	504	645	
3	0	0	0	0	515	676	
4	0	0	0	0	534	626	
5	0	0	0	0	558	546	
6	0	0	0	0	575	504	
7	0	0	0	0	579	474	
8	0	0	0	0	573	473	
9	0	0	0	0	557	485	
10	0	0	0	0	534	467	
11	0	0	0	0	516	489	
12	0	0	0	0	502	517	
13	0	0	0	0	496	519	
14	0	0	0	0	496	512	
15	0	0	0	0	501	497	
0	0	0	0	0	509	537	
1	0	0	0	0	511	568	
2	0	0	0	0	510	527	
3	0	0	0	0	510	491	
4	0	0	0	0	514	463	
5	0	0	0	0	519	504	
6	0	0	0	0	523	548	
7	0	0	0	0	528	557	
8	0	0	0	0	540	551	
9	0	0	0	0	554	589	
10	0	0	0	0	561	598	
11	0	0	0	0	562	579	
12	0	0	0	0	557	563	
13	0	0	0	0	548	553	
14	0	0	0	0	530	584	
15	0	0	0	0	513	617	
0	0	0	0	0	504	599	
1	0	0	0	0	507	561	
2	0	0	0	0	516	547	
3	0	0	0	0	532	503	
4	0	0	0	0	552	489	
5	0	0	0	0	575	508	
6	0	0	0	0	593	532	
7	0	0	0	0	608	534	
8	0	0	0	0	625	547	
9	0	0	0	0	643	590	
10	0	0	0	0	653	592	
11	0	0	0	0	647	568	
12	0	0	0	0	632	543	
13	0	0	0	0	615	536	
14	0	0	0	0	597	518	
15	0	0	0	0	580	528	
0	0	0	0	0	562	519	
1	0	0	0	0	551	494	
2	0	0	0	0	544	512	
3	0	0	0	0	546	540	
4	0	0	0	0	551	489	
5	0	0	0	0	553	490	
6	0	0	0	0	553	512	
7	0	0	0	0	551	504	
8	0	0	0	0	547	479	
9	0	0	0	0	546	472	
10	0	0	0	0	548	468	
11	0	0	0	0	551	469	
12	0	0	0	0	560	439	
13	0	0	0	0	576	452	
14	0	0	0	0	603	512	
15	0	0	0	0	628	547	
0	0	0	0	0	645	529	
1	0	0	0	0	647	506	
2	0	0	0	0	636	511	
3	0	0	0	0	608	529	
4	0	0	0	0	572	548	
5	0	0	0	0	534	575	
6	0	0	0	0	489	575	
7	0	0	0	0	438	544	
8	0	0	0	0	392	542	
9	0	0	0	0	359	567	
10	0	0	0	0	345	541	
11	0	0	0	0	360	495	
12	0	0	0	0	396	494	
13	0	0	0	0	436	496	
14	0	0	0	0	478	497	
15	0	0	0	0	514	484	
0	0	0	0	0	537	489	
1	0	0	0	0	548	519	
2	0	0	0	0	556	495	
3	0	0	0	0	564	487	
4	0	0	0	0	572	489	
5	0	0	0	0	577	489	
6	0	0	0	0	585	526	
7	0	0	0	0	596	594	
8	0	0	0	0	601	608	
9	0	0	0	0	611	620	
10	0	0	0	0	627	605	
11	0	0	0	0	640	591	
12	0	0	0	0	646	562	
13	0	0	0	0	657	521	
14	0	0	0	0	675	483	
15	0	0	0	0	692	480	
0	0	0	0	0	698	510	
1	0	0	0	0	700	504	
2	0	0	0	0	698	516	
3	0	0	0	0	690	448	
4	0	0	0	0	672	408	
5	0	0	0	0	643	442	
6	0	0	0	0	604	487	
7	0	0	0	0	563	523	
8	0	0	0	0	528	502	
9	0	0	0	0	508	487	
10	0	0	0	0	498	473	
11	0	0	0	0	494	446	
12	0	0	0	0	491	455	
13	0	0	0	0	482	455	
14	0	0	0	0	469	439	
15	0	0	0	0	455	424	
0	0	0	0	0	445	445	
1	0	0	0	0	440	461	
2	0	0	0	0	441	454	
3	0	0	0	0	452	435	
4	0	0	0	0	473	447	
5	0	0	0	0	497	465	
6	0	0	0	0	527	519	
7	0	0	0	0	562	521	
8	0	0	0	0	600	494	
9	0	0	0	0	640	517	
10	0	0	0	0	673	557	
11	0	0	0	0	696	534	
12	0	0	0	0	724	535	
13	0	0	0	0	750	531	
14	0	0	0	0	770	476	
15	0	0	0	0	777	387	
0	0	0	0	0	771	342	
1	0	0	0	0	755	349	
2	0	0	0	0	731	381	
3	0	0	0	0	704	413	
4	0	0	0	0	670	451	
5	0	0	0	0	635	480	
6	0	0	0	0	603	509	
7	0	0	0	0	579	513	
8	0	0	0	0	563	515	
9	0	0	0	0	547	526	
10	0	0	0	0	531	574	
11	0	0	0	0	514	610	
12	0	0	0	0	496	595	
13	0	0	0	0	476	575	
14	0	0	0	0	457	579	
15	0	0	0	0	450	577	
0	0	0	0	0	455	585	
1	0	0	0	0	473	582	
2	0	0	0	0	495	571	
3	0	0	0	0	519	544	
4	0	0	0	0	542	556	
5	0	0	0	0	559	518	
6	0	0	0	0	572	515	
7	0	0	0	0	580	557	
8	0	0	0	0	576	568	
9	0	0	0	0	571	585	
10	0	0	0	0	574	566	
11	0	0	0	0	578	517	
12	0	0	0	0	584	537	
13	0	0	0	0	598	556	
14	0	0	0	0	618	522	
15	0	0	0	0	645	490	
0	0	0	0	0	681	498	
1	0	0	0	0	718	499	
2	0	0	0	0	739	520	
3	0	0	0	0	745	550	
4	0	0	0	0	741	527	
5	0	0	0	0	725	472	
6	0	0	0	0	706	429	
7	0	0	0	0	686	404	
8	0	0	0	0	664	390	
9	0	0	0	0	644	401	
10	0	0	0	0	627	419	
11	0	0	0	0	610	444	
12	0	0	0	0	597	433	
13	0	0	0	0	588	429	
14	0	0	0	0	583	468	
15	0	0	0	0	580	501	
0	0	0	0	0	584	503	
1	0	0	0	0	589	498	
2	0	0	0	0	588	503	
3	0	0	0	0	575	520	
4	0	0	0	0	553	561	
5	0	0	0	0	530	593	
6	0	0	0	0	512	563	
7	0	0	0	0	501	554	
8	0	0	0	0	501	511	
9	0	0	0	0	506	504	
10	0	0	0	0	501	524	
11	0	0	0	0	491	557	
12	0	0	0	0	487	598	
13	0	0	0	0	486	607	
14	0	0	0	0	481	594	
15	0	0	0	0	478	603	
0	0	0	0	0	470	609	
1	0	0	0	0	467	602	
2	0	0	0	0	475	602	
3	0	0	0	0	483	640	
4	0	0	0	0	487	632	
5	0	0	0	0	494	568	
6	0	0	0	0	497	559	
7	0	0	0	0	495	562	
8	0	0	0	0	494	576	
9	0	0	0	0	502	559	
10	0	0	0	0	524	550	
11	0	0	0	0	548	572	
12	0	0	0	0	571	572	
13	0	0	0	0	587	579	
14	0	0	0	0	600	526	
15	0	0	0	0	608	441	
0	0	0	0	0	611	395	
1	0	0	0	0	617	404	
2	0	0	0	0	630	364	
3	0	0	0	0	649	379	
4	0	0	0	0	667	412	
5	0	0	0	0	678	403	
6	0	0	0	0	673	430	
7	0	0	0	0	659	468	
8	0	0	0	0	638	477	
9	0	0	0	0	628	480	
10	0	0	0	0	632	486	
11	0	0	0	0	640	468	
12	0	0	0	0	644	472	
13	0	0	0	0	637	480	
14	0	0	0	0	622	495	
15	0	0	0	0	603	519	
0	0	0	0	0	582	511	
1	0	0	0	0	562	519	
2	0	0	0	0	544	497	
3	0	0	0	0	529	517	
4	0	0	0	0	515	533	
5	0	0	0	0	504	605	
6	0	0	0	0	492	630	
7	0	0	0	0	483	661	
8	0	0	0	0	478	682	
9	0	0	0	0	483	683	
10	0	0	0	0	497	688	
11	0	0	0	0	515	673	
12	0	0	0	0	531	657	
13	0	0	0	0	547	600	
14	0	0	0	0	571	559	
15	0	0	0	0	607	568	
0	0	0	0	0	638	572	
1	0	0	0	0	658	526	
2	0	0	0	0	665	473	
3	0	0	0	0	660	464	
4	0	0	0	0	648	484	
5	0	0	0	0	629	484	
6	0	0	0	0	614	460	
7	0	0	0	0	603	419	
8	0	0	0	0	598	416	
9	0	0	0	0	592	433	
10	0	0	0	0	584	462	
11	0	0	0	0	582	498	
12	0	0	0	0	584	508	
13	0	0	0	0	592	478	
14	0	0	0	0	599	444	
15	0	0	0	0	602	431	
0	0	0	0	0	602	415	
1	0	0	0	0	603	419	
2	0	0	0	0	610	424	
3	0	0	0	0	624	409	
4	0	0	0	0	648	368	
5	0	0	0	0	679	337	
6	0	0	0	0	710	338	
7	0	0	0	0	732	343	
8	0	0	0	0	752	358	
9	0	0	0	0	762	364	
10	0	0	0	0	768	374	
11	0	0	0	0	768	407	
12	0	0	0	0	757	444	
13	0	0	0	0	729	443	
14	0	0	0	0	696	460	
15	0	0	0	0	665	488	
0	0	0	0	0	639	525	
1	0	0	0	0	620	519	
2	0	0	0	0	605	504	
3	0	0	0	0	589	489	
4	0	0	0	0	575	491	
5	0	0	0	0	572	511	
6	0	0	0	0	580	507	
7	0	0	0	0	599	487	
8	0	0	0	0	617	505	
9	0	0	0	0	630	543	
10	0	0	0	0	632	581	
11	0	0	0	0	632	584	
12	0	0	0	0	633	551	
13	0	0	0	0	632	519	
14	0	0	0	0	638	494	
15	0	0	0	0	643	482	
0	0	0	0	0	647	471	
1	0	0	0	0	646	482	
2	0	0	0	0	643	474	
3	0	0	0	0	646	459	
4	0	0	0	0	660	456	
5	0	0	0	0	679	480	
6	0	0	0	0	697	504	
7	0	0	0	0	706	516	
8	0	0	0	0	696	518	
9	0	0	0	0	678	534	
10	0	0	0	0	647	552	
11	0	0	0	0	597	566	
12	0	0	0	0	536	545	
13	0	0	0	0	482	543	
14	0	0	0	0	440	551	
15	0	0	0	0	416	572	
0	0	0	0	0	417	577	
1	0	0	0	0	437	587	
2	0	0	0	0	472	597	
3	0	0	0	0	520	573	
4	0	0	0	0	589	501	
5	0	0	0	0	677	488	
6	0	0	0	0	777	465	
7	0	0	0	0	867	423	
8	0	0	0	0	927	387	
9	0	0	0	0	956	315	
10	0	0	0	0	957	319	
11	0	0	0	0	933	320	
12	0	0	0	0	886	317	
13	0	0	0	0	827	327	
14	0	0	0	0	759	335	
15	0	0	0	0	684	359	
0	0	0	0	0	621	407	
1	0	0	0	0	574	470	
2	0	0	0	0	539	522	
3	0	0	0	0	499	576	
4	0	0	0	0	461	619	
5	0	0	0	0	423	637	
6	0	0	0	0	391	663	
7	0	0	0	0	367	644	
8	0	0	0	0	350	643	
9	0	0	0	0	335	647	
10	0	0	0	0	326	651	
11	0	0	0	0	320	644	
12	0	0	0	0	325	663	
13	0	0	0	0	339	676	
14	0	0	0	0	358	660	
15	0	0	0	0	380	648	
0	0	0	0	0	403	677	
1	0	0	0	0	427	702	
2	0	0	0	0	459	718	
3	0	0	0	0	493	719	
4	0	0	0	0	524	680	
5	0	0	0	0	545	656	
6	0	0	0	0	561	638	
7	0	0	0	0	584	612	
8	0	0	0	0	609	586	
9	0	0	0	0	628	591	
10	0	0	0	0	639	575	
11	0	0	0	0	651	574	
12	0	0	0	0	655	528	
13	0	0	0	0	647	524	
14	0	0	0	0	624	519	
15	0	0	0	0	598	505	
0	0	0	0	0	575	478	
1	0	0	0	0	560	422	
2	0	0	0	0	554	403	
3	0	0	0	0	556	417	
4	0	0	0	0	559	443	
5	0	0	0	0	558	512	
6	0	0	0	0	547	574	
7	0	0	0	0	540	567	
8	0	0	0	0	524	545	
9	0	0	0	0	507	519	
10	0	0	0	0	492	472	
11	0	0	0	0	483	454	
12	0	0	0	0	479	457	
13	0	0	0	0	469	505	
14	0	0	0	0	446	524	
15	0	0	0	0	422	511	
0	0	0	0	0	398	520	
1	0	0	0	0	368	539	
2	0	0	0	0	336	569	
3	0	0	0	0	321	606	
4	0	0	0	0	323	584	
5	0	0	0	0	339	540	
6	0	0	0	0	361	547	
7	0	0	0	0	377	560	
8	0	0	0	0	391	604	
9	0	0	0	0	400	636	
10	0	0	0	0	408	659	
11	0	0	0	0	413	611	
12	0	0	0	0	418	610	
13	0	0	0	0	428	602	
14	0	0	0	0	439	588	
15	0	0	0	0	451	620	
0	0	0	0	0	464	620	
1	0	0	0	0	478	621	
2	0	0	0	0	487	588	
3	0	0	0	0	496	583	
4	0	0	0	0	507	593	
5	0	0	0	0	519	584	
6	0	0	0	0	530	539	
7	0	0	0	0	536	521	
8	0	0	0	0	533	493	
9	0	0	0	0	524	494	
10	0	0	0	0	518	485	
11	0	0	0	0	510	493	
12	0	0	0	0	485	527	
13	0	0	0	0	441	557	
14	0	0	0	0	389	585	
15	0	0	0	0	344	617	
0	0	0	0	0	309	596	
1	0	0	0	0	281	580	
2	0	0	0	0	259	556	
3	0	0	0	0	241	550	
4	0	0	0	0	228	606	
5	0	0	0	0	224	655	
6	0	0	0	0	224	651	
7	0	0	0	0	228	673	
8	0	0	0	0	235	684	
9	0	0	0	0	239	656	
10	0	0	0	0	238	630	
11	0	0	0	0	240	657	
12	0	0	0	0	248	687	
13	0	0	0	0	265	717	
14	0	0	0	0	284	759	
15	0	0	0	0	295	765	
0	0	0	0	0	306	732	
1	0	0	0	0	323	710	
2	0	0	0	0	342	703	
3	0	0	0	0	363	658	
4	0	0	0	0	376	632	
5	0	0	0	0	387	627	
6	0	0	0	0	398	599	
7	0	0	0	0	407	588	
8	0	0	0	0	416	587	
9	0	0	0	0	422	551	
10	0	0	0	0	434	561	
11	0	0	0	0	455	537	
12	0	0	0	0	475	518	
13	0	0	0	0	484	510	
14	0	0	0	0	492	519	
15	0	0	0	0	498	527	
0	0	0	0	0	504	515	
1	0	0	0	0	508	542	
2	0	0	0	0	511	511	
3	0	0	0	0	515	514	
4	0	0	0	0	523	495	
5	0	0	0	0	535	462	
6	0	0	0	0	541	477	
7	0	0	0	0	547	450	
8	0	0	0	0	551	462	
9	0	0	0	0	536	440	
10	0	0	0	0	502	436	
11	0	0	0	0	455	471	
12	0	0	0	0	403	489	
13	0	0	0	0	353	526	
14	0	0	0	0	308	563	
15	0	0	0	0	270	623	
0	0	0	0	0	234	666	
1	0	0	0	0	205	663	
2	0	0	0	0	193	670	
3	0	0	0	0	195	706	
4	0	0	0	0	207	702	
5	0	0	0	0	231	717	
6	0	0	0	0	258	647	
7	0	0	0	0	283	574	
8	0	0	0	0	301	560	
9	0	0	0	0	318	587	
10	0	0	0	0	335	584	
11	0	0	0	0	348	608	
12	0	0	0	0	352	610	
13	0	0	0	0	353	628	
14	0	0	0	0	354	625	
15	0	0	0	0	363	594	
0	0	0	0	0	379	565	
1	0	0	0	0	399	520	
2	0	0	0	0	422	519	
3	0	0	0	0	445	507	
4	0	0	0	0	464	499	
5	0	0	0	0	486	459	
6	0	0	0	0	511	438	
7	0	0	0	0	527	429	
8	0	0	0	0	530	409	
9	0	0	0	0	524	430	
10	0	0	0	0	525	451	
11	0	0	0	0	525	452	
12	0	0	0	0	524	453	
13	0	0	0	0	518	460	
14	0	0	0	0	510	430	
15	0	0	0	0	500	431	
0	0	0	0	0	496	452	
1	0	0	0	0	499	492	
2	0	0	0	0	496	492	
3	0	0	0	0	480	493	
4	0	0	0	0	454	516	
5	0	0	0	0	420	504	
6	0	0	0	0	387	483	
7	0	0	0	0	355	523	
8	0	0	0	0	329	558	
9	0	0	0	0	309	553	
10	0	0	0	0	295	563	
11	0	0	0	0	293	578	
12	0	0	0	0	302	583	
13	0	0	0	0	320	547	
14	0	0	0	0	345	511	
15	0	0	0	0	375	483	
0	0	0	0	0	412	502	
1	0	0	0	0	455	511	
2	0	0	0	0	491	544	
3	0	0	0	0	510	532	
4	0	0	0	0	509	496	
5	0	0	0	0	503	463	
6	0	0	0	0	498	447	
7	0	0	0	0	500	467	
8	0	0	0	0	501	515	
9	0	0	0	0	499	566	
10	0	0	0	0	495	559	
11	0	0	0	0	488	566	
12	0	0	0	0	489	564	
13	0	0	0	0	515	554	
14	0	0	0	0	556	526	
15	0	0	0	0	607	488	
0	0	0	0	0	644	453	
1	0	0	0	0	664	435	
2	0	0	0	0	664	447	
3	0	0	0	0	638	438	
4	0	0	0	0	596	447	
5	0	0	0	0	542	457	
6	0	0	0	0	485	475	
7	0	0	0	0	432	520	
8	0	0	0	0	380	611	
9	0	0	0	0	327	675	
10	0	0	0	0	277	715	
11	0	0	0	0	232	718	
12	0	0	0	0	193	725	
13	0	0	0	0	167	696	
14	0	0	0	0	153	679	
15	0	0	0	0	146	643	
0	0	0	0	0	154	671	
1	0	0	0	0	169	649	
2	0	0	0	0	197	618	
3	0	0	0	0	241	596	
4	0	0	0	0	292	597	
5	0	0	0	0	336	599	
6	0	0	0	0	367	601	
7	0	0	0	0	393	590	
8	0	0	0	0	415	557	
9	0	0	0	0	436	527	
10	0	0	0	0	455	497	
11	0	0	0	0	467	499	
12	0	0	0	0	477	504	
13	0	0	0	0	482	500	
14	0	0	0	0	480	515	
15	0	0	0	0	477	521	
0	0	0	0	0	472	484	
1	0	0	0	0	469	474	
2	0	0	0	0	466	518	
3	0	0	0	0	462	529	
4	0	0	0	0	460	552	
5	0	0	0	0	457	588	
6	0	0	0	0	454	585	
7	0	0	0	0	451	576	
8	0	0	0	0	448	539	
9	0	0	0	0	446	496	
10	0	0	0	0	451	482	
11	0	0	0	0	456	506	
12	0	0	0	0	457	531	
13	0	0	0	0	454	552	
14	0	0	0	0	446	537	
15	0	0	0	0	443	501	
0	0	0	0	0	437	499	
1	0	0	0	0	431	510	
2	0	0	0	0	432	481	
3	0	0	0	0	438	480	
4	0	0	0	0	447	460	
5	0	0	0	0	458	467	
6	0	0	0	0	468	492	
7	0	0	0	0	476	481	
8	0	0	0	0	479	461	
9	0	0	0	0	480	459	
10	0	0	0	0	480	429	
11	0	0	0	0	483	408	
12	0	0	0	0	486	370	
13	0	0	0	0	492	386	
14	0	0	0	0	510	412	
15	0	0	0	0	529	435	
0	0	0	0	0	532	448	
1	0	0	0	0	511	452	
2	0	0	0	0	473	465	
3	0	0	0	0	432	454	
4	0	0	0	0	394	478	
5	0	0	0	0	365	503	
6	0	0	0	0	344	542	
7	0	0	0	0	329	579	
8	0	0	0	0	324	588	
9	0	0	0	0	326	568	
10	0	0	0	0	328	583	
11	0	0	0	0	333	618	
12	0	0	0	0	337	624	
13	0	0	0	0	339	633	
14	0	0	0	0	348	630	
15	0	0	0	0	362	616	
0	0	0	0	0	377	581	
1	0	0	0	0	403	573	
2	0	0	0	0	441	578	
3	0	0	0	0	483	577	
4	0	0	0	0	523	546	
5	0	0	0	0	560	504	
6	0	0	0	0	591	479	
7	0	0	0	0	608	477	
8	0	0	0	0	607	517	
9	0	0	0	0	592	557	
10	0	0	0	0	563	590	
11	0	0	0	0	528	591	
12	0	0	0	0	496	615	
13	0	0	0	0	478	611	
14	0	0	0	0	467	590	
15	0	0	0	0	460	575	
0	0	0	0	0	459	558	
1	0	0	0	0	458	563	
2	0	0	0	0	455	536	
3	0	0	0	0	462	540	
4	0	0	0	0	473	525	
5	0	0	0	0	472	506	
6	0	0	0	0	461	507	
7	0	0	0	0	444	506	
8	0	0	0	0	426	473	
9	0	0	0	0	406	453	
10	0	0	0	0	389	465	
11	0	0	0	0	371	481	
12	0	0	0	0	356	509	
13	0	0	0	0	349	555	
14	0	0	0	0	353	566	
15	0	0	0	0	364	562	
0	0	0	0	0	380	542	
1	0	0	0	0	406	552	
2	0	0	0	0	441	576	
3	0	0	0	0	480	588	
4	0	0	0	0	518	604	
5	0	0	0	0	563	564	
6	0	0	0	0	621	527	
7	0	0	0	0	679	503	
8	0	0	0	0	721	463	
9	0	0	0	0	740	435	
10	0	0	0	0	732	429	
11	0	0	0	0	702	408	
12	0	0	0	0	659	367	
13	0	0	0	0	608	348	
14	0	0	0	0	556	392	
15	0	0	0	0	507	429	
0	0	0	0	0	469	470	
1	0	0	0	0	452	513	
2	0	0	0	0	446	494	
3	0	0	0	0	447	449	
4	0	0	0	0	460	466	
5	0	0	0	0	489	479	
6	0	0	0	0	517	470	
7	0	0	0	0	534	447	
8	0	0	0	0	547	449	
9	0	0	0	0	552	451	
10	0	0	0	0	541	459	
11	0	0	0	0	522	470	
12	0	0	0	0	499	480	
13	0	0	0	0	483	501	
14	0	0	0	0	476	481	
15	0	0	0	0	473	463	
0	0	0	0	0	482	410	
1	0	0	0	0	493	362	
2	0	0	0	0	505	372	
3	0	0	0	0	517	425	
4	0	0	0	0	526	396	
5	0	0	0	0	527	385	
6	0	0	0	0	513	388	
7	0	0	0	0	494	445	
8	0	0	0	0	478	492	
9	0	0	0	0	470	526	
10	0	0	0	0	466	519	
11	0	0	0	0	464	517	
12	0	0	0	0	471	487	
13	0	0	0	0	481	492	
14	0	0	0	0	495	484	
15	0	0	0	0	513	476	
0	0	0	0	0	533	478	
1	0	0	0	0	550	504	
2	0	0	0	0	563	509	
3	0	0	0	0	575	521	
4	0	0	0	0	590	528	
5	0	0	0	0	600	452	
6	0	0	0	0	610	403	
7	0	0	0	0	622	377	
8	0	0	0	0	627	411	
9	0	0	0	0	619	454	
10	0	0	0	0	596	481	
11	0	0	0	0	563	509	
12	0	0	0	0	527	536	
13	0	0	0	0	497	513	
14	0	0	0	0	472	500	
15	0	0	0	0	460	471	
0	0	0	0	0	459	439	
1	0	0	0	0	455	442	
2	0	0	0	0	449	449	
3	0	0	0	0	443	470	
4	0	0	0	0	433	500	
5	0	0	0	0	421	589	
6	0	0	0	0	412	632	
7	0	0	0	0	401	616	
8	0	0	0	0	397	627	
9	0	0	0	0	396	619	
10	0	0	0	0	401	615	
11	0	0	0	0	409	595	
12	0	0	0	0	423	531	
13	0	0	0	0	442	507	
14	0	0	0	0	462	520	
15	0	0	0	0	478	535	
0	0	0	0	0	492	502	
1	0	0	0	0	500	475	
2	0	0	0	0	518	451	
3	0	0	0	0	541	451	
4	0	0	0	0	563	449	
5	0	0	0	0	575	445	
6	0	0	0	0	568	438	
7	0	0	0	0	540	472	
8	0	0	0	0	500	499	
9	0	0	0	0	455	530	
10	0	0	0	0	412	559	
11	0	0	0	0	387	560	
12	0	0	0	0	382	572	
13	0	0	0	0	381	574	
14	0	0	0	0	379	560	
15	0	0	0	0	386	555	
0	0	0	0	0	402	542	
1	0	0	0	0	412	541	
2	0	0	0	0	419	540	
3	0	0	0	0	417	505	
4	0	0	0	0	414	528	
5	0	0	0	0	411	535	
6	0	0	0	0	413	507	
7	0	0	0	0	429	484	
8	0	0	0	0	447	487	
9	0	0	0	0	465	499	
10	0	0	0	0	479	499	
11	0	0	0	0	487	519	
12	0	0	0	0	491	521	
13	0	0	0	0	495	515	
14	0	0	0	0	497	504	
15	0	0	0	0	495	503	
0	0	0	0	0	486	526	
1	0	0	0	0	476	546	
2	0	0	0	0	469	543	
3	0	0	0	0	481	543	
4	0	0	0	0	503	544	
5	0	0	0	0	520	556	
6	0	0	0	0	525	544	
7	0	0	0	0	518	491	
8	0	0	0	0	502	487	
9	0	0	0	0	482	473	
10	0	0	0	0	460	468	
11	0	0	0	0	442	463	
12	0	0	0	0	433	451	
13	0	0	0	0	432	425	
14	0	0	0	0	439	392	
15	0	0	0	0	451	417	
0	0	0	0	0	463	438	
1	0	0	0	0	474	438	
2	0	0	0	0	488	446	
3	0	0	0	0	504	470	
4	0	0	0	0	518	498	
5	0	0	0	0	532	543	
6	0	0	0	0	540	532	
7	0	0	0	0	544	507	
8	0	0	0	0	556	533	
9	0	0	0	0	582	557	
10	0	0	0	0	615	544	
11	0	0	0	0	650	534	
12	0	0	0	0	672	521	
13	0	0	0	0	671	452	
14	0	0	0	0	646	413	
15	0	0	0	0	604	384	
0	0	0	0	0	559	356	
1	0	0	0	0	516	351	
2	0	0	0	0	477	382	
3	0	0	0	0	445	460	
4	0	0	0	0	416	511	
5	0	0	0	0	388	525	
6	0	0	0	0	371	550	
7	0	0	0	0	362	564	
8	0	0	0	0	364	545	
9	0	0	0	0	374	559	
10	0	0	0	0	397	532	
11	0	0	0	0	432	523	
12	0	0	0	0	469	519	
13	0	0	0	0	503	522	
14	0	0	0	0	523	537	
15	0	0	0	0	534	536	
0	0	0	0	0	539	501	
1	0	0	0	0	535	489	
2	0	0	0	0	525	503	
3	0	0	0	0	513	534	
4	0	0	0	0	500	547	
5	0	0	0	0	492	510	
6	0	0	0	0	499	479	
7	0	0	0	0	515	480	
8	0	0	0	0	531	471	
9	0	0	0	0	551	470	
10	0	0	0	0	572	464	
11	0	0	0	0	584	460	
12	0	0	0	0	593	432	
13	0	0	0	0	585	402	
14	0	0	0	0	571	401	
15	0	0	0	0	554	398	
0	0	0	0	0	535	421	
1	0	0	0	0	517	444	
2	0	0	0	0	500	451	
3	0	0	0	0	487	443	
4	0	0	0	0	483	483	
5	0	0	0	0	486	526	
6	0	0	0	0	500	540	
7	0	0	0	0	521	534	
8	0	0	0	0	545	525	
9	0	0	0	0	573	524	
10	0	0	0	0	598	557	
11	0	0	0	0	609	550	
12	0	0	0	0	605	536	
13	0	0	0	0	587	530	
14	0	0	0	0	563	561	
15	0	0	0	0	535	547	
0	0	0	0	0	515	531	
1	0	0	0	0	503	565	
2	0	0	0	0	501	583	
3	0	0	0	0	506	569	
4	0	0	0	0	523	544	
5	0	0	0	0	541	499	
6	0	0	0	0	555	477	
7	0	0	0	0	558	506	
8	0	0	0	0	549	494	
9	0	0	0	0	537	519	
10	0	0	0	0	523	524	
11	0	0	0	0	514	563	
12	0	0	0	0	510	575	
13	0	0	0	0	515	569	
14	0	0	0	0	520	530	
15	0	0	0	0	528	513	
0	0	0	0	0	531	536	
1	0	0	0	0	534	566	
2	0	0	0	0	540	574	
3	0	0	0	0	563	559	
4	0	0	0	0	588	516	
5	0	0	0	0	603	487	
6	0	0	0	0	601	468	
7	0	0	0	0	592	421	
8	0	0	0	0	579	434	
9	0	0	0	0	568	444	
10	0	0	0	0	557	483	
11	0	0	0	0	545	533	
12	0	0	0	0	534	566	
13	0	0	0	0	517	546	
14	0	0	0	0	497	497	
15	0	0	0	0	479	417	
0	0	0	0	0	467	386	
1	0	0	0	0	457	381	
2	0	0	0	0	445	390	
3	0	0	0	0	435	453	
4	0	0	0	0	431	490	
5	0	0	0	0	427	497	
6	0	0	0	0	422	497	
7	0	0	0	0	421	534	
8	0	0	0	0	420	539	
9	0	0	0	0	420	529	
10	0	0	0	0	424	519	
11	0	0	0	0	438	505	
12	0	0	0	0	457	494	
13	0	0	0	0	479	463	
14	0	0	0	0	505	412	
15	0	0	0	0	532	367	
0	0	0	0	0	553	338	
1	0	0	0	0	564	355	
2	0	0	0	0	568	418	
3	0	0	0	0	561	455	
4	0	0	0	0	546	449	
5	0	0	0	0	523	479	
6	0	0	0	0	495	516	
7	0	0	0	0	465	525	
8	0	0	0	0	438	504	
9	0	0	0	0	415	463	
10	0	0	0	0	401	437	
11	0	0	0	0	400	457	
12	0	0	0	0	411	437	
13	0	0	0	0	428	407	
14	0	0	0	0	447	406	
15	0	0	0	0	466	415	
0	0	0	0	0	492	430	
1	0	0	0	0	515	440	
2	0	0	0	0	531	452	
3	0	0	0	0	545	442	
4	0	0	0	0	551	426	
5	0	0	0	0	551	406	
6	0	0	0	0	556	383	
7	0	0	0	0	561	351	
8	0	0	0	0	566	340	
9	0	0	0	0	567	362	
10	0	0	0	0	549	375	
11	0	0	0	0	512	370	
12	0	0	0	0	467	394	
13	0	0	0	0	424	457	
14	0	0	0	0	393	500	
15	0	0	0	0	390	475	
0	0	0	0	0	410	490	
1	0	0	0	0	432	537	
2	0	0	0	0	448	568	
3	0	0	0	0	467	626	
4	0	0	0	0	489	626	
5	0	0	0	0	517	608	
6	0	0	0	0	543	556	
7	0	0	0	0	563	463	
8	0	0	0	0	580	466	
9	0	0	0	0	592	461	
10	0	0	0	0	591	510	
11	0	0	0	0	579	578	
12	0	0	0	0	564	617	
13	0	0	0	0	551	601	
14	0	0	0	0	540	583	
15	0	0	0	0	533	578	
0	0	0	0	0	529	573	
1	0	0	0	0	520	582	
2	0	0	0	0	510	566	
3	0	0	0	0	504	560	
4	0	0	0	0	496	579	
5	0	0	0	0	487	613	
6	0	0	0	0	480	616	
7	0	0	0	0	479	614	
8	0	0	0	0	478	614	
9	0	0	0	0	479	611	
10	0	0	0	0	480	578	
11	0	0	0	0	483	507	
12	0	0	0	0	492	492	
13	0	0	0	0	505	460	
14	0	0	0	0	522	437	
15	0	0	0	0	540	416	
0	0	0	0	0	545	404	
1	0	0	0	0	540	419	
2	0	0	0	0	535	429	
3	0	0	0	0	533	414	
4	0	0	0	0	537	409	
5	0	0	0	0	542	409	
6	0	0	0	0	547	447	
7	0	0	0	0	545	502	
8	0	0	0	0	540	530	
9	0	0	0	0	527	527	
10	0	0	0	0	509	530	
11	0	0	0	0	489	537	
12	0	0	0	0	469	536	
13	0	0	0	0	458	548	
14	0	0	0	0	446	588	
15	0	0	0	0	430	616	
0	0	0	0	0	412	630	
1	0	0	0	0	396	633	
2	0	0	0	0	382	623	
3	0	0	0	0	377	590	
4	0	0	0	0	386	584	
5	0	0	0	0	414	563	
6	0	0	0	0	446	561	
7	0	0	0	0	472	569	
8	0	0	0	0	483	518	
9	0	0	0	0	485	461	
10	0	0	0	0	484	466	
11	0	0	0	0	480	445	
12	0	0	0	0	475	458	
13	0	0	0	0	463	488	
14	0	0	0	0	445	480	
15	0	0	0	0	428	500	
0	0	0	0	0	412	514	
1	0	0	0	0	394	540	
2	0	0	0	0	376	534	
3	0	0	0	0	358	529	
4	0	0	0	0	348	550	
5	0	0	0	0	347	575	
6	0	0	0	0	355	557	
7	0	0	0	0	367	537	
8	0	0	0	0	381	540	
9	0	0	0	0	395	547	
10	0	0	0	0	407	531	
11	0	0	0	0	419	523	
12	0	0	0	0	439	538	
13	0	0	0	0	464	526	
14	0	0	0	0	495	550	
15	0	0	0	0	527	551	
0	0	0	0	0	555	504	
1	0	0	0	0	572	434	
2	0	0	0	0	577	397	
3	0	0	0	0	574	423	
4	0	0	0	0	562	441	
5	0	0	0	0	542	455	
6	0	0	0	0	519	461	
7	0	0	0	0	496	429	
8	0	0	0	0	466	441	
9	0	0	0	0	430	414	
10	0	0	0	0	391	439	
11	0	0	0	0	359	480	
12	0	0	0	0	340	517	
13	0	0	0	0	331	553	
14	0	0	0	0	326	555	
15	0	0	0	0	322	539	
0	0	0	0	0	321	525	
1	0	0	0	0	326	486	
2	0	0	0	0	336	505	
3	0	0	0	0	345	538	
4	0	0	0	0	359	560	
5	0	0	0	0	380	612	
6	0	0	0	0	399	598	
7	0	0	0	0	419	606	
8	0	0	0	0	438	568	
9	0	0	0	0	456	557	
10	0	0	0	0	474	521	
11	0	0	0	0	495	522	
12	0	0	0	0	515	528	
13	0	0	0	0	531	488	
14	0	0	0	0	547	473	
15	0	0	0	0	560	481	
0	0	0	0	0	567	446	
1	0	0	0	0	575	431	
2	0	0	0	0	573	470	
3	0	0	0	0	568	483	
4	0	0	0	0	556	471	
5	0	0	0	0	549	431	
6	0	0	0	0	550	416	
7	0	0	0	0	563	403	
8	0	0	0	0	580	403	
9	0	0	0	0	596	416	
10	0	0	0	0	604	417	
11	0	0	0	0	604	378	
12	0	0	0	0	590	367	
13	0	0	0	0	564	391	
14	0	0	0	0	531	423	
15	0	0	0	0	493	449	
0	0	0	0	0	464	497	
1	0	0	0	0	439	532	
2	0	0	0	0	417	533	
3	0	0	0	0	403	543	
4	0	0	0	0	391	516	
5	0	0	0	0	394	489	
6	0	0	0	0	406	444	
7	0	0	0	0	416	435	
8	0	0	0	0	423	454	
9	0	0	0	0	428	489	
10	0	0	0	0	432	479	
11	0	0	0	0	435	525	
12	0	0	0	0	448	546	
13	0	0	0	0	473	557	
14	0	0	0	0	502	587	
15	0	0	0	0	526	613	
0	0	0	0	0	541	618	
1	0	0	0	0	548	604	
2	0	0	0	0	545	572	
3	0	0	0	0	540	560	
4	0	0	0	0	540	579	
5	0	0	0	0	532	575	
6	0	0	0	0	513	540	
7	0	0	0	0	484	511	
8	0	0	0	0	449	474	
9	0	0	0	0	410	466	
10	0	0	0	0	372	513	
11	0	0	0	0	349	550	
12	0	0	0	0	344	583	
13	0	0	0	0	351	594	
14	0	0	0	0	369	592	
15	0	0	0	0	396	595	
0	0	0	0	0	421	604	
1	0	0	0	0	444	632	
2	0	0	0	0	461	651	
3	0	0	0	0	476	660	
4	0	0	0	0	489	669	
5	0	0	0	0	508	663	
6	0	0	0	0	527	579	
7	0	0	0	0	540	521	
8	0	0	0	0	544	528	
9	0	0	0	0	538	553	
10	0	0	0	0	522	582	
11	0	0	0	0	496	584	
12	0	0	0	0	464	578	
13	0	0	0	0	431	565	
14	0	0	0	0	397	551	
15	0	0	0	0	365	577	
0	0	0	0	0	344	622	
1	0	0	0	0	335	625	
2	0	0	0	0	336	601	
3	0	0	0	0	350	606	
4	0	0	0	0	379	600	
5	0	0	0	0	419	608	
6	0	0	0	0	459	640	
7	0	0	0	0	493	629	
8	0	0	0	0	516	631	
9	0	0	0	0	528	589	
10	0	0	0	0	529	544	
11	0	0	0	0	526	524	
12	0	0	0	0	521	515	
13	0	0	0	0	517	485	
14	0	0	0	0	513	465	
15	0	0	0	0	510	478	
0	0	0	0	0	505	478	
1	0	0	0	0	503	477	
2	0	0	0	0	505	501	
3	0	0	0	0	517	535	
4	0	0	0	0	530	547	
5	0	0	0	0	537	519	
6	0	0	0	0	536	496	
7	0	0	0	0	529	499	
8	0	0	0	0	522	510	
9	0	0	0	0	515	528	
10	0	0	0	0	510	561	
11	0	0	0	0	505	587	
12	0	0	0	0	499	528	
13	0	0	0	0	494	497	
14	0	0	0	0	481	492	
15	0	0	0	0	462	486	
0	0	0	0	0	436	491	
1	0	0	0	0	404	511	
2	0	0	0	0	376	540	
3	0	0	0	0	356	529	
4	0	0	0	0	335	543	
5	0	0	0	0	317	550	
6	0	0	0	0	314	565	
7	0	0	0	0	331	555	
8	0	0	0	0	369	559	
9	0	0	0	0	418	568	
10	0	0	0	0	465	595	
11	0	0	0	0	504	614	
12	0	0	0	0	530	614	
13	0	0	0	0	552	630	
14	0	0	0	0	562	644	
15	0	0	0	0	556	612	
0	0	0	0	0	546	584	
1	0	0	0	0	535	586	
2	0	0	0	0	514	599	
3	0	0	0	0	485	628	
4	0	0	0	0	460	604	
5	0	0	0	0	442	572	
6	0	0	0	0	433	560	
7	0	0	0	0	431	536	
8	0	0	0	0	436	496	
9	0	0	0	0	439	478	
10	0	0	0	0	430	470	
11	0	0	0	0	423	495	
12	0	0	0	0	424	507	
13	0	0	0	0	433	503	
14	0	0	0	0	445	483	
15	0	0	0	0	469	468	
0	0	0	0	0	503	443	
1	0	0	0	0	533	444	
2	0	0	0	0	548	439	
3	0	0	0	0	557	449	
4	0	0	0	0	555	430	
5	0	0	0	0	550	390	
6	0	0	0	0	551	419	
7	0	0	0	0	556	448	
8	0	0	0	0	554	463	
9	0	0	0	0	541	452	
10	0	0	0	0	530	475	
11	0	0	0	0	529	543	
12	0	0	0	0	534	578	
13	0	0	0	0	540	587	
14	0	0	0	0	550	555	
15	0	0	0	0	562	513	
0	0	0	0	0	571	430	
1	0	0	0	0	577	386	
2	0	0	0	0	585	335	
3	0	0	0	0	590	319	
4	0	0	0	0	583	352	
5	0	0	0	0	572	384	
6	0	0	0	0	560	412	
7	0	0	0	0	550	464	
8	0	0	0	0	545	495	
9	0	0	0	0	547	503	
10	0	0	0	0	556	508	
11	0	0	0	0	559	503	
12	0	0	0	0	559	465	
13	0	0	0	0	555	400	
14	0	0	0	0	555	401	
15	0	0	0	0	555	431	
0	0	0	0	0	553	431	
1	0	0	0	0	547	441	
2	0	0	0	0	540	436	
3	0	0	0	0	533	411	
4	0	0	0	0	527	421	
5	0	0	0	0	517	437	
6	0	0	0	0	506	431	
7	0	0	0	0	504	452	
8	0	0	0	0	511	485	
9	0	0	0	0	519	505	
10	0	0	0	0	521	504	
11	0	0	0	0	531	497	
12	0	0	0	0	547	510	
13	0	0	0	0	557	509	
14	0	0	0	0	557	532	
15	0	0	0	0	559	559	
0	0	0	0	0	559	534	
1	0	0	0	0	552	552	
2	0	0	0	0	541	546	
3	0	0	0	0	534	544	
4	0	0	0	0	527	544	
5	0	0	0	0	524	574	
6	0	0	0	0	525	550	
7	0	0	0	0	536	516	
8	0	0	0	0	553	509	
9	0	0	0	0	569	498	
10	0	0	0	0	578	512	
11	0	0	0	0	583	521	
12	0	0	0	0	583	528	
13	0	0	0	0	588	538	
14	0	0	0	0	601	549	
15	0	0	0	0	616	579	
0	0	0	0	0	626	606	
1	0	0	0	0	627	606	
2	0	0	0	0	628	564	
3	0	0	0	0	628	507	
4	0	0	0	0	630	463	
5	0	0	0	0	622	484	
6	0	0	0	0	603	519	
7	0	0	0	0	578	546	
8	0	0	0	0	548	546	
9	0	0	0	0	510	541	
10	0	0	0	0	472	519	
11	0	0	0	0	448	548	
12	0	0	0	0	432	572	
13	0	0	0	0	438	569	
14	0	0	0	0	463	564	
15	0	0	0	0	497	541	
0	0	0	0	0	531	534	
1	0	0	0	0	551	539	
2	0	0	0	0	554	563	
3	0	0	0	0	544	573	
4	0	0	0	0	537	599	
5	0	0	0	0	529	606	
6	0	0	0	0	518	600	
7	0	0	0	0	505	603	
8	0	0	0	0	498	615	
9	0	0	0	0	495	589	
10	0	0	0	0	499	588	
11	0	0	0	0	500	621	
12	0	0	0	0	499	591	
13	0	0	0	0	492	497	
14	0	0	0	0	487	452	
15	0	0	0	0	489	472	
0	0	0	0	0	487	504	
1	0	0	0	0	484	520	
2	0	0	0	0	487	544	
3	0	0	0	0	504	580	
4	0	0	0	0	538	588	
5	0	0	0	0	573	580	
6	0	0	0	0	597	498	
7	0	0	0	0	608	470	
8	0	0	0	0	603	472	
9	0	0	0	0	587	473	
10	0	0	0	0	563	523	
11	0	0	0	0	535	552	
12	0	0	0	0	511	529	
13	0	0	0	0	495	491	
14	0	0	0	0	487	486	
15	0	0	0	0	481	507	
0	0	0	0	0	477	527	
1	0	0	0	0	468	532	
2	0	0	0	0	465	503	
3	0	0	0	0	475	496	
4	0	0	0	0	478	526	
5	0	0	0	0	466	540	
6	0	0	0	0	449	550	
7	0	0	0	0	435	553	
8	0	0	0	0	427	543	
9	0	0	0	0	422	540	
10	0	0	0	0	422	521	
11	0	0	0	0	427	522	
12	0	0	0	0	432	543	
13	0	0	0	0	443	539	
14	0	0	0	0	461	522	
15	0	0	0	0	490	499	
0	0	0	0	0	518	486	
1	0	0	0	0	544	460	
2	0	0	0	0	569	424	
3	0	0	0	0	592	425	
4	0	0	0	0	605	437	
5	0	0	0	0	618	460	
6	0	0	0	0	629	484	
7	0	0	0	0	638	470	
8	0	0	0	0	643	459	
9	0	0	0	0	651	463	
10	0	0	0	0	663	470	
11	0	0	0	0	670	491	
12	0	0	0	0	671	481	
13	0	0	0	0	667	454	
14	0	0	0	0	662	458	
15	0	0	0	0	653	460	
0	0	0	0	0	636	457	
1	0	0	0	0	611	416	
2	0	0	0	0	582	396	
3	0	0	0	0	553	371	
4	0	0	0	0	524	396	
5	0	0	0	0	509	406	
6	0	0	0	0	508	460	
7	0	0	0	0	519	532	
8	0	0	0	0	543	559	
9	0	0	0	0	579	562	
10	0	0	0	0	611	527	
11	0	0	0	0	642	483	
12	0	0	0	0	666	462	
13	0	0	0	0	677	452	
14	0	0	0	0	665	455	
15	0	0	0	0	641	455	
0	0	0	0	0	601	470	
1	0	0	0	0	553	506	
2	0	0	0	0	504	531	
3	0	0	0	0	461	551	
4	0	0	0	0	422	571	
5	0	0	0	0	389	587	
6	0	0	0	0	372	598	
7	0	0	0	0	367	578	
8	0	0	0	0	373	532	
9	0	0	0	0	391	483	
10	0	0	0	0	412	475	
11	0	0	0	0	443	515	
12	0	0	0	0	478	570	
13	0	0	0	0	506	632	
14	0	0	0	0	527	657	
15	0	0	0	0	551	662	
0	0	0	0	0	571	672	
1	0	0	0	0	579	670	
2	0	0	0	0	586	652	
3	0	0	0	0	593	654	
4	0	0	0	0	601	652	
5	0	0	0	0	604	596	
6	0	0	0	0	603	563	
7	0	0	0	0	603	517	
8	0	0	0	0	604	487	
9	0	0	0	0	608	472	
10	0	0	0	0	619	466	
11	0	0	0	0	625	422	
12	0	0	0	0	627	386	
13	0	0	0	0	624	370	
14	0	0	0	0	617	413	
15	0	0	0	0	615	452	
0	0	0	0	0	615	476	
1	0	0	0	0	623	503	
2	0	0	0	0	631	499	
3	0	0	0	0	627	467	
4	0	0	0	0	612	468	
5	0	0	0	0	588	487	
6	0	0	0	0	558	500	
7	0	0	0	0	532	543	
8	0	0	0	0	513	575	
9	0	0	0	0	499	544	
10	0	0	0	0	486	500	
11	0	0	0	0	488	480	
12	0	0	0	0	505	477	
13	0	0	0	0	524	469	
14	0	0	0	0	538	488	
15	0	0	0	0	543	519	
0	0	0	0	0	538	520	
1	0	0	0	0	519	508	
2	0	0	0	0	494	460	
3	0	0	0	0	483	426	
4	0	0	0	0	493	458	
5	0	0	0	0	509	471	
6	0	0	0	0	523	488	
7	0	0	0	0	537	531	
8	0	0	0	0	540	539	
9	0	0	0	0	533	509	
10	0	0	0	0	527	505	
11	0	0	0	0	524	503	
12	0	0	0	0	518	512	
13	0	0	0	0	507	516	
14	0	0	0	0	496	513	
15	0	0	0	0	482	503	
0	0	0	0	0	469	499	
1	0	0	0	0	453	458	
2	0	0	0	0	440	428	
3	0	0	0	0	435	449	
4	0	0	0	0	435	492	
5	0	0	0	0	440	511	
6	0	0	0	0	454	513	
7	0	0	0	0	483	496	
8	0	0	0	0	512	513	
9	0	0	0	0	532	549	
10	0	0	0	0	542	558	
11	0	0	0	0	551	534	
12	0	0	0	0	553	521	
13	0	0	0	0	557	522	
14	0	0	0	0	561	527	
15	0	0	0	0	564	525	
0	0	0	0	0	576	564	
1	0	0	0	0	586	563	
2	0	0	0	0	588	548	
3	0	0	0	0	585	550	
4	0	0	0	0	571	542	
5	0	0	0	0	557	500	
6	0	0	0	0	554	488	
7	0	0	0	0	553	477	
8	0	0	0	0	544	471	
9	0	0	0	0	526	495	
10	0	0	0	0	497	518	
11	0	0	0	0	465	526	
12	0	0	0	0	430	548	
13	0	0	0	0	402	540	
14	0	0	0	0	384	536	
15	0	0	0	0	375	541	
0	0	0	0	0	372	534	
1	0	0	0	0	376	559	
2	0	0	0	0	381	552	
3	0	0	0	0	380	529	
4	0	0	0	0	377	528	
5	0	0	0	0	370	532	
6	0	0	0	0	361	477	
7	0	0	0	0	363	469	
8	0	0	0	0	376	492	
9	0	0	0	0	395	486	
10	0	0	0	0	419	451	
11	0	0	0	0	447	445	
12	0	0	0	0	472	450	
13	0	0	0	0	492	435	
14	0	0	0	0	512	425	
15	0	0	0	0	527	423	
0	0	0	0	0	539	417	
1	0	0	0	0	552	444	
2	0	0	0	0	566	495	
3	0	0	0	0	576	475	
4	0	0	0	0	587	466	
5	0	0	0	0	598	469	
6	0	0	0	0	600	494	
7	0	0	0	0	587	521	
8	0	0	0	0	559	575	
9	0	0	0	0	528	601	
10	0	0	0	0	504	587	
11	0	0	0	0	486	593	
12	0	0	0	0	470	516	
13	0	0	0	0	473	511	
14	0	0	0	0	487	526	
15	0	0	0	0	497	538	
0	0	0	0	0	500	535	
1	0	0	0	0	495	557	
2	0	0	0	0	474	555	
3	0	0	0	0	448	521	
4	0	0	0	0	423	507	
5	0	0	0	0	406	489	
6	0	0	0	0	399	480	
7	0	0	0	0	409	494	
8	0	0	0	0	420	500	
9	0	0	0	0	423	511	
10	0	0	0	0	423	548	
11	0	0	0	0	420	576	
12	0	0	0	0	421	588	
13	0	0	0	0	423	605	
14	0	0	0	0	428	636	
15	0	0	0	0	430	669	
0	0	0	0	0	433	643	
1	0	0	0	0	440	611	
2	0	0	0	0	455	568	
3	0	0	0	0	472	556	
4	0	0	0	0	484	596	
5	0	0	0	0	486	619	
6	0	0	0	0	484	622	
7	0	0	0	0	481	604	
8	0	0	0	0	473	577	
9	0	0	0	0	468	568	
10	0	0	0	0	467	537	
11	0	0	0	0	473	559	
12	0	0	0	0	486	586	
13	0	0	0	0	490	579	
14	0	0	0	0	487	549	
15	0	0	0	0	481	529	
0	0	0	0	0	476	535	
1	0	0	0	0	472	567	
2	0	0	0	0	476	573	
3	0	0	0	0	487	601	
4	0	0	0	0	499	620	
5	0	0	0	0	501	611	
6	0	0	0	0	496	607	
7	0	0	0	0	489	593	
8	0	0	0	0	476	566	
9	0	0	0	0	457	521	
10	0	0	0	0	443	514	
11	0	0	0	0	435	537	
12	0	0	0	0	431	547	
13	0	0	0	0	423	518	
14	0	0	0	0	414	529	
15	0	0	0	0	406	526	
0	0	0	0	0	401	560	
1	0	0	0	0	399	582	
2	0	0	0	0	406	590	
3	0	0	0	0	417	582	
4	0	0	0	0	423	577	
5	0	0	0	0	418	569	
6	0	0	0	0	411	606	
7	0	0	0	0	410	603	
8	0	0	0	0	418	604	
9	0	0	0	0	434	592	
10	0	0	0	0	458	581	
11	0	0	0	0	483	547	
12	0	0	0	0	502	504	
13	0	0	0	0	519	469	
14	0	0	0	0	535	481	
15	0	0	0	0	544	524	
0	0	0	0	0	543	555	
1	0	0	0	0	535	539	
2	0	0	0	0	527	538	
3	0	0	0	0	516	567	
4	0	0	0	0	504	551	
5	0	0	0	0	489	558	
6	0	0	0	0	478	566	
7	0	0	0	0	481	538	
8	0	0	0	0	494	551	
9	0	0	0	0	511	573	
10	0	0	0	0	532	526	
11	0	0	0	0	557	472	
12	0	0	0	0	576	425	
13	0	0	0	0	581	399	
14	0	0	0	0	573	394	
15	0	0	0	0	551	410	
0	0	0	0	0	525	426	
1	0	0	0	0	504	452	
2	0	0	0	0	494	479	
3	0	0	0	0	492	465	
4	0	0	0	0	496	468	
5	0	0	0	0	504	496	
6	0	0	0	0	522	535	
7	0	0	0	0	540	567	
8	0	0	0	0	557	612	
9	0	0	0	0	568	595	
10	0	0	0	0	573	575	
11	0	0	0	0	569	557	
12	0	0	0	0	556	550	
13	0	0	0	0	542	560	
14	0	0	0	0	529	569	
15	0	0	0	0	523	550	
0	0	0	0	0	519	521	
1	0	0	0	0	513	524	
2	0	0	0	0	501	508	
3	0	0	0	0	481	493	
4	0	0	0	0	455	541	
5	0	0	0	0	430	604	
6	0	0	0	0	408	633	
7	0	0	0	0	390	601	
8	0	0	0	0	381	596	
9	0	0	0	0	391	591	
10	0	0	0	0	411	587	
11	0	0	0	0	435	575	
12	0	0	0	0	463	553	
13	0	0	0	0	491	530	
14	0	0	0	0	511	513	
15	0	0	0	0	522	452	
0	0	0	0	0	527	420	
1	0	0	0	0	524	437	
2	0	0	0	0	519	442	
3	0	0	0	0	510	446	
4	0	0	0	0	493	460	
5	0	0	0	0	474	491	
6	0	0	0	0	466	516	
7	0	0	0	0	469	537	
8	0	0	0	0	479	589	
9	0	0	0	0	491	564	
10	0	0	0	0	500	512	
11	0	0	0	0	505	470	
12	0	0	0	0	507	460	
13	0	0	0	0	506	469	
14	0	0	0	0	500	458	
15	0	0	0	0	500	462	
0	0	0	0	0	503	438	
1	0	0	0	0	514	446	
2	0	0	0	0	527	446	
3	0	0	0	0	532	433	
4	0	0	0	0	527	429	
5	0	0	0	0	517	440	
6	0	0	0	0	508	439	
7	0	0	0	0	499	457	
8	0	0	0	0	492	485	
9	0	0	0	0	487	492	
10	0	0	0	0	483	502	
11	0	0	0	0	477	496	
12	0	0	0	0	472	502	
13	0	0	0	0	469	508	
14	0	0	0	0	475	481	
15	0	0	0	0	491	454	
0	0	0	0	0	507	423	
1	0	0	0	0	519	430	
2	0	0	0	0	543	423	
3	0	0	0	0	581	384	
4	0	0	0	0	619	379	
5	0	0	0	0	645	414	
6	0	0	0	0	657	423	
7	0	0	0	0	653	437	
8	0	0	0	0	631	472	
9	0	0	0	0	595	448	
10	0	0	0	0	552	414	
11	0	0	0	0	511	407	
12	0	0	0	0	477	427	
13	0	0	0	0	450	450	
14	0	0	0	0	429	491	
15	0	0	0	0	409	560	
0	0	0	0	0	393	593	
1	0	0	0	0	383	596	
2	0	0	0	0	369	581	
3	0	0	0	0	349	535	
4	0	0	0	0	333	503	
5	0	0	0	0	323	520	
6	0	0	0	0	322	570	
7	0	0	0	0	332	624	
8	0	0	0	0	348	665	
9	0	0	0	0	369	686	
10	0	0	0	0	394	674	
11	0	0	0	0	418	641	
12	0	0	0	0	446	598	
13	0	0	0	0	470	540	
14	0	0	0	0	491	527	
15	0	0	0	0	507	502	
0	0	0	0	0	518	510	
1	0	0	0	0	524	508	
2	0	0	0	0	524	501	
3	0	0	0	0	537	496	
4	0	0	0	0	562	488	
5	0	0	0	0	586	520	
6	0	0	0	0	612	492	
7	0	0	0	0	635	478	
8	0	0	0	0	644	464	
9	0	0	0	0	641	491	
10	0	0	0	0	634	488	
11	0	0	0	0	613	513	
12	0	0	0	0	579	487	
13	0	0	0	0	540	466	
14	0	0	0	0	509	499	
15	0	0	0	0	475	534	
0	0	0	0	0	445	574	
1	0	0	0	0	418	604	
2	0	0	0	0	398	638	
3	0	0	0	0	400	652	
4	0	0	0	0	421	657	
5	0	0	0	0	448	607	
6	0	0	0	0	475	580	
7	0	0	0	0	493	537	
8	0	0	0	0	497	533	
9	0	0	0	0	492	493	
10	0	0	0	0	483	480	
11	0	0	0	0	471	451	
12	0	0	0	0	456	463	
13	0	0	0	0	446	494	
14	0	0	0	0	439	529	
15	0	0	0	0	431	550	
0	0	0	0	0	423	541	
1	0	0	0	0	424	547	
2	0	0	0	0	436	576	
3	0	0	0	0	463	595	
4	0	0	0	0	502	608	
5	0	0	0	0	544	638	
6	0	0	0	0	584	639	
7	0	0	0	0	618	604	
8	0	0	0	0	645	589	
9	0	0	0	0	674	543	
10	0	0	0	0	699	524	
11	0	0	0	0	710	505	
12	0	0	0	0	708	470	
13	0	0	0	0	692	435	
14	0	0	0	0	661	424	
15	0	0	0	0	620	424	
0	0	0	0	0	578	432	
1	0	0	0	0	542	448	
2	0	0	0	0	509	479	
3	0	0	0	0	481	469	
4	0	0	0	0	457	467	
5	0	0	0	0	435	451	
6	0	0	0	0	415	454	
7	0	0	0	0	404	451	
8	0	0	0	0	402	430	
9	0	0	0	0	406	456	
10	0	0	0	0	421	478	
11	0	0	0	0	440	480	
12	0	0	0	0	459	500	
13	0	0	0	0	483	485	
14	0	0	0	0	501	476	
15	0	0	0	0	512	465	
0	0	0	0	0	517	489	
1	0	0	0	0	511	505	
2	0	0	0	0	503	499	
3	0	0	0	0	504	471	
4	0	0	0	0	517	444	
5	0	0	0	0	542	383	
6	0	0	0	0	578	364	
7	0	0	0	0	615	332	
8	0	0	0	0	647	362	
9	0	0	0	0	671	387	
10	0	0	0	0	686	370	
11	0	0	0	0	698	333	
12	0	0	0	0	708	334	
13	0	0	0	0	704	375	
14	0	0	0	0	681	409	
15	0	0	0	0	643	421	
0	0	0	0	0	588	416	
1	0	0	0	0	533	434	
2	0	0	0	0	483	428	
3	0	0	0	0	448	454	
4	0	0	0	0	440	487	
5	0	0	0	0	450	523	
6	0	0	0	0	465	563	
7	0	0	0	0	478	571	
8	0	0	0	0	471	551	
9	0	0	0	0	444	559	
10	0	0	0	0	410	582	
11	0	0	0	0	380	623	
12	0	0	0	0	360	638	
13	0	0	0	0	352	643	
14	0	0	0	0	347	656	
15	0	0	0	0	335	662	
0	0	0	0	0	325	656	
1	0	0	0	0	314	662	
2	0	0	0	0	313	653	
3	0	0	0	0	323	638	
4	0	0	0	0	337	628	
5	0	0	0	0	350	638	
6	0	0	0	0	363	631	
7	0	0	0	0	373	628	
8	0	0	0	0	383	575	
9	0	0	0	0	393	567	
10	0	0	0	0	411	563	
11	0	0	0	0	435	552	
12	0	0	0	0	462	520	
13	0	0	0	0	493	512	
14	0	0	0	0	519	523	
15	0	0	0	0	540	552	
0	0	0	0	0	555	565	
1	0	0	0	0	566	596	
2	0	0	0	0	568	591	
3	0	0	0	0	568	579	
4	0	0	0	0	563	551	
5	0	0	0	0	557	559	
6	0	0	0	0	549	535	
7	0	0	0	0	545	529	
8	0	0	0	0	540	536	
9	0	0	0	0	540	553	
10	0	0	0	0	549	542	
11	0	0	0	0	568	508	
12	0	0	0	0	597	468	
13	0	0	0	0	623	437	
14	0	0	0	0	638	435	
15	0	0	0	0	639	458	
0	0	0	0	0	634	481	
1	0	0	0	0	626	503	
2	0	0	0	0	605	492	
3	0	0	0	0	579	502	
4	0	0	0	0	546	525	
5	0	0	0	0	510	529	
6	0	0	0	0	483	502	
7	0	0	0	0	460	496	
8	0	0	0	0	454	493	
9	0	0	0	0	460	495	
10	0	0	0	0	463	519	
11	0	0	0	0	455	524	
12	0	0	0	0	445	537	
13	0	0	0	0	433	577	
14	0	0	0	0	427	578	
15	0	0	0	0	429	568	
0	0	0	0	0	440	592	
1	0	0	0	0	455	627	
2	0	0	0	0	467	607	
3	0	0	0	0	479	549	
4	0	0	0	0	490	547	
5	0	0	0	0	500	558	
6	0	0	0	0	510	563	
7	0	0	0	0	513	517	
8	0	0	0	0	507	483	
9	0	0	0	0	491	474	
10	0	0	0	0	476	520	
11	0	0	0	0	463	521	
12	0	0	0	0	455	517	
13	0	0	0	0	447	510	
14	0	0	0	0	447	492	
15	0	0	0	0	460	480	
0	0	0	0	0	477	469	
1	0	0	0	0	491	473	
2	0	0	0	0	502	502	
3	0	0	0	0	516	540	
4	0	0	0	0	536	526	
5	0	0	0	0	559	519	
6	0	0	0	0	580	531	
7	0	0	0	0	594	579	
8	0	0	0	0	598	587	
9	0	0	0	0	593	535	
10	0	0	0	0	585	549	
11	0	0	0	0	576	500	
12	0	0	0	0	571	477	
13	0	0	0	0	567	469	
14	0	0	0	0	560	452	
15	0	0	0	0	554	424	
0	0	0	0	0	549	353	
1	0	0	0	0	544	275	
2	0	0	0	0	542	216	
3	0	0	0	0	543	197	
4	0	0	0	0	552	259	
5	0	0	0	0	562	265	
6	0	0	0	0	574	281	
7	0	0	0	0	583	283	
8	0	0	0	0	588	349	
9	0	0	0	0	578	368	
10	0	0	0	0	553	403	
11	0	0	0	0	521	414	
12	0	0	0	0	481	402	
13	0	0	0	0	440	386	
14	0	0	0	0	404	416	
15	0	0	0	0	373	419	
0	0	0	0	0	351	435	
1	0	0	0	0	338	435	
2	0	0	0	0	339	467	
3	0	0	0	0	357	538	
4	0	0	0	0	381	579	
5	0	0	0	0	410	621	
6	0	0	0	0	442	640	
7	0	0	0	0	470	631	
8	0	0	0	0	499	623	
9	0	0	0	0	539	554	
10	0	0	0	0	575	529	
11	0	0	0	0	599	517	
12	0	0	0	0	605	517	
13	0	0	0	0	600	524	
14	0	0	0	0	588	518	
15	0	0	0	0	577	538	
0	0	0	0	0	562	537	
1	0	0	0	0	549	509	
2	0	0	0	0	542	462	
3	0	0	0	0	542	475	
4	0	0	0	0	540	498	
5	0	0	0	0	534	519	
6	0	0	0	0	524	512	
7	0	0	0	0	500	520	
8	0	0	0	0	471	546	
9	0	0	0	0	435	585	
10	0	0	0	0	399	634	
11	0	0	0	0	367	634	
12	0	0	0	0	348	617	
13	0	0	0	0	338	614	
14	0	0	0	0	336	607	
15	0	0	0	0	337	599	
0	0	0	0	0	335	582	
1	0	0	0	0	336	555	
2	0	0	0	0	341	553	
3	0	0	0	0	347	578	
4	0	0	0	0	345	596	
5	0	0	0	0	338	591	
6	0	0	0	0	334	565	
7	0	0	0	0	341	604	
8	0	0	0	0	362	599	
9	0	0	0	0	401	541	
10	0	0	0	0	462	492	
11	0	0	0	0	520	446	
12	0	0	0	0	558	436	
13	0	0	0	0	577	424	
14	0	0	0	0	590	427	
15	0	0	0	0	597	436	
0	0	0	0	0	603	430	
1	0	0	0	0	608	418	
2	0	0	0	0	608	423	
3	0	0	0	0	608	384	
4	0	0	0	0	604	424	
5	0	0	0	0	594	426	
6	0	0	0	0	575	440	
7	0	0	0	0	555	485	
8	0	0	0	0	539	524	
9	0	0	0	0	524	497	
10	0	0	0	0	511	476	
11	0	0	0	0	507	489	
12	0	0	0	0	516	530	
13	0	0	0	0	532	509	
14	0	0	0	0	548	459	
15	0	0	0	0	568	406	
0	0	0	0	0	587	390	
1	0	0	0	0	595	401	
2	0	0	0	0	603	439	
3	0	0	0	0	617	489	
4	0	0	0	0	631	461	
5	0	0	0	0	628	472	
6	0	0	0	0	617	494	
7	0	0	0	0	599	502	
8	0	0	0	0	576	481	
9	0	0	0	0	557	457	
10	0	0	0	0	536	446	
11	0	0	0	0	514	447	
12	0	0	0	0	491	473	
13	0	0	0	0	476	503	
14	0	0	0	0	464	504	
15	0	0	0	0	449	518	
0	0	0	0	0	431	530	
1	0	0	0	0	408	540	
2	0	0	0	0	387	578	
3	0	0	0	0	371	583	
4	0	0	0	0	366	558	
5	0	0	0	0	373	564	
6	0	0	0	0	394	576	
7	0	0	0	0	425	578	
8	0	0	0	0	455	577	
9	0	0	0	0	482	563	
10	0	0	0	0	504	538	
11	0	0	0	0	523	523	
12	0	0	0	0	530	514	
13	0	0	0	0	527	493	
14	0	0	0	0	524	516	
15	0	0	0	0	520	551	
0	0	0	0	0	511	584	
1	0	0	0	0	496	572	
2	0	0	0	0	479	583	
3	0	0	0	0	475	556	
4	0	0	0	0	487	557	
5	0	0	0	0	508	536	
6	0	0	0	0	531	540	
7	0	0	0	0	552	518	
8	0	0	0	0	568	501	
9	0	0	0	0	583	505	
10	0	0	0	0	594	514	
11	0	0	0	0	593	520	
12	0	0	0	0	579	511	
13	0	0	0	0	561	496	
14	0	0	0	0	540	472	
15	0	0	0	0	515	458	
0	0	0	0	0	497	465	
1	0	0	0	0	500	491	
2	0	0	0	0	509	503	
3	0	0	0	0	505	505	
4	0	0	0	0	495	497	
5	0	0	0	0	484	496	
6	0	0	0	0	479	488	
7	0	0	0	0	478	522	
8	0	0	0	0	480	568	
9	0	0	0	0	487	579	
10	0	0	0	0	495	563	
11	0	0	0	0	499	553	
12	0	0	0	0	497	533	
13	0	0	0	0	487	509	
14	0	0	0	0	472	494	
15	0	0	0	0	448	489	
0	0	0	0	0	428	503	
1	0	0	0	0	422	529	
2	0	0	0	0	441	554	
3	0	0	0	0	474	538	
4	0	0	0	0	504	559	
5	0	0	0	0	524	574	
6	0	0	0	0	538	612	
7	0	0	0	0	547	641	
8	0	0	0	0	548	640	
9	0	0	0	0	545	667	
10	0	0	0	0	540	689	
11	0	0	0	0	525	684	
12	0	0	0	0	506	657	
13	0	0	0	0	491	643	
14	0	0	0	0	477	616	
15	0	0	0	0	469	542	
0	0	0	0	0	460	501	
1	0	0	0	0	456	460	
2	0	0	0	0	454	432	
3	0	0	0	0	452	414	
4	0	0	0	0	450	461	
5	0	0	0	0	454	501	
6	0	0	0	0	464	511	
7	0	0	0	0	482	549	
8	0	0	0	0	508	553	
9	0	0	0	0	527	569	
10	0	0	0	0	540	585	
11	0	0	0	0	543	564	
12	0	0	0	0	535	494	
13	0	0	0	0	516	497	
14	0	0	0	0	490	489	
15	0	0	0	0	465	485	
0	0	0	0	0	446	496	
1	0	0	0	0	437	504	
2	0	0	0	0	429	532	
3	0	0	0	0	420	528	
4	0	0	0	0	401	536	
5	0	0	0	0	375	546	
6	0	0	0	0	350	562	
7	0	0	0	0	328	588	
8	0	0	0	0	317	650	
9	0	0	0	0	324	643	
10	0	0	0	0	347	628	
11	0	0	0	0	380	606	
12	0	0	0	0	424	579	
13	0	0	0	0	475	542	
14	0	0	0	0	521	522	
15	0	0	0	0	563	514	
0	0	0	0	0	595	508	
1	0	0	0	0	616	527	
2	0	0	0	0	634	545	
3	0	0	0	0	643	511	
4	0	0	0	0	639	471	
5	0	0	0	0	620	416	
6	0	0	0	0	591	419	
7	0	0	0	0	558	432	
8	0	0	0	0	533	448	
9	0	0	0	0	529	451	
10	0	0	0	0	541	432	
11	0	0	0	0	555	453	
12	0	0	0	0	568	503	
13	0	0	0	0	589	545	
14	0	0	0	0	608	546	
15	0	0	0	0	608	520	
0	0	0	0	0	591	480	
1	0	0	0	0	571	448	
2	0	0	0	0	553	454	
3	0	0	0	0	539	496	
4	0	0	0	0	525	497	
5	0	0	0	0	511	496	
6	0	0	0	0	494	500	
7	0	0	0	0	480	515	
8	0	0	0	0	463	531	
9	0	0	0	0	440	522	
10	0	0	0	0	424	522	
11	0	0	0	0	423	537	
12	0	0	0	0	433	557	
13	0	0	0	0	450	569	
14	0	0	0	0	474	575	
15	0	0	0	0	500	580	
0	0	0	0	0	527	575	
1	0	0	0	0	548	557	
2	0	0	0	0	566	498	
3	0	0	0	0	580	439	
4	0	0	0	0	584	401	
5	0	0	0	0	576	390	
6	0	0	0	0	559	401	
7	0	0	0	0	530	432	
8	0	0	0	0	499	463	
9	0	0	0	0	476	507	
10	0	0	0	0	463	539	
11	0	0	0	0	460	545	
12	0	0	0	0	467	548	
13	0	0	0	0	476	585	
14	0	0	0	0	476	583	
15	0	0	0	0	474	585	
0	0	0	0	0	476	588	
1	0	0	0	0	480	608	
2	0	0	0	0	485	625	
3	0	0	0	0	488	627	
4	0	0	0	0	496	649	
5	0	0	0	0	505	669	
6	0	0	0	0	510	655	
7	0	0	0	0	515	582	
8	0	0	0	0	515	530	
9	0	0	0	0	514	475	
10	0	0	0	0	504	440	
11	0	0	0	0	483	427	
12	0	0	0	0	455	439	
13	0	0	0	0	426	476	
14	0	0	0	0	402	489	
15	0	0	0	0	396	513	
0	0	0	0	0	409	514	
1	0	0	0	0	434	499	
2	0	0	0	0	454	489	
3	0	0	0	0	466	475	
4	0	0	0	0	477	451	
5	0	0	0	0	491	457	
6	0	0	0	0	508	464	
7	0	0	0	0	528	448	
8	0	0	0	0	553	440	
9	0	0	0	0	582	422	
10	0	0	0	0	604	420	
11	0	0	0	0	621	460	
12	0	0	0	0	633	492	
13	0	0	0	0	646	505	
14	0	0	0	0	648	495	
15	0	0	0	0	643	491	
0	0	0	0	0	627	524	
1	0	0	0	0	601	537	
2	0	0	0	0	574	521	
3	0	0	0	0	551	533	
4	0	0	0	0	537	519	
5	0	0	0	0	533	464	
6	0	0	0	0	529	456	
7	0	0	0	0	515	447	
8	0	0	0	0	496	479	
9	0	0	0	0	479	503	
10	0	0	0	0	463	519	
11	0	0	0	0	451	512	
12	0	0	0	0	446	541	
13	0	0	0	0	452	572	
14	0	0	0	0	472	574	
15	0	0	0	0	501	569	
0	0	0	0	0	528	552	
1	0	0	0	0	548	524	
2	0	0	0	0	572	487	
3	0	0	0	0	595	441	
4	0	0	0	0	622	443	
5	0	0	0	0	655	455	
6	0	0	0	0	689	442	
7	0	0	0	0	718	391	
8	0	0	0	0	729	344	
9	0	0	0	0	718	298	
10	0	0	0	0	687	312	
11	0	0	0	0	648	329	
12	0	0	0	0	631	370	
13	0	0	0	0	623	379	
14	0	0	0	0	613	394	
15	0	0	0	0	593	419	
0	0	0	0	0	567	431	
1	0	0	0	0	542	458	
2	0	0	0	0	513	478	
3	0	0	0	0	485	502	
4	0	0	0	0	462	502	
5	0	0	0	0	443	528	
6	0	0	0	0	429	543	
7	0	0	0	0	418	548	
8	0	0	0	0	404	563	
9	0	0	0	0	396	567	
10	0	0	0	0	396	576	
11	0	0	0	0	404	586	
12	0	0	0	0	418	576	
13	0	0	0	0	437	565	
14	0	0	0	0	461	549	
15	0	0	0	0	491	547	
0	0	0	0	0	527	526	
1	0	0	0	0	561	477	
2	0	0	0	0	588	453	
3	0	0	0	0	615	431	
4	0	0	0	0	647	436	
5	0	0	0	0	678	447	
6	0	0	0	0	701	460	
7	0	0	0	0	717	443	
8	0	0	0	0	731	398	
9	0	0	0	0	754	419	
10	0	0	0	0	787	450	
11	0	0	0	0	819	483	
12	0	0	0	0	849	476	
13	0	0	0	0	879	411	
14	0	0	0	0	900	348	
15	0	0	0	0	898	321	
0	0	0	0	0	865	326	
1	0	0	0	0	816	317	
2	0	0	0	0	763	359	
3	0	0	0	0	708	414	
4	0	0	0	0	658	458	
5	0	0	0	0	608	536	
6	0	0	0	0	566	593	
7	0	0	0	0	533	630	
8	0	0	0	0	507	649	
9	0	0	0	0	479	606	
10	0	0	0	0	455	563	
11	0	0	0	0	435	529	
12	0	0	0	0	420	531	
13	0	0	0	0	410	494	
14	0	0	0	0	404	519	
15	0	0	0	0	407	546	
0	0	0	0	0	423	584	
1	0	0	0	0	452	603	
2	0	0	0	0	486	611	
3	0	0	0	0	511	582	
4	0	0	0	0	528	537	
5	0	0	0	0	542	464	
6	0	0	0	0	545	408	
7	0	0	0	0	551	401	
8	0	0	0	0	570	396	
9	0	0	0	0	598	422	
10	0	0	0	0	636	417	
11	0	0	0	0	669	409	
12	0	0	0	0	686	393	
13	0	0	0	0	686	360	
14	0	0	0	0	679	359	
15	0	0	0	0	675	374	
0	0	0	0	0	671	382	
1	0	0	0	0	661	382	
2	0	0	0	0	642	379	
3	0	0	0	0	615	393	
4	0	0	0	0	587	457	
5	0	0	0	0	558	521	
6	0	0	0	0	533	565	
7	0	0	0	0	519	600	
8	0	0	0	0	514	583	
9	0	0	0	0	515	572	
10	0	0	0	0	521	540	
11	0	0	0	0	531	516	
12	0	0	0	0	544	476	
13	0	0	0	0	568	455	
14	0	0	0	0	599	492	
15	0	0	0	0	630	505	
0	0	0	0	0	670	498	
1	0	0	0	0	715	451	
2	0	0	0	0	754	450	
3	0	0	0	0	779	432	
4	0	0	0	0	795	404	
5	0	0	0	0	795	392	
6	0	0	0	0	772	387	
7	0	0	0	0	731	433	
8	0	0	0	0	675	476	
9	0	0	0	0	615	489	
10	0	0	0	0	559	484	
11	0	0	0	0	512	513	
12	0	0	0	0	481	542	
13	0	0	0	0	470	536	
14	0	0	0	0	472	532	
15	0	0	0	0	476	509	
0	0	0	0	0	478	507	
1	0	0	0	0	487	530	
2	0	0	0	0	493	557	
3	0	0	0	0	487	566	
4	0	0	0	0	474	552	
5	0	0	0	0	452	550	
6	0	0	0	0	422	547	
7	0	0	0	0	390	568	
8	0	0	0	0	368	598	
9	0	0	0	0	355	563	
10	0	0	0	0	349	576	
11	0	0	0	0	347	605	
12	0	0	0	0	353	582	
13	0	0	0	0	364	579	
14	0	0	0	0	378	609	
15	0	0	0	0	393	616	
0	0	0	0	0	411	606	
1	0	0	0	0	427	618	
2	0	0	0	0	449	579	
3	0	0	0	0	475	545	
4	0	0	0	0	495	551	
5	0	0	0	0	510	564	
6	0	0	0	0	514	588	
7	0	0	0	0	510	611	
8	0	0	0	0	502	597	
9	0	0	0	0	497	582	
10	0	0	0	0	497	542	
11	0	0	0	0	516	542	
12	0	0	0	0	537	505	
13	0	0	0	0	552	485	
14	0	0	0	0	557	502	
15	0	0	0	0	553	487	
0	0	0	0	0	541	467	
1	0	0	0	0	525	450	
2	0	0	0	0	509	478	
3	0	0	0	0	503	508	
4	0	0	0	0	511	508	
5	0	0	0	0	536	493	
6	0	0	0	0	556	482	
7	0	0	0	0	556	459	
8	0	0	0	0	540	463	
9	0	0	0	0	515	496	
10	0	0	0	0	487	516	
11	0	0	0	0	464	554	
12	0	0	0	0	440	600	
13	0	0	0	0	416	647	
14	0	0	0	0	398	669	
15	0	0	0	0	381	662	
0	0	0	0	0	363	646	
1	0	0	0	0	346	619	
2	0	0	0	0	338	615	
3	0	0	0	0	341	619	
4	0	0	0	0	353	597	
5	0	0	0	0	375	590	
6	0	0	0	0	395	559	
7	0	0	0	0	407	528	
8	0	0	0	0	405	528	
9	0	0	0	0	393	565	
10	0	0	0	0	383	582	
11	0	0	0	0	376	587	
12	0	0	0	0	366	571	
13	0	0	0	0	356	537	
14	0	0	0	0	348	544	
15	0	0	0	0	344	567	
0	0	0	0	0	351	587	
1	0	0	0	0	367	552	
2	0	0	0	0	389	554	
3	0	0	0	0	414	553	
4	0	0	0	0	446	508	
5	0	0	0	0	488	460	
6	0	0	0	0	536	451	
7	0	0	0	0	583	459	
8	0	0	0	0	621	466	
9	0	0	0	0	640	475	
10	0	0	0	0	654	449	
11	0	0	0	0	658	429	
12	0	0	0	0	655	423	
13	0	0	0	0	633	392	
14	0	0	0	0	600	403	
15	0	0	0	0	564	434	
0	0	0	0	0	529	457	
1	0	0	0	0	505	480	
2	0	0	0	0	494	471	
3	0	0	0	0	487	480	
4	0	0	0	0	479	460	
5	0	0	0	0	477	498	
6	0	0	0	0	475	514	
7	0	0	0	0	470	510	
8	0	0	0	0	462	536	
9	0	0	0	0	446	537	
10	0	0	0	0	430	550	
11	0	0	0	0	416	567	
12	0	0	0	0	408	591	
13	0	0	0	0	399	569	
14	0	0	0	0	397	563	
15	0	0	0	0	408	558	
0	0	0	0	0	433	523	
1	0	0	0	0	469	503	
2	0	0	0	0	504	507	
3	0	0	0	0	521	533	
4	0	0	0	0	522	538	
5	0	0	0	0	509	465	
6	0	0	0	0	504	404	
7	0	0	0	0	504	406	
8	0	0	0	0	503	430	
9	0	0	0	0	505	450	
10	0	0	0	0	514	520	
11	0	0	0	0	520	555	
12	0	0	0	0	518	529	
13	0	0	0	0	503	460	
14	0	0	0	0	477	421	
15	0	0	0	0	452	418	
0	0	0	0	0	437	440	
1	0	0	0	0	433	413	
2	0	0	0	0	440	428	
3	0	0	0	0	457	459	
4	0	0	0	0	487	519	
5	0	0	0	0	525	515	
6	0	0	0	0	561	525	
7	0	0	0	0	579	500	
8	0	0	0	0	577	494	
9	0	0	0	0	554	507	
10	0	0	0	0	523	480	
11	0	0	0	0	495	461	
12	0	0	0	0	476	473	
13	0	0	0	0	460	495	
14	0	0	0	0	442	527	
15	0	0	0	0	421	580	
0	0	0	0	0	411	578	
1	0	0	0	0	413	552	
2	0	0	0	0	424	573	
3	0	0	0	0	439	530	
4	0	0	0	0	451	465	
5	0	0	0	0	459	447	
6	0	0	0	0	462	415	
7	0	0	0	0	465	424	
8	0	0	0	0	462	473	
9	0	0	0	0	463	544	
10	0	0	0	0	472	581	
11	0	0	0	0	486	582	
12	0	0	0	0	502	553	
13	0	0	0	0	518	505	
14	0	0	0	0	536	480	
15	0	0	0	0	553	478	
0	0	0	0	0	575	510	
1	0	0	0	0	593	536	
2	0	0	0	0	599	517	
3	0	0	0	0	596	504	
4	0	0	0	0	588	536	
5	0	0	0	0	583	563	
6	0	0	0	0	579	543	
7	0	0	0	0	571	508	
8	0	0	0	0	575	524	
9	0	0	0	0	584	519	
10	0	0	0	0	586	527	
11	0	0	0	0	579	565	
12	0	0	0	0	573	608	
13	0	0	0	0	567	607	
14	0	0	0	0	557	578	
15	0	0	0	0	531	535	
0	0	0	0	0	496	497	
1	0	0	0	0	462	472	
2	0	0	0	0	440	479	
3	0	0	0	0	423	487	
4	0	0	0	0	422	455	
5	0	0	0	0	434	453	
6	0	0	0	0	449	512	
7	0	0	0	0	454	548	
8	0	0	0	0	453	600	
9	0	0	0	0	451	625	
10	0	0	0	0	449	630	
11	0	0	0	0	444	609	
12	0	0	0	0	438	585	
13	0	0	0	0	437	549	
14	0	0	0	0	441	570	
15	0	0	0	0	451	601	
0	0	0	0	0	467	628	
1	0	0	0	0	486	657	
2	0	0	0	0	498	653	
3	0	0	0	0	502	614	
4	0	0	0	0	497	540	
5	0	0	0	0	493	489	
6	0	0	0	0	489	460	
7	0	0	0	0	491	468	
8	0	0	0	0	497	489	
9	0	0	0	0	497	527	
10	0	0	0	0	493	564	
11	0	0	0	0	491	572	
12	0	0	0	0	497	585	
13	0	0	0	0	510	604	
14	0	0	0	0	524	619	
15	0	0	0	0	536	604	
0	0	0	0	0	546	629	
1	0	0	0	0	555	625	
2	0	0	0	0	569	626	
3	0	0	0	0	597	605	
4	0	0	0	0	627	555	
5	0	0	0	0	659	540	
6	0	0	0	0	687	551	
7	0	0	0	0	705	578	
8	0	0	0	0	719	568	
9	0	0	0	0	724	552	
10	0	0	0	0	715	524	
11	0	0	0	0	692	486	
12	0	0	0	0	668	460	
13	0	0	0	0	654	438	
14	0	0	0	0	634	424	
15	0	0	0	0	613	390	
0	0	0	0	0	603	385	
1	0	0	0	0	600	392	
2	0	0	0	0	600	415	
3	0	0	0	0	595	413	
4	0	0	0	0	587	422	
5	0	0	0	0	568	488	
6	0	0	0	0	547	492	
7	0	0	0	0	537	438	
8	0	0	0	0	546	393	
9	0	0	0	0	559	369	
10	0	0	0	0	558	320	
11	0	0	0	0	550	325	
12	0	0	0	0	548	406	
13	0	0	0	0	552	482	
14	0	0	0	0	561	537	
15	0	0	0	0	569	524	
0	0	0	0	0	584	491	
1	0	0	0	0	608	455	
2	0	0	0	0	633	428	
3	0	0	0	0	657	414	
4	0	0	0	0	685	384	
5	0	0	0	0	715	420	
6	0	0	0	0	740	416	
7	0	0	0	0	765	433	
8	0	0	0	0	781	438	
9	0	0	0	0	794	451	
10	0	0	0	0	801	376	
11	0	0	0	0	801	343	
12	0	0	0	0	800	361	
13	0	0	0	0	799	400	
14	0	0	0	0	799	421	
15	0	0	0	0	798	445	
0	0	0	0	0	795	487	
1	0	0	0	0	788	478	
2	0	0	0	0	779	463	
3	0	0	0	0	774	460	
4	0	0	0	0	767	497	
5	0	0	0	0	764	529	
6	0	0	0	0	762	546	
7	0	0	0	0	751	504	
8	0	0	0	0	734	511	
9	0	0	0	0	720	487	
10	0	0	0	0	707	469	
11	0	0	0	0	694	432	
12	0	0	0	0	672	419	
13	0	0	0	0	639	453	
14	0	0	0	0	592	467	
15	0	0	0	0	546	462	
0	0	0	0	0	509	475	
1	0	0	0	0	485	489	
2	0	0	0	0	477	526	
3	0	0	0	0	477	551	
4	0	0	0	0	492	575	
5	0	0	0	0	523	594	
6	0	0	0	0	567	546	
7	0	0	0	0	618	494	
8	0	0	0	0	668	464	
9	0	0	0	0	718	478	
10	0	0	0	0	756	497	
11	0	0	0	0	783	500	
12	0	0	0	0	794	487	
13	0	0	0	0	780	487	
14	0	0	0	0	744	492	
15	0	0	0	0	691	461	
0	0	0	0	0	622	454	
1	0	0	0	0	563	479	
2	0	0	0	0	524	512	
3	0	0	0	0	499	526	
4	0	0	0	0	489	570	
5	0	0	0	0	503	566	
6	0	0	0	0	528	569	
7	0	0	0	0	556	584	
8	0	0	0	0	581	543	
9	0	0	0	0	595	512	
10	0	0	0	0	603	521	
11	0	0	0	0	611	506	
12	0	0	0	0	614	536	
13	0	0	0	0	610	567	
14	0	0	0	0	604	562	
15	0	0	0	0	601	536	
0	0	0	0	0	602	491	
1	0	0	0	0	608	426	
2	0	0	0	0	617	401	
3	0	0	0	0	627	395	
4	0	0	0	0	639	441	
5	0	0	0	0	659	448	
6	0	0	0	0	677	444	
7	0	0	0	0	688	468	
8	0	0	0	0	693	506	
9	0	0	0	0	689	491	
10	0	0	0	0	686	484	
11	0	0	0	0	669	438	
12	0	0	0	0	649	394	
13	0	0	0	0	630	386	
14	0	0	0	0	612	408	
15	0	0	0	0	606	438	
0	0	0	0	0	607	454	
1	0	0	0	0	610	476	
2	0	0	0	0	605	489	
3	0	0	0	0	588	469	
4	0	0	0	0	568	479	
5	0	0	0	0	546	460	
6	0	0	0	0	523	422	
7	0	0	0	0	501	435	
8	0	0	0	0	479	488	
9	0	0	0	0	463	552	
10	0	0	0	0	450	589	
11	0	0	0	0	449	584	
12	0	0	0	0	455	578	
13	0	0	0	0	469	568	
14	0	0	0	0	495	518	
15	0	0	0	0	524	508	
0	0	0	0	0	548	550	
1	0	0	0	0	563	556	
2	0	0	0	0	572	549	
3	0	0	0	0	582	567	
4	0	0	0	0	593	581	
5	0	0	0	0	605	587	
6	0	0	0	0	611	584	
7	0	0	0	0	608	577	
8	0	0	0	0	598	534	
9	0	0	0	0	582	495	
10	0	0	0	0	569	516	
11	0	0	0	0	553	496	
12	0	0	0	0	543	469	
13	0	0	0	0	536	461	
14	0	0	0	0	531	465	
15	0	0	0	0	527	451	
0	0	0	0	0	526	460	
1	0	0	0	0	522	484	
2	0	0	0	0	513	496	
3	0	0	0	0	505	511	
4	0	0	0	0	502	510	
5	0	0	0	0	506	483	
6	0	0	0	0	515	512	
7	0	0	0	0	524	532	
8	0	0	0	0	535	513	
9	0	0	0	0	548	515	
10	0	0	0	0	560	517	
11	0	0	0	0	568	521	
12	0	0	0	0	572	563	
13	0	0	0	0	569	585	
14	0	0	0	0	565	614	
15	0	0	0	0	555	601	
0	0	0	0	0	547	587	
1	0	0	0	0	539	585	
2	0	0	0	0	531	612	
3	0	0	0	0	524	583	
4	0	0	0	0	518	575	
5	0	0	0	0	513	557	
6	0	0	0	0	510	536	
7	0	0	0	0	509	561	
8	0	0	0	0	513	575	
9	0	0	0	0	512	567	
10	0	0	0	0	508	531	
11	0	0	0	0	505	503	
12	0	0	0	0	502	466	
13	0	0	0	0	502	465	
14	0	0	0	0	512	476	
15	0	0	0	0	531	523	
0	0	0	0	0	553	568	
1	0	0	0	0	575	572	
2	0	0	0	0	602	536	
3	0	0	0	0	649	497	
4	0	0	0	0	696	465	
5	0	0	0	0	736	419	
6	0	0	0	0	760	388	
7	0	0	0	0	764	380	
8	0	0	0	0	760	377	
9	0	0	0	0	758	403	
10	0	0	0	0	743	406	
11	0	0	0	0	716	436	
12	0	0	0	0	682	443	
13	0	0	0	0	641	439	
14	0	0	0	0	600	461	
15	0	0	0	0	571	513	
0	0	0	0	0	555	547	
1	0	0	0	0	545	589	
2	0	0	0	0	542	570	
3	0	0	0	0	540	545	
4	0	0	0	0	537	536	
5	0	0	0	0	530	556	
6	0	0	0	0	522	574	
7	0	0	0	0	510	566	
8	0	0	0	0	501	566	
9	0	0	0	0	499	568	
10	0	0	0	0	502	548	
11	0	0	0	0	519	589	
12	0	0	0	0	543	624	
13	0	0	0	0	569	611	
14	0	0	0	0	588	592	
15	0	0	0	0	594	567	
0	0	0	0	0	597	563	
1	0	0	0	0	602	579	
2	0	0	0	0	605	563	
3	0	0	0	0	611	542	
4	0	0	0	0	624	511	
5	0	0	0	0	651	489	
6	0	0	0	0	686	491	
7	0	0	0	0	719	494	
8	0	0	0	0	741	524	
9	0	0	0	0	740	502	
10	0	0	0	0	724	499	
11	0	0	0	0	696	516	
12	0	0	0	0	657	484	
13	0	0	0	0	615	462	
14	0	0	0	0	571	485	
15	0	0	0	0	528	561	
0	0	0	0	0	492	549	
1	0	0	0	0	464	527	
2	0	0	0	0	439	527	
3	0	0	0	0	420	590	
4	0	0	0	0	403	603	
5	0	0	0	0	388	604	
6	0	0	0	0	374	598	
7	0	0	0	0	365	590	
8	0	0	0	0	355	576	
9	0	0	0	0	344	592	
10	0	0	0	0	331	614	
11	0	0	0	0	327	615	
12	0	0	0	0	329	646	
13	0	0	0	0	335	647	
14	0	0	0	0	347	653	
15	0	0	0	0	361	653	
0	0	0	0	0	376	625	
1	0	0	0	0	387	588	
2	0	0	0	0	399	598	
3	0	0	0	0	414	596	
4	0	0	0	0	431	624	
5	0	0	0	0	448	633	
6	0	0	0	0	471	610	
7	0	0	0	0	488	585	
8	0	0	0	0	503	601	
9	0	0	0	0	511	633	
10	0	0	0	0	512	665	
11	0	0	0	0	512	640	
12	0	0	0	0	510	563	
13	0	0	0	0	498	517	
14	0	0	0	0	484	530	
15	0	0	0	0	462	541	
0	0	0	0	0	438	562	
1	0	0	0	0	414	617	
2	0	0	0	0	399	650	
3	0	0	0	0	390	632	
4	0	0	0	0	387	618	
5	0	0	0	0	393	581	
6	0	0	0	0	408	575	
7	0	0	0	0	423	587	
8	0	0	0	0	438	577	
9	0	0	0	0	448	577	
10	0	0	0	0	455	591	
11	0	0	0	0	462	598	
12	0	0	0	0	465	562	
13	0	0	0	0	468	533	
14	0	0	0	0	467	503	
15	0	0	0	0	470	487	
0	0	0	0	0	473	469	
1	0	0	0	0	479	473	
2	0	0	0	0	483	500	
3	0	0	0	0	485	512	
4	0	0	0	0	490	570	
5	0	0	0	0	500	611	
6	0	0	0	0	511	643	
7	0	0	0	0	523	658	
8	0	0	0	0	540	656	
9	0	0	0	0	555	625	
10	0	0	0	0	575	592	
11	0	0	0	0	585	527	
12	0	0	0	0	591	487	
13	0	0	0	0	587	455	
14	0	0	0	0	575	462	
15	0	0	0	0	555	473	
0	0	0	0	0	530	515	
1	0	0	0	0	507	551	
2	0	0	0	0	491	543	
3	0	0	0	0	484	544	
4	0	0	0	0	476	579	
5	0	0	0	0	463	581	
6	0	0	0	0	452	581	
7	0	0	0	0	442	590	
8	0	0	0	0	432	581	
9	0	0	0	0	429	586	
10	0	0	0	0	428	595	
11	0	0	0	0	427	587	
12	0	0	0	0	423	598	
13	0	0	0	0	422	568	
14	0	0	0	0	424	573	
15	0	0	0	0	429	598	
0	0	0	0	0	433	601	
1	0	0	0	0	439	597	
2	0	0	0	0	449	638	
3	0	0	0	0	461	621	
4	0	0	0	0	473	623	
5	0	0	0	0	489	627	
6	0	0	0	0	504	625	
7	0	0	0	0	516	591	
8	0	0	0	0	519	549	
9	0	0	0	0	516	526	
10	0	0	0	0	516	521	
11	0	0	0	0	519	517	
12	0	0	0	0	521	501	
13	0	0	0	0	526	491	
14	0	0	0	0	533	496	
15	0	0	0	0	536	483	
0	0	0	0	0	533	419	
1	0	0	0	0	529	383	
2	0	0	0	0	528	422	
3	0	0	0	0	536	438	
4	0	0	0	0	543	447	
5	0	0	0	0	546	480	
6	0	0	0	0	541	486	
7	0	0	0	0	536	477	
8	0	0	0	0	527	465	
9	0	0	0	0	520	467	
10	0	0	0	0	513	493	
11	0	0	0	0	510	492	
12	0	0	0	0	513	480	
13	0	0	0	0	528	479	
14	0	0	0	0	548	459	
15	0	0	0	0	566	446	
0	0	0	0	0	576	469	
1	0	0	0	0	574	486	
2	0	0	0	0	562	492	
3	0	0	0	0	542	483	
4	0	0	0	0	516	505	
5	0	0	0	0	490	530	
6	0	0	0	0	463	547	
7	0	0	0	0	437	509	
8	0	0	0	0	415	510	
9	0	0	0	0	398	544	
10	0	0	0	0	387	558	
11	0	0	0	0	376	515	
12	0	0	0	0	368	497	
13	0	0	0	0	362	505	
14	0	0	0	0	363	546	
15	0	0	0	0	368	565	
0	0	0	0	0	379	573	
1	0	0	0	0	391	589	
2	0	0	0	0	402	597	
3	0	0	0	0	415	584	
4	0	0	0	0	435	609	
5	0	0	0	0	462	594	
6	0	0	0	0	489	539	
7	0	0	0	0	514	504	
8	0	0	0	0	532	471	
9	0	0	0	0	546	479	
10	0	0	0	0	561	455	
11	0	0	0	0	568	444	
12	0	0	0	0	571	438	
13	0	0	0	0	562	448	
14	0	0	0	0	545	453	
15	0	0	0	0	517	431	
0	0	0	0	0	480	433	
1	0	0	0	0	447	464	
2	0	0	0	0	414	466	
3	0	0	0	0	389	459	
4	0	0	0	0	372	503	
5	0	0	0	0	359	526	
6	0	0	0	0	353	513	
7	0	0	0	0	352	481	
8	0	0	0	0	353	478	
9	0	0	0	0	355	476	
10	0	0	0	0	354	476	
11	0	0	0	0	354	473	
12	0	0	0	0	352	474	
13	0	0	0	0	350	457	
14	0	0	0	0	345	438	
15	0	0	0	0	341	490	
0	0	0	0	0	334	544	
1	0	0	0	0	328	558	
2	0	0	0	0	328	521	
3	0	0	0	0	334	480	
4	0	0	0	0	342	502	
5	0	0	0	0	351	526	
6	0	0	0	0	359	516	
7	0	0	0	0	368	483	
8	0	0	0	0	381	514	
9	0	0	0	0	399	536	
10	0	0	0	0	427	540	
11	0	0	0	0	455	521	
12	0	0	0	0	484	501	
13	0	0	0	0	503	496	
14	0	0	0	0	511	527	
15	0	0	0	0	511	577	
0	0	0	0	0	505	565	
1	0	0	0	0	501	515	
2	0	0	0	0	495	495	
3	0	0	0	0	486	487	
4	0	0	0	0	473	509	
5	0	0	0	0	466	528	
6	0	0	0	0	466	519	
7	0	0	0	0	472	550	
8	0	0	0	0	481	534	
9	0	0	0	0	494	495	
10	0	0	0	0	515	465	
11	0	0	0	0	534	481	
12	0	0	0	0	548	515	
13	0	0	0	0	560	523	
14	0	0	0	0	572	483	
15	0	0	0	0	582	478	
0	0	0	0	0	583	499	
1	0	0	0	0	573	543	
2	0	0	0	0	554	590	
3	0	0	0	0	524	612	
4	0	0	0	0	484	631	
5	0	0	0	0	446	629	
6	0	0	0	0	408	617	
7	0	0	0	0	374	638	
8	0	0	0	0	348	648	
9	0	0	0	0	328	681	
10	0	0	0	0	311	684	
11	0	0	0	0	299	682	
12	0	0	0	0	292	653	
13	0	0	0	0	289	608	
14	0	0	0	0	292	611	
15	0	0	0	0	296	620	
0	0	0	0	0	299	632	
1	0	0	0	0	309	646	
2	0	0	0	0	323	656	
3	0	0	0	0	339	667	
4	0	0	0	0	359	655	
5	0	0	0	0	384	650	
6	0	0	0	0	408	609	
7	0	0	0	0	428	575	
8	0	0	0	0	441	506	
9	0	0	0	0	453	483	
10	0	0	0	0	460	497	
11	0	0	0	0	461	532	
12	0	0	0	0	459	551	
13	0	0	0	0	457	550	
14	0	0	0	0	455	524	
15	0	0	0	0	454	495	
0	0	0	0	0	454	501	
1	0	0	0	0	446	508	
2	0	0	0	0	438	491	
3	0	0	0	0	435	466	
4	0	0	0	0	432	478	
5	0	0	0	0	433	538	
6	0	0	0	0	433	565	
7	0	0	0	0	429	604	
8	0	0	0	0	425	672	
9	0	0	0	0	420	664	
10	0	0	0	0	414	655	
11	0	0	0	0	406	665	
12	0	0	0	0	402	678	
13	0	0	0	0	395	697	
14	0	0	0	0	389	696	
15	0	0	0	0	384	694	
0	0	0	0	0	375	641	
1	0	0	0	0	369	596	
2	0	0	0	0	366	592	
3	0	0	0	0	364	620	
4	0	0	0	0	366	642	
5	0	0	0	0	369	647	
6	0	0	0	0	376	635	
7	0	0	0	0	385	652	
8	0	0	0	0	394	636	
9	0	0	0	0	403	606	
10	0	0	0	0	411	596	
11	0	0	0	0	419	597	
12	0	0	0	0	425	629	
13	0	0	0	0	434	646	
14	0	0	0	0	454	635	
15	0	0	0	0	478	619	
0	0	0	0	0	498	633	
1	0	0	0	0	509	611	
2	0	0	0	0	515	591	
3	0	0	0	0	509	561	
4	0	0	0	0	492	517	
5	0	0	0	0	467	484	
6	0	0	0	0	438	504	
7	0	0	0	0	411	529	
8	0	0	0	0	383	580	
9	0	0	0	0	352	601	
10	0	0	0	0	322	615	
11	0	0	0	0	297	606	
12	0	0	0	0	280	592	
13	0	0	0	0	275	585	
14	0	0	0	0	281	593	
15	0	0	0	0	291	598	
0	0	0	0	0	303	621	
1	0	0	0	0	316	614	
2	0	0	0	0	325	592	
3	0	0	0	0	333	573	
4	0	0	0	0	345	583	
5	0	0	0	0	358	588	
6	0	0	0	0	369	587	
7	0	0	0	0	378	591	
8	0	0	0	0	386	588	
9	0	0	0	0	393	571	
10	0	0	0	0	399	546	
11	0	0	0	0	405	518	
12	0	0	0	0	415	525	
13	0	0	0	0	432	532	
14	0	0	0	0	447	548	
15	0	0	0	0	460	525	
0	0	0	0	0	469	503	
1	0	0	0	0	474	516	
2	0	0	0	0	474	524	
3	0	0	0	0	474	482	
4	0	0	0	0	478	462	
5	0	0	0	0	483	459	
6	0	0	0	0	482	452	
7	0	0	0	0	477	465	
8	0	0	0	0	464	460	
9	0	0	0	0	452	486	
10	0	0	0	0	442	519	
11	0	0	0	0	435	547	
12	0	0	0	0	435	564	
13	0	0	0	0	435	572	
14	0	0	0	0	437	576	
15	0	0	0	0	441	520	
0	0	0	0	0	451	484	
1	0	0	0	0	464	454	
2	0	0	0	0	475	426	
3	0	0	0	0	487	426	
4	0	0	0	0	497	416	
5	0	0	0	0	503	431	
6	0	0	0	0	508	436	
7	0	0	0	0	512	430	
8	0	0	0	0	512	450	
9	0	0	0	0	508	476	
10	0	0	0	0	504	487	
11	0	0	0	0	501	460	
12	0	0	0	0	499	393	
13	0	0	0	0	497	383	
14	0	0	0	0	493	369	
15	0	0	0	0	492	390	
0	0	0	0	0	496	441	
1	0	0	0	0	499	485	
2	0	0	0	0	502	489	
3	0	0	0	0	507	503	
4	0	0	0	0	515	467	
5	0	0	0	0	512	475	
6	0	0	0	0	497	552	
7	0	0	0	0	483	583	
8	0	0	0	0	477	619	
9	0	0	0	0	479	607	
10	0	0	0	0	492	554	
11	0	0	0	0	512	551	
12	0	0	0	0	528	541	
13	0	0	0	0	544	471	
14	0	0	0	0	556	376	
15	0	0	0	0	568	382	
0	0	0	0	0	576	415	
1	0	0	0	0	585	463	
2	0	0	0	0	594	522	
3	0	0	0	0	600	536	
4	0	0	0	0	598	499	
5	0	0	0	0	589	492	
6	0	0	0	0	576	492	
7	0	0	0	0	561	454	
8	0	0	0	0	546	430	
9	0	0	0	0	534	418	
10	0	0	0	0	527	405	
11	0	0	0	0	521	389	
12	0	0	0	0	515	387	
13	0	0	0	0	511	419	
14	0	0	0	0	516	446	
15	0	0	0	0	531	465	
0	0	0	0	0	548	455	
1	0	0	0	0	559	464	
2	0	0	0	0	564	496	
3	0	0	0	0	570	499	
4	0	0	0	0	570	473	
5	0	0	0	0	563	436	
6	0	0	0	0	550	414	
7	0	0	0	0	531	423	
8	0	0	0	0	507	474	
9	0	0	0	0	486	536	
10	0	0	0	0	478	550	
11	0	0	0	0	476	582	
12	0	0	0	0	476	633	
13	0	0	0	0	470	663	
14	0	0	0	0	465	676	
15	0	0	0	0	467	708	
0	0	0	0	0	472	717	
1	0	0	0	0	485	689	
2	0	0	0	0	501	667	
3	0	0	0	0	515	659	
4	0	0	0	0	532	644	
5	0	0	0	0	561	572	
6	0	0	0	0	600	511	
7	0	0	0	0	628	475	
8	0	0	0	0	639	457	
9	0	0	0	0	639	412	
10	0	0	0	0	630	433	
11	0	0	0	0	611	440	
12	0	0	0	0	585	441	
13	0	0	0	0	559	444	
14	0	0	0	0	530	490	
15	0	0	0	0	498	475	
0	0	0	0	0	470	487	
1	0	0	0	0	447	529	
2	0	0	0	0	430	540	
3	0	0	0	0	411	541	
4	0	0	0	0	399	547	
5	0	0	0	0	400	561	
6	0	0	0	0	416	526	
7	0	0	0	0	429	521	
8	0	0	0	0	435	552	
9	0	0	0	0	435	572	
10	0	0	0	0	432	566	
11	0	0	0	0	427	556	
12	0	0	0	0	420	560	
13	0	0	0	0	413	548	
14	0	0	0	0	401	547	
15	0	0	0	0	397	589	
0	0	0	0	0	397	614	
1	0	0	0	0	394	636	
2	0	0	0	0	391	624	
3	0	0	0	0	396	636	
4	0	0	0	0	407	651	
5	0	0	0	0	420	613	
6	0	0	0	0	442	604	
7	0	0	0	0	471	545	
8	0	0	0	0	497	499	
9	0	0	0	0	518	511	
10	0	0	0	0	524	491	
11	0	0	0	0	527	460	
12	0	0	0	0	532	448	
13	0	0	0	0	546	480	
14	0	0	0	0	555	485	
15	0	0	0	0	558	469	
0	0	0	0	0	550	430	
1	0	0	0	0	539	399	
2	0	0	0	0	530	423	
3	0	0	0	0	529	441	
4	0	0	0	0	531	462	
5	0	0	0	0	538	481	
6	0	0	0	0	542	473	
7	0	0	0	0	533	506	
8	0	0	0	0	520	550	
9	0	0	0	0	506	543	
10	0	0	0	0	493	509	
11	0	0	0	0	480	549	
12	0	0	0	0	465	611	
13	0	0	0	0	454	670	
14	0	0	0	0	444	719	
15	0	0	0	0	438	734	
0	0	0	0	0	432	699	
1	0	0	0	0	430	633	
2	0	0	0	0	433	612	
3	0	0	0	0	443	580	
4	0	0	0	0	463	557	
5	0	0	0	0	492	532	
6	0	0	0	0	524	514	
7	0	0	0	0	544	454	
8	0	0	0	0	557	399	
9	0	0	0	0	563	356	
10	0	0	0	0	564	368	
11	0	0	0	0	563	369	
12	0	0	0	0	558	379	
13	0	0	0	0	548	387	
14	0	0	0	0	535	414	
15	0	0	0	0	524	448	
0	0	0	0	0	513	410	
1	0	0	0	0	508	387	
2	0	0	0	0	502	420	
3	0	0	0	0	498	438	
4	0	0	0	0	494	474	
5	0	0	0	0	490	490	
6	0	0	0	0	493	499	
7	0	0	0	0	501	503	
8	0	0	0	0	504	500	
9	0	0	0	0	505	482	
10	0	0	0	0	500	467	
11	0	0	0	0	496	478	
12	0	0	0	0	488	508	
13	0	0	0	0	483	501	
14	0	0	0	0	479	492	
15	0	0	0	0	477	483	
0	0	0	0	0	476	522	
1	0	0	0	0	467	551	
2	0	0	0	0	456	562	
3	0	0	0	0	448	561	
4	0	0	0	0	452	593	
5	0	0	0	0	466	623	
6	0	0	0	0	483	618	
7	0	0	0	0	499	584	
8	0	0	0	0	516	571	
9	0	0	0	0	528	540	
10	0	0	0	0	529	527	
11	0	0	0	0	527	504	
12	0	0	0	0	523	474	
13	0	0	0	0	524	474	
14	0	0	0	0	527	545	
15	0	0	0	0	527	597	
0	0	0	0	0	525	598	
1	0	0	0	0	512	571	
2	0	0	0	0	476	538	
3	0	0	0	0	439	530	
4	0	0	0	0	412	568	
5	0	0	0	0	393	611	
6	0	0	0	0	384	605	
7	0	0	0	0	381	591	
8	0	0	0	0	385	545	
9	0	0	0	0	385	526	
10	0	0	0	0	378	556	
11	0	0	0	0	359	582	
12	0	0	0	0	338	609	
13	0	0	0	0	320	615	
14	0	0	0	0	309	626	
15	0	0	0	0	301	597	
0	0	0	0	0	290	602	
1	0	0	0	0	290	579	
2	0	0	0	0	309	535	
3	0	0	0	0	347	503	
4	0	0	0	0	400	480	
5	0	0	0	0	455	480	
6	0	0	0	0	492	483	
7	0	0	0	0	497	486	
8	0	0	0	0	478	511	
9	0	0	0	0	450	504	
10	0	0	0	0	427	526	
11	0	0	0	0	405	534	
12	0	0	0	0	393	545	
13	0	0	0	0	393	574	
14	0	0	0	0	403	574	
15	0	0	0	0	424	507	
0	0	0	0	0	443	475	
1	0	0	0	0	459	446	
2	0	0	0	0	473	387	
3	0	0	0	0	485	364	
4	0	0	0	0	489	336	
5	0	0	0	0	491	335	
6	0	0	0	0	496	358	
7	0	0	0	0	503	358	
8	0	0	0	0	508	386	
9	0	0	0	0	511	433	
10	0	0	0	0	511	481	
11	0	0	0	0	503	510	
12	0	0	0	0	496	530	
13	0	0	0	0	490	570	
14	0	0	0	0	493	594	
15	0	0	0	0	503	615	
0	0	0	0	0	512	615	
1	0	0	0	0	515	605	
2	0	0	0	0	511	588	
3	0	0	0	0	503	542	
4	0	0	0	0	493	506	
5	0	0	0	0	477	471	
6	0	0	0	0	454	485	
7	0	0	0	0	430	470	
8	0	0	0	0	408	445	
9	0	0	0	0	392	417	
10	0	0	0	0	378	437	
11	0	0	0	0	373	492	
12	0	0	0	0	379	526	
13	0	0	0	0	393	546	
14	0	0	0	0	412	534	
15	0	0	0	0	425	483	
0	0	0	0	0	428	483	
1	0	0	0	0	419	471	
2	0	0	0	0	415	472	
3	0	0	0	0	416	499	
4	0	0	0	0	419	499	
5	0	0	0	0	425	460	
6	0	0	0	0	435	494	
7	0	0	0	0	451	521	
8	0	0	0	0	478	545	
9	0	0	0	0	511	570	
10	0	0	0	0	544	592	
11	0	0	0	0	569	573	
12	0	0	0	0	586	525	
13	0	0	0	0	594	554	
14	0	0	0	0	595	559	
15	0	0	0	0	593	567	
0	0	0	0	0	585	536	
1	0	0	0	0	573	476	
2	0	0	0	0	566	427	
3	0	0	0	0	558	391	
4	0	0	0	0	551	402	
5	0	0	0	0	548	412	
6	0	0	0	0	550	402	
7	0	0	0	0	554	403	
8	0	0	0	0	556	431	
9	0	0	0	0	556	441	
10	0	0	0	0	561	451	
11	0	0	0	0	571	451	
12	0	0	0	0	579	426	
13	0	0	0	0	587	440	
14	0	0	0	0	592	455	
15	0	0	0	0	589	447	
0	0	0	0	0	590	428	
1	0	0	0	0	597	431	
2	0	0	0	0	608	409	
3	0	0	0	0	622	395	
4	0	0	0	0	639	419	
5	0	0	0	0	655	379	
6	0	0	0	0	669	356	
7	0	0	0	0	683	313	
8	0	0	0	0	689	270	
9	0	0	0	0	691	303	
10	0	0	0	0	686	368	
11	0	0	0	0	663	382	
12	0	0	0	0	626	413	
13	0	0	0	0	588	428	
14	0	0	0	0	557	418	
15	0	0	0	0	529	423	
0	0	0	0	0	503	419	
1	0	0	0	0	489	432	
2	0	0	0	0	487	432	
3	0	0	0	0	487	440	
4	0	0	0	0	482	423	
5	0	0	0	0	476	443	
6	0	0	0	0	476	487	
7	0	0	0	0	481	507	
8	0	0	0	0	493	511	
9	0	0	0	0	503	517	
10	0	0	0	0	508	524	
11	0	0	0	0	518	515	
12	0	0	0	0	537	494	
13	0	0	0	0	565	486	
14	0	0	0	0	600	444	
15	0	0	0	0	633	422	
0	0	0	0	0	653	413	
1	0	0	0	0	667	406	
2	0	0	0	0	674	408	
3	0	0	0	0	679	417	
4	0	0	0	0	684	413	
5	0	0	0	0	683	399	
6	0	0	0	0	675	417	
7	0	0	0	0	656	409	
8	0	0	0	0	631	385	
9	0	0	0	0	607	351	
10	0	0	0	0	593	354	
11	0	0	0	0	583	381	
12	0	0	0	0	571	399	
13	0	0	0	0	559	428	
14	0	0	0	0	551	443	
15	0	0	0	0	548	429	
0	0	0	0	0	540	418	
1	0	0	0	0	521	402	
2	0	0	0	0	492	362	
3	0	0	0	0	473	417	
4	0	0	0	0	468	491	
5	0	0	0	0	470	548	
6	0	0	0	0	472	566	
7	0	0	0	0	471	577	
8	0	0	0	0	477	621	
9	0	0	0	0	487	628	
10	0	0	0	0	502	607	
11	0	0	0	0	519	595	
12	0	0	0	0	544	577	
13	0	0	0	0	570	556	
14	0	0	0	0	583	519	
15	0	0	0	0	583	502	
0	0	0	0	0	573	513	
1	0	0	0	0	557	483	
2	0	0	0	0	543	486	
3	0	0	0	0	545	501	
4	0	0	0	0	561	509	
5	0	0	0	0	582	475	
6	0	0	0	0	605	472	
7	0	0	0	0	615	430	
8	0	0	0	0	613	419	
9	0	0	0	0	607	419	
10	0	0	0	0	597	450	
11	0	0	0	0	587	454	
12	0	0	0	0	583	450	
13	0	0	0	0	583	452	
14	0	0	0	0	585	453	
15	0	0	0	0	584	466	
0	0	0	0	0	572	497	
1	0	0	0	0	563	517	
2	0	0	0	0	564	506	
3	0	0	0	0	575	485	
4	0	0	0	0	590	497	
5	0	0	0	0	609	518	
6	0	0	0	0	627	505	
7	0	0	0	0	645	495	
8	0	0	0	0	659	499	
9	0	0	0	0	664	499	
10	0	0	0	0	652	480	
11	0	0	0	0	633	496	
12	0	0	0	0	611	505	
13	0	0	0	0	579	477	
14	0	0	0	0	547	460	
15	0	0	0	0	523	495	
0	0	0	0	0	512	526	
1	0	0	0	0	515	547	
2	0	0	0	0	529	543	
3	0	0	0	0	547	531	
4	0	0	0	0	563	541	
5	0	0	0	0	573	518	
6	0	0	0	0	571	478	
7	0	0	0	0	554	467	
8	0	0	0	0	528	463	
9	0	0	0	0	486	474	
10	0	0	0	0	437	507	
11	0	0	0	0	406	553	
12	0	0	0	0	388	570	
13	0	0	0	0	372	584	
14	0	0	0	0	357	587	
15	0	0	0	0	338	563	
0	0	0	0	0	321	554	
1	0	0	0	0	315	550	
2	0	0	0	0	313	552	
3	0	0	0	0	321	556	
4	0	0	0	0	337	527	
5	0	0	0	0	359	531	
6	0	0	0	0	387	508	
7	0	0	0	0	413	496	
8	0	0	0	0	428	497	
9	0	0	0	0	436	521	
10	0	0	0	0	439	564	
11	0	0	0	0	445	600	
12	0	0	0	0	454	632	
13	0	0	0	0	466	621	
14	0	0	0	0	477	585	
15	0	0	0	0	486	551	
0	0	0	0	0	499	541	
1	0	0	0	0	511	553	
2	0	0	0	0	512	577	
3	0	0	0	0	509	538	
4	0	0	0	0	505	541	
5	0	0	0	0	500	513	
6	0	0	0	0	490	495	
7	0	0	0	0	475	507	
8	0	0	0	0	470	507	
9	0	0	0	0	472	526	
10	0	0	0	0	469	537	
11	0	0	0	0	465	550	
12	0	0	0	0	463	544	
13	0	0	0	0	454	499	
14	0	0	0	0	441	462	
15	0	0	0	0	436	444	
0	0	0	0	0	437	463	
1	0	0	0	0	446	504	
2	0	0	0	0	461	498	
3	0	0	0	0	473	496	
4	0	0	0	0	482	503	
5	0	0	0	0	483	490	
6	0	0	0	0	479	489	
7	0	0	0	0	475	538	
8	0	0	0	0	471	542	
9	0	0	0	0	469	561	
10	0	0	0	0	468	565	
11	0	0	0	0	478	541	
12	0	0	0	0	493	551	
13	0	0	0	0	506	521	
14	0	0	0	0	527	525	
15	0	0	0	0	547	501	
0	0	0	0	0	566	437	
1	0	0	0	0	574	423	
2	0	0	0	0	564	393	
3	0	0	0	0	531	401	
4	0	0	0	0	499	408	
5	0	0	0	0	489	354	
6	0	0	0	0	493	375	
7	0	0	0	0	502	417	
8	0	0	0	0	511	471	
9	0	0	0	0	521	507	
10	0	0	0	0	531	522	
11	0	0	0	0	528	500	
12	0	0	0	0	525	490	
13	0	0	0	0	520	483	
14	0	0	0	0	507	471	
15	0	0	0	0	486	486	
0	0	0	0	0	465	499	
1	0	0	0	0	455	507	
2	0	0	0	0	461	559	
3	0	0	0	0	466	607	
4	0	0	0	0	463	614	
5	0	0	0	0	457	637	
6	0	0	0	0	455	611	
7	0	0	0	0	455	577	
8	0	0	0	0	457	567	
9	0	0	0	0	457	585	
10	0	0	0	0	461	588	
11	0	0	0	0	461	586	
12	0	0	0	0	456	575	
13	0	0	0	0	448	549	
14	0	0	0	0	444	555	
15	0	0	0	0	450	575	
0	0	0	0	0	471	575	
1	0	0	0	0	493	572	
2	0	0	0	0	513	552	
3	0	0	0	0	527	528	
4	0	0	0	0	532	527	
5	0	0	0	0	544	521	
6	0	0	0	0	565	524	
7	0	0	0	0	585	527	
8	0	0	0	0	603	526	
9	0	0	0	0	613	492	
10	0	0	0	0	614	499	
11	0	0	0	0	613	507	
12	0	0	0	0	613	510	
13	0	0	0	0	610	496	
14	0	0	0	0	603	465	
15	0	0	0	0	601	454	
0	0	0	0	0	606	476	
1	0	0	0	0	595	506	
2	0	0	0	0	580	517	
3	0	0	0	0	569	489	
4	0	0	0	0	560	455	
5	0	0	0	0	547	425	
6	0	0	0	0	538	427	
7	0	0	0	0	531	441	
8	0	0	0	0	536	455	
9	0	0	0	0	553	433	
10	0	0	0	0	585	446	
11	0	0	0	0	624	468	
12	0	0	0	0	649	487	
13	0	0	0	0	653	489	
14	0	0	0	0	637	504	
15	0	0	0	0	613	525	
0	0	0	0	0	591	535	
1	0	0	0	0	568	520	
2	0	0	0	0	544	538	
3	0	0	0	0	515	556	
4	0	0	0	0	499	560	
5	0	0	0	0	492	544	
6	0	0	0	0	485	523	
7	0	0	0	0	474	517	
8	0	0	0	0	472	550	
9	0	0	0	0	478	535	
10	0	0	0	0	494	485	
11	0	0	0	0	520	436	
12	0	0	0	0	543	419	
13	0	0	0	0	562	415	
14	0	0	0	0	575	458	
15	0	0	0	0	585	515	
0	0	0	0	0	588	519	
1	0	0	0	0	594	521	
2	0	0	0	0	598	487	
3	0	0	0	0	599	465	
4	0	0	0	0	602	458	
5	0	0	0	0	615	472	
6	0	0	0	0	632	460	
7	0	0	0	0	639	485	
8	0	0	0	0	645	492	
9	0	0	0	0	654	472	
10	0	0	0	0	660	430	
11	0	0	0	0	656	399	
12	0	0	0	0	641	362	
13	0	0	0	0	623	358	
14	0	0	0	0	611	387	
15	0	0	0	0	613	427	
0	0	0	0	0	601	458	
1	0	0	0	0	569	487	
2	0	0	0	0	526	502	
3	0	0	0	0	483	511	
4	0	0	0	0	455	524	
5	0	0	0	0	448	570	
6	0	0	0	0	455	569	
7	0	0	0	0	467	550	
8	0	0	0	0	476	569	
9	0	0	0	0	476	578	
10	0	0	0	0	475	567	
11	0	0	0	0	480	577	
12	0	0	0	0	490	558	
13	0	0	0	0	507	551	
14	0	0	0	0	524	566	
15	0	0	0	0	541	567	
0	0	0	0	0	560	541	
1	0	0	0	0	583	546	
2	0	0	0	0	604	542	
3	0	0	0	0	619	494	
4	0	0	0	0	628	486	
5	0	0	0	0	638	504	
6	0	0	0	0	654	484	
7	0	0	0	0	671	471	
8	0	0	0	0	681	493	
9	0	0	0	0	680	501	
10	0	0	0	0	673	521	
11	0	0	0	0	666	527	
12	0	0	0	0	663	520	
13	0	0	0	0	655	534	
14	0	0	0	0	643	537	
15	0	0	0	0	631	540	
0	0	0	0	0	631	540	
1	0	0	0	0	638	484	
2	0	0	0	0	643	444	
3	0	0	0	0	641	396	
4	0	0	0	0	631	382	
5	0	0	0	0	615	379	
6	0	0	0	0	601	368	
7	0	0	0	0	584	408	
8	0	0	0	0	568	440	
9	0	0	0	0	565	490	
10	0	0	0	0	574	525	
11	0	0	0	0	582	549	
12	0	0	0	0	584	568	
13	0	0	0	0	580	598	
14	0	0	0	0	574	648	
15	0	0	0	0	584	657	
0	0	0	0	0	606	620	
1	0	0	0	0	633	598	
2	0	0	0	0	661	521	
3	0	0	0	0	686	433	
4	0	0	0	0	700	404	
5	0	0	0	0	697	432	
6	0	0	0	0	680	443	
7	0	0	0	0	661	476	
8	0	0	0	0	635	504	
9	0	0	0	0	605	568	
10	0	0	0	0	576	568	
11	0	0	0	0	539	571	
12	0	0	0	0	500	580	
13	0	0	0	0	467	597	
14	0	0	0	0	449	579	
15	0	0	0	0	447	574	
0	0	0	0	0	457	574	
1	0	0	0	0	469	574	
2	0	0	0	0	475	543	
3	0	0	0	0	472	557	
4	0	0	0	0	467	592	
5	0	0	0	0	456	581	
6	0	0	0	0	459	575	
7	0	0	0	0	473	601	
8	0	0	0	0	487	598	
9	0	0	0	0	493	595	
10	0	0	0	0	500	583	
11	0	0	0	0	509	593	
12	0	0	0	0	522	586	
13	0	0	0	0	536	595	
14	0	0	0	0	547	563	
15	0	0	0	0	568	521	
0	0	0	0	0	602	476	
1	0	0	0	0	626	438	
2	0	0	0	0	643	471	
3	0	0	0	0	660	495	
4	0	0	0	0	674	476	
5	0	0	0	0	669	444	
6	0	0	0	0	636	456	
7	0	0	0	0	574	451	
8	0	0	0	0	511	455	
9	0	0	0	0	459	445	
10	0	0	0	0	417	434	
11	0	0	0	0	392	451	
12	0	0	0	0	380	470	
13	0	0	0	0	372	540	
14	0	0	0	0	390	578	
15	0	0	0	0	432	606	
0	0	0	0	0	486	600	
1	0	0	0	0	537	555	
2	0	0	0	0	569	494	
3	0	0	0	0	583	461	
4	0	0	0	0	588	456	
5	0	0	0	0	580	475	
6	0	0	0	0	570	502	
7	0	0	0	0	568	516	
8	0	0	0	0	572	558	
9	0	0	0	0	579	580	
10	0	0	0	0	588	577	
11	0	0	0	0	597	565	
12	0	0	0	0	603	569	
13	0	0	0	0	598	507	
14	0	0	0	0	584	503	
15	0	0	0	0	584	508	
0	0	0	0	0	590	500	
1	0	0	0	0	587	484	
2	0	0	0	0	581	459	
3	0	0	0	0	577	454	
4	0	0	0	0	564	463	
5	0	0	0	0	535	494	
6	0	0	0	0	504	525	
7	0	0	0	0	481	550	
8	0	0	0	0	462	540	
9	0	0	0	0	440	524	
10	0	0	0	0	415	504	
11	0	0	0	0	390	502	
12	0	0	0	0	370	543	
13	0	0	0	0	359	583	
14	0	0	0	0	354	622	
15	0	0	0	0	351	621	
0	0	0	0	0	359	595	
1	0	0	0	0	375	620	
2	0	0	0	0	396	631	
3	0	0	0	0	414	646	
4	0	0	0	0	432	651	
5	0	0	0	0	436	622	
6	0	0	0	0	438	582	
7	0	0	0	0	440	549	
8	0	0	0	0	440	552	
9	0	0	0	0	446	542	
10	0	0	0	0	456	557	
11	0	0	0	0	471	568	
12	0	0	0	0	492	555	
13	0	0	0	0	504	476	
14	0	0	0	0	505	427	
15	0	0	0	0	503	426	
0	0	0	0	0	507	445	
1	0	0	0	0	532	453	
2	0	0	0	0	570	468	
3	0	0	0	0	600	451	
4	0	0	0	0	628	435	
5	0	0	0	0	652	456	
6	0	0	0	0	665	461	
7	0	0	0	0	668	475	
8	0	0	0	0	667	460	
9	0	0	0	0	668	466	
10	0	0	0	0	668	414	
11	0	0	0	0	675	397	
12	0	0	0	0	665	430	
13	0	0	0	0	638	452	
14	0	0	0	0	608	496	
15	0	0	0	0	573	519	
0	0	0	0	0	533	564	
1	0	0	0	0	491	600	
2	0	0	0	0	449	566	
3	0	0	0	0	414	541	
4	0	0	0	0	378	531	
5	0	0	0	0	343	534	
6	0	0	0	0	313	568	
7	0	0	0	0	293	587	
8	0	0	0	0	287	596	
9	0	0	0	0	304	612	
10	0	0	0	0	340	614	
11	0	0	0	0	379	608	
12	0	0	0	0	408	550	
13	0	0	0	0	429	502	
14	0	0	0	0	442	510	
15	0	0	0	0	449	506	
0	0	0	0	0	463	516	
1	0	0	0	0	491	526	
2	0	0	0	0	521	508	
3	0	0	0	0	547	521	
4	0	0	0	0	559	536	
5	0	0	0	0	555	570	
6	0	0	0	0	543	598	
7	0	0	0	0	523	576	
8	0	0	0	0	498	527	
9	0	0	0	0	467	506	
10	0	0	0	0	439	505	
11	0	0	0	0	424	499	
12	0	0	0	0	436	472	
13	0	0	0	0	461	475	
14	0	0	0	0	478	490	
15	0	0	0	0	486	487	
0	0	0	0	0	489	497	
1	0	0	0	0	484	497	
2	0	0	0	0	479	472	
3	0	0	0	0	479	481	
4	0	0	0	0	465	519	
5	0	0	0	0	433	563	
6	0	0	0	0	399	599	
7	0	0	0	0	382	621	
8	0	0	0	0	378	625	
9	0	0	0	0	384	551	
10	0	0	0	0	395	510	
11	0	0	0	0	414	490	
12	0	0	0	0	439	483	
13	0	0	0	0	471	489	
14	0	0	0	0	505	500	
15	0	0	0	0	531	530	
0	0	0	0	0	550	550	
1	0	0	0	0	560	547	
2	0	0	0	0	568	563	
3	0	0	0	0	582	587	
4	0	0	0	0	604	605	
5	0	0	0	0	627	608	
6	0	0	0	0	646	603	
7	0	0	0	0	658	564	
8	0	0	0	0	666	551	
9	0	0	0	0	666	503	
10	0	0	0	0	661	492	
11	0	0	0	0	666	478	
12	0	0	0	0	676	480	
13	0	0	0	0	678	459	
14	0	0	0	0	670	440	
15	0	0	0	0	655	411	
0	0	0	0	0	637	428	
1	0	0	0	0	611	439	
2	0	0	0	0	591	400	
3	0	0	0	0	578	414	
4	0	0	0	0	579	425	
5	0	0	0	0	597	438	
6	0	0	0	0	614	475	
7	0	0	0	0	636	497	
8	0	0	0	0	660	476	
9	0	0	0	0	671	446	
10	0	0	0	0	663	407	
11	0	0	0	0	637	454	
12	0	0	0	0	588	483	
13	0	0	0	0	532	527	
14	0	0	0	0	481	555	
15	0	0	0	0	438	571	
0	0	0	0	0	408	554	
1	0	0	0	0	387	539	
2	0	0	0	0	376	539	
3	0	0	0	0	369	502	
4	0	0	0	0	371	496	
5	0	0	0	0	376	548	
6	0	0	0	0	379	577	
7	0	0	0	0	387	603	
8	0	0	0	0	402	606	
9	0	0	0	0	418	595	
10	0	0	0	0	435	579	
11	0	0	0	0	455	545	
12	0	0	0	0	485	558	
13	0	0	0	0	523	583	
14	0	0	0	0	562	604	
15	0	0	0	0	605	632	
0	0	0	0	0	639	616	
1	0	0	0	0	653	591	
2	0	0	0	0	653	560	
3	0	0	0	0	647	525	
4	0	0	0	0	634	491	
5	0	0	0	0	613	463	
6	0	0	0	0	613	498	
7	0	0	0	0	638	495	
8	0	0	0	0	674	481	
9	0	0	0	0	697	503	
10	0	0	0	0	694	531	
11	0	0	0	0	671	556	
12	0	0	0	0	646	552	
13	0	0	0	0	621	524	
14	0	0	0	0	597	462	
15	0	0	0	0	576	437	
0	0	0	0	0	555	445	
1	0	0	0	0	534	480	
2	0	0	0	0	515	515	
3	0	0	0	0	494	551	
4	0	0	0	0	486	563	
5	0	0	0	0	495	585	
6	0	0	0	0	508	569	
7	0	0	0	0	523	604	
8	0	0	0	0	526	604	
9	0	0	0	0	535	556	
10	0	0	0	0	548	546	
11	0	0	0	0	563	560	
12	0	0	0	0	575	552	
13	0	0	0	0	588	552	
14	0	0	0	0	595	540	
15	0	0	0	0	609	531	
0	0	0	0	0	625	536	
1	0	0	0	0	643	544	
2	0	0	0	0	665	570	
3	0	0	0	0	687	542	
4	0	0	0	0	697	495	
5	0	0	0	0	691	481	
6	0	0	0	0	676	480	
7	0	0	0	0	664	446	
8	0	0	0	0	654	478	
9	0	0	0	0	644	479	
10	0	0	0	0	647	466	
11	0	0	0	0	660	436	
12	0	0	0	0	662	397	
13	0	0	0	0	649	395	
14	0	0	0	0	624	371	
15	0	0	0	0	596	389	
0	0	0	0	0	566	447	
1	0	0	0	0	541	447	
2	0	0	0	0	534	453	
3	0	0	0	0	542	512	
4	0	0	0	0	556	550	
5	0	0	0	0	564	572	
6	0	0	0	0	562	514	
7	0	0	0	0	545	489	
8	0	0	0	0	520	491	
9	0	0	0	0	495	487	
10	0	0	0	0	476	518	
11	0	0	0	0	465	547	
12	0	0	0	0	451	559	
13	0	0	0	0	449	552	
14	0	0	0	0	460	530	
15	0	0	0	0	472	541	
0	0	0	0	0	482	551	
1	0	0	0	0	493	547	
2	0	0	0	0	518	513	
3	0	0	0	0	547	513	
4	0	0	0	0	566	516	
5	0	0	0	0	580	516	
6	0	0	0	0	593	499	
7	0	0	0	0	603	499	
8	0	0	0	0	605	501	
9	0	0	0	0	608	515	
10	0	0	0	0	611	550	
11	0	0	0	0	613	568	
12	0	0	0	0	611	524	
13	0	0	0	0	605	440	
14	0	0	0	0	600	371	
15	0	0	0	0	598	345	
0	0	0	0	0	593	406	
1	0	0	0	0	584	484	
2	0	0	0	0	567	495	
3	0	0	0	0	543	511	
4	0	0	0	0	524	486	
5	0	0	0	0	520	490	
6	0	0	0	0	531	487	
7	0	0	0	0	550	495	
8	0	0	0	0	581	507	
9	0	0	0	0	621	460	
10	0	0	0	0	651	412	
11	0	0	0	0	666	377	
12	0	0	0	0	663	379	
13	0	0	0	0	644	388	
14	0	0	0	0	632	404	
15	0	0	0	0	624	405	
0	0	0	0	0	611	415	
1	0	0	0	0	591	440	
2	0	0	0	0	569	467	
3	0	0	0	0	551	439	
4	0	0	0	0	531	484	
5	0	0	0	0	504	512	
6	0	0	0	0	481	519	
7	0	0	0	0	460	538	
8	0	0	0	0	441	578	
9	0	0	0	0	429	611	
10	0	0	0	0	429	590	
11	0	0	0	0	435	555	
12	0	0	0	0	447	564	
13	0	0	0	0	459	590	
14	0	0	0	0	462	577	
15	0	0	0	0	459	568	
0	0	0	0	0	457	571	
1	0	0	0	0	474	571	
2	0	0	0	0	504	548	
3	0	0	0	0	534	527	
4	0	0	0	0	572	513	
5	0	0	0	0	604	521	
6	0	0	0	0	610	533	
7	0	0	0	0	583	525	
8	0	0	0	0	541	504	
9	0	0	0	0	497	489	
10	0	0	0	0	465	500	
11	0	0	0	0	443	522	
12	0	0	0	0	420	577	
13	0	0	0	0	399	583	
14	0	0	0	0	382	554	
15	0	0	0	0	371	518	
0	0	0	0	0	366	478	
1	0	0	0	0	374	497	
2	0	0	0	0	389	498	
3	0	0	0	0	409	519	
4	0	0	0	0	432	535	
5	0	0	0	0	458	545	
6	0	0	0	0	486	559	
7	0	0	0	0	510	558	
8	0	0	0	0	528	539	
9	0	0	0	0	534	534	
10	0	0	0	0	536	528	
11	0	0	0	0	543	517	
12	0	0	0	0	555	519	
13	0	0	0	0	575	534	
14	0	0	0	0	601	527	
15	0	0	0	0	631	530	
0	0	0	0	0	641	515	
1	0	0	0	0	627	494	
2	0	0	0	0	604	464	
3	0	0	0	0	582	458	
4	0	0	0	0	564	453	
5	0	0	0	0	543	519	
6	0	0	0	0	511	592	
7	0	0	0	0	484	625	
8	0	0	0	0	472	663	
9	0	0	0	0	467	649	
10	0	0	0	0	469	637	
11	0	0	0	0	472	613	
12	0	0	0	0	464	611	
13	0	0	0	0	443	615	
14	0	0	0	0	428	621	
15	0	0	0	0	411	624	
0	0	0	0	0	394	625	
1	0	0	0	0	392	632	
2	0	0	0	0	397	583	
3	0	0	0	0	408	534	
4	0	0	0	0	428	518	
5	0	0	0	0	455	481	
6	0	0	0	0	476	466	
7	0	0	0	0	492	477	
8	0	0	0	0	503	496	
9	0	0	0	0	504	511	
10	0	0	0	0	504	539	
11	0	0	0	0	507	551	
12	0	0	0	0	512	563	
13	0	0	0	0	516	588	
14	0	0	0	0	525	615	
15	0	0	0	0	539	637	
0	0	0	0	0	560	617	
1	0	0	0	0	582	576	
2	0	0	0	0	603	545	
3	0	0	0	0	618	565	
4	0	0	0	0	623	603	
5	0	0	0	0	623	620	
6	0	0	0	0	639	627	
7	0	0	0	0	668	595	
8	0	0	0	0	699	593	
9	0	0	0	0	716	582	
10	0	0	0	0	711	550	
11	0	0	0	0	684	523	
12	0	0	0	0	646	487	
13	0	0	0	0	603	444	
14	0	0	0	0	561	435	
15	0	0	0	0	527	433	
0	0	0	0	0	506	464	
1	0	0	0	0	495	482	
2	0	0	0	0	490	519	
3	0	0	0	0	493	561	
4	0	0	0	0	494	594	
5	0	0	0	0	493	608	
6	0	0	0	0	487	603	
7	0	0	0	0	483	593	
8	0	0	0	0	473	615	
9	0	0	0	0	467	617	
10	0	0	0	0	476	607	
11	0	0	0	0	494	612	
12	0	0	0	0	513	567	
13	0	0	0	0	539	531	
14	0	0	0	0	568	503	
15	0	0	0	0	585	458	
0	0	0	0	0	607	432	
1	0	0	0	0	626	401	
2	0	0	0	0	626	392	
3	0	0	0	0	616	411	
4	0	0	0	0	604	453	
5	0	0	0	0	596	462	
6	0	0	0	0	591	418	
7	0	0	0	0	587	409	
8	0	0	0	0	585	426	
9	0	0	0	0	582	444	
10	0	0	0	0	574	459	
11	0	0	0	0	563	487	
12	0	0	0	0	550	497	
13	0	0	0	0	542	527	
14	0	0	0	0	529	534	
15	0	0	0	0	516	535	
0	0	0	0	0	507	553	
1	0	0	0	0	501	562	
2	0	0	0	0	500	548	
3	0	0	0	0	504	536	
4	0	0	0	0	504	512	
5	0	0	0	0	501	480	
6	0	0	0	0	492	470	
7	0	0	0	0	489	487	
8	0	0	0	0	504	492	
9	0	0	0	0	536	484	
10	0	0	0	0	571	515	
11	0	0	0	0	593	517	
12	0	0	0	0	599	518	
13	0	0	0	0	579	463	
14	0	0	0	0	552	421	
15	0	0	0	0	532	391	
0	0	0	0	0	517	397	
1	0	0	0	0	507	423	
2	0	0	0	0	503	446	
3	0	0	0	0	511	474	
4	0	0	0	0	527	497	
5	0	0	0	0	541	520	
6	0	0	0	0	548	529	
7	0	0	0	0	550	497	
8	0	0	0	0	550	521	
9	0	0	0	0	546	543	
10	0	0	0	0	535	568	
11	0	0	0	0	515	571	
12	0	0	0	0	490	543	
13	0	0	0	0	464	538	
14	0	0	0	0	438	560	
15	0	0	0	0	419	587	
0	0	0	0	0	410	614	
1	0	0	0	0	399	617	
2	0	0	0	0	391	625	
3	0	0	0	0	396	616	
4	0	0	0	0	411	591	
5	0	0	0	0	417	574	
6	0	0	0	0	422	569	
7	0	0	0	0	430	558	
8	0	0	0	0	446	573	
9	0	0	0	0	469	554	
10	0	0	0	0	492	530	
11	0	0	0	0	508	532	
12	0	0	0	0	518	546	
13	0	0	0	0	524	586	
14	0	0	0	0	518	604	
15	0	0	0	0	495	595	
0	0	0	0	0	467	520	
1	0	0	0	0	453	461	
2	0	0	0	0	458	455	
3	0	0	0	0	480	486	
4	0	0	0	0	502	535	
5	0	0	0	0	525	569	
6	0	0	0	0	550	558	
7	0	0	0	0	570	534	
8	0	0	0	0	588	518	
9	0	0	0	0	609	536	
10	0	0	0	0	627	520	
11	0	0	0	0	647	489	
12	0	0	0	0	663	471	
13	0	0	0	0	680	443	
14	0	0	0	0	695	458	
15	0	0	0	0	694	460	
0	0	0	0	0	671	453	
1	0	0	0	0	645	456	
2	0	0	0	0	620	455	
3	0	0	0	0	588	415	
4	0	0	0	0	555	413	
5	0	0	0	0	527	419	
6	0	0	0	0	504	462	
7	0	0	0	0	484	495	
8	0	0	0	0	463	519	
9	0	0	0	0	444	513	
10	0	0	0	0	431	508	
11	0	0	0	0	425	575	
12	0	0	0	0	430	629	
13	0	0	0	0	440	615	
14	0	0	0	0	448	567	
15	0	0	0	0	457	537	
0	0	0	0	0	468	532	
1	0	0	0	0	476	518	
2	0	0	0	0	487	526	
3	0	0	0	0	498	512	
4	0	0	0	0	523	494	
5	0	0	0	0	553	501	
6	0	0	0	0	577	524	
7	0	0	0	0	592	581	
8	0	0	0	0	593	604	
9	0	0	0	0	580	614	
10	0	0	0	0	568	606	
11	0	0	0	0	559	615	
12	0	0	0	0	561	605	
13	0	0	0	0	563	585	
14	0	0	0	0	558	527	
15	0	0	0	0	552	527	
0	0	0	0	0	543	495	
1	0	0	0	0	539	485	
2	0	0	0	0	526	488	
3	0	0	0	0	512	539	
4	0	0	0	0	505	529	
5	0	0	0	0	503	476	
6	0	0	0	0	506	440	
7	0	0	0	0	511	440	
8	0	0	0	0	513	474	
9	0	0	0	0	518	506	
10	0	0	0	0	526	536	
11	0	0	0	0	534	542	
12	0	0	0	0	536	563	
13	0	0	0	0	532	571	
14	0	0	0	0	515	535	
15	0	0	0	0	496	495	
0	0	0	0	0	479	499	
1	0	0	0	0	460	548	
2	0	0	0	0	435	593	
3	0	0	0	0	414	586	
4	0	0	0	0	405	543	
5	0	0	0	0	408	527	
6	0	0	0	0	413	514	
7	0	0	0	0	420	568	
8	0	0	0	0	431	579	
9	0	0	0	0	444	566	
10	0	0	0	0	444	595	
11	0	0	0	0	426	614	
12	0	0	0	0	396	606	
13	0	0	0	0	373	591	
14	0	0	0	0	362	609	
15	0	0	0	0	355	575	
0	0	0	0	0	353	520	
1	0	0	0	0	361	509	
2	0	0	0	0	378	531	
3	0	0	0	0	391	513	
4	0	0	0	0	406	534	
5	0	0	0	0	447	563	
6	0	0	0	0	497	563	
7	0	0	0	0	533	539	
8	0	0	0	0	547	476	
9	0	0	0	0	540	422	
10	0	0	0	0	521	405	
11	0	0	0	0	499	379	
12	0	0	0	0	477	381	
13	0	0	0	0	456	438	
14	0	0	0	0	441	498	
15	0	0	0	0	441	456	
0	0	0	0	0	447	458	
1	0	0	0	0	450	484	
2	0	0	0	0	452	527	
3	0	0	0	0	453	601	
4	0	0	0	0	457	646	
5	0	0	0	0	464	672	
6	0	0	0	0	476	693	
7	0	0	0	0	491	655	
8	0	0	0	0	502	562	
9	0	0	0	0	514	540	
10	0	0	0	0	526	564	
11	0	0	0	0	540	561	
12	0	0	0	0	556	544	
13	0	0	0	0	572	537	
14	0	0	0	0	595	541	
15	0	0	0	0	629	553	
0	0	0	0	0	675	522	
1	0	0	0	0	722	468	
2	0	0	0	0	732	437	
3	0	0	0	0	703	424	
4	0	0	0	0	651	452	
5	0	0	0	0	590	481	
6	0	0	0	0	541	507	
7	0	0	0	0	501	498	
8	0	0	0	0	469	508	
9	0	0	0	0	448	527	
10	0	0	0	0	431	537	
11	0	0	0	0	419	537	
12	0	0	0	0	412	506	
13	0	0	0	0	409	525	
14	0	0	0	0	407	537	
15	0	0	0	0	408	591	
0	0	0	0	0	408	638	
1	0	0	0	0	408	639	
2	0	0	0	0	407	605	
3	0	0	0	0	412	597	
4	0	0	0	0	418	604	
5	0	0	0	0	435	615	
6	0	0	0	0	459	616	
7	0	0	0	0	490	571	
8	0	0	0	0	539	513	
9	0	0	0	0	599	485	
10	0	0	0	0	660	446	
11	0	0	0	0	711	442	
12	0	0	0	0	748	421	
13	0	0	0	0	773	419	
14	0	0	0	0	782	414	
15	0	0	0	0	767	422	
0	0	0	0	0	734	449	
1	0	0	0	0	684	443	
2	0	0	0	0	627	437	
3	0	0	0	0	576	438	
4	0	0	0	0	537	431	
5	0	0	0	0	504	470	
6	0	0	0	0	476	499	
7	0	0	0	0	448	511	
8	0	0	0	0	417	531	
9	0	0	0	0	391	547	
10	0	0	0	0	374	558	
11	0	0	0	0	372	586	
12	0	0	0	0	380	573	
13	0	0	0	0	393	571	
14	0	0	0	0	406	580	
15	0	0	0	0	413	635	
0	0	0	0	0	426	644	
1	0	0	0	0	447	658	
2	0	0	0	0	472	686	
3	0	0	0	0	501	676	
4	0	0	0	0	531	665	
5	0	0	0	0	560	620	
6	0	0	0	0	580	546	
7	0	0	0	0	593	516	
8	0	0	0	0	601	514	
9	0	0	0	0	591	518	
10	0	0	0	0	579	543	
11	0	0	0	0	573	545	
12	0	0	0	0	575	526	
13	0	0	0	0	576	513	
14	0	0	0	0	578	517	
15	0	0	0	0	574	568	
0	0	0	0	0	564	561	
1	0	0	0	0	552	524	
2	0	0	0	0	534	527	
3	0	0	0	0	513	535	
4	0	0	0	0	488	536	
5	0	0	0	0	471	527	
6	0	0	0	0	468	520	
7	0	0	0	0	469	510	
8	0	0	0	0	474	509	
9	0	0	0	0	486	502	
10	0	0	0	0	513	501	
11	0	0	0	0	556	497	
12	0	0	0	0	598	504	
13	0	0	0	0	627	520	
14	0	0	0	0	639	510	
15	0	0	0	0	639	511	
0	0	0	0	0	629	468	
1	0	0	0	0	615	419	
2	0	0	0	0	600	416	
3	0	0	0	0	584	420	
4	0	0	0	0	573	432	
5	0	0	0	0	563	419	
6	0	0	0	0	556	471	
7	0	0	0	0	555	495	
8	0	0	0	0	550	521	
9	0	0	0	0	541	540	
10	0	0	0	0	531	551	
11	0	0	0	0	524	585	
12	0	0	0	0	524	579	
13	0	0	0	0	530	590	
14	0	0	0	0	536	606	
15	0	0	0	0	543	591	
0	0	0	0	0	545	562	
1	0	0	0	0	543	524	
2	0	0	0	0	536	489	
3	0	0	0	0	531	455	
4	0	0	0	0	533	425	
5	0	0	0	0	540	440	
6	0	0	0	0	556	445	
7	0	0	0	0	573	459	
8	0	0	0	0	579	482	
9	0	0	0	0	580	490	
10	0	0	0	0	580	519	
11	0	0	0	0	583	522	
12	0	0	0	0	588	509	
13	0	0	0	0	588	502	
14	0	0	0	0	583	478	
15	0	0	0	0	578	473	
0	0	0	0	0	568	471	
1	0	0	0	0	554	488	
2	0	0	0	0	538	518	
3	0	0	0	0	518	515	
4	0	0	0	0	507	483	
5	0	0	0	0	506	448	
6	0	0	0	0	499	441	
7	0	0	0	0	483	446	
8	0	0	0	0	457	498	
9	0	0	0	0	429	513	
10	0	0	0	0	402	521	
11	0	0	0	0	377	571	
12	0	0	0	0	358	596	
13	0	0	0	0	351	609	
14	0	0	0	0	359	598	
15	0	0	0	0	377	571	
0	0	0	0	0	398	534	
1	0	0	0	0	412	536	
2	0	0	0	0	423	543	
3	0	0	0	0	434	531	
4	0	0	0	0	445	528	
5	0	0	0	0	455	514	
6	0	0	0	0	467	513	
7	0	0	0	0	474	487	
8	0	0	0	0	481	493	
9	0	0	0	0	495	512	
10	0	0	0	0	510	532	
11	0	0	0	0	518	525	
12	0	0	0	0	533	537	
13	0	0	0	0	551	505	
14	0	0	0	0	565	478	
15	0	0	0	0	567	484	
0	0	0	0	0	559	503	
1	0	0	0	0	544	492	
2	0	0	0	0	531	490	
3	0	0	0	0	519	500	
4	0	0	0	0	519	514	
5	0	0	0	0	533	486	
6	0	0	0	0	550	527	
7	0	0	0	0	560	547	
8	0	0	0	0	556	508	
9	0	0	0	0	545	515	
10	0	0	0	0	536	526	
11	0	0	0	0	535	561	
12	0	0	0	0	538	573	
13	0	0	0	0	542	594	
14	0	0	0	0	535	618	
15	0	0	0	0	507	598	
0	0	0	0	0	470	605	
1	0	0	0	0	432	599	
2	0	0	0	0	405	576	
3	0	0	0	0	393	561	
4	0	0	0	0	395	553	
5	0	0	0	0	395	582	
6	0	0	0	0	392	586	
7	0	0	0	0	392	552	
8	0	0	0	0	386	538	
9	0	0	0	0	384	535	
10	0	0	0	0	393	540	
11	0	0	0	0	400	534	
12	0	0	0	0	415	524	
13	0	0	0	0	444	524	
14	0	0	0	0	482	503	
15	0	0	0	0	520	489	
0	0	0	0	0	546	479	
1	0	0	0	0	565	520	
2	0	0	0	0	577	542	
3	0	0	0	0	591	532	
4	0	0	0	0	606	498	
5	0	0	0	0	620	408	
6	0	0	0	0	620	347	
7	0	0	0	0	611	308	
8	0	0	0	0	601	343	
9	0	0	0	0	597	347	
10	0	0	0	0	595	398	
11	0	0	0	0	588	444	
12	0	0	0	0	567	494	
13	0	0	0	0	548	534	
14	0	0	0	0	539	520	
15	0	0	0	0	535	476	
0	0	0	0	0	537	484	
1	0	0	0	0	540	516	
2	0	0	0	0	536	537	
3	0	0	0	0	519	500	
4	0	0	0	0	497	496	
5	0	0	0	0	472	547	
6	0	0	0	0	452	579	
7	0	0	0	0	440	588	
8	0	0	0	0	437	572	
9	0	0	0	0	432	583	
10	0	0	0	0	428	529	
11	0	0	0	0	439	502	
12	0	0	0	0	457	504	
13	0	0	0	0	477	499	
14	0	0	0	0	496	471	
15	0	0	0	0	507	505	
0	0	0	0	0	509	538	
1	0	0	0	0	502	531	
2	0	0	0	0	492	545	
3	0	0	0	0	481	575	
4	0	0	0	0	472	552	
5	0	0	0	0	469	525	
6	0	0	0	0	468	524	
7	0	0	0	0	470	515	
8	0	0	0	0	481	538	
9	0	0	0	0	494	556	
10	0	0	0	0	506	577	
11	0	0	0	0	519	560	
12	0	0	0	0	525	553	
13	0	0	0	0	525	518	
14	0	0	0	0	525	491	
15	0	0	0	0	529	460	
0	0	0	0	0	542	449	
1	0	0	0	0	571	439	
2	0	0	0	0	601	422	
3	0	0	0	0	623	433	
4	0	0	0	0	629	462	
5	0	0	0	0	630	496	
6	0	0	0	0	622	472	
7	0	0	0	0	613	472	
8	0	0	0	0	604	476	
9	0	0	0	0	589	461	
10	0	0	0	0	560	425	
11	0	0	0	0	526	414	
12	0	0	0	0	500	439	
13	0	0	0	0	480	481	
14	0	0	0	0	459	511	
15	0	0	0	0	437	521	
0	0	0	0	0	413	528	
1	0	0	0	0	400	520	
2	0	0	0	0	393	507	
3	0	0	0	0	389	483	
4	0	0	0	0	393	480	
5	0	0	0	0	405	503	
6	0	0	0	0	416	504	
7	0	0	0	0	429	511	
8	0	0	0	0	441	550	
9	0	0	0	0	455	560	
10	0	0	0	0	468	553	
11	0	0	0	0	488	570	
12	0	0	0	0	508	594	
13	0	0	0	0	524	597	
14	0	0	0	0	530	568	
15	0	0	0	0	529	566	
0	0	0	0	0	524	517	
1	0	0	0	0	515	486	
2	0	0	0	0	504	499	
3	0	0	0	0	500	499	
4	0	0	0	0	505	513	
5	0	0	0	0	511	508	
6	0	0	0	0	510	527	
7	0	0	0	0	505	529	
8	0	0	0	0	505	519	
9	0	0	0	0	507	512	
10	0	0	0	0	509	492	
11	0	0	0	0	505	471	
12	0	0	0	0	488	449	
13	0	0	0	0	461	455	
14	0	0	0	0	436	454	
15	0	0	0	0	420	478	
0	0	0	0	0	412	471	
1	0	0	0	0	411	430	
2	0	0	0	0	411	399	
3	0	0	0	0	413	372	
4	0	0	0	0	419	385	
5	0	0	0	0	423	360	
6	0	0	0	0	430	367	
7	0	0	0	0	432	406	
8	0	0	0	0	433	488	
9	0	0	0	0	438	462	
10	0	0	0	0	448	444	
11	0	0	0	0	458	431	
12	0	0	0	0	474	417	
13	0	0	0	0	489	412	
14	0	0	0	0	506	416	
15	0	0	0	0	523	438	
0	0	0	0	0	539	484	
1	0	0	0	0	540	526	
2	0	0	0	0	534	580	
3	0	0	0	0	526	599	
4	0	0	0	0	524	591	
5	0	0	0	0	528	559	
6	0	0	0	0	532	511	
7	0	0	0	0	535	489	
8	0	0	0	0	531	509	
9	0	0	0	0	523	535	
10	0	0	0	0	513	560	
11	0	0	0	0	504	573	
12	0	0	0	0	498	566	
13	0	0	0	0	488	541	
14	0	0	0	0	476	551	
15	0	0	0	0	468	544	
0	0	0	0	0	471	552	
1	0	0	0	0	478	581	
2	0	0	0	0	484	569	
3	0	0	0	0	487	560	
4	0	0	0	0	486	572	
5	0	0	0	0	495	589	
6	0	0	0	0	512	570	
7	0	0	0	0	536	534	
8	0	0	0	0	556	531	
9	0	0	0	0	572	575	
10	0	0	0	0	586	577	
11	0	0	0	0	588	511	
12	0	0	0	0	578	443	
13	0	0	0	0	583	415	
14	0	0	0	0	607	401	
15	0	0	0	0	634	411	
0	0	0	0	0	652	467	
1	0	0	0	0	643	513	
2	0	0	0	0	608	540	
3	0	0	0	0	568	562	
4	0	0	0	0	543	577	
5	0	0	0	0	537	573	
6	0	0	0	0	541	555	
7	0	0	0	0	543	559	
8	0	0	0	0	537	567	
9	0	0	0	0	524	570	
10	0	0	0	0	500	562	
11	0	0	0	0	477	569	
12	0	0	0	0	462	555	
13	0	0	0	0	451	532	
14	0	0	0	0	443	556	
15	0	0	0	0	439	584	
0	0	0	0	0	434	611	
1	0	0	0	0	418	591	
2	0	0	0	0	403	572	
3	0	0	0	0	393	564	
4	0	0	0	0	389	519	
5	0	0	0	0	397	524	
6	0	0	0	0	407	535	
7	0	0	0	0	416	562	
8	0	0	0	0	419	589	
9	0	0	0	0	417	562	
10	0	0	0	0	423	571	
11	0	0	0	0	438	584	
12	0	0	0	0	454	612	
13	0	0	0	0	484	627	
14	0	0	0	0	524	631	
15	0	0	0	0	557	604	
0	0	0	0	0	569	590	
1	0	0	0	0	570	553	
2	0	0	0	0	576	519	
3	0	0	0	0	583	493	
4	0	0	0	0	581	469	
5	0	0	0	0	572	480	
6	0	0	0	0	561	487	
7	0	0	0	0	545	483	
8	0	0	0	0	528	486	
9	0	0	0	0	511	479	
10	0	0	0	0	495	508	
11	0	0	0	0	486	540	
12	0	0	0	0	483	542	
13	0	0	0	0	488	501	
14	0	0	0	0	505	484	
15	0	0	0	0	528	492	
0	0	0	0	0	551	491	
1	0	0	0	0	573	480	
2	0	0	0	0	581	469	
3	0	0	0	0	590	447	
4	0	0	0	0	603	438	
5	0	0	0	0	614	452	
6	0	0	0	0	620	446	
7	0	0	0	0	621	452	
8	0	0	0	0	606	523	
9	0	0	0	0	575	541	
10	0	0	0	0	545	539	
11	0	0	0	0	526	540	
12	0	0	0	0	523	532	
13	0	0	0	0	523	531	
14	0	0	0	0	521	550	
15	0	0	0	0	516	570	
0	0	0	0	0	504	575	
1	0	0	0	0	490	584	
2	0	0	0	0	480	584	
3	0	0	0	0	479	565	
4	0	0	0	0	487	540	
5	0	0	0	0	503	523	
6	0	0	0	0	526	505	
7	0	0	0	0	546	507	
8	0	0	0	0	555	476	
9	0	0	0	0	565	465	
10	0	0	0	0	574	478	
11	0	0	0	0	583	481	
12	0	0	0	0	593	483	
13	0	0	0	0	591	458	
14	0	0	0	0	574	437	
15	0	0	0	0	560	442	
0	0	0	0	0	551	451	
1	0	0	0	0	541	476	
2	0	0	0	0	531	480	
3	0	0	0	0	516	504	
4	0	0	0	0	496	497	
5	0	0	0	0	481	499	
6	0	0	0	0	472	500	
7	0	0	0	0	462	501	
8	0	0	0	0	453	491	
9	0	0	0	0	445	526	
10	0	0	0	0	427	537	
11	0	0	0	0	407	552	
12	0	0	0	0	400	555	
13	0	0	0	0	401	569	
14	0	0	0	0	398	575	
15	0	0	0	0	396	572	
0	0	0	0	0	403	552	
1	0	0	0	0	416	544	
2	0	0	0	0	426	546	
3	0	0	0	0	447	520	
4	0	0	0	0	478	523	
5	0	0	0	0	499	550	
6	0	0	0	0	508	583	
7	0	0	0	0	506	606	
8	0	0	0	0	488	625	
9	0	0	0	0	459	538	
10	0	0	0	0	432	495	
11	0	0	0	0	411	492	
12	0	0	0	0	403	535	
13	0	0	0	0	411	576	
14	0	0	0	0	430	566	
15	0	0	0	0	447	564	
0	0	0	0	0	458	556	
1	0	0	0	0	460	529	
2	0	0	0	0	452	534	
3	0	0	0	0	440	561	
4	0	0	0	0	432	585	
5	0	0	0	0	436	568	
6	0	0	0	0	453	573	
7	0	0	0	0	477	583	
8	0	0	0	0	499	585	
9	0	0	0	0	510	583	
10	0	0	0	0	517	591	
11	0	0	0	0	520	547	
12	0	0	0	0	527	515	
13	0	0	0	0	546	509	
14	0	0	0	0	568	495	
15	0	0	0	0	583	496	
0	0	0	0	0	591	482	
1	0	0	0	0	581	448	
2	0	0	0	0	552	451	
3	0	0	0	0	525	465	
4	0	0	0	0	510	450	
5	0	0	0	0	504	451	
6	0	0	0	0	504	451	
7	0	0	0	0	502	420	
8	0	0	0	0	494	425	
9	0	0	0	0	479	412	
10	0	0	0	0	462	414	
11	0	0	0	0	456	430	
12	0	0	0	0	463	496	
13	0	0	0	0	464	487	
14	0	0	0	0	475	495	
15	0	0	0	0	486	504	
0	0	0	0	0	481	541	
1	0	0	0	0	477	540	
2	0	0	0	0	484	498	
3	0	0	0	0	500	464	
4	0	0	0	0	515	416	
5	0	0	0	0	524	414	
6	0	0	0	0	527	435	
7	0	0	0	0	537	473	
8	0	0	0	0	543	534	
9	0	0	0	0	542	564	
10	0	0	0	0	544	515	
11	0	0	0	0	549	486	
12	0	0	0	0	547	504	
13	0	0	0	0	545	521	
14	0	0	0	0	551	541	
15	0	0	0	0	571	571	
0	0	0	0	0	590	571	
1	0	0	0	0	590	524	
2	0	0	0	0	571	518	
3	0	0	0	0	534	508	
4	0	0	0	0	493	514	
5	0	0	0	0	463	512	
6	0	0	0	0	447	483	
7	0	0	0	0	444	436	
8	0	0	0	0	448	425	
9	0	0	0	0	456	418	
10	0	0	0	0	475	441	
11	0	0	0	0	497	486	
12	0	0	0	0	516	528	
13	0	0	0	0	526	544	
14	0	0	0	0	521	547	
15	0	0	0	0	507	549	
0	0	0	0	0	496	565	
1	0	0	0	0	494	598	
2	0	0	0	0	502	619	
3	0	0	0	0	520	580	
4	0	0	0	0	538	590	
5	0	0	0	0	554	590	
6	0	0	0	0	566	589	
7	0	0	0	0	570	575	
8	0	0	0	0	568	548	
9	0	0	0	0	563	535	
10	0	0	0	0	557	542	
11	0	0	0	0	558	521	
12	0	0	0	0	561	502	
13	0	0	0	0	563	496	
14	0	0	0	0	564	498	
15	0	0	0	0	565	479	
0	0	0	0	0	567	491	
1	0	0	0	0	565	523	
2	0	0	0	0	557	562	
3	0	0	0	0	543	563	
4	0	0	0	0	521	558	
5	0	0	0	0	504	550	
6	0	0	0	0	494	576	
7	0	0	0	0	486	564	
8	0	0	0	0	485	559	
9	0	0	0	0	489	548	
10	0	0	0	0	502	528	
11	0	0	0	0	511	498	
12	0	0	0	0	509	503	
13	0	0	0	0	499	532	
14	0	0	0	0	490	547	
15	0	0	0	0	490	582	
0	0	0	0	0	499	580	
1	0	0	0	0	520	564	
2	0	0	0	0	541	556	
3	0	0	0	0	557	516	
4	0	0	0	0	570	451	
5	0	0	0	0	578	417	
6	0	0	0	0	581	417	
7	0	0	0	0	580	461	
8	0	0	0	0	582	533	
9	0	0	0	0	582	501	
10	0	0	0	0	576	472	
11	0	0	0	0	564	429	
12	0	0	0	0	549	464	
13	0	0	0	0	544	488	
14	0	0	0	0	563	509	
15	0	0	0	0	585	509	
0	0	0	0	0	588	480	
1	0	0	0	0	582	448	
2	0	0	0	0	572	456	
3	0	0	0	0	561	468	
4	0	0	0	0	549	503	
5	0	0	0	0	545	527	
6	0	0	0	0	555	549	
7	0	0	0	0	572	505	
8	0	0	0	0	590	503	
9	0	0	0	0	603	520	
10	0	0	0	0	607	508	
11	0	0	0	0	591	481	
12	0	0	0	0	565	484	
13	0	0	0	0	546	521	
14	0	0	0	0	531	587	
15	0	0	0	0	525	636	
0	0	0	0	0	518	636	
1	0	0	0	0	516	576	
2	0	0	0	0	520	507	
3	0	0	0	0	536	449	
4	0	0	0	0	557	459	
5	0	0	0	0	580	470	
6	0	0	0	0	605	473	
7	0	0	0	0	624	466	
8	0	0	0	0	632	459	
9	0	0	0	0	630	403	
10	0	0	0	0	624	380	
11	0	0	0	0	615	384	
12	0	0	0	0	604	399	
13	0	0	0	0	593	401	
14	0	0	0	0	586	404	
15	0	0	0	0	580	385	
0	0	0	0	0	581	395	
1	0	0	0	0	576	438	
2	0	0	0	0	558	496	
3	0	0	0	0	533	496	
4	0	0	0	0	513	471	
5	0	0	0	0	500	449	
6	0	0	0	0	496	447	
7	0	0	0	0	498	463	
8	0	0	0	0	495	499	
9	0	0	0	0	482	509	
10	0	0	0	0	462	551	
11	0	0	0	0	439	575	
12	0	0	0	0	423	602	
13	0	0	0	0	417	610	
14	0	0	0	0	413	629	
15	0	0	0	0	414	671	
0	0	0	0	0	421	683	
1	0	0	0	0	428	663	
2	0	0	0	0	439	648	
3	0	0	0	0	450	642	
4	0	0	0	0	466	590	
5	0	0	0	0	493	603	
6	0	0	0	0	522	545	
7	0	0	0	0	555	507	
8	0	0	0	0	585	473	
9	0	0	0	0	607	455	
10	0	0	0	0	614	441	
11	0	0	0	0	609	471	
12	0	0	0	0	599	526	
13	0	0	0	0	581	571	
14	0	0	0	0	559	590	
15	0	0	0	0	545	557	
0	0	0	0	0	536	548	
1	0	0	0	0	532	534	
2	0	0	0	0	529	496	
3	0	0	0	0	524	491	
4	0	0	0	0	514	519	
5	0	0	0	0	492	530	
6	0	0	0	0	466	544	
7	0	0	0	0	448	512	
8	0	0	0	0	442	510	
9	0	0	0	0	446	533	
10	0	0	0	0	463	547	
11	0	0	0	0	486	574	
12	0	0	0	0	502	534	
13	0	0	0	0	517	488	
14	0	0	0	0	531	470	
15	0	0	0	0	538	466	
0	0	0	0	0	544	443	
1	0	0	0	0	546	439	
2	0	0	0	0	536	453	
3	0	0	0	0	514	480	
4	0	0	0	0	492	505	
5	0	0	0	0	475	513	
6	0	0	0	0	482	492	
7	0	0	0	0	502	455	
8	0	0	0	0	521	420	
9	0	0	0	0	528	405	
10	0	0	0	0	519	419	
11	0	0	0	0	502	467	
12	0	0	0	0	486	512	
13	0	0	0	0	472	551	
14	0	0	0	0	460	580	
15	0	0	0	0	447	583	
0	0	0	0	0	437	572	
1	0	0	0	0	422	603	
2	0	0	0	0	408	600	
3	0	0	0	0	402	592	
4	0	0	0	0	408	589	
5	0	0	0	0	427	571	
6	0	0	0	0	451	564	
7	0	0	0	0	472	559	
8	0	0	0	0	487	582	
9	0	0	0	0	497	579	
10	0	0	0	0	506	556	
11	0	0	0	0	503	558	
12	0	0	0	0	497	555	
13	0	0	0	0	492	552	
14	0	0	0	0	491	529	
15	0	0	0	0	488	506	
0	0	0	0	0	479	481	
1	0	0	0	0	476	468	
2	0	0	0	0	475	458	
3	0	0	0	0	478	494	
4	0	0	0	0	477	501	
5	0	0	0	0	477	483	
6	0	0	0	0	477	509	
7	0	0	0	0	478	563	
8	0	0	0	0	480	587	
9	0	0	0	0	480	601	
10	0	0	0	0	476	567	
11	0	0	0	0	482	526	
12	0	0	0	0	507	486	
13	0	0	0	0	549	480	
14	0	0	0	0	597	463	
15	0	0	0	0	639	450	
0	0	0	0	0	674	422	
1	0	0	0	0	697	405	
2	0	0	0	0	699	428	
3	0	0	0	0	673	458	
4	0	0	0	0	632	494	
5	0	0	0	0	599	510	
6	0	0	0	0	576	537	
7	0	0	0	0	551	565	
8	0	0	0	0	524	543	
9	0	0	0	0	509	554	
10	0	0	0	0	500	573	
11	0	0	0	0	496	587	
12	0	0	0	0	488	593	
13	0	0	0	0	479	550	
14	0	0	0	0	472	547	
15	0	0	0	0	468	542	
0	0	0	0	0	461	542	
1	0	0	0	0	456	566	
2	0	0	0	0	462	546	
3	0	0	0	0	473	537	
4	0	0	0	0	479	507	
5	0	0	0	0	483	499	
6	0	0	0	0	487	544	
7	0	0	0	0	491	554	
8	0	0	0	0	495	545	
9	0	0	0	0	501	536	
10	0	0	0	0	513	487	
11	0	0	0	0	531	479	
12	0	0	0	0	555	480	
13	0	0	0	0	578	482	
14	0	0	0	0	594	487	
15	0	0	0	0	611	494	
0	0	0	0	0	623	445	
1	0	0	0	0	630	435	
2	0	0	0	0	632	429	
3	0	0	0	0	634	412	
4	0	0	0	0	625	425	
5	0	0	0	0	605	495	
6	0	0	0	0	582	503	
7	0	0	0	0	560	524	
8	0	0	0	0	544	551	
9	0	0	0	0	536	527	
10	0	0	0	0	531	499	
11	0	0	0	0	536	471	
12	0	0	0	0	544	459	
13	0	0	0	0	548	467	
14	0	0	0	0	541	502	
15	0	0	0	0	528	543	
0	0	0	0	0	515	531	
1	0	0	0	0	508	498	
2	0	0	0	0	505	446	
3	0	0	0	0	500	406	
4	0	0	0	0	494	376	
5	0	0	0	0	483	378	
6	0	0	0	0	476	414	
7	0	0	0	0	472	468	
8	0	0	0	0	472	480	
9	0	0	0	0	467	496	
10	0	0	0	0	465	512	
11	0	0	0	0	465	528	
12	0	0	0	0	479	538	
13	0	0	0	0	503	545	
14	0	0	0	0	521	560	
15	0	0	0	0	537	571	
0	0	0	0	0	543	598	
1	0	0	0	0	549	628	
2	0	0	0	0	557	607	
3	0	0	0	0	566	537	
4	0	0	0	0	575	495	
5	0	0	0	0	588	500	
6	0	0	0	0	598	521	
7	0	0	0	0	599	555	
8	0	0	0	0	591	539	
9	0	0	0	0	574	522	
10	0	0	0	0	546	500	
11	0	0	0	0	526	522	
12	0	0	0	0	516	532	
13	0	0	0	0	514	540	
14	0	0	0	0	516	481	
15	0	0	0	0	519	472	
0	0	0	0	0	525	475	
1	0	0	0	0	525	486	
2	0	0	0	0	518	477	
3	0	0	0	0	508	466	
4	0	0	0	0	489	454	
5	0	0	0	0	475	460	
6	0	0	0	0	460	428	
7	0	0	0	0	442	428	
8	0	0	0	0	431	469	
9	0	0	0	0	431	540	
10	0	0	0	0	439	524	
11	0	0	0	0	453	514	
12	0	0	0	0	475	478	
13	0	0	0	0	505	436	
14	0	0	0	0	543	379	
15	0	0	0	0	582	357	
0	0	0	0	0	608	385	
1	0	0	0	0	616	401	
2	0	0	0	0	598	397	
3	0	0	0	0	563	424	
4	0	0	0	0	519	482	
5	0	0	0	0	479	520	
6	0	0	0	0	443	540	
7	0	0	0	0	411	545	
8	0	0	0	0	388	568	
9	0	0	0	0	379	615	
10	0	0	0	0	375	632	
11	0	0	0	0	377	608	
12	0	0	0	0	384	597	
13	0	0	0	0	391	600	
14	0	0	0	0	405	594	
15	0	0	0	0	428	562	
0	0	0	0	0	451	527	
1	0	0	0	0	471	504	
2	0	0	0	0	487	469	
3	0	0	0	0	502	452	
4	0	0	0	0	504	432	
5	0	0	0	0	501	461	
6	0	0	0	0	494	477	
7	0	0	0	0	487	459	
8	0	0	0	0	483	472	
9	0	0	0	0	483	510	
10	0	0	0	0	480	551	
11	0	0	0	0	476	554	
12	0	0	0	0	463	540	
13	0	0	0	0	445	519	
14	0	0	0	0	433	515	
15	0	0	0	0	438	531	
0	0	0	0	0	453	525	
1	0	0	0	0	465	519	
2	0	0	0	0	470	541	
3	0	0	0	0	470	558	
4	0	0	0	0	467	560	
5	0	0	0	0	466	558	
6	0	0	0	0	468	595	
7	0	0	0	0	473	616	
8	0	0	0	0	475	626	
9	0	0	0	0	476	622	
10	0	0	0	0	478	602	
11	0	0	0	0	472	566	
12	0	0	0	0	471	514	
13	0	0	0	0	475	469	
14	0	0	0	0	480	473	
15	0	0	0	0	486	492	
0	0	0	0	0	495	476	
1	0	0	0	0	512	474	
2	0	0	0	0	535	453	
3	0	0	0	0	552	421	
4	0	0	0	0	560	386	
5	0	0	0	0	553	412	
6	0	0	0	0	535	420	
7	0	0	0	0	513	412	
8	0	0	0	0	496	435	
9	0	0	0	0	489	454	
10	0	0	0	0	492	422	
11	0	0	0	0	506	433	
12	0	0	0	0	523	445	
13	0	0	0	0	529	470	
14	0	0	0	0	525	469	
15	0	0	0	0	521	441	
0	0	0	0	0	517	434	
1	0	0	0	0	522	458	
2	0	0	0	0	526	455	
3	0	0	0	0	518	460	
4	0	0	0	0	499	449	
5	0	0	0	0	485	450	
6	0	0	0	0	476	466	
7	0	0	0	0	465	497	
8	0	0	0	0	451	502	
9	0	0	0	0	439	519	
10	0	0	0	0	425	534	
11	0	0	0	0	413	553	
12	0	0	0	0	406	567	
13	0	0	0	0	405	543	
14	0	0	0	0	407	518	
15	0	0	0	0	402	526	
0	0	0	0	0	399	524	
1	0	0	0	0	407	526	
2	0	0	0	0	423	498	
3	0	0	0	0	445	476	
4	0	0	0	0	468	487	
5	0	0	0	0	491	441	
6	0	0	0	0	513	443	
7	0	0	0	0	532	492	
8	0	0	0	0	548	543	
9	0	0	0	0	554	588	
10	0	0	0	0	556	614	
11	0	0	0	0	559	603	
12	0	0	0	0	565	567	
13	0	0	0	0	568	589	
14	0	0	0	0	573	616	
15	0	0	0	0	581	667	
0	0	0	0	0	589	677	
1	0	0	0	0	587	651	
2	0	0	0	0	567	610	
3	0	0	0	0	530	619	
4	0	0	0	0	498	668	
5	0	0	0	0	476	679	
6	0	0	0	0	465	679	
7	0	0	0	0	462	673	
8	0	0	0	0	460	702	
9	0	0	0	0	464	719	
10	0	0	0	0	476	679	
11	0	0	0	0	491	660	
12	0	0	0	0	514	569	
13	0	0	0	0	540	547	
14	0	0	0	0	560	551	
15	0	0	0	0	579	558	
0	0	0	0	0	595	548	
1	0	0	0	0	609	488	
2	0	0	0	0	623	463	
3	0	0	0	0	630	442	
4	0	0	0	0	629	430	
5	0	0	0	0	624	415	
6	0	0	0	0	611	406	
7	0	0	0	0	595	422	
8	0	0	0	0	576	437	
9	0	0	0	0	563	452	
10	0	0	0	0	567	492	
11	0	0	0	0	585	492	
12	0	0	0	0	601	490	
13	0	0	0	0	608	486	
14	0	0	0	0	611	474	
15	0	0	0	0	612	461	
0	0	0	0	0	619	460	
1	0	0	0	0	630	455	
2	0	0	0	0	637	438	
3	0	0	0	0	633	463	
4	0	0	0	0	608	478	
5	0	0	0	0	568	473	
6	0	0	0	0	524	484	
7	0	0	0	0	481	508	
8	0	0	0	0	441	523	
9	0	0	0	0	406	547	
10	0	0	0	0	380	561	
11	0	0	0	0	364	594	
12	0	0	0	0	355	608	
13	0	0	0	0	352	601	
14	0	0	0	0	354	589	
15	0	0	0	0	363	572	
0	0	0	0	0	374	564	
1	0	0	0	0	387	525	
2	0	0	0	0	403	483	
3	0	0	0	0	423	491	
4	0	0	0	0	447	502	
5	0	0	0	0	485	508	
6	0	0	0	0	536	544	
7	0	0	0	0	583	509	
8	0	0	0	0	619	463	
9	0	0	0	0	639	453	
10	0	0	0	0	639	447	
11	0	0	0	0	627	441	
12	0	0	0	0	606	427	
13	0	0	0	0	580	436	
14	0	0	0	0	558	479	
15	0	0	0	0	534	512	
0	0	0	0	0	514	513	
1	0	0	0	0	504	535	
2	0	0	0	0	508	576	
3	0	0	0	0	514	595	
4	0	0	0	0	512	570	
5	0	0	0	0	499	571	
6	0	0	0	0	476	582	
7	0	0	0	0	463	595	
8	0	0	0	0	462	584	
9	0	0	0	0	456	576	
10	0	0	0	0	447	579	
11	0	0	0	0	436	538	
12	0	0	0	0	421	504	
13	0	0	0	0	407	479	
14	0	0	0	0	412	477	
15	0	0	0	0	431	457	
0	0	0	0	0	459	448	
1	0	0	0	0	485	464	
2	0	0	0	0	496	480	
3	0	0	0	0	496	470	
4	0	0	0	0	490	463	
5	0	0	0	0	473	444	
6	0	0	0	0	457	436	
7	0	0	0	0	447	417	
8	0	0	0	0	440	415	
9	0	0	0	0	433	431	
10	0	0	0	0	433	446	
11	0	0	0	0	443	476	
12	0	0	0	0	455	476	
13	0	0	0	0	468	478	
14	0	0	0	0	465	491	
15	0	0	0	0	450	502	
0	0	0	0	0	420	545	
1	0	0	0	0	387	598	
2	0	0	0	0	360	610	
3	0	0	0	0	343	625	
4	0	0	0	0	330	648	
5	0	0	0	0	324	656	
6	0	0	0	0	327	655	
7	0	0	0	0	332	628	
8	0	0	0	0	339	588	
9	0	0	0	0	350	572	
10	0	0	0	0	361	583	
11	0	0	0	0	369	572	
12	0	0	0	0	380	525	
13	0	0	0	0	393	500	
14	0	0	0	0	411	498	
15	0	0	0	0	427	526	
0	0	0	0	0	442	527	
1	0	0	0	0	455	507	
2	0	0	0	0	467	498	
3	0	0	0	0	481	477	
4	0	0	0	0	489	467	
5	0	0	0	0	492	443	
6	0	0	0	0	492	434	
7	0	0	0	0	486	460	
8	0	0	0	0	483	525	
9	0	0	0	0	485	571	
10	0	0	0	0	483	597	
11	0	0	0	0	481	597	
12	0	0	0	0	477	588	
13	0	0	0	0	473	569	
14	0	0	0	0	466	543	
15	0	0	0	0	463	552	
0	0	0	0	0	463	549	
1	0	0	0	0	464	542	
2	0	0	0	0	468	549	
3	0	0	0	0	473	542	
4	0	0	0	0	471	532	
5	0	0	0	0	467	487	
6	0	0	0	0	463	462	
7	0	0	0	0	471	463	
8	0	0	0	0	488	467	
9	0	0	0	0	504	462	
10	0	0	0	0	517	502	
11	0	0	0	0	529	499	
12	0	0	0	0	531	494	
13	0	0	0	0	524	486	
14	0	0	0	0	512	485	
15	0	0	0	0	497	514	
0	0	0	0	0	481	532	
1	0	0	0	0	468	543	
2	0	0	0	0	463	545	
3	0	0	0	0	468	527	
4	0	0	0	0	474	496	
5	0	0	0	0	474	479	
6	0	0	0	0	471	465	
7	0	0	0	0	472	463	
8	0	0	0	0	483	478	
9	0	0	0	0	496	501	
10	0	0	0	0	511	519	
11	0	0	0	0	524	544	
12	0	0	0	0	534	567	
13	0	0	0	0	542	583	
14	0	0	0	0	551	596	
15	0	0	0	0	555	615	
0	0	0	0	0	559	627	
1	0	0	0	0	559	587	
2	0	0	0	0	539	552	
3	0	0	0	0	505	525	
4	0	0	0	0	474	474	
5	0	0	0	0	445	507	
6	0	0	0	0	413	534	
7	0	0	0	0	392	553	
8	0	0	0	0	395	547	
9	0	0	0	0	415	547	
10	0	0	0	0	433	551	
11	0	0	0	0	446	584	
12	0	0	0	0	460	605	
13	0	0	0	0	471	589	
14	0	0	0	0	482	568	
15	0	0	0	0	503	526	
0	0	0	0	0	546	476	
1	0	0	0	0	599	444	
2	0	0	0	0	640	402	
3	0	0	0	0	643	393	
4	0	0	0	0	609	415	
5	0	0	0	0	559	437	
6	0	0	0	0	523	459	
7	0	0	0	0	501	443	
8	0	0	0	0	487	439	
9	0	0	0	0	473	448	
10	0	0	0	0	459	446	
11	0	0	0	0	448	464	
12	0	0	0	0	442	457	
13	0	0	0	0	435	491	
14	0	0	0	0	424	518	
15	0	0	0	0	409	524	
0	0	0	0	0	403	507	
1	0	0	0	0	420	493	
2	0	0	0	0	443	478	
3	0	0	0	0	473	435	
4	0	0	0	0	508	399	
5	0	0	0	0	539	411	
6	0	0	0	0	558	435	
7	0	0	0	0	562	458	
8	0	0	0	0	560	461	
9	0	0	0	0	550	443	
10	0	0	0	0	537	410	
11	0	0	0	0	521	374	
12	0	0	0	0	505	377	
13	0	0	0	0	486	413	
14	0	0	0	0	464	462	
15	0	0	0	0	455	507	
0	0	0	0	0	458	513	
1	0	0	0	0	472	483	
2	0	0	0	0	489	474	
3	0	0	0	0	504	527	
4	0	0	0	0	507	563	
5	0	0	0	0	497	618	
6	0	0	0	0	489	658	
7	0	0	0	0	488	667	
8	0	0	0	0	492	683	
9	0	0	0	0	494	676	
10	0	0	0	0	502	627	
11	0	0	0	0	514	616	
12	0	0	0	0	535	559	
13	0	0	0	0	554	521	
14	0	0	0	0	565	483	
15	0	0	0	0	569	411	
0	0	0	0	0	571	401	
1	0	0	0	0	573	415	
2	0	0	0	0	577	424	
3	0	0	0	0	587	451	
4	0	0	0	0	591	460	
5	0	0	0	0	588	418	
6	0	0	0	0	581	378	
7	0	0	0	0	571	399	
8	0	0	0	0	560	444	
9	0	0	0	0	547	476	
10	0	0	0	0	532	499	
11	0	0	0	0	520	515	
12	0	0	0	0	508	543	
13	0	0	0	0	500	536	
14	0	0	0	0	494	547	
15	0	0	0	0	487	544	
0	0	0	0	0	477	531	
1	0	0	0	0	464	509	
2	0	0	0	0	454	488	
3	0	0	0	0	448	472	
4	0	0	0	0	441	445	
5	0	0	0	0	434	455	
6	0	0	0	0	429	464	
7	0	0	0	0	428	505	
8	0	0	0	0	430	552	
9	0	0	0	0	435	569	
10	0	0	0	0	446	532	
11	0	0	0	0	461	484	
12	0	0	0	0	483	483	
13	0	0	0	0	516	499	
14	0	0	0	0	552	524	
15	0	0	0	0	578	545	
0	0	0	0	0	593	556	
1	0	0	0	0	599	557	
2	0	0	0	0	593	572	
3	0	0	0	0	584	591	
4	0	0	0	0	567	607	
5	0	0	0	0	545	619	
6	0	0	0	0	532	636	
7	0	0	0	0	530	636	
8	0	0	0	0	540	623	
9	0	0	0	0	562	560	
10	0	0	0	0	577	508	
11	0	0	0	0	571	487	
12	0	0	0	0	557	463	
13	0	0	0	0	540	439	
14	0	0	0	0	523	440	
15	0	0	0	0	509	462	
0	0	0	0	0	500	479	
1	0	0	0	0	495	477	
2	0	0	0	0	495	475	
3	0	0	0	0	498	463	
4	0	0	0	0	501	480	
5	0	0	0	0	497	496	
6	0	0	0	0	491	504	
7	0	0	0	0	481	541	
8	0	0	0	0	467	550	
9	0	0	0	0	463	545	
10	0	0	0	0	471	531	
11	0	0	0	0	480	508	
12	0	0	0	0	490	484	
13	0	0	0	0	504	461	
14	0	0	0	0	516	472	
15	0	0	0	0	523	493	
0	0	0	0	0	523	497	
1	0	0	0	0	512	459	
2	0	0	0	0	503	465	
3	0	0	0	0	504	477	
4	0	0	0	0	508	533	
5	0	0	0	0	515	568	
6	0	0	0	0	520	564	
7	0	0	0	0	520	602	
8	0	0	0	0	508	609	
9	0	0	0	0	487	608	
10	0	0	0	0	461	591	
11	0	0	0	0	435	577	
12	0	0	0	0	419	586	
13	0	0	0	0	419	593	
14	0	0	0	0	425	595	
15	0	0	0	0	438	568	
0	0	0	0	0	452	544	
1	0	0	0	0	472	548	
2	0	0	0	0	496	572	
3	0	0	0	0	512	525	
4	0	0	0	0	521	469	
5	0	0	0	0	517	451	
6	0	0	0	0	509	462	
7	0	0	0	0	498	474	
8	0	0	0	0	497	500	
9	0	0	0	0	507	512	
10	0	0	0	0	519	549	
11	0	0	0	0	530	569	
12	0	0	0	0	542	579	
13	0	0	0	0	555	531	
14	0	0	0	0	567	515	
15	0	0	0	0	565	495	
0	0	0	0	0	555	483	
1	0	0	0	0	538	433	
2	0	0	0	0	526	420	
3	0	0	0	0	517	444	
4	0	0	0	0	506	474	
5	0	0	0	0	503	510	
6	0	0	0	0	506	544	
7	0	0	0	0	511	555	
8	0	0	0	0	516	539	
9	0	0	0	0	526	555	
10	0	0	0	0	538	552	
11	0	0	0	0	550	530	
12	0	0	0	0	559	504	
13	0	0	0	0	572	482	
14	0	0	0	0	589	466	
15	0	0	0	0	607	477	
0	0	0	0	0	623	472	
1	0	0	0	0	630	475	
2	0	0	0	0	627	471	
3	0	0	0	0	612	446	
4	0	0	0	0	599	441	
5	0	0	0	0	591	469	
6	0	0	0	0	590	485	
7	0	0	0	0	585	508	
8	0	0	0	0	583	532	
9	0	0	0	0	591	569	
10	0	0	0	0	603	621	
11	0	0	0	0	610	576	
12	0	0	0	0	615	523	
13	0	0	0	0	618	485	
14	0	0	0	0	617	459	
15	0	0	0	0	615	455	
0	0	0	0	0	614	455	
1	0	0	0	0	621	426	
2	0	0	0	0	632	424	
3	0	0	0	0	641	459	
4	0	0	0	0	643	495	
5	0	0	0	0	643	472	
6	0	0	0	0	646	470	
7	0	0	0	0	646	480	
8	0	0	0	0	640	450	
9	0	0	0	0	637	401	
10	0	0	0	0	632	413	
11	0	0	0	0	627	472	
12	0	0	0	0	614	460	
13	0	0	0	0	604	475	
14	0	0	0	0	596	461	
15	0	0	0	0	589	487	
0	0	0	0	0	580	530	
1	0	0	0	0	569	521	
2	0	0	0	0	550	513	
3	0	0	0	0	531	533	
4	0	0	0	0	519	569	
5	0	0	0	0	504	554	
6	0	0	0	0	487	568	
7	0	0	0	0	478	557	
8	0	0	0	0	480	547	
9	0	0	0	0	488	503	
10	0	0	0	0	507	459	
11	0	0	0	0	528	433	
12	0	0	0	0	548	389	
13	0	0	0	0	557	399	
14	0	0	0	0	553	453	
15	0	0	0	0	545	518	
0	0	0	0	0	542	551	
1	0	0	0	0	540	568	
2	0	0	0	0	532	550	
3	0	0	0	0	526	559	
4	0	0	0	0	526	560	
5	0	0	0	0	523	543	
6	0	0	0	0	513	516	
7	0	0	0	0	510	497	
8	0	0	0	0	509	531	
9	0	0	0	0	508	546	
10	0	0	0	0	508	552	
11	0	0	0	0	507	555	
12	0	0	0	0	507	551	
13	0	0	0	0	513	533	
14	0	0	0	0	524	511	
15	0	0	0	0	533	471	
0	0	0	0	0	537	455	
1	0	0	0	0	540	468	
2	0	0	0	0	541	510	
3	0	0	0	0	544	480	
4	0	0	0	0	553	437	
5	0	0	0	0	569	463	
6	0	0	0	0	593	470	
7	0	0	0	0	613	492	
8	0	0	0	0	618	498	
9	0	0	0	0	613	500	
10	0	0	0	0	609	504	
11	0	0	0	0	611	504	
12	0	0	0	0	612	483	
13	0	0	0	0	614	434	
14	0	0	0	0	622	429	
15	0	0	0	0	638	455	
0	0	0	0	0	654	479	
1	0	0	0	0	668	459	
2	0	0	0	0	679	443	
3	0	0	0	0	683	403	
4	0	0	0	0	671	348	
5	0	0	0	0	640	323	
6	0	0	0	0	599	344	
7	0	0	0	0	559	359	
8	0	0	0	0	531	374	
9	0	0	0	0	515	400	
10	0	0	0	0	510	433	
11	0	0	0	0	508	454	
12	0	0	0	0	508	481	
13	0	0	0	0	510	507	
14	0	0	0	0	525	502	
15	0	0	0	0	549	477	
0	0	0	0	0	567	455	
1	0	0	0	0	581	420	
2	0	0	0	0	580	402	
3	0	0	0	0	561	452	
4	0	0	0	0	539	489	
5	0	0	0	0	531	499	
6	0	0	0	0	540	484	
7	0	0	0	0	550	455	
8	0	0	0	0	549	455	
9	0	0	0	0	542	450	
10	0	0	0	0	533	466	
11	0	0	0	0	518	478	
12	0	0	0	0	497	486	
13	0	0	0	0	482	524	
14	0	0	0	0	474	526	
15	0	0	0	0	464	533	
0	0	0	0	0	463	553	
1	0	0	0	0	473	553	
2	0	0	0	0	487	570	
3	0	0	0	0	499	588	
4	0	0	0	0	506	586	
5	0	0	0	0	512	580	
6	0	0	0	0	514	561	
7	0	0	0	0	511	552	
8	0	0	0	0	505	539	
9	0	0	0	0	502	559	
10	0	0	0	0	496	554	
11	0	0	0	0	492	555	
12	0	0	0	0	496	545	
13	0	0	0	0	501	487	
14	0	0	0	0	500	488	
15	0	0	0	0	494	523	
0	0	0	0	0	495	529	
1	0	0	0	0	505	538	
2	0	0	0	0	513	523	
3	0	0	0	0	522	533	
4	0	0	0	0	532	519	
5	0	0	0	0	548	507	
6	0	0	0	0	562	491	
7	0	0	0	0	567	492	
8	0	0	0	0	568	530	
9	0	0	0	0	568	554	
10	0	0	0	0	560	571	
11	0	0	0	0	557	588	
12	0	0	0	0	565	545	
13	0	0	0	0	579	509	
14	0	0	0	0	580	494	
15	0	0	0	0	564	486	
0	0	0	0	0	543	486	
1	0	0	0	0	533	501	
2	0	0	0	0	528	529	
3	0	0	0	0	524	564	
4	0	0	0	0	519	555	
5	0	0	0	0	512	556	
6	0	0	0	0	504	562	
7	0	0	0	0	496	585	
8	0	0	0	0	487	574	
9	0	0	0	0	475	559	
10	0	0	0	0	465	581	
11	0	0	0	0	457	604	
12	0	0	0	0	450	619	
13	0	0	0	0	443	621	
14	0	0	0	0	439	635	
15	0	0	0	0	437	624	
0	0	0	0	0	432	583	
1	0	0	0	0	434	568	
2	0	0	0	0	440	572	
3	0	0	0	0	448	574	
4	0	0	0	0	458	587	
5	0	0	0	0	471	559	
6	0	0	0	0	475	548	
7	0	0	0	0	474	580	
8	0	0	0	0	463	591	
9	0	0	0	0	451	583	
10	0	0	0	0	447	583	
11	0	0	0	0	451	569	
12	0	0	0	0	461	544	
13	0	0	0	0	470	515	
14	0	0	0	0	480	512	
15	0	0	0	0	492	514	
0	0	0	0	0	503	483	
1	0	0	0	0	511	500	
2	0	0	0	0	514	518	
3	0	0	0	0	514	507	
4	0	0	0	0	508	469	
5	0	0	0	0	498	432	
6	0	0	0	0	489	425	
7	0	0	0	0	493	400	
8	0	0	0	0	515	401	
9	0	0	0	0	550	417	
10	0	0	0	0	586	428	
11	0	0	0	0	610	438	
12	0	0	0	0	620	450	
13	0	0	0	0	608	436	
14	0	0	0	0	581	464	
15	0	0	0	0	564	486	
0	0	0	0	0	553	490	
1	0	0	0	0	540	499	
2	0	0	0	0	527	541	
3	0	0	0	0	524	557	
4	0	0	0	0	525	579	
5	0	0	0	0	522	554	
6	0	0	0	0	523	536	
7	0	0	0	0	522	556	
8	0	0	0	0	518	546	
9	0	0	0	0	511	522	
10	0	0	0	0	507	485	
11	0	0	0	0	507	473	
12	0	0	0	0	503	513	
13	0	0	0	0	496	545	
14	0	0	0	0	494	545	
15	0	0	0	0	491	561	
0	0	0	0	0	489	550	
1	0	0	0	0	487	532	
2	0	0	0	0	483	540	
3	0	0	0	0	480	526	
4	0	0	0	0	480	538	
5	0	0	0	0	485	573	
6	0	0	0	0	488	568	
7	0	0	0	0	490	577	
8	0	0	0	0	493	569	
9	0	0	0	0	498	545	
10	0	0	0	0	507	513	
11	0	0	0	0	515	434	
12	0	0	0	0	524	417	
13	0	0	0	0	530	428	
14	0	0	0	0	538	469	
15	0	0	0	0	540	513	
0	0	0	0	0	540	513	
1	0	0	0	0	544	497	
2	0	0	0	0	556	505	
3	0	0	0	0	570	496	
4	0	0	0	0	584	448	
5	0	0	0	0	596	425	
6	0	0	0	0	604	428	
7	0	0	0	0	613	418	
8	0	0	0	0	623	489	
9	0	0	0	0	635	528	
10	0	0	0	0	635	533	
11	0	0	0	0	627	492	
12	0	0	0	0	616	483	
13	0	0	0	0	600	439	
14	0	0	0	0	577	400	
15	0	0	0	0	549	412	
0	0	0	0	0	519	426	
1	0	0	0	0	491	443	
2	0	0	0	0	467	425	
3	0	0	0	0	451	436	
4	0	0	0	0	441	482	
5	0	0	0	0	429	552	
6	0	0	0	0	415	567	
7	0	0	0	0	405	556	
8	0	0	0	0	403	547	
9	0	0	0	0	404	600	
10	0	0	0	0	409	607	
11	0	0	0	0	413	590	
12	0	0	0	0	421	604	
13	0	0	0	0	429	608	
14	0	0	0	0	437	629	
15	0	0	0	0	440	603	
0	0	0	0	0	442	532	
1	0	0	0	0	438	526	
2	0	0	0	0	434	516	
3	0	0	0	0	431	518	
4	0	0	0	0	432	540	
5	0	0	0	0	438	555	
6	0	0	0	0	445	582	
7	0	0	0	0	454	602	
8	0	0	0	0	458	634	
9	0	0	0	0	461	636	
10	0	0	0	0	461	628	
11	0	0	0	0	458	591	
12	0	0	0	0	454	563	
13	0	0	0	0	450	557	
14	0	0	0	0	459	563	
15	0	0	0	0	473	552	
0	0	0	0	0	488	551	
1	0	0	0	0	506	515	
2	0	0	0	0	524	463	
3	0	0	0	0	535	430	
4	0	0	0	0	541	451	
5	0	0	0	0	544	479	
6	0	0	0	0	543	490	
7	0	0	0	0	537	510	
8	0	0	0	0	539	536	
9	0	0	0	0	542	525	
10	0	0	0	0	541	534	
11	0	0	0	0	536	537	
12	0	0	0	0	538	536	
13	0	0	0	0	541	517	
14	0	0	0	0	549	535	
15	0	0	0	0	553	534	
0	0	0	0	0	551	542	
1	0	0	0	0	543	579	
2	0	0	0	0	536	599	
3	0	0	0	0	530	590	
4	0	0	0	0	530	570	
5	0	0	0	0	533	556	
6	0	0	0	0	536	573	
7	0	0	0	0	536	548	
8	0	0	0	0	533	563	
9	0	0	0	0	529	555	
10	0	0	0	0	525	551	
11	0	0	0	0	526	560	
12	0	0	0	0	532	531	
13	0	0	0	0	547	464	
14	0	0	0	0	563	458	
15	0	0	0	0	571	470	
0	0	0	0	0	557	478	
1	0	0	0	0	521	504	
2	0	0	0	0	476	470	
3	0	0	0	0	440	480	
4	0	0	0	0	417	502	
5	0	0	0	0	409	550	
6	0	0	0	0	407	560	
7	0	0	0	0	408	546	
8	0	0	0	0	413	553	
9	0	0	0	0	421	552	
10	0	0	0	0	422	560	
11	0	0	0	0	420	566	
12	0	0	0	0	427	582	
13	0	0	0	0	433	568	
14	0	0	0	0	432	553	
15	0	0	0	0	437	546	
0	0	0	0	0	451	529	
1	0	0	0	0	471	545	
2	0	0	0	0	490	574	
3	0	0	0	0	499	522	
4	0	0	0	0	511	524	
5	0	0	0	0	519	529	
6	0	0	0	0	515	530	
7	0	0	0	0	508	567	
8	0	0	0	0	496	592	
9	0	0	0	0	482	608	
10	0	0	0	0	470	600	
11	0	0	0	0	463	535	
12	0	0	0	0	463	473	
13	0	0	0	0	476	433	
14	0	0	0	0	497	454	
15	0	0	0	0	513	496	
0	0	0	0	0	522	568	
1	0	0	0	0	529	582	
2	0	0	0	0	534	538	
3	0	0	0	0	540	570	
4	0	0	0	0	552	613	
5	0	0	0	0	563	606	
6	0	0	0	0	563	591	
7	0	0	0	0	557	581	
8	0	0	0	0	545	527	
9	0	0	0	0	535	488	
10	0	0	0	0	520	471	
11	0	0	0	0	500	493	
12	0	0	0	0	483	522	
13	0	0	0	0	471	524	
14	0	0	0	0	463	519	
15	0	0	0	0	458	526	
0	0	0	0	0	455	506	
1	0	0	0	0	455	499	
2	0	0	0	0	461	495	
3	0	0	0	0	473	516	
4	0	0	0	0	477	536	
5	0	0	0	0	479	552	
6	0	0	0	0	482	570	
7	0	0	0	0	488	538	
8	0	0	0	0	494	537	
9	0	0	0	0	498	529	
10	0	0	0	0	504	529	
11	0	0	0	0	519	514	
12	0	0	0	0	536	480	
13	0	0	0	0	546	447	
14	0	0	0	0	550	423	
15	0	0	0	0	559	414	
0	0	0	0	0	575	400	
1	0	0	0	0	594	376	
2	0	0	0	0	611	387	
3	0	0	0	0	628	400	
4	0	0	0	0	638	419	
5	0	0	0	0	643	462	
6	0	0	0	0	647	441	
7	0	0	0	0	647	430	
8	0	0	0	0	639	428	
9	0	0	0	0	628	460	
10	0	0	0	0	614	487	
11	0	0	0	0	606	471	
12	0	0	0	0	595	427	
13	0	0	0	0	585	404	
14	0	0	0	0	573	391	
15	0	0	0	0	561	417	
0	0	0	0	0	550	432	
1	0	0	0	0	541	459	
2	0	0	0	0	531	459	
3	0	0	0	0	521	473	
4	0	0	0	0	515	483	
5	0	0	0	0	509	510	
6	0	0	0	0	506	496	
7	0	0	0	0	513	537	
8	0	0	0	0	522	541	
9	0	0	0	0	527	530	
10	0	0	0	0	539	512	
11	0	0	0	0	569	500	
12	0	0	0	0	606	456	
13	0	0	0	0	641	415	
14	0	0	0	0	669	427	
15	0	0	0	0	682	428	
0	0	0	0	0	672	480	
1	0	0	0	0	645	498	
2	0	0	0	0	624	523	
3	0	0	0	0	604	529	
4	0	0	0	0	588	503	
5	0	0	0	0	575	496	
6	0	0	0	0	561	510	
7	0	0	0	0	553	511	
8	0	0	0	0	549	496	
9	0	0	0	0	549	469	
10	0	0	0	0	547	434	
11	0	0	0	0	548	448	
12	0	0	0	0	545	455	
13	0	0	0	0	539	482	
14	0	0	0	0	538	514	
15	0	0	0	0	545	540	
0	0	0	0	0	555	539	
1	0	0	0	0	563	536	
2	0	0	0	0	568	523	
3	0	0	0	0	572	502	
4	0	0	0	0	578	482	
5	0	0	0	0	587	515	
6	0	0	0	0	599	557	
7	0	0	0	0	614	559	
8	0	0	0	0	621	511	
9	0	0	0	0	618	513	
10	0	0	0	0	609	504	
11	0	0	0	0	595	534	
12	0	0	0	0	576	530	
13	0	0	0	0	559	493	
14	0	0	0	0	548	485	
15	0	0	0	0	543	492	
0	0	0	0	0	542	496	
1	0	0	0	0	541	521	
2	0	0	0	0	543	548	
3	0	0	0	0	550	554	
4	0	0	0	0	551	564	
5	0	0	0	0	553	562	
6	0	0	0	0	552	548	
7	0	0	0	0	541	575	
8	0	0	0	0	529	598	
9	0	0	0	0	524	597	
10	0	0	0	0	522	554	
11	0	0	0	0	515	498	
12	0	0	0	0	510	510	
13	0	0	0	0	506	546	
14	0	0	0	0	504	556	
15	0	0	0	0	504	572	
0	0	0	0	0	504	585	
1	0	0	0	0	500	593	
2	0	0	0	0	492	568	
3	0	0	0	0	487	563	
4	0	0	0	0	475	574	
5	0	0	0	0	470	583	
6	0	0	0	0	465	627	
7	0	0	0	0	466	623	
8	0	0	0	0	472	613	
9	0	0	0	0	483	604	
10	0	0	0	0	494	576	
11	0	0	0	0	506	602	
12	0	0	0	0	523	582	
13	0	0	0	0	537	590	
14	0	0	0	0	547	558	
15	0	0	0	0	551	529	
0	0	0	0	0	558	528	
1	0	0	0	0	563	550	
2	0	0	0	0	572	528	
3	0	0	0	0	579	520	
4	0	0	0	0	587	532	
5	0	0	0	0	594	522	
6	0	0	0	0	598	494	
7	0	0	0	0	595	504	
8	0	0	0	0	589	534	
9	0	0	0	0	580	503	
10	0	0	0	0	579	494	
11	0	0	0	0	579	488	
12	0	0	0	0	576	508	
13	0	0	0	0	567	518	
14	0	0	0	0	543	517	
15	0	0	0	0	512	481	
0	0	0	0	0	485	497	
1	0	0	0	0	469	515	
2	0	0	0	0	465	549	
3	0	0	0	0	471	573	
4	0	0	0	0	479	597	
5	0	0	0	0	483	584	
6	0	0	0	0	484	621	
7	0	0	0	0	480	625	
8	0	0	0	0	480	624	
9	0	0	0	0	478	619	
10	0	0	0	0	476	595	
11	0	0	0	0	476	583	
12	0	0	0	0	476	574	
13	0	0	0	0	480	542	
14	0	0	0	0	489	527	
15	0	0	0	0	495	493	
0	0	0	0	0	501	480	
1	0	0	0	0	508	498	
2	0	0	0	0	504	512	
3	0	0	0	0	497	537	
4	0	0	0	0	493	557	
5	0	0	0	0	488	574	
6	0	0	0	0	479	571	
7	0	0	0	0	468	572	
8	0	0	0	0	455	576	
9	0	0	0	0	443	563	
10	0	0	0	0	433	531	
11	0	0	0	0	424	507	
12	0	0	0	0	425	500	
13	0	0	0	0	438	461	
14	0	0	0	0	451	396	
15	0	0	0	0	460	402	
0	0	0	0	0	465	434	
1	0	0	0	0	460	431	
2	0	0	0	0	447	444	
3	0	0	0	0	434	475	
4	0	0	0	0	424	492	
5	0	0	0	0	423	523	
6	0	0	0	0	424	573	
7	0	0	0	0	424	552	
8	0	0	0	0	417	534	
9	0	0	0	0	405	552	
10	0	0	0	0	394	565	
11	0	0	0	0	387	569	
12	0	0	0	0	389	592	
13	0	0	0	0	402	588	
14	0	0	0	0	423	590	
15	0	0	0	0	447	600	
0	0	0	0	0	468	570	
1	0	0	0	0	483	585	
2	0	0	0	0	494	574	
3	0	0	0	0	502	525	
4	0	0	0	0	508	494	
5	0	0	0	0	507	483	
6	0	0	0	0	502	467	
7	0	0	0	0	497	425	
8	0	0	0	0	489	435	
9	0	0	0	0	473	440	
10	0	0	0	0	448	463	
11	0	0	0	0	429	504	
12	0	0	0	0	417	536	
13	0	0	0	0	415	551	
14	0	0	0	0	412	559	
15	0	0	0	0	412	549	
0	0	0	0	0	417	523	
1	0	0	0	0	422	529	
2	0	0	0	0	425	543	
3	0	0	0	0	429	531	
4	0	0	0	0	432	498	
5	0	0	0	0	438	503	
6	0	0	0	0	442	462	
7	0	0	0	0	443	425	
8	0	0	0	0	441	448	
9	0	0	0	0	435	484	
10	0	0	0	0	425	523	
11	0	0	0	0	415	523	
12	0	0	0	0	408	527	
13	0	0	0	0	406	537	
14	0	0	0	0	407	544	
15	0	0	0	0	408	524	
0	0	0	0	0	403	501	
1	0	0	0	0	397	513	
2	0	0	0	0	391	515	
3	0	0	0	0	394	514	
4	0	0	0	0	407	530	
5	0	0	0	0	424	557	
6	0	0	0	0	441	581	
7	0	0	0	0	453	601	
8	0	0	0	0	458	575	
9	0	0	0	0	461	562	
10	0	0	0	0	463	547	
11	0	0	0	0	456	524	
12	0	0	0	0	447	528	
13	0	0	0	0	444	555	
14	0	0	0	0	450	565	
15	0	0	0	0	463	593	
0	0	0	0	0	480	592	
1	0	0	0	0	500	595	
2	0	0	0	0	527	582	
3	0	0	0	0	555	589	
4	0	0	0	0	571	594	
5	0	0	0	0	571	583	
6	0	0	0	0	563	557	
7	0	0	0	0	556	517	
8	0	0	0	0	551	483	
9	0	0	0	0	541	466	
10	0	0	0	0	531	488	
11	0	0	0	0	521	491	
12	0	0	0	0	511	507	
13	0	0	0	0	503	520	
14	0	0	0	0	493	556	
15	0	0	0	0	481	604	
0	0	0	0	0	468	631	
1	0	0	0	0	459	583	
2	0	0	0	0	459	531	
3	0	0	0	0	460	522	
4	0	0	0	0	463	553	
5	0	0	0	0	469	569	
6	0	0	0	0	479	569	
7	0	0	0	0	491	534	
8	0	0	0	0	499	545	
9	0	0	0	0	509	545	
10	0	0	0	0	518	515	
11	0	0	0	0	519	484	
12	0	0	0	0	517	486	
13	0	0	0	0	519	484	
14	0	0	0	0	526	451	
15	0	0	0	0	535	435	
0	0	0	0	0	542	410	
1	0	0	0	0	545	417	
2	0	0	0	0	547	476	
3	0	0	0	0	550	491	
4	0	0	0	0	555	473	
5	0	0	0	0	556	479	
6	0	0	0	0	554	496	
7	0	0	0	0	549	490	
8	0	0	0	0	549	496	
9	0	0	0	0	555	472	
10	0	0	0	0	560	448	
11	0	0	0	0	558	458	
12	0	0	0	0	552	485	
13	0	0	0	0	537	536	
14	0	0	0	0	512	573	
15	0	0	0	0	485	573	
0	0	0	0	0	467	536	
1	0	0	0	0	457	501	
2	0	0	0	0	451	483	
3	0	0	0	0	451	444	
4	0	0	0	0	457	449	
5	0	0	0	0	470	509	
6	0	0	0	0	480	537	
7	0	0	0	0	486	536	
8	0	0	0	0	491	569	
9	0	0	0	0	499	575	
10	0	0	0	0	508	564	
11	0	0	0	0	523	563	
12	0	0	0	0	545	550	
13	0	0	0	0	570	522	
14	0	0	0	0	580	523	
15	0	0	0	0	577	535	
0	0	0	0	0	570	533	
1	0	0	0	0	554	527	
2	0	0	0	0	536	507	
3	0	0	0	0	520	487	
4	0	0	0	0	508	519	
5	0	0	0	0	500	507	
6	0	0	0	0	494	546	
7	0	0	0	0	485	601	
8	0	0	0	0	475	624	
9	0	0	0	0	465	603	
10	0	0	0	0	452	570	
11	0	0	0	0	441	547	
12	0	0	0	0	438	534	
13	0	0	0	0	440	530	
14	0	0	0	0	446	527	
15	0	0	0	0	452	534	
0	0	0	0	0	459	539	
1	0	0	0	0	465	568	
2	0	0	0	0	473	572	
3	0	0	0	0	487	568	
4	0	0	0	0	502	621	
5	0	0	0	0	510	614	
6	0	0	0	0	511	614	
7	0	0	0	0	503	603	
8	0	0	0	0	492	609	
9	0	0	0	0	480	569	
10	0	0	0	0	472	546	
11	0	0	0	0	468	545	
12	0	0	0	0	467	563	
13	0	0	0	0	470	531	
14	0	0	0	0	472	510	
15	0	0	0	0	477	489	
0	0	0	0	0	481	517	
1	0	0	0	0	483	540	
2	0	0	0	0	492	548	
3	0	0	0	0	507	543	
4	0	0	0	0	521	502	
5	0	0	0	0	527	485	
6	0	0	0	0	528	422	
7	0	0	0	0	531	374	
8	0	0	0	0	539	383	
9	0	0	0	0	544	420	
10	0	0	0	0	542	426	
11	0	0	0	0	540	454	
12	0	0	0	0	535	457	
13	0	0	0	0	527	462	
14	0	0	0	0	515	472	
15	0	0	0	0	496	529	
0	0	0	0	0	473	550	
1	0	0	0	0	449	575	
2	0	0	0	0	431	587	
3	0	0	0	0	417	590	
4	0	0	0	0	410	611	
5	0	0	0	0	407	628	
6	0	0	0	0	410	647	
7	0	0	0	0	418	626	
8	0	0	0	0	433	639	
9	0	0	0	0	452	651	
10	0	0	0	0	472	637	
11	0	0	0	0	484	624	
12	0	0	0	0	489	611	
13	0	0	0	0	497	609	
14	0	0	0	0	501	609	
15	0	0	0	0	511	629	
0	0	0	0	0	526	625	
1	0	0	0	0	546	558	
2	0	0	0	0	566	496	
3	0	0	0	0	575	433	
4	0	0	0	0	574	392	
5	0	0	0	0	572	359	
6	0	0	0	0	564	300	
7	0	0	0	0	553	268	
8	0	0	0	0	538	302	
9	0	0	0	0	523	339	
10	0	0	0	0	507	344	
11	0	0	0	0	488	364	
12	0	0	0	0	466	409	
13	0	0	0	0	445	430	
14	0	0	0	0	428	471	
15	0	0	0	0	423	508	
0	0	0	0	0	423	522	
1	0	0	0	0	428	527	
2	0	0	0	0	434	532	
3	0	0	0	0	444	508	
4	0	0	0	0	451	483	
5	0	0	0	0	455	468	
6	0	0	0	0	452	472	
7	0	0	0	0	452	474	
8	0	0	0	0	453	487	
9	0	0	0	0	449	502	
10	0	0	0	0	441	511	
11	0	0	0	0	435	509	
12	0	0	0	0	431	469	
13	0	0	0	0	431	435	
14	0	0	0	0	439	400	
15	0	0	0	0	452	405	
0	0	0	0	0	472	420	
1	0	0	0	0	500	379	
2	0	0	0	0	534	385	
3	0	0	0	0	560	447	
4	0	0	0	0	575	486	
5	0	0	0	0	574	503	
6	0	0	0	0	570	448	
7	0	0	0	0	568	448	
8	0	0	0	0	569	438	
9	0	0	0	0	572	472	
10	0	0	0	0	570	505	
11	0	0	0	0	561	528	
12	0	0	0	0	552	537	
13	0	0	0	0	547	524	
14	0	0	0	0	540	516	
15	0	0	0	0	528	506	
0	0	0	0	0	515	509	
1	0	0	0	0	502	494	
2	0	0	0	0	489	476	
3	0	0	0	0	481	488	
4	0	0	0	0	475	457	
5	0	0	0	0	472	428	
6	0	0	0	0	465	429	
7	0	0	0	0	455	439	
8	0	0	0	0	446	496	
9	0	0	0	0	444	531	
10	0	0	0	0	442	538	
11	0	0	0	0	438	554	
12	0	0	0	0	433	510	
13	0	0	0	0	432	486	
14	0	0	0	0	441	468	
15	0	0	0	0	460	470	
0	0	0	0	0	481	481	
1	0	0	0	0	502	508	
2	0	0	0	0	518	524	
3	0	0	0	0	530	545	
4	0	0	0	0	539	577	
5	0	0	0	0	537	594	
6	0	0	0	0	528	578	
7	0	0	0	0	521	533	
8	0	0	0	0	509	492	
9	0	0	0	0	495	460	
10	0	0	0	0	478	495	
11	0	0	0	0	469	534	
12	0	0	0	0	467	562	
13	0	0	0	0	476	568	
14	0	0	0	0	492	558	
15	0	0	0	0	508	536	
0	0	0	0	0	516	516	
1	0	0	0	0	517	540	
2	0	0	0	0	516	573	
3	0	0	0	0	512	614	
4	0	0	0	0	505	641	
5	0	0	0	0	499	631	
6	0	0	0	0	500	615	
7	0	0	0	0	509	588	
8	0	0	0	0	521	575	
9	0	0	0	0	533	545	
10	0	0	0	0	535	521	
11	0	0	0	0	534	525	
12	0	0	0	0	529	585	
13	0	0	0	0	524	596	
14	0	0	0	0	529	580	
15	0	0	0	0	544	553	
0	0	0	0	0	568	547	
1	0	0	0	0	592	559	
2	0	0	0	0	611	564	
3	0	0	0	0	622	556	
4	0	0	0	0	626	546	
5	0	0	0	0	627	521	
6	0	0	0	0	631	527	
7	0	0	0	0	635	512	
8	0	0	0	0	637	498	
9	0	0	0	0	641	527	
10	0	0	0	0	643	527	
11	0	0	0	0	639	544	
12	0	0	0	0	627	543	
13	0	0	0	0	611	525	
14	0	0	0	0	594	513	
15	0	0	0	0	581	535	
0	0	0	0	0	566	555	
1	0	0	0	0	551	534	
2	0	0	0	0	544	495	
3	0	0	0	0	539	482	
4	0	0	0	0	537	471	
5	0	0	0	0	542	467	
6	0	0	0	0	543	503	
7	0	0	0	0	543	547	
8	0	0	0	0	541	576	
9	0	0	0	0	545	572	
10	0	0	0	0	545	594	
11	0	0	0	0	541	586	
12	0	0	0	0	535	555	
13	0	0	0	0	531	538	
14	0	0	0	0	534	543	
15	0	0	0	0	547	538	
0	0	0	0	0	564	536	
1	0	0	0	0	579	534	
2	0	0	0	0	592	536	
3	0	0	0	0	590	531	
4	0	0	0	0	575	522	
5	0	0	0	0	551	555	
6	0	0	0	0	534	577	
7	0	0	0	0	521	561	
8	0	0	0	0	508	508	
9	0	0	0	0	497	469	
10	0	0	0	0	491	422	
11	0	0	0	0	489	406	
12	0	0	0	0	492	447	
13	0	0	0	0	492	519	
14	0	0	0	0	494	558	
15	0	0	0	0	496	567	
0	0	0	0	0	494	593	
1	0	0	0	0	491	602	
2	0	0	0	0	492	581	
3	0	0	0	0	498	520	
4	0	0	0	0	499	490	
5	0	0	0	0	489	492	
6	0	0	0	0	476	496	
7	0	0	0	0	472	509	
8	0	0	0	0	478	560	
9	0	0	0	0	489	563	
10	0	0	0	0	503	556	
11	0	0	0	0	515	526	
12	0	0	0	0	528	508	
13	0	0	0	0	544	536	
14	0	0	0	0	569	568	
15	0	0	0	0	600	570	
0	0	0	0	0	628	555	
1	0	0	0	0	645	551	
2	0	0	0	0	649	533	
3	0	0	0	0	646	537	
4	0	0	0	0	640	513	
5	0	0	0	0	632	514	
6	0	0	0	0	621	518	
7	0	0	0	0	600	525	
8	0	0	0	0	571	541	
9	0	0	0	0	540	556	
10	0	0	0	0	515	543	
11	0	0	0	0	500	509	
12	0	0	0	0	487	470	
13	0	0	0	0	476	467	
14	0	0	0	0	472	498	
15	0	0	0	0	470	560	
0	0	0	0	0	472	598	
1	0	0	0	0	479	586	
2	0	0	0	0	488	563	
3	0	0	0	0	496	539	
4	0	0	0	0	503	563	
5	0	0	0	0	500	581	
6	0	0	0	0	494	593	
7	0	0	0	0	490	566	
8	0	0	0	0	488	538	
9	0	0	0	0	484	525	
10	0	0	0	0	474	521	
11	0	0	0	0	470	492	
12	0	0	0	0	473	509	
13	0	0	0	0	478	521	
14	0	0	0	0	481	493	
15	0	0	0	0	483	474	
0	0	0	0	0	481	434	
1	0	0	0	0	476	399	
2	0	0	0	0	466	417	
3	0	0	0	0	459	461	
4	0	0	0	0	456	499	
5	0	0	0	0	465	534	
6	0	0	0	0	481	542	
7	0	0	0	0	495	578	
8	0	0	0	0	503	606	
9	0	0	0	0	510	621	
10	0	0	0	0	515	624	
11	0	0	0	0	521	599	
12	0	0	0	0	521	532	
13	0	0	0	0	518	476	
14	0	0	0	0	509	458	
15	0	0	0	0	503	484	
0	0	0	0	0	502	510	
1	0	0	0	0	501	524	
2	0	0	0	0	499	556	
3	0	0	0	0	500	535	
4	0	0	0	0	505	505	
5	0	0	0	0	508	475	
6	0	0	0	0	505	424	
7	0	0	0	0	506	435	
8	0	0	0	0	509	461	
9	0	0	0	0	515	502	
10	0	0	0	0	519	526	
11	0	0	0	0	525	547	
12	0	0	0	0	532	521	
13	0	0	0	0	539	496	
14	0	0	0	0	547	481	
15	0	0	0	0	560	463	
0	0	0	0	0	564	436	
1	0	0	0	0	553	433	
2	0	0	0	0	536	435	
3	0	0	0	0	523	437	
4	0	0	0	0	516	449	
5	0	0	0	0	510	473	
6	0	0	0	0	503	486	
7	0	0	0	0	502	504	
8	0	0	0	0	504	499	
9	0	0	0	0	511	441	
10	0	0	0	0	515	384	
11	0	0	0	0	514	373	
12	0	0	0	0	504	363	
13	0	0	0	0	491	375	
14	0	0	0	0	474	429	
15	0	0	0	0	457	469	
0	0	0	0	0	446	499	
1	0	0	0	0	445	501	
2	0	0	0	0	447	493	
3	0	0	0	0	453	463	
4	0	0	0	0	460	440	
5	0	0	0	0	468	483	
6	0	0	0	0	475	514	
7	0	0	0	0	478	516	
8	0	0	0	0	478	499	
9	0	0	0	0	481	476	
10	0	0	0	0	481	504	
11	0	0	0	0	482	543	
12	0	0	0	0	487	588	
13	0	0	0	0	498	627	
14	0	0	0	0	514	655	
15	0	0	0	0	530	637	
0	0	0	0	0	548	580	
1	0	0	0	0	567	539	
2	0	0	0	0	588	543	
3	0	0	0	0	618	522	
4	0	0	0	0	647	476	
5	0	0	0	0	669	449	
6	0	0	0	0	680	448	
7	0	0	0	0	678	454	
8	0	0	0	0	663	444	
9	0	0	0	0	635	444	
10	0	0	0	0	613	455	
11	0	0	0	0	592	435	
12	0	0	0	0	572	451	
13	0	0	0	0	555	451	
14	0	0	0	0	543	453	
15	0	0	0	0	535	446	
0	0	0	0	0	527	431	
1	0	0	0	0	524	449	
2	0	0	0	0	522	492	
3	0	0	0	0	522	499	
4	0	0	0	0	520	519	
5	0	0	0	0	511	535	
6	0	0	0	0	501	548	
7	0	0	0	0	498	550	
8	0	0	0	0	499	537	
9	0	0	0	0	502	541	
10	0	0	0	0	507	501	
11	0	0	0	0	513	487	
12	0	0	0	0	523	515	
13	0	0	0	0	536	533	
14	0	0	0	0	557	508	
15	0	0	0	0	579	462	
0	0	0	0	0	595	443	
1	0	0	0	0	600	423	
2	0	0	0	0	598	423	
3	0	0	0	0	583	463	
4	0	0	0	0	554	457	
5	0	0	0	0	526	484	
6	0	0	0	0	510	521	
7	0	0	0	0	499	579	
8	0	0	0	0	490	564	
9	0	0	0	0	488	563	
10	0	0	0	0	495	566	
11	0	0	0	0	504	532	
12	0	0	0	0	514	516	
13	0	0	0	0	525	492	
14	0	0	0	0	524	462	
15	0	0	0	0	527	409	
0	0	0	0	0	535	381	
1	0	0	0	0	550	361	
2	0	0	0	0	563	342	
3	0	0	0	0	563	324	
4	0	0	0	0	557	327	
5	0	0	0	0	551	334	
6	0	0	0	0	544	378	
7	0	0	0	0	534	432	
8	0	0	0	0	527	469	
9	0	0	0	0	519	543	
10	0	0	0	0	509	620	
11	0	0	0	0	504	671	
12	0	0	0	0	502	679	
13	0	0	0	0	503	666	
14	0	0	0	0	502	643	
15	0	0	0	0	494	628	
0	0	0	0	0	486	564	
1	0	0	0	0	483	526	
2	0	0	0	0	481	553	
3	0	0	0	0	482	566	
4	0	0	0	0	486	520	
5	0	0	0	0	491	476	
6	0	0	0	0	499	482	
7	0	0	0	0	510	483	
8	0	0	0	0	515	464	
9	0	0	0	0	516	475	
10	0	0	0	0	519	539	
11	0	0	0	0	518	556	
12	0	0	0	0	511	504	
13	0	0	0	0	503	492	
14	0	0	0	0	501	499	
15	0	0	0	0	512	513	
0	0	0	0	0	531	539	
1	0	0	0	0	557	587	
2	0	0	0	0	575	595	
3	0	0	0	0	575	519	
4	0	0	0	0	563	473	
5	0	0	0	0	538	458	
6	0	0	0	0	504	463	
7	0	0	0	0	472	466	
8	0	0	0	0	445	459	
9	0	0	0	0	433	423	
10	0	0	0	0	420	428	
11	0	0	0	0	412	414	
12	0	0	0	0	408	428	
13	0	0	0	0	408	413	
14	0	0	0	0	414	414	
15	0	0	0	0	420	468	
0	0	0	0	0	425	519	
1	0	0	0	0	431	534	
2	0	0	0	0	436	511	
3	0	0	0	0	435	504	
4	0	0	0	0	435	538	
5	0	0	0	0	437	581	
6	0	0	0	0	440	611	
7	0	0	0	0	453	641	
8	0	0	0	0	465	647	
9	0	0	0	0	476	604	
10	0	0	0	0	483	607	
11	0	0	0	0	490	615	
12	0	0	0	0	494	620	
13	0	0	0	0	496	622	
14	0	0	0	0	501	624	
15	0	0	0	0	505	600	
0	0	0	0	0	516	603	
1	0	0	0	0	524	603	
2	0	0	0	0	533	611	
3	0	0	0	0	543	609	
4	0	0	0	0	547	600	
5	0	0	0	0	542	572	
6	0	0	0	0	536	536	
7	0	0	0	0	535	492	
8	0	0	0	0	526	441	
9	0	0	0	0	524	436	
10	0	0	0	0	541	434	
11	0	0	0	0	566	436	
12	0	0	0	0	581	462	
13	0	0	0	0	578	478	
14	0	0	0	0	560	475	
15	0	0	0	0	527	485	
0	0	0	0	0	496	526	
1	0	0	0	0	477	549	
2	0	0	0	0	470	556	
3	0	0	0	0	469	558	
4	0	0	0	0	471	584	
5	0	0	0	0	466	587	
6	0	0	0	0	454	585	
7	0	0	0	0	449	571	
8	0	0	0	0	455	572	
9	0	0	0	0	462	530	
10	0	0	0	0	465	472	
11	0	0	0	0	465	444	
12	0	0	0	0	469	460	
13	0	0	0	0	479	478	
14	0	0	0	0	504	513	
15	0	0	0	0	532	519	
0	0	0	0	0	550	507	
1	0	0	0	0	566	478	
2	0	0	0	0	584	456	
3	0	0	0	0	600	485	
4	0	0	0	0	614	483	
5	0	0	0	0	623	460	
6	0	0	0	0	622	465	
7	0	0	0	0	616	503	
8	0	0	0	0	612	509	
9	0	0	0	0	603	470	
10	0	0	0	0	585	435	
11	0	0	0	0	562	423	
12	0	0	0	0	541	408	
13	0	0	0	0	521	411	
14	0	0	0	0	497	458	
15	0	0	0	0	481	499	
0	0	0	0	0	467	545	
1	0	0	0	0	452	581	
2	0	0	0	0	440	605	
3	0	0	0	0	429	614	
4	0	0	0	0	422	607	
5	0	0	0	0	423	599	
6	0	0	0	0	427	581	
7	0	0	0	0	433	526	
8	0	0	0	0	444	474	
9	0	0	0	0	457	490	
10	0	0	0	0	467	490	
11	0	0	0	0	467	517	
12	0	0	0	0	455	524	
13	0	0	0	0	440	521	
14	0	0	0	0	429	544	
15	0	0	0	0	420	530	
0	0	0	0	0	420	519	
1	0	0	0	0	428	495	
2	0	0	0	0	446	493	
3	0	0	0	0	472	494	
4	0	0	0	0	489	523	
5	0	0	0	0	495	556	
6	0	0	0	0	492	552	
7	0	0	0	0	491	544	
8	0	0	0	0	484	536	
9	0	0	0	0	481	507	
10	0	0	0	0	484	496	
11	0	0	0	0	485	479	
12	0	0	0	0	492	469	
13	0	0	0	0	512	489	
14	0	0	0	0	533	534	
15	0	0	0	0	550	561	
0	0	0	0	0	555	573	
1	0	0	0	0	545	565	
2	0	0	0	0	520	498	
3	0	0	0	0	491	465	
4	0	0	0	0	465	460	
5	0	0	0	0	452	478	
6	0	0	0	0	443	486	
7	0	0	0	0	438	517	
8	0	0	0	0	442	556	
9	0	0	0	0	454	552	
10	0	0	0	0	471	544	
11	0	0	0	0	482	523	
12	0	0	0	0	492	507	
13	0	0	0	0	481	504	
14	0	0	0	0	449	514	
15	0	0	0	0	416	508	
0	0	0	0	0	403	521	
1	0	0	0	0	405	543	
2	0	0	0	0	405	563	
3	0	0	0	0	411	573	
4	0	0	0	0	428	559	
5	0	0	0	0	449	561	
6	0	0	0	0	473	572	
7	0	0	0	0	488	558	
8	0	0	0	0	496	550	
9	0	0	0	0	503	541	
10	0	0	0	0	507	528	
11	0	0	0	0	519	508	
12	0	0	0	0	538	493	
13	0	0	0	0	549	489	
14	0	0	0	0	555	500	
15	0	0	0	0	556	518	
0	0	0	0	0	553	538	
1	0	0	0	0	549	550	
2	0	0	0	0	544	544	
3	0	0	0	0	536	559	
4	0	0	0	0	530	556	
5	0	0	0	0	526	561	
6	0	0	0	0	526	532	
7	0	0	0	0	531	533	
8	0	0	0	0	540	491	
9	0	0	0	0	544	420	
10	0	0	0	0	549	415	
11	0	0	0	0	551	431	
12	0	0	0	0	557	415	
13	0	0	0	0	566	395	
14	0	0	0	0	567	364	
15	0	0	0	0	554	379	
0	0	0	0	0	525	437	
1	0	0	0	0	499	486	
2	0	0	0	0	489	525	
3	0	0	0	0	495	561	
4	0	0	0	0	511	624	
5	0	0	0	0	527	641	
6	0	0	0	0	538	650	
7	0	0	0	0	537	644	
8	0	0	0	0	526	645	
9	0	0	0	0	510	631	
10	0	0	0	0	504	596	
11	0	0	0	0	507	556	
12	0	0	0	0	511	538	
13	0	0	0	0	517	553	
14	0	0	0	0	520	556	
15	0	0	0	0	523	507	
0	0	0	0	0	523	495	
1	0	0	0	0	531	489	
2	0	0	0	0	548	489	
3	0	0	0	0	572	476	
4	0	0	0	0	588	483	
5	0	0	0	0	581	477	
6	0	0	0	0	551	463	
7	0	0	0	0	516	462	
8	0	0	0	0	486	512	
9	0	0	0	0	460	537	
10	0	0	0	0	446	559	
11	0	0	0	0	440	538	
12	0	0	0	0	451	522	
13	0	0	0	0	466	530	
14	0	0	0	0	482	552	
15	0	0	0	0	501	542	
0	0	0	0	0	521	519	
1	0	0	0	0	531	480	
2	0	0	0	0	524	476	
3	0	0	0	0	503	501	
4	0	0	0	0	480	519	
5	0	0	0	0	471	536	
6	0	0	0	0	467	548	
7	0	0	0	0	465	540	
8	0	0	0	0	459	569	
9	0	0	0	0	440	583	
10	0	0	0	0	420	579	
11	0	0	0	0	414	572	
12	0	0	0	0	413	568	
13	0	0	0	0	406	587	
14	0	0	0	0	391	595	
15	0	0	0	0	377	586	
0	0	0	0	0	368	583	
1	0	0	0	0	371	587	
2	0	0	0	0	377	590	
3	0	0	0	0	379	571	
4	0	0	0	0	378	561	
5	0	0	0	0	376	580	
6	0	0	0	0	372	579	
7	0	0	0	0	373	583	
8	0	0	0	0	375	563	
9	0	0	0	0	385	525	
10	0	0	0	0	402	530	
11	0	0	0	0	418	569	
12	0	0	0	0	428	572	
13	0	0	0	0	439	526	
14	0	0	0	0	444	507	
15	0	0	0	0	436	496	
0	0	0	0	0	428	487	
1	0	0	0	0	424	459	
2	0	0	0	0	427	494	
3	0	0	0	0	442	545	
4	0	0	0	0	462	550	
5	0	0	0	0	470	570	
6	0	0	0	0	463	558	
7	0	0	0	0	458	555	
8	0	0	0	0	455	569	
9	0	0	0	0	462	555	
10	0	0	0	0	478	580	
11	0	0	0	0	496	590	
12	0	0	0	0	512	580	
13	0	0	0	0	537	487	
14	0	0	0	0	570	445	
15	0	0	0	0	606	489	
0	0	0	0	0	633	523	
1	0	0	0	0	648	484	
2	0	0	0	0	647	476	
3	0	0	0	0	634	486	
4	0	0	0	0	617	497	
5	0	0	0	0	601	543	
6	0	0	0	0	588	532	
7	0	0	0	0	574	501	
8	0	0	0	0	562	472	
9	0	0	0	0	535	471	
10	0	0	0	0	492	476	
11	0	0	0	0	459	502	
12	0	0	0	0	441	497	
13	0	0	0	0	443	478	
14	0	0	0	0	461	435	
15	0	0	0	0	478	407	
0	0	0	0	0	491	387	
1	0	0	0	0	508	384	
2	0	0	0	0	529	384	
3	0	0	0	0	548	397	
4	0	0	0	0	557	395	
5	0	0	0	0	562	423	
6	0	0	0	0	568	457	
7	0	0	0	0	568	472	
8	0	0	0	0	564	479	
9	0	0	0	0	563	478	
10	0	0	0	0	566	462	
11	0	0	0	0	568	424	
12	0	0	0	0	559	444	
13	0	0	0	0	543	448	
14	0	0	0	0	528	486	
15	0	0	0	0	513	517	
0	0	0	0	0	507	551	
1	0	0	0	0	512	579	
2	0	0	0	0	519	568	
3	0	0	0	0	538	589	
4	0	0	0	0	556	564	
5	0	0	0	0	567	497	
6	0	0	0	0	580	448	
7	0	0	0	0	602	401	
8	0	0	0	0	632	403	
9	0	0	0	0	659	415	
10	0	0	0	0	680	426	
11	0	0	0	0	701	508	
12	0	0	0	0	704	553	
13	0	0	0	0	681	601	
14	0	0	0	0	636	595	
15	0	0	0	0	593	583	
0	0	0	0	0	560	526	
1	0	0	0	0	538	509	
2	0	0	0	0	516	504	
3	0	0	0	0	498	485	
4	0	0	0	0	483	495	
5	0	0	0	0	477	522	
6	0	0	0	0	476	504	
7	0	0	0	0	476	511	
8	0	0	0	0	472	537	
9	0	0	0	0	471	556	
10	0	0	0	0	484	551	
11	0	0	0	0	499	563	
12	0	0	0	0	509	547	
13	0	0	0	0	517	525	
14	0	0	0	0	524	521	
15	0	0	0	0	526	532	
0	0	0	0	0	521	523	
1	0	0	0	0	514	537	
2	0	0	0	0	507	563	
3	0	0	0	0	499	521	
4	0	0	0	0	495	481	
5	0	0	0	0	504	471	
6	0	0	0	0	512	424	
7	0	0	0	0	519	441	
8	0	0	0	0	534	460	
9	0	0	0	0	555	466	
10	0	0	0	0	578	482	
11	0	0	0	0	599	488	
12	0	0	0	0	615	465	
13	0	0	0	0	621	425	
14	0	0	0	0	617	411	
15	0	0	0	0	605	422	
0	0	0	0	0	588	435	
1	0	0	0	0	571	436	
2	0	0	0	0	558	438	
3	0	0	0	0	545	492	
4	0	0	0	0	535	530	
5	0	0	0	0	535	548	
6	0	0	0	0	546	546	
7	0	0	0	0	567	522	
8	0	0	0	0	594	512	
9	0	0	0	0	622	538	
10	0	0	0	0	639	515	
11	0	0	0	0	639	487	
12	0	0	0	0	626	461	
13	0	0	0	0	608	449	
14	0	0	0	0	583	447	
15	0	0	0	0	552	492	
0	0	0	0	0	527	539	
1	0	0	0	0	517	555	
2	0	0	0	0	519	558	
3	0	0	0	0	536	596	
4	0	0	0	0	569	630	
5	0	0	0	0	611	632	
6	0	0	0	0	642	620	
7	0	0	0	0	654	575	
8	0	0	0	0	658	536	
9	0	0	0	0	658	435	
10	0	0	0	0	659	369	
11	0	0	0	0	652	339	
12	0	0	0	0	648	323	
13	0	0	0	0	641	355	
14	0	0	0	0	634	364	
15	0	0	0	0	627	360	
0	0	0	0	0	620	387	
1	0	0	0	0	601	436	
2	0	0	0	0	571	451	
3	0	0	0	0	540	449	
4	0	0	0	0	521	418	
5	0	0	0	0	512	403	
6	0	0	0	0	504	402	
7	0	0	0	0	492	416	
8	0	0	0	0	472	465	
9	0	0	0	0	449	482	
10	0	0	0	0	425	500	
11	0	0	0	0	399	470	
12	0	0	0	0	372	488	
13	0	0	0	0	351	513	
14	0	0	0	0	339	531	
15	0	0	0	0	343	545	
0	0	0	0	0	356	548	
1	0	0	0	0	384	555	
2	0	0	0	0	435	542	
3	0	0	0	0	502	494	
4	0	0	0	0	572	451	
5	0	0	0	0	641	445	
6	0	0	0	0	702	458	
7	0	0	0	0	755	454	
8	0	0	0	0	799	441	
9	0	0	0	0	825	419	
10	0	0	0	0	827	422	
11	0	0	0	0	801	428	
12	0	0	0	0	760	407	
13	0	0	0	0	714	399	
14	0	0	0	0	675	417	
15	0	0	0	0	642	418	
0	0	0	0	0	615	458	
1	0	0	0	0	588	498	
2	0	0	0	0	561	543	
3	0	0	0	0	534	568	
4	0	0	0	0	510	571	
5	0	0	0	0	496	575	
6	0	0	0	0	485	567	
7	0	0	0	0	475	512	
8	0	0	0	0	468	496	
9	0	0	0	0	460	500	
10	0	0	0	0	460	549	
11	0	0	0	0	464	598	
12	0	0	0	0	474	573	
13	0	0	0	0	482	556	
14	0	0	0	0	489	564	
15	0	0	0	0	495	588	
0	0	0	0	0	500	534	
1	0	0	0	0	505	519	
2	0	0	0	0	511	543	
3	0	0	0	0	520	572	
4	0	0	0	0	535	568	
5	0	0	0	0	551	542	
6	0	0	0	0	575	505	
7	0	0	0	0	593	463	
8	0	0	0	0	602	495	
9	0	0	0	0	604	530	
10	0	0	0	0	606	512	
11	0	0	0	0	610	496	
12	0	0	0	0	619	503	
13	0	0	0	0	629	509	
14	0	0	0	0	639	495	
15	0	0	0	0	647	508	
0	0	0	0	0	653	531	
1	0	0	0	0	655	522	
2	0	0	0	0	657	492	
3	0	0	0	0	659	473	
4	0	0	0	0	659	465	
5	0	0	0	0	651	478	
6	0	0	0	0	637	513	
7	0	0	0	0	624	531	
8	0	0	0	0	613	540	
9	0	0	0	0	602	524	
10	0	0	0	0	595	532	
11	0	0	0	0	592	500	
12	0	0	0	0	590	472	
13	0	0	0	0	589	445	
14	0	0	0	0	590	423	
15	0	0	0	0	593	473	
0	0	0	0	0	605	480	
1	0	0	0	0	631	496	
2	0	0	0	0	659	511	
3	0	0	0	0	685	529	
4	0	0	0	0	700	515	
5	0	0	0	0	703	494	
6	0	0	0	0	694	507	
7	0	0	0	0	666	527	
8	0	0	0	0	641	556	
9	0	0	0	0	624	539	
10	0	0	0	0	615	552	
11	0	0	0	0	611	537	
12	0	0	0	0	618	552	
13	0	0	0	0	624	568	
14	0	0	0	0	631	572	
15	0	0	0	0	631	515	
0	0	0	0	0	625	448	
1	0	0	0	0	619	446	
2	0	0	0	0	622	472	
3	0	0	0	0	637	444	
4	0	0	0	0	661	428	
5	0	0	0	0	686	427	
6	0	0	0	0	694	446	
7	0	0	0	0	684	475	
8	0	0	0	0	660	499	
9	0	0	0	0	631	501	
10	0	0	0	0	590	496	
11	0	0	0	0	551	502	
12	0	0	0	0	528	507	
13	0	0	0	0	520	490	
14	0	0	0	0	535	512	
15	0	0	0	0	572	556	
0	0	0	0	0	617	592	
1	0	0	0	0	660	607	
2	0	0	0	0	697	572	
3	0	0	0	0	722	516	
4	0	0	0	0	740	497	
5	0	0	0	0	747	470	
6	0	0	0	0	745	436	
7	0	0	0	0	742	470	
8	0	0	0	0	733	499	
9	0	0	0	0	728	493	
10	0	0	0	0	723	492	
11	0	0	0	0	718	472	
12	0	0	0	0	717	495	
13	0	0	0	0	722	523	
14	0	0	0	0	728	488	
15	0	0	0	0	731	470	
0	0	0	0	0	734	435	
1	0	0	0	0	732	418	
2	0	0	0	0	724	393	
3	0	0	0	0	707	415	
4	0	0	0	0	681	467	
5	0	0	0	0	650	472	
6	0	0	0	0	619	500	
7	0	0	0	0	585	499	
8	0	0	0	0	557	530	
9	0	0	0	0	537	562	
10	0	0	0	0	525	577	
11	0	0	0	0	515	558	
12	0	0	0	0	505	540	
13	0	0	0	0	492	504	
14	0	0	0	0	476	464	
15	0	0	0	0	469	425	
0	0	0	0	0	468	432	
1	0	0	0	0	476	483	
2	0	0	0	0	486	543	
3	0	0	0	0	496	562	
4	0	0	0	0	504	566	
5	0	0	0	0	510	518	
6	0	0	0	0	506	427	
7	0	0	0	0	497	414	
8	0	0	0	0	491	455	
9	0	0	0	0	483	484	
10	0	0	0	0	488	540	
11	0	0	0	0	502	544	
12	0	0	0	0	515	551	
13	0	0	0	0	531	555	
14	0	0	0	0	544	576	
15	0	0	0	0	551	587	
0	0	0	0	0	552	599	
1	0	0	0	0	548	588	
2	0	0	0	0	547	589	
3	0	0	0	0	561	554	
4	0	0	0	0	586	512	
5	0	0	0	0	614	508	
6	0	0	0	0	628	519	
7	0	0	0	0	623	527	
8	0	0	0	0	605	571	
9	0	0	0	0	586	564	
10	0	0	0	0	575	529	
11	0	0	0	0	574	480	
12	0	0	0	0	577	478	
13	0	0	0	0	576	501	
14	0	0	0	0	571	534	
15	0	0	0	0	571	564	
0	0	0	0	0	572	540	
1	0	0	0	0	575	464	
2	0	0	0	0	579	439	
3	0	0	0	0	583	455	
4	0	0	0	0	584	468	
5	0	0	0	0	584	501	
6	0	0	0	0	587	511	
7	0	0	0	0	595	495	
8	0	0	0	0	603	521	
9	0	0	0	0	613	525	
10	0	0	0	0	627	536	
11	0	0	0	0	638	519	
12	0	0	0	0	644	496	
13	0	0	0	0	650	432	
14	0	0	0	0	654	392	
15	0	0	0	0	654	384	
0	0	0	0	0	650	455	
1	0	0	0	0	640	485	
2	0	0	0	0	628	474	
3	0	0	0	0	608	462	
4	0	0	0	0	579	466	
5	0	0	0	0	548	488	
6	0	0	0	0	524	468	
7	0	0	0	0	515	469	
8	0	0	0	0	519	486	
9	0	0	0	0	528	531	
10	0	0	0	0	531	574	
11	0	0	0	0	524	543	
12	0	0	0	0	508	529	
13	0	0	0	0	495	520	
14	0	0	0	0	485	515	
15	0	0	0	0	480	533	
0	0	0	0	0	487	557	
1	0	0	0	0	502	541	
2	0	0	0	0	519	539	
3	0	0	0	0	539	553	
4	0	0	0	0	558	561	
5	0	0	0	0	576	530	
6	0	0	0	0	588	518	
7	0	0	0	0	591	527	
8	0	0	0	0	590	540	
9	0	0	0	0	582	520	
10	0	0	0	0	570	504	
11	0	0	0	0	552	497	
12	0	0	0	0	534	534	
13	0	0	0	0	512	510	
14	0	0	0	0	496	509	
15	0	0	0	0	487	539	
0	0	0	0	0	484	551	
1	0	0	0	0	481	543	
2	0	0	0	0	477	579	
3	0	0	0	0	473	611	
4	0	0	0	0	467	643	
5	0	0	0	0	457	654	
6	0	0	0	0	448	664	
7	0	0	0	0	439	632	
8	0	0	0	0	429	657	
9	0	0	0	0	419	668	
10	0	0	0	0	415	699	
11	0	0	0	0	415	713	
12	0	0	0	0	421	728	
13	0	0	0	0	430	733	
14	0	0	0	0	436	739	
15	0	0	0	0	436	726	
0	0	0	0	0	433	656	
1	0	0	0	0	437	603	
2	0	0	0	0	450	561	
3	0	0	0	0	476	487	
4	0	0	0	0	508	435	
5	0	0	0	0	532	425	
6	0	0	0	0	536	412	
7	0	0	0	0	523	421	
8	0	0	0	0	504	476	
9	0	0	0	0	484	502	
10	0	0	0	0	470	513	
11	0	0	0	0	456	524	
12	0	0	0	0	447	553	
13	0	0	0	0	443	546	
14	0	0	0	0	442	568	
15	0	0	0	0	441	585	
0	0	0	0	0	441	589	
1	0	0	0	0	440	598	
2	0	0	0	0	447	639	
3	0	0	0	0	457	595	
4	0	0	0	0	463	576	
5	0	0	0	0	463	571	
6	0	0	0	0	461	554	
7	0	0	0	0	464	557	
8	0	0	0	0	480	575	
9	0	0	0	0	499	566	
10	0	0	0	0	505	539	
11	0	0	0	0	501	536	
12	0	0	0	0	489	557	
13	0	0	0	0	472	570	
14	0	0	0	0	450	543	
15	0	0	0	0	434	514	
0	0	0	0	0	429	510	
1	0	0	0	0	423	507	
2	0	0	0	0	406	533	
3	0	0	0	0	389	568	
4	0	0	0	0	374	586	
5	0	0	0	0	371	609	
6	0	0	0	0	380	615	
7	0	0	0	0	392	637	
8	0	0	0	0	404	649	
9	0	0	0	0	409	640	
10	0	0	0	0	403	617	
11	0	0	0	0	397	591	
12	0	0	0	0	395	571	
13	0	0	0	0	396	572	
14	0	0	0	0	415	586	
15	0	0	0	0	455	600	
0	0	0	0	0	497	625	
1	0	0	0	0	524	624	
2	0	0	0	0	539	615	
3	0	0	0	0	535	572	
4	0	0	0	0	514	582	
5	0	0	0	0	485	606	
6	0	0	0	0	452	575	
7	0	0	0	0	422	583	
8	0	0	0	0	397	583	
9	0	0	0	0	384	574	
10	0	0	0	0	383	584	
11	0	0	0	0	388	581	
12	0	0	0	0	402	596	
13	0	0	0	0	416	573	
14	0	0	0	0	433	538	
15	0	0	0	0	447	556	
0	0	0	0	0	457	591	
1	0	0	0	0	462	609	
2	0	0	0	0	469	605	
3	0	0	0	0	484	601	
4	0	0	0	0	500	586	
5	0	0	0	0	516	538	
6	0	0	0	0	525	545	
7	0	0	0	0	519	550	
8	0	0	0	0	505	577	
9	0	0	0	0	489	568	
10	0	0	0	0	473	565	
11	0	0	0	0	460	593	
12	0	0	0	0	446	594	
13	0	0	0	0	422	566	
14	0	0	0	0	395	580	
15	0	0	0	0	377	588	
0	0	0	0	0	371	607	
1	0	0	0	0	373	643	
2	0	0	0	0	379	652	
3	0	0	0	0	388	643	
4	0	0	0	0	399	652	
5	0	0	0	0	412	670	
6	0	0	0	0	420	655	
7	0	0	0	0	424	588	
8	0	0	0	0	427	563	
9	0	0	0	0	420	508	
10	0	0	0	0	394	487	
11	0	0	0	0	365	486	
12	0	0	0	0	339	518	
13	0	0	0	0	319	541	
14	0	0	0	0	308	530	
15	0	0	0	0	303	547	
0	0	0	0	0	304	551	
1	0	0	0	0	311	569	
2	0	0	0	0	323	591	
3	0	0	0	0	338	583	
4	0	0	0	0	347	591	
5	0	0	0	0	351	623	
6	0	0	0	0	363	655	
7	0	0	0	0	388	657	
8	0	0	0	0	419	614	
9	0	0	0	0	435	584	
10	0	0	0	0	439	595	
11	0	0	0	0	432	596	
12	0	0	0	0	422	615	
13	0	0	0	0	413	608	
14	0	0	0	0	409	607	
15	0	0	0	0	404	584	
0	0	0	0	0	396	581	
1	0	0	0	0	378	587	
2	0	0	0	0	363	622	
3	0	0	0	0	347	650	
4	0	0	0	0	331	649	
5	0	0	0	0	316	673	
6	0	0	0	0	302	687	
7	0	0	0	0	288	703	
8	0	0	0	0	267	713	
9	0	0	0	0	243	692	
10	0	0	0	0	227	667	
11	0	0	0	0	220	656	
12	0	0	0	0	221	648	
13	0	0	0	0	228	640	
14	0	0	0	0	238	613	
15	0	0	0	0	252	602	
0	0	0	0	0	272	599	
1	0	0	0	0	296	571	
2	0	0	0	0	322	577	
3	0	0	0	0	350	612	
4	0	0	0	0	374	652	
5	0	0	0	0	393	647	
6	0	0	0	0	412	603	
7	0	0	0	0	426	594	
8	0	0	0	0	436	606	
9	0	0	0	0	443	573	
10	0	0	0	0	440	580	
11	0	0	0	0	425	563	
12	0	0	0	0	404	554	
13	0	0	0	0	376	570	
14	0	0	0	0	345	604	
15	0	0	0	0	319	629	
0	0	0	0	0	299	617	
1	0	0	0	0	276	547	
2	0	0	0	0	263	482	
3	0	0	0	0	257	472	
4	0	0	0	0	253	500	
5	0	0	0	0	251	557	
6	0	0	0	0	254	625	
7	0	0	0	0	262	685	
8	0	0	0	0	272	694	
9	0	0	0	0	279	648	
10	0	0	0	0	280	564	
11	0	0	0	0	278	472	
12	0	0	0	0	281	391	
13	0	0	0	0	295	347	
14	0	0	0	0	321	388	
15	0	0	0	0	352	447	
0	0	0	0	0	384	480	
1	0	0	0	0	407	493	
2	0	0	0	0	421	515	
3	0	0	0	0	428	526	
4	0	0	0	0	428	530	
5	0	0	0	0	428	542	
6	0	0	0	0	440	539	
7	0	0	0	0	456	523	
8	0	0	0	0	466	518	
9	0	0	0	0	470	511	
10	0	0	0	0	468	531	
11	0	0	0	0	467	536	
12	0	0	0	0	468	539	
13	0	0	0	0	464	515	
14	0	0	0	0	460	457	
15	0	0	0	0	458	366	
0	0	0	0	0	457	319	
1	0	0	0	0	457	329	
2	0	0	0	0	458	373	
3	0	0	0	0	476	452	
4	0	0	0	0	497	522	
5	0	0	0	0	515	553	
6	0	0	0	0	519	559	
7	0	0	0	0	519	516	
8	0	0	0	0	526	440	
9	0	0	0	0	540	374	
10	0	0	0	0	556	312	
11	0	0	0	0	570	323	
12	0	0	0	0	572	344	
13	0	0	0	0	553	412	
14	0	0	0	0	519	462	
15	0	0	0	0	475	508	
0	0	0	0	0	432	564	
1	0	0	0	0	398	587	
2	0	0	0	0	369	612	
3	0	0	0	0	348	628	
4	0	0	0	0	329	607	
5	0	0	0	0	312	599	
6	0	0	0	0	303	611	
7	0	0	0	0	299	604	
8	0	0	0	0	301	616	
9	0	0	0	0	309	624	
10	0	0	0	0	322	607	
11	0	0	0	0	336	611	
12	0	0	0	0	348	595	
13	0	0	0	0	352	572	
14	0	0	0	0	361	556	
15	0	0	0	0	376	551	
0	0	0	0	0	384	566	
1	0	0	0	0	385	562	
2	0	0	0	0	384	551	
3	0	0	0	0	384	526	
4	0	0	0	0	379	481	
5	0	0	0	0	365	513	
6	0	0	0	0	347	552	
7	0	0	0	0	329	593	
8	0	0	0	0	317	649	
9	0	0	0	0	312	657	
10	0	0	0	0	309	624	
11	0	0	0	0	319	593	
12	0	0	0	0	335	572	
13	0	0	0	0	352	536	
14	0	0	0	0	364	531	
15	0	0	0	0	365	519	
0	0	0	0	0	359	499	
1	0	0	0	0	355	492	
2	0	0	0	0	354	498	
3	0	0	0	0	348	508	
4	0	0	0	0	331	492	
5	0	0	0	0	310	504	
6	0	0	0	0	291	539	
7	0	0	0	0	276	572	
8	0	0	0	0	269	579	
9	0	0	0	0	274	589	
10	0	0	0	0	291	546	
11	0	0	0	0	318	535	
12	0	0	0	0	348	521	
13	0	0	0	0	382	507	
14	0	0	0	0	412	488	
15	0	0	0	0	438	474	
0	0	0	0	0	460	492	
1	0	0	0	0	480	511	
2	0	0	0	0	501	544	
3	0	0	0	0	520	546	
4	0	0	0	0	531	553	
5	0	0	0	0	537	556	
6	0	0	0	0	532	523	
7	0	0	0	0	516	498	
8	0	0	0	0	489	492	
9	0	0	0	0	463	509	
10	0	0	0	0	448	510	
11	0	0	0	0	439	486	
12	0	0	0	0	435	467	
13	0	0	0	0	433	470	
14	0	0	0	0	428	501	
15	0	0	0	0	415	512	
0	0	0	0	0	391	552	
1	0	0	0	0	363	578	
2	0	0	0	0	329	583	
3	0	0	0	0	297	604	
4	0	0	0	0	265	618	
5	0	0	0	0	241	605	
6	0	0	0	0	232	604	
7	0	0	0	0	227	597	
8	0	0	0	0	226	564	
9	0	0	0	0	245	547	
10	0	0	0	0	286	536	
11	0	0	0	0	336	535	
12	0	0	0	0	392	535	
13	0	0	0	0	447	568	
14	0	0	0	0	496	576	
15	0	0	0	0	533	543	
0	0	0	0	0	551	494	
1	0	0	0	0	551	464	
2	0	0	0	0	535	501	
3	0	0	0	0	512	528	
4	0	0	0	0	490	522	
5	0	0	0	0	477	501	
6	0	0	0	0	471	483	
7	0	0	0	0	467	483	
8	0	0	0	0	459	504	
9	0	0	0	0	451	521	
10	0	0	0	0	444	542	
11	0	0	0	0	440	545	
12	0	0	0	0	443	528	
13	0	0	0	0	455	517	
14	0	0	0	0	471	524	
15	0	0	0	0	491	530	
0	0	0	0	0	511	528	
1	0	0	0	0	523	503	
2	0	0	0	0	521	480	
3	0	0	0	0	511	456	
4	0	0	0	0	500	459	
5	0	0	0	0	485	496	
6	0	0	0	0	469	533	
7	0	0	0	0	457	558	
8	0	0	0	0	452	573	
9	0	0	0	0	455	586	
10	0	0	0	0	460	550	
11	0	0	0	0	465	536	
12	0	0	0	0	471	527	
13	0	0	0	0	483	466	
14	0	0	0	0	504	430	
15	0	0	0	0	522	398	
0	0	0	0	0	531	339	
1	0	0	0	0	528	310	
2	0	0	0	0	511	343	
3	0	0	0	0	492	416	
4	0	0	0	0	482	489	
5	0	0	0	0	480	527	
6	0	0	0	0	482	572	
7	0	0	0	0	480	610	
8	0	0	0	0	471	622	
9	0	0	0	0	455	602	
10	0	0	0	0	440	559	
11	0	0	0	0	427	575	
12	0	0	0	0	412	544	
13	0	0	0	0	400	518	
14	0	0	0	0	388	503	
15	0	0	0	0	374	469	
0	0	0	0	0	365	467	
1	0	0	0	0	365	463	
2	0	0	0	0	363	470	
3	0	0	0	0	359	448	
4	0	0	0	0	361	460	
5	0	0	0	0	366	454	
6	0	0	0	0	378	447	
7	0	0	0	0	397	412	
8	0	0	0	0	425	419	
9	0	0	0	0	457	393	
10	0	0	0	0	496	390	
11	0	0	0	0	538	403	
12	0	0	0	0	576	430	
13	0	0	0	0	606	445	
14	0	0	0	0	629	409	
15	0	0	0	0	644	364	
0	0	0	0	0	650	320	
1	0	0	0	0	651	294	
2	0	0	0	0	649	291	
3	0	0	0	0	645	312	
4	0	0	0	0	639	339	
5	0	0	0	0	633	321	
6	0	0	0	0	622	352	
7	0	0	0	0	605	356	
8	0	0	0	0	586	370	
9	0	0	0	0	564	367	
10	0	0	0	0	541	350	
11	0	0	0	0	526	346	
12	0	0	0	0	516	288	
13	0	0	0	0	506	287	
14	0	0	0	0	492	304	
15	0	0	0	0	467	316	
0	0	0	0	0	441	313	
1	0	0	0	0	430	332	
2	0	0	0	0	430	358	
3	0	0	0	0	437	392	
4	0	0	0	0	453	408	
5	0	0	0	0	472	367	
6	0	0	0	0	487	388	
7	0	0	0	0	505	390	
8	0	0	0	0	524	380	
9	0	0	0	0	544	394	
10	0	0	0	0	562	431	
11	0	0	0	0	577	454	
12	0	0	0	0	589	472	
13	0	0	0	0	598	478	
14	0	0	0	0	601	432	
15	0	0	0	0	601	385	
0	0	0	0	0	598	379	
1	0	0	0	0	593	403	
2	0	0	0	0	586	408	
3	0	0	0	0	585	399	
4	0	0	0	0	596	386	
5	0	0	0	0	611	377	
6	0	0	0	0	623	415	
7	0	0	0	0	623	423	
8	0	0	0	0	613	432	
9	0	0	0	0	590	484	
10	0	0	0	0	554	494	
11	0	0	0	0	521	473	
12	0	0	0	0	487	468	
13	0	0	0	0	452	465	
14	0	0	0	0	422	462	
15	0	0	0	0	391	462	
0	0	0	0	0	363	462	
1	0	0	0	0	343	498	
2	0	0	0	0	331	540	
3	0	0	0	0	324	542	
4	0	0	0	0	324	556	
5	0	0	0	0	331	587	
6	0	0	0	0	341	607	
7	0	0	0	0	356	629	
8	0	0	0	0	372	612	
9	0	0	0	0	386	630	
10	0	0	0	0	395	623	
11	0	0	0	0	396	608	
12	0	0	0	0	389	563	
13	0	0	0	0	377	543	
14	0	0	0	0	359	527	
15	0	0	0	0	338	469	
0	0	0	0	0	324	430	
1	0	0	0	0	319	448	
2	0	0	0	0	322	499	
3	0	0	0	0	336	565	
4	0	0	0	0	361	581	
5	0	0	0	0	393	590	
6	0	0	0	0	423	583	
7	0	0	0	0	449	575	
8	0	0	0	0	469	579	
9	0	0	0	0	486	606	
10	0	0	0	0	493	602	
11	0	0	0	0	503	580	
12	0	0	0	0	515	511	
13	0	0	0	0	542	497	
14	0	0	0	0	575	487	
15	0	0	0	0	605	487	
0	0	0	0	0	615	482	
1	0	0	0	0	620	501	
2	0	0	0	0	620	520	
3	0	0	0	0	621	517	
4	0	0	0	0	616	500	
5	0	0	0	0	603	526	
6	0	0	0	0	576	555	
7	0	0	0	0	548	560	
8	0	0	0	0	529	570	
9	0	0	0	0	514	544	
10	0	0	0	0	506	507	
11	0	0	0	0	502	520	
12	0	0	0	0	498	521	
13	0	0	0	0	499	512	
14	0	0	0	0	504	493	
15	0	0	0	0	512	489	
0	0	0	0	0	518	502	
1	0	0	0	0	527	486	
2	0	0	0	0	535	453	
3	0	0	0	0	529	437	
4	0	0	0	0	515	431	
5	0	0	0	0	499	411	
6	0	0	0	0	486	416	
7	0	0	0	0	483	425	
8	0	0	0	0	487	408	
9	0	0	0	0	502	417	
10	0	0	0	0	522	459	
11	0	0	0	0	545	484	
12	0	0	0	0	568	479	
13	0	0	0	0	583	461	
14	0	0	0	0	593	415	
15	0	0	0	0	602	371	
0	0	0	0	0	607	382	
1	0	0	0	0	608	412	
2	0	0	0	0	609	428	
3	0	0	0	0	613	439	
4	0	0	0	0	615	446	
5	0	0	0	0	619	470	
6	0	0	0	0	619	522	
7	0	0	0	0	618	564	
8	0	0	0	0	613	579	
9	0	0	0	0	604	559	
10	0	0	0	0	593	558	
11	0	0	0	0	585	531	
12	0	0	0	0	584	459	
13	0	0	0	0	588	445	
14	0	0	0	0	596	457	
15	0	0	0	0	608	421	
0	0	0	0	0	617	372	
1	0	0	0	0	625	366	
2	0	0	0	0	628	352	
3	0	0	0	0	623	355	
4	0	0	0	0	610	382	
5	0	0	0	0	594	427	
6	0	0	0	0	583	484	
7	0	0	0	0	579	515	
8	0	0	0	0	581	566	
9	0	0	0	0	580	575	
10	0	0	0	0	568	565	
11	0	0	0	0	547	544	
12	0	0	0	0	516	545	
13	0	0	0	0	476	547	
14	0	0	0	0	430	544	
15	0	0	0	0	388	533	
0	0	0	0	0	370	572	
1	0	0	0	0	371	602	
2	0	0	0	0	395	627	
3	0	0	0	0	444	617	
4	0	0	0	0	505	598	
5	0	0	0	0	568	562	
6	0	0	0	0	625	519	
7	0	0	0	0	681	435	
8	0	0	0	0	737	394	
9	0	0	0	0	782	369	
10	0	0	0	0	814	339	
11	0	0	0	0	837	319	
12	0	0	0	0	847	246	
13	0	0	0	0	845	273	
14	0	0	0	0	830	304	
15	0	0	0	0	804	330	
0	0	0	0	0	778	396	
1	0	0	0	0	755	465	
2	0	0	0	0	734	511	
3	0	0	0	0	713	511	
4	0	0	0	0	696	519	
5	0	0	0	0	684	517	
6	0	0	0	0	672	455	
7	0	0	0	0	663	448	
8	0	0	0	0	656	454	
9	0	0	0	0	652	468	
10	0	0	0	0	643	463	
11	0	0	0	0	631	448	
12	0	0	0	0	617	452	
13	0	0	0	0	603	465	
14	0	0	0	0	590	474	
15	0	0	0	0	585	472	
0	0	0	0	0	588	495	
1	0	0	0	0	599	494	
2	0	0	0	0	609	525	
3	0	0	0	0	615	538	
4	0	0	0	0	619	553	
5	0	0	0	0	619	580	
6	0	0	0	0	632	547	
7	0	0	0	0	658	516	
8	0	0	0	0	688	481	
9	0	0	0	0	711	479	
10	0	0	0	0	717	504	
11	0	0	0	0	707	517	
12	0	0	0	0	684	495	
13	0	0	0	0	648	460	
14	0	0	0	0	598	469	
15	0	0	0	0	544	483	
0	0	0	0	0	500	513	
1	0	0	0	0	463	481	
2	0	0	0	0	438	472	
3	0	0	0	0	424	529	
4	0	0	0	0	424	574	
5	0	0	0	0	429	600	
6	0	0	0	0	440	615	
7	0	0	0	0	448	627	
8	0	0	0	0	455	637	
9	0	0	0	0	464	658	
10	0	0	0	0	473	646	
11	0	0	0	0	475	620	
12	0	0	0	0	477	623	
13	0	0	0	0	486	633	
14	0	0	0	0	499	588	
15	0	0	0	0	510	575	
0	0	0	0	0	520	582	
1	0	0	0	0	529	624	
2	0	0	0	0	532	598	
3	0	0	0	0	526	557	
4	0	0	0	0	514	526	
5	0	0	0	0	505	480	
6	0	0	0	0	504	469	
7	0	0	0	0	508	438	
8	0	0	0	0	528	428	
9	0	0	0	0	546	436	
10	0	0	0	0	560	434	
11	0	0	0	0	567	411	
12	0	0	0	0	565	405	
13	0	0	0	0	552	442	
14	0	0	0	0	541	477	
15	0	0	0	0	532	483	
0	0	0	0	0	514	509	
1	0	0	0	0	477	533	
2	0	0	0	0	436	567	
3	0	0	0	0	403	580	
4	0	0	0	0	384	600	
5	0	0	0	0	371	608	
6	0	0	0	0	356	611	
7	0	0	0	0	333	607	
8	0	0	0	0	289	614	
9	0	0	0	0	239	591	
10	0	0	0	0	201	582	
11	0	0	0	0	183	597	
12	0	0	0	0	180	631	
13	0	0	0	0	191	648	
14	0	0	0	0	222	639	
15	0	0	0	0	266	649	
0	0	0	0	0	316	625	
1	0	0	0	0	379	613	
2	0	0	0	0	443	581	
3	0	0	0	0	504	571	
4	0	0	0	0	557	549	
5	0	0	0	0	603	542	
6	0	0	0	0	639	521	
7	0	0	0	0	672	478	
8	0	0	0	0	694	467	
9	0	0	0	0	707	455	
10	0	0	0	0	717	417	
11	0	0	0	0	716	404	
12	0	0	0	0	702	414	
13	0	0	0	0	684	443	
14	0	0	0	0	662	458	
15	0	0	0	0	635	444	
0	0	0	0	0	612	435	
1	0	0	0	0	590	419	
2	0	0	0	0	569	443	
3	0	0	0	0	546	476	
4	0	0	0	0	527	492	
5	0	0	0	0	504	496	
6	0	0	0	0	481	504	
7	0	0	0	0	469	545	
8	0	0	0	0	469	546	
9	0	0	0	0	476	528	
10	0	0	0	0	492	516	
11	0	0	0	0	524	516	
12	0	0	0	0	566	518	
13	0	0	0	0	603	529	
14	0	0	0	0	620	543	
15	0	0	0	0	616	548	
0	0	0	0	0	597	569	
1	0	0	0	0	569	588	
2	0	0	0	0	543	597	
3	0	0	0	0	516	593	
4	0	0	0	0	491	551	
5	0	0	0	0	471	499	
6	0	0	0	0	455	462	
7	0	0	0	0	435	423	
8	0	0	0	0	412	432	
9	0	0	0	0	396	458	
10	0	0	0	0	399	453	
11	0	0	0	0	411	454	
12	0	0	0	0	422	441	
13	0	0	0	0	433	453	
14	0	0	0	0	452	503	
15	0	0	0	0	481	504	
0	0	0	0	0	520	472	
1	0	0	0	0	559	397	
2	0	0	0	0	582	344	
3	0	0	0	0	583	359	
4	0	0	0	0	569	403	
5	0	0	0	0	559	448	
6	0	0	0	0	556	475	
7	0	0	0	0	563	500	
8	0	0	0	0	593	508	
9	0	0	0	0	641	514	
10	0	0	0	0	693	516	
11	0	0	0	0	736	474	
12	0	0	0	0	771	457	
13	0	0	0	0	797	464	
14	0	0	0	0	806	427	
15	0	0	0	0	797	380	
0	0	0	0	0	776	352	
1	0	0	0	0	747	333	
2	0	0	0	0	721	352	
3	0	0	0	0	704	327	
4	0	0	0	0	691	363	
5	0	0	0	0	678	396	
6	0	0	0	0	653	432	
7	0	0	0	0	611	484	
8	0	0	0	0	556	527	
9	0	0	0	0	503	558	
10	0	0	0	0	457	561	
11	0	0	0	0	424	555	
12	0	0	0	0	403	562	
13	0	0	0	0	396	544	
14	0	0	0	0	411	479	
15	0	0	0	0	430	426	
0	0	0	0	0	448	376	
1	0	0	0	0	465	401	
2	0	0	0	0	481	451	
3	0	0	0	0	497	502	
4	0	0	0	0	516	559	
5	0	0	0	0	552	565	
6	0	0	0	0	599	538	
7	0	0	0	0	647	533	
8	0	0	0	0	697	521	
9	0	0	0	0	743	526	
10	0	0	0	0	779	515	
11	0	0	0	0	794	482	
12	0	0	0	0	792	463	
13	0	0	0	0	768	452	
14	0	0	0	0	742	474	
15	0	0	0	0	713	485	
0	0	0	0	0	690	478	
1	0	0	0	0	670	499	
2	0	0	0	0	647	503	
3	0	0	0	0	624	460	
4	0	0	0	0	614	424	
5	0	0	0	0	620	395	
6	0	0	0	0	646	366	
7	0	0	0	0	675	391	
8	0	0	0	0	693	454	
9	0	0	0	0	692	495	
10	0	0	0	0	675	510	
11	0	0	0	0	639	498	
12	0	0	0	0	586	476	
13	0	0	0	0	534	459	
14	0	0	0	0	494	476	
15	0	0	0	0	470	511	
0	0	0	0	0	455	527	
1	0	0	0	0	454	524	
2	0	0	0	0	458	533	
3	0	0	0	0	466	551	
4	0	0	0	0	472	561	
5	0	0	0	0	482	552	
6	0	0	0	0	497	535	
7	0	0	0	0	519	513	
8	0	0	0	0	541	474	
9	0	0	0	0	562	475	
10	0	0	0	0	576	475	
11	0	0	0	0	587	514	
12	0	0	0	0	591	549	
13	0	0	0	0	587	533	
14	0	0	0	0	571	493	
15	0	0	0	0	556	484	
0	0	0	0	0	551	530	
1	0	0	0	0	559	580	
2	0	0	0	0	573	617	
3	0	0	0	0	586	610	
4	0	0	0	0	594	566	
5	0	0	0	0	600	527	
6	0	0	0	0	609	496	
7	0	0	0	0	620	445	
8	0	0	0	0	634	407	
9	0	0	0	0	644	425	
10	0	0	0	0	652	452	
11	0	0	0	0	655	479	
12	0	0	0	0	653	489	
13	0	0	0	0	640	519	
14	0	0	0	0	622	532	
15	0	0	0	0	604	566	
0	0	0	0	0	597	567	
1	0	0	0	0	592	552	
2	0	0	0	0	589	511	
3	0	0	0	0	592	480	
4	0	0	0	0	596	513	
5	0	0	0	0	593	528	
6	0	0	0	0	575	522	
7	0	0	0	0	545	543	
8	0	0	0	0	504	560	
9	0	0	0	0	464	608	
10	0	0	0	0	435	615	
11	0	0	0	0	421	610	
12	0	0	0	0	423	633	
13	0	0	0	0	444	645	
14	0	0	0	0	480	642	
15	0	0	0	0	516	635	
0	0	0	0	0	551	628	
1	0	0	0	0	579	615	
2	0	0	0	0	603	624	
3	0	0	0	0	621	615	
4	0	0	0	0	632	561	
5	0	0	0	0	641	556	
6	0	0	0	0	646	558	
7	0	0	0	0	644	571	
8	0	0	0	0	634	590	
9	0	0	0	0	615	600	
10	0	0	0	0	591	583	
11	0	0	0	0	561	584	
12	0	0	0	0	531	603	
13	0	0	0	0	504	620	
14	0	0	0	0	489	591	
15	0	0	0	0	491	559	
0	0	0	0	0	505	523	
1	0	0	0	0	519	468	
2	0	0	0	0	531	442	
3	0	0	0	0	543	448	
4	0	0	0	0	552	480	
5	0	0	0	0	562	511	
6	0	0	0	0	566	543	
7	0	0	0	0	573	584	
8	0	0	0	0	582	585	
9	0	0	0	0	590	555	
10	0	0	0	0	599	542	
11	0	0	0	0	613	540	
12	0	0	0	0	626	547	
13	0	0	0	0	641	516	
14	0	0	0	0	656	477	
15	0	0	0	0	676	463	
0	0	0	0	0	697	466	
1	0	0	0	0	711	490	
2	0	0	0	0	718	476	
3	0	0	0	0	718	433	
4	0	0	0	0	710	441	
5	0	0	0	0	700	415	
6	0	0	0	0	704	409	
7	0	0	0	0	713	393	
8	0	0	0	0	720	402	
9	0	0	0	0	710	400	
10	0	0	0	0	686	422	
11	0	0	0	0	655	483	
12	0	0	0	0	617	519	
13	0	0	0	0	592	503	
14	0	0	0	0	595	485	
15	0	0	0	0	615	436	
0	0	0	0	0	645	423	
1	0	0	0	0	670	403	
2	0	0	0	0	679	369	
3	0	0	0	0	672	407	
4	0	0	0	0	646	482	
5	0	0	0	0	607	514	
6	0	0	0	0	554	525	
7	0	0	0	0	496	533	
8	0	0	0	0	444	542	
9	0	0	0	0	408	526	
10	0	0	0	0	383	539	
11	0	0	0	0	364	558	
12	0	0	0	0	355	583	
13	0	0	0	0	353	598	
14	0	0	0	0	355	620	
15	0	0	0	0	366	615	
0	0	0	0	0	382	609	
1	0	0	0	0	396	582	
2	0	0	0	0	403	551	
3	0	0	0	0	411	536	
4	0	0	0	0	416	545	
5	0	0	0	0	415	558	
6	0	0	0	0	413	577	
7	0	0	0	0	411	599	
8	0	0	0	0	422	616	
9	0	0	0	0	441	620	
10	0	0	0	0	464	629	
11	0	0	0	0	487	632	
12	0	0	0	0	518	593	
13	0	0	0	0	545	513	
14	0	0	0	0	568	477	
15	0	0	0	0	590	460	
0	0	0	0	0	604	417	
1	0	0	0	0	607	434	
2	0	0	0	0	600	460	
3	0	0	0	0	591	489	
4	0	0	0	0	574	490	
5	0	0	0	0	550	469	
6	0	0	0	0	532	467	
7	0	0	0	0	518	499	
8	0	0	0	0	513	524	
9	0	0	0	0	518	555	
10	0	0	0	0	527	587	
11	0	0	0	0	527	597	
12	0	0	0	0	517	596	
13	0	0	0	0	500	593	
14	0	0	0	0	480	575	
15	0	0	0	0	468	548	
0	0	0	0	0	465	538	
1	0	0	0	0	462	527	
2	0	0	0	0	457	532	
3	0	0	0	0	451	547	
4	0	0	0	0	448	567	
5	0	0	0	0	448	492	
6	0	0	0	0	444	478	
7	0	0	0	0	440	449	
8	0	0	0	0	439	459	
9	0	0	0	0	435	498	
10	0	0	0	0	442	532	
11	0	0	0	0	457	569	
12	0	0	0	0	469	615	
13	0	0	0	0	471	645	
14	0	0	0	0	466	637	
15	0	0	0	0	455	573	
0	0	0	0	0	440	537	
1	0	0	0	0	425	516	
2	0	0	0	0	414	530	
3	0	0	0	0	405	549	
4	0	0	0	0	403	547	
5	0	0	0	0	405	555	
6	0	0	0	0	412	483	
7	0	0	0	0	422	462	
8	0	0	0	0	435	467	
9	0	0	0	0	447	525	
10	0	0	0	0	460	577	
11	0	0	0	0	467	584	
12	0	0	0	0	474	582	
13	0	0	0	0	490	533	
14	0	0	0	0	511	521	
15	0	0	0	0	536	517	
0	0	0	0	0	562	516	
1	0	0	0	0	590	496	
2	0	0	0	0	622	501	
3	0	0	0	0	649	463	
4	0	0	0	0	667	428	
5	0	0	0	0	675	363	
6	0	0	0	0	668	346	
7	0	0	0	0	642	321	
8	0	0	0	0	602	312	
9	0	0	0	0	555	331	
10	0	0	0	0	508	396	
11	0	0	0	0	458	463	
12	0	0	0	0	415	482	
13	0	0	0	0	390	503	
14	0	0	0	0	382	533	
15	0	0	0	0	393	580	
0	0	0	0	0	419	600	
1	0	0	0	0	449	595	
2	0	0	0	0	485	572	
3	0	0	0	0	519	547	
4	0	0	0	0	543	531	
5	0	0	0	0	558	497	
6	0	0	0	0	560	468	
7	0	0	0	0	545	467	
